Time_hours,DO_observed,DO_simulated,Residuals
0,8.41272727272727,8.41272727272727,0
1,8.50116666666667,8.35033810715293,-0.150828559513744
2,8.47166666666667,8.26725085398595,-0.204415812680724
3,8.44191666666667,8.18499033285592,-0.256926333810746
4,8.33975,8.10354831852378,-0.236201681476224
5,8.23633333333333,8.02291666630926,-0.213416667024068
6,8.13991666666667,7.94308731209099,-0.196829354575682
7,8.122,7.86405211025372,-0.257947889746281
8,8.10583333333333,7.78580306168619,-0.320030271647143
9,8.09366666666667,7.70833243112451,-0.385334235542157
10,8.05358333333333,7.63163254821473,-0.421950785118598
11,8.00283333333333,7.5556958075128,-0.447137525820526
12,7.991,7.48051466848459,-0.510485331515406
13,8.01258333333333,7.40608165550589,-0.606501677827439
14,8.06516666666667,7.3323893578624,-0.732777308804271
15,8.15458333333333,7.25943042974974,-0.89515290358359
16,8.26366666666667,7.18719759027345,-1.07646907639322
17,8.27583333333333,7.11568362344898,-1.16014970988435
18,8.338,7.04488137820171,-1.29311862179829
19,8.37933333333334,6.97478376836691,-1.40454956496643
20,8.45775,6.9053837726898,-1.5523662273102
21,8.53125,6.8366744348255,-1.6945755651745
22,8.59616666666667,6.76864886333903,-1.82751780332764
23,8.64016666666667,6.70130023170536,-1.93886643496131
24,8.7,6.63462177830935,-2.06537822169065
25,8.79466666666667,6.5686068064458,-2.22605986022087
26,8.83208333333333,6.5032486843194,-2.32883464901393
27,8.82566666666667,6.43854084504478,-2.38712582162189
28,8.78141666666667,6.37447678664647,-2.4069398800202
29,8.68025,6.31105007205892,-2.36919992794108
30,8.55425,6.24825432912651,-2.30599567087349
31,8.48383333333333,6.18608325060352,-2.29775008272981
32,8.41575,6.12453055858995,-2.29121944141004
33,8.38116666666667,6.06359010851914,-2.31757655814753
34,8.36425,6.00325587955905,-2.36099412044095
35,8.34516666666667,5.94352190118595,-2.40164476548072
36,8.322,5.8843822531844,-2.43761774681559
37,8.27391666666667,5.82583106564729,-2.44808560101938
38,8.16441666666667,5.76786251897579,-2.39655414769088
39,8.04966666666667,5.71047084387938,-2.33919582278729
40,7.97516666666667,5.65365032137585,-2.32151634529082
41,7.79525,5.59739528279128,-2.19785471720872
42,7.64683333333333,5.54170010976006,-2.10513322357327
43,7.65566666666667,5.48655923422489,-2.16910743244178
44,7.69925,5.43196713843676,-2.26728286156324
45,7.71208333333333,5.37791835495498,-2.33416497837835
46,7.72016666666667,5.32440746664715,-2.39575920001952
47,7.65908333333333,5.27142910668918,-2.38765422664415
48,7.61066666666667,5.21897795856527,-2.3916887081014
49,7.60633333333333,5.16704875606794,-2.43928457726539
50,7.63258333333333,5.11563628329801,-2.51694705003532
51,7.60941666666667,5.0647353746646,-2.54468129200207
52,7.60166666666667,5.01434091488513,-2.58732575178154
53,7.62258333333333,4.96444783898533,-2.658135494348
54,7.67791666666667,4.91505113229923,-2.76286553436744
55,7.72525,4.86614583046916,-2.85910416953084
56,7.75216666666667,4.81772701944576,-2.93443964722091
57,7.73691666666667,4.76978985488909,-2.96712681177759
58,7.65416666666667,4.72232965259315,-2.93183701407352
59,7.56358333333333,4.67534168748702,-2.88824164584631
60,7.52325,4.62882126064196,-2.89442873935804
61,7.46725,4.58245751119605,-2.88479248880395
62,7.507,4.53455127794984,-2.97244872205016
63,7.50625,4.5021188747792,-3.0041311252208
64,7.55583333333333,4.51076928818577,-3.04506404514756
65,7.65141666666667,4.59014528788754,-3.06127137877913
66,7.78758333333333,4.74824234065736,-3.03934099267597
67,7.93508333333333,4.93900772828019,-2.99607560505314
68,8.06291666666667,5.13005148559508,-2.93286518107159
69,8.177,5.31073030334388,-2.86626969665612
70,8.21266666666667,5.46772795795734,-2.74493870870933
71,8.234,5.55642977541025,-2.67757022458975
72,8.30041666666667,5.57808208777099,-2.72233457889568
73,8.35375,5.54659674964997,-2.80715325035003
74,8.32833333333333,5.48694771082351,-2.84138562250982
75,8.27108333333333,5.43015977049569,-2.84092356283764
76,8.20325,5.3761287769344,-2.8271212230656
77,8.10725,5.32263540130934,-2.78461459869066
78,8.052,5.26967429459333,-2.78232570540667
79,8.0285,5.21724016015241,-2.81125983984759
80,7.95866666666667,5.16532775374589,-2.79333891292078
81,7.89233333333333,5.11913796410967,-2.77319536922366
82,7.79283333333333,5.07863748206915,-2.71419585126418
83,7.69008333333333,5.03144267660149,-2.65864065673184
84,7.58108333333333,4.97194188599247,-2.60914144734086
85,7.42583333333333,4.9016149281326,-2.52421840520073
86,7.41091666666667,4.82903310051711,-2.58188356614956
87,7.46033333333333,4.76985918024597,-2.69047415308736
88,7.49891666666667,4.74684742402391,-2.75206924264276
89,7.52916666666667,4.78984356816034,-2.73932309850633
90,7.57558333333333,4.90464092700833,-2.670942406325
91,7.67533333333333,5.05310195722424,-2.62223137610909
92,7.9085,5.22181574729604,-2.68668425270396
93,8.07375,5.39273283638964,-2.68101716361036
94,8.083,5.54265813325031,-2.54034186674969
95,8.07841666666667,5.64325091620268,-2.43516575046399
96,8.07333333333333,5.6610248331508,-2.41230850018253
97,7.79891666666667,5.60638328014673,-2.19253338651994
98,7.41825,5.55059883176579,-1.86765116823421
99,7.27266666666667,5.49536944902261,-1.77729721764406
100,7.28966666666667,5.44068960972172,-1.84897705694495
101,7.28933333333333,5.38655384538623,-1.9027794879471
102,7.2675,5.33295674125781,-1.93454325874219
103,7.25641666666667,5.27989293629671,-1.97652373036996
104,7.20791666666667,5.2273571236689,-1.98055954299777
105,7.11933333333333,5.17534405106514,-1.94398928226819
106,6.93783333333333,5.12384851748472,-1.81398481584861
107,6.78166666666667,5.07286537308144,-1.70880129358523
108,6.76191666666667,5.022336248131,-1.73958041853567
109,6.75383333333333,4.97219548323816,-1.78163785009517
110,6.787,4.92335795938774,-1.86364204061226
111,6.83783333333333,4.88892960725567,-1.94890372607766
112,6.929,4.95874944743059,-1.97025055256941
113,7.04341666666667,5.13658939590654,-1.90682727076013
114,7.11191666666667,5.28825990270177,-1.8236567639649
115,7.20908333333333,5.39707948476059,-1.81200384857274
116,7.33025,5.47984417592968,-1.85040582407032
117,7.45633333333333,5.55809802991162,-1.89823530342171
118,7.5965,5.670876313329,-1.925623686671
119,7.74091666666667,5.83222501153876,-1.90869165512791
120,7.83008333333333,5.94445138612819,-1.88563194720514
121,7.868,5.91383358067413,-1.95416641932587
122,7.83408333333333,5.85621585933767,-1.97786747399566
123,7.76941666666667,5.7981496447639,-1.97126702190277
124,7.69316666666667,5.7404570913523,-1.95270957531437
125,7.63641666666667,5.68333858901709,-1.95307807764958
126,7.58625,5.62678842566957,-1.95946157433043
127,7.52358333333333,5.57080094567088,-1.95278238766245
128,7.47833333333333,5.51537045596216,-1.96296287737117
129,7.43858333333333,5.46049134141167,-1.97809199192166
130,7.42508333333334,5.40615817297977,-2.01892516035357
131,7.44208333333333,5.35236556771825,-2.08971776561508
132,7.52116666666667,5.29910818848463,-2.22205847818204
133,7.62041666666667,5.24638074394214,-2.37403592272453
134,7.70775,5.19417798855974,-2.51357201144026
135,7.74966666666667,5.14249472261209,-2.60717194405458
136,7.77825,5.0913257921796,-2.6869242078204
137,7.79466666666667,5.04066608914837,-2.7540005775183
138,7.83858333333333,4.99051055121025,-2.84807278212308
139,7.84783333333333,4.9408541618628,-2.90697917147053
140,7.8665,4.89169195040928,-2.97480804959072
141,7.87825,4.84301899195871,-3.03523100804129
142,7.92616666666666,4.79483040742579,-3.13133625924087
143,7.90516666666667,4.74712136353097,-3.1580453031357
144,7.90233333333333,4.69988707280041,-3.20244626053292
145,7.85775,4.65312279356599,-3.20462720643401
146,7.80116666666667,4.60682382996531,-3.19434283670136
147,7.71425,4.56098553194169,-3.15326446805831
148,7.64291666666667,4.51560329524418,-3.12731337142249
149,7.578,4.47067256142754,-3.10732743857246
150,7.54016666666667,4.42618881785225,-3.11397784881442
151,7.55975,4.38214759768453,-3.17760240231547
152,7.56158333333333,4.33854446590052,-3.22303886743281
153,7.54366666666667,4.29537503379528,-3.24829163287139
154,7.57983333333333,4.25263503179791,-3.32719830153542
155,7.59825,4.2103202310454,-3.3879297689546
156,7.6005,4.16842643831835,-3.43207356168165
157,7.63658333333333,4.1269494960409,-3.50963383729242
158,7.64375,4.08588528228082,-3.55786471771918
159,7.68833333333333,4.04522971074943,-3.6431036225839
160,7.73616666666667,4.00497873080163,-3.73118793586504
161,7.8395,3.96512832743591,-3.87437167256409
162,7.96533333333333,3.92567452129436,-4.03965881203897
163,8.094,3.88661336866261,-4.20738663133739
164,8.19041666666667,3.84794096146992,-4.34247570519675
165,8.25016666666667,3.80965342728909,-4.44051323937758
166,8.29283333333333,3.77174692933652,-4.52108640399681
167,8.29316666666667,3.7342176664722,-4.55894900019447
168,8.3045,3.69706187319968,-4.60743812680032
169,8.33808333333333,3.66027581966611,-4.67780751366722
170,8.37725,3.62385581166221,-4.75339418833779
171,8.4,3.5877981906223,-4.8122018093777
172,8.37266666666667,3.55209933362425,-4.82056733304242
173,8.28808333333333,3.51675565338954,-4.77132767994379
174,8.1845,3.48176359828322,-4.70273640171678
175,8.05291666666667,3.44711965231392,-4.60579701435275
176,7.95958333333333,3.41282033513386,-4.54676299819947
177,7.87783333333333,3.37886221712336,-4.49897111620997
178,7.82333333333333,3.34524197622486,-4.47809135710847
179,7.812,3.31195626246158,-4.50004373753842
180,7.81225,3.27900174712296,-4.53324825287704
181,7.82858333333333,3.25152903829417,-4.57705429503916
182,7.86458333333333,3.22051371366639,-4.64406961966694
183,7.94833333333333,3.18856839357497,-4.75976493975836
184,8.03716666666667,3.22669897315021,-4.81046769351646
185,8.1725,3.39662144116013,-4.77587855883987
186,8.33991666666667,3.60388701817864,-4.73602964848803
187,8.462,3.80021016900845,-4.66178983099155
188,8.52166666666667,3.9918081162262,-4.52985855044047
189,8.5505,4.16611355166624,-4.38438644833376
190,8.54575,4.2966211659546,-4.2491288340454
191,8.58716666666667,4.32759531896556,-4.25957134770111
192,8.74616666666667,4.28348463102233,-4.46268203564434
193,8.81125,4.23643914586643,-4.57481085413357
194,8.94616666666666,4.19607115449256,-4.7500955121741
195,9.01783333333333,4.15431954863091,-4.86351378470242
196,8.94566666666667,4.11298337842529,-4.83268328824138
197,8.4515,4.07205851023323,-4.37944148976677
198,7.90241666666667,4.03154085121962,-3.87087581544705
199,7.49808333333333,3.99142634909652,-3.50665698423681
200,7.52616666666667,3.95171099289903,-3.57445567376764
201,7.74075,3.91239081160942,-3.82835918839058
202,7.99241666666667,3.87346187302589,-4.11895479364078
203,8.08991666666667,3.83492028376187,-4.2549963829048
204,7.9995,3.7966843456742,-4.2028156543258
205,7.79941666666667,3.75857245991505,-4.04084420675162
206,7.74141666666667,3.72123808308996,-4.02017858357671
207,7.84816666666667,3.68634269404497,-4.1618239726217
208,7.944,3.68285232386573,-4.26114767613427
209,7.979,3.75193300575326,-4.22706699424674
210,7.95858333333333,3.88401986668292,-4.07456346665041
211,7.89366666666667,4.06011540952316,-3.83355125714351
212,7.913,4.26487997753494,-3.64812002246506
213,7.98925,4.45935544804076,-3.52989455195924
214,8.00733333333333,4.60078373366583,-3.4065495996675
215,7.9545,4.66969091117309,-3.28480908882691
216,7.81766666666667,4.66988722146326,-3.14777944520341
217,7.72133333333333,4.62846706957481,-3.09286626375852
218,7.56833333333333,4.58234598640566,-2.98598734692767
219,7.42375,4.53675088038785,-2.88699911961215
220,7.29225,4.49160945415566,-2.80064054584434
221,7.25733333333333,4.44691719387253,-2.8104161394608
222,7.24,4.40266962978074,-2.83733037021926
223,7.24375,4.35886233620133,-2.88488766379867
224,7.27983333333333,4.31546131017687,-2.96437202315646
225,7.34491666666667,4.27185434521978,-3.07306232144689
226,7.39141666666667,4.22773386417838,-3.16368280248829
227,7.41008333333333,4.18359788473919,-3.22648544859414
228,7.43016666666667,4.14065818266501,-3.28950848400166
229,7.43091666666667,4.1008402917949,-3.33007637487177
230,7.43391666666667,4.06678350404418,-3.36713316262249
231,7.441,4.04184086940445,-3.39915913059555
232,7.4685,4.05330049310837,-3.41519950689163
233,7.50208333333333,4.15521963065594,-3.34686370267739
234,7.56041666666667,4.31013167740088,-3.25028498926579
235,7.65066666666667,4.48556430870561,-3.16510235796106
236,7.72841666666667,4.66098257327815,-3.06743409338852
237,7.80233333333333,4.82778889317209,-2.97454444016124
238,7.9115,4.98932306378662,-2.92217693621338
239,7.9615,5.16072674186226,-2.80077325813774
240,8.03341666666667,5.25412288603884,-2.77929378062783
241,8.06025,5.235660621537,-2.824589378463
242,8.05283333333333,5.17031769510714,-2.8825156382262
243,8.00391666666667,5.10042946977667,-2.90348719689
244,7.94641666666667,5.04568892485006,-2.90072774181661
245,7.89816666666667,5.00314665590884,-2.89502001075783
246,7.8275,4.95477471200115,-2.87272528799885
247,7.76108333333333,4.90547387799528,-2.85560945533805
248,7.75025,4.85666359616216,-2.89358640383784
249,7.754,4.80833898615705,-2.94566101384295
250,7.76266666666667,4.76049521514812,-3.00217145151855
251,7.75775,4.71312749781641,-3.04462250218359
252,7.74158333333333,4.66623109635585,-3.07535223697748
253,7.69891666666667,4.61823663468502,-3.08068003198165
254,7.6375,4.5706066685967,-3.06689333140331
255,7.62658333333333,4.54174721151916,-3.08483612181417
256,7.65675,4.64466289693793,-3.01208710306207
257,7.73691666666667,4.82972956442798,-2.90718710223869
258,7.77125,4.96233824159207,-2.80891175840793
259,7.82158333333333,5.0595564241884,-2.76202690914493
260,7.84816666666667,5.14250007886951,-2.70566658779716
261,7.87158333333333,5.23130326008829,-2.64028007324504
262,7.90575,5.34857866275373,-2.55717133724627
263,7.94816666666667,5.4701405022749,-2.47802616439177
264,8.03075,5.5392495247606,-2.4915004752394
265,8.07966666666667,5.55852405564629,-2.52114261102038
266,8.08325,5.53614463181658,-2.54710536818342
267,8.02541666666667,5.48552348371682,-2.53989318294985
268,7.9485,5.42530453535324,-2.52319546464676
269,7.84583333333333,5.37097776855797,-2.47485556477536
270,7.7595,5.31753564460389,-2.44196435539611
271,7.66191666666667,5.26462527964449,-2.39729138702218
272,7.59491666666667,5.21224138325221,-2.38267528341446
273,7.535,5.16037871653358,-2.37462128346642
274,7.48983333333333,5.10903209212922,-2.38080124120411
275,7.44775,5.05819637421383,-2.38955362578617
276,7.43008333333333,4.99432869610447,-2.43575463722886
277,7.41383333333333,4.93565791850661,-2.47817541482672
278,7.42591666666667,4.91844028315563,-2.50747638351104
279,7.45708333333333,4.96235462707052,-2.49472870626281
280,7.55275,5.07050108117809,-2.48224891882191
281,7.67225,5.22940107031297,-2.44284892968703
282,7.83608333333333,5.40616422783586,-2.42991910549747
283,8.01341666666667,5.57790447277547,-2.4355121938912
284,8.11791666666667,5.75045596111385,-2.36746070555282
285,8.15175,5.92457598884217,-2.22717401115783
286,8.18566666666667,6.09472522860112,-2.09094143806555
287,8.18466666666667,6.24906772968091,-1.93559893698576
288,8.22916666666667,6.35677499248673,-1.87239167417994
289,8.27841666666666,6.34269335587071,-1.93572331079595
290,8.34658333333334,6.2680485227008,-2.07853481063254
291,8.36858333333333,6.18841349119488,-2.18016984213845
292,8.31,6.12609572456321,-2.18390427543679
293,8.19408333333333,6.07038328492785,-2.12370004840548
294,8.0375,6.00998196073064,-2.02751803926936
295,7.88241666666667,5.95018163970466,-1.93223502696201
296,7.775,5.89097634301963,-1.88402365698037
297,7.67325,5.83236015000636,-1.84088984999364
298,7.58491666666667,5.77432719815671,-1.81058946850996
299,7.521,5.71685630944932,-1.80414369055068
300,7.51,5.64437470017781,-1.86562529982219
301,7.59983333333333,5.57211969120869,-2.02771364212464
302,7.71633333333333,5.5331489737257,-2.18318435960764
303,7.84616666666667,5.54763237141613,-2.29853429525054
304,7.9995,5.62285184047085,-2.37664815952915
305,8.1355,5.75320146958424,-2.38229853041576
306,8.2715,5.92018747995426,-2.35131252004574
307,8.37108333333333,6.10222234133297,-2.26886099200036
308,8.46466666666667,6.28568119180486,-2.17898547486181
309,8.55475,6.44853058645405,-2.10621941354595
310,8.60458333333333,6.57423824925521,-2.03034508407812
311,8.62433333333333,6.65211753480157,-1.97221579853176
312,8.64541666666667,6.677327428305,-1.96808923836167
313,8.6775,6.65087254559595,-2.02662745440405
314,8.748,6.58754521094166,-2.16045478905834
315,8.78033333333333,6.52199803927932,-2.25833529405401
316,8.76783333333333,6.45710307372528,-2.31073025960805
317,8.66141666666667,6.39285382520812,-2.26856284145855
318,8.56025,6.32924386813767,-2.23100613186233
319,8.43041666666667,6.26626684040499,-2.16414982626168
320,8.30075,6.20892881920771,-2.09182118079229
321,8.18741666666667,6.1644689507527,-2.02294771591397
322,8.10316666666667,6.11436378024563,-1.98880288642104
323,8.02475,6.04674957535604,-1.97800042464396
324,7.98566666666667,5.95892968266832,-2.02673698399835
325,7.95483333333333,5.85737452768174,-2.09745880565159
326,7.93916666666667,5.75772161481041,-2.18144505185626
327,7.97058333333333,5.68477552738332,-2.28580780595001
328,7.97916666666667,5.6725079276443,-2.30665873902237
329,8.04308333333333,5.76019137723857,-2.28289195609476
330,8.1575,5.90029443627427,-2.25720556372573
331,8.25041666666667,6.06291784739166,-2.18749881927501
332,8.33816666666667,6.24139118822747,-2.0967754784392
333,8.3925,6.42134867765411,-1.97115132234589
334,8.3925,6.58072917577957,-1.81177082422043
335,8.41491666666667,6.68977618394751,-1.72514048271916
336,8.41375,6.71103784473721,-1.70271215526279
337,8.54791666666667,6.64754696120528,-1.90036970546139
338,8.6555,6.58140275973125,-2.07409724026875
339,8.67841666666667,6.51591670526031,-2.16249996140636
340,8.65858333333333,6.45108225056407,-2.20750108276927
341,8.56333333333333,6.38689291186994,-2.17644042146339
342,8.4495,6.3233422688612,-2.1261577311388
343,8.3415,6.26042396467696,-2.08107603532304
344,8.25858333333333,6.19616300842862,-2.06242032490471
345,8.21825,6.10938001472731,-2.10886998527269
346,8.15875,6.01167175862446,-2.14707824137554
347,8.11716666666667,5.92198359081987,-2.1951830758468
348,8.08566666666667,5.85531658888687,-2.2303500777798
349,8.05775,5.82272755727233,-2.23502244272767
350,8.08816666666667,5.83132902729668,-2.25683763936999
351,8.05625,5.88428925715388,-2.17196074284612
352,8.06791666666667,5.98083223191143,-2.08708443475524
353,8.164,6.1162376635104,-2.0477623364896
354,8.261,6.28184099076538,-1.97915900923462
355,8.36683333333333,6.46503337936451,-1.90179995396882
356,8.46633333333333,6.64926172186947,-1.81707161146386
357,8.51258333333333,6.81402863771549,-1.69855469561784
358,8.56708333333333,6.92163814559274,-1.64544518774059
359,8.62766666666667,6.9572356297553,-1.67043103691137
360,8.66441666666667,6.93957174410493,-1.72484492256174
361,8.71608333333333,6.88505726413576,-1.83102606919757
362,8.74775,6.80763717512067,-1.94011282487933
363,8.75383333333333,6.71879067211122,-2.03504266122211
364,8.72308333333334,6.62753115993775,-2.09555217339559
365,8.62916666666667,6.5404062532093,-2.08876041345737
366,8.50883333333333,6.46149777631365,-2.04733555701968
367,8.40541666666667,6.39242176341729,-2.01299490324938
368,8.30266666666667,6.33232845846547,-1.9703382082012
369,8.25225,6.27790231518214,-1.97434768481786
370,8.13766666666667,6.22336199707,-1.91430466959667
371,8.0375,6.15686910907844,-1.88063089092156
372,7.96741666666667,6.0734907647017,-1.89392590196497
373,7.97375,6.01026891432737,-1.96348108567263
374,7.997,5.99439746416759,-2.00260253583241
375,8.03533333333333,6.03816071349793,-1.99717261983541
376,8.14158333333333,6.13893335465736,-2.00264997867597
377,8.25925,6.27918047304829,-1.98006952695171
378,8.39358333333333,6.42618779064198,-1.96739554269135
379,8.49175,6.54602926077399,-1.94572073922601
380,8.57666666666667,6.67223766422777,-1.9044290024389
381,8.65208333333333,6.82750334250273,-1.8245799908306
382,8.69858333333333,6.99862148808077,-1.69996184525256
383,8.77716666666667,7.13649214442628,-1.64067452224039
384,8.82858333333333,7.1708306060563,-1.65775272727703
385,8.8965,7.12102943446759,-1.77547056553241
386,8.9125,7.03981136672417,-1.87268863327583
387,8.90825,6.95922482919469,-1.94902517080531
388,8.84108333333333,6.89067114153917,-1.95041219179416
389,8.71158333333333,6.82530828563727,-1.88627504769606
390,8.55283333333333,6.75739533097832,-1.79543800235501
391,8.41733333333333,6.69015812120841,-1.72717521212492
392,8.28725,6.62358993470173,-1.66366006529827
393,8.2055,6.55768411485926,-1.64781588514074
394,8.158,6.4924340701088,-1.6655659298912
395,8.11575,6.42783327390497,-1.68791672609503
396,8.08491666666667,6.36233475665831,-1.72258191000836
397,8.08366666666667,6.27577024736666,-1.80789641930001
398,8.08833333333333,6.19579923370012,-1.89253409963321
399,8.10733333333333,6.15542153466782,-1.95191179866551
400,8.16783333333333,6.17362550079224,-1.99420783254109
401,8.2455,6.25538801410927,-1.99011198589073
402,8.33516666666667,6.39167448816816,-1.94349217849851
403,8.42966666666667,6.55943886803153,-1.87022779863514
404,8.517,6.73903966505349,-1.7779603349465
405,8.57441666666667,6.93862122817578,-1.63579543849089
406,8.60475,7.11031982960679,-1.49443017039321
407,8.61508333333333,7.21979213557872,-1.39529119775461
408,8.6435,7.25244605287092,-1.39105394712908
409,8.70116666666667,7.21344072880985,-1.48772593785681
410,8.7645,7.12768655126915,-1.63681344873085
411,8.792,7.03983007682288,-1.75216992317712
412,8.80716666666667,6.9697825954511,-1.83738407121557
413,8.73191666666667,6.90043209755212,-1.83148456911456
414,8.63741666666667,6.83177165016368,-1.80564501650299
415,8.48258333333333,6.7637943874746,-1.71878894585874
416,8.34583333333333,6.69649351082473,-1.6493398225086
417,8.25608333333333,6.629862288705,-1.62622104462833
418,8.16833333333333,6.56389405690638,-1.60443927642695
419,8.12275,6.49858221956582,-1.62416778043418
420,8.07816666666667,6.4339202461638,-1.64424642050287
421,8.04408333333333,6.36990167026546,-1.67418166306787
422,8.00975,6.29945188137505,-1.71029811862495
423,8.00008333333333,6.23920675694257,-1.76087657639076
424,8.035,6.25391825187934,-1.78108174812066
425,8.081,6.36604522312502,-1.71495477687498
426,8.16833333333333,6.51778591835852,-1.65054741497481
427,8.27325,6.64394631931388,-1.62930368068613
428,8.34175,6.77939506266928,-1.56235493733072
429,8.45658333333333,6.93647081689707,-1.52011251643626
430,8.55566666666667,7.10171749667233,-1.45394916999434
431,8.65383333333333,7.20488795567852,-1.44894537765481
432,8.764,7.18891182939192,-1.57508817060807
433,8.85875,7.11137306559311,-1.74737693440689
434,8.91975,7.0161486844923,-1.9036013155077
435,8.91616666666667,6.92964963998543,-1.98651702668124
436,8.87208333333333,6.86082081965412,-2.01126251367921
437,8.77008333333333,6.8011410447657,-1.96894228856763
438,8.64308333333333,6.73429808828382,-1.90878524504951
439,8.5275,6.66729069844318,-1.86020930155682
440,8.42025,6.60095004433451,-1.81929995566549
441,8.33516666666667,6.53526949349263,-1.79989717317404
442,8.25766666666667,6.47024247765822,-1.78742418900845
443,8.18116666666667,6.40586249277782,-1.77530417388885
444,8.106,6.34212309900379,-1.76387690099621
445,8.11008333333333,6.27840508863787,-1.83167824469546
446,8.07758333333333,6.20063918124229,-1.87694415209104
447,8.09133333333333,6.13635091307176,-1.95498242026157
448,8.13275,6.11868616539699,-2.01406383460301
449,8.194,6.16535248479513,-2.02864751520487
450,8.27325,6.27861908314975,-1.99463091685026
451,8.36708333333333,6.44531683765081,-1.92176649568252
452,8.44833333333333,6.63683829079471,-1.81149504253862
453,8.47733333333333,6.81140358566581,-1.66592974766752
454,8.52533333333333,6.95150573336907,-1.57382759996426
455,8.54058333333333,7.04936645293152,-1.49121688040182
456,8.5525,7.09911466388381,-1.45338533611619
457,8.60266666666667,7.10095637800625,-1.50171028866042
458,8.61091666666667,7.06117469932871,-1.54974196733796
459,8.60325,6.99212982413069,-1.61112017586931
460,8.53575,6.91225904094131,-1.62349095905869
461,8.43033333333334,6.84136298433433,-1.58897034899901
462,8.31308333333333,6.773290280594,-1.53979305273933
463,8.20583333333333,6.70589491200794,-1.49993842132539
464,8.0835,6.63917014132642,-1.44432985867358
465,8.01158333333333,6.57310929630031,-1.43847403703302
466,7.96275,6.50770576968108,-1.45504423031892
467,7.9045,6.44295301922083,-1.46154698077917
468,7.89816666666667,6.37884456767225,-1.51932209899442
469,7.89633333333333,6.32284724575056,-1.57348608758277
470,7.90125,6.26124792544763,-1.64000207455237
471,7.917,6.19490295284891,-1.72209704715109
472,7.97683333333333,6.21410516217115,-1.76272817116218
473,8.1075,6.36423097996476,-1.74326902003524
474,8.20108333333333,6.51696368313415,-1.68411965019918
475,8.28675,6.61979241340791,-1.66695758659209
476,8.34933333333333,6.69516231194395,-1.65417102138938
477,8.40475,6.76867911206737,-1.63607088793263
478,8.47516666666667,6.89726262143509,-1.57790404523158
479,8.53916666666666,7.07475993361447,-1.46440673305219
480,8.64333333333333,7.20027710575282,-1.44305622758051
481,8.73,7.17884928615553,-1.55115071384447
482,8.80291666666667,7.12156507873219,-1.68135158793448
483,8.83883333333333,7.04922717198551,-1.78960616134782
484,8.7965,6.97287855852184,-1.82362144147816
485,8.65875,6.89919653619945,-1.75955346380055
486,8.48941666666667,6.83049270812852,-1.65892395853815
487,8.30291666666667,6.76471298267117,-1.5382036839955
488,8.17133333333333,6.69765566174309,-1.47367767159024
489,8.01666666666667,6.63101287298712,-1.38565379367955
490,7.95766666666667,6.56503319196269,-1.39263347470398
491,7.85316666666667,6.49971002093069,-1.35345664573598
492,7.82891666666667,6.43503682682686,-1.39387983983981
493,7.78725,6.37100714126182,-1.41624285873818
494,7.84466666666667,6.28242492776927,-1.5622417388974
495,7.85675,6.19564120766202,-1.66110879233798
496,7.9115,6.18417463745575,-1.72732536254425
497,8.08975,6.26825792160375,-1.82149207839625
498,8.21883333333333,6.41403573251858,-1.80479760081475
499,8.32758333333333,6.53381919936838,-1.79376413396495
500,8.38008333333333,6.60214733701082,-1.77793599632251
501,8.45491666666667,6.68046828662839,-1.77444838003828
502,8.5685,6.7848356079185,-1.7836643920815
503,8.651,6.91784616447753,-1.73315383552247
504,8.71875,7.05037914396278,-1.66837085603722
505,8.87525,7.03422607282456,-1.84102392717543
506,8.95483333333333,6.94521572408712,-2.00961760924621
507,8.93916666666667,6.86125913264269,-2.07790753402398
508,8.88208333333333,6.79932008250416,-2.08276325082917
509,8.75975,6.73277964254628,-2.02697035745372
510,8.54291666666667,6.66578736481057,-1.8771293018561
511,8.36458333333333,6.59946167218243,-1.7651216611509
512,8.2105,6.5337959320422,-1.6767040679578
513,8.09841666666667,6.46878357704015,-1.62963308962652
514,7.99108333333333,6.40441810511197,-1.58666522822136
515,7.93633333333333,6.3406930799399,-1.59564025339343
516,7.9245,6.27760212968181,-1.64689787031819
517,7.92183333333333,6.2151389450809,-1.70669438825243
518,7.94683333333333,6.14680853866899,-1.80002479466434
519,7.98558333333333,6.06395862741442,-1.92162470591891
520,8.049,6.08138124394949,-1.96761875605051
521,8.1385,6.2270490405864,-1.9114509594136
522,8.27216666666667,6.41060442973435,-1.86156223693232
523,8.3925,6.58474386762556,-1.80775613237444
524,8.49266666666667,6.74443026832546,-1.74823639834121
525,8.52291666666667,6.89212117539069,-1.63079549127598
526,8.5825,7.04632391119221,-1.53617608880779
527,8.5895,7.1398605299003,-1.4496394700997
528,8.64708333333333,7.15791254649841,-1.48917078683492
529,8.72775,7.1190605715417,-1.6086894284583
530,8.75916666666667,7.04823411128004,-1.71093255538663
531,8.7445,6.97514734542081,-1.76935265457919
532,8.61858333333333,6.90574346804977,-1.71283986528356
533,8.48116666666666,6.83703017123104,-1.64413649543562
534,8.32133333333333,6.76900058456509,-1.55233274876824
535,8.19141666666667,6.70164790466319,-1.48976876200348
536,8.11033333333333,6.63496539514746,-1.47536793818587
537,8.01716666666667,6.56894638666706,-1.44822027999961
538,7.92666666666667,6.50358427757283,-1.42308238909384
539,7.85483333333333,6.43887253269021,-1.41596080064312
540,7.79333333333333,6.37480468085467,-1.41852865247866
541,7.82875,6.31137431473587,-1.51737568526413
542,7.85933333333333,6.23784412926008,-1.62148920407325
543,7.90908333333333,6.18037225221874,-1.72871108111459
544,7.95041666666667,6.1884206076724,-1.76199605899427
545,8.02258333333333,6.27665681438447,-1.74592651894886
546,8.1315,6.42303191777167,-1.70846808222833
547,8.28608333333333,6.58552569257614,-1.70055764075719
548,8.3575,6.75655536673272,-1.60094463326728
549,8.41616666666667,6.93046308074021,-1.48570358592646
550,8.42916666666667,7.0978239028513,-1.33134276381537
551,8.43508333333333,7.24544582907253,-1.1896375042608
552,8.46775,7.31572886209334,-1.15202113790666
553,8.532,7.27708400853681,-1.25491599146319
554,8.54491666666667,7.19070999771339,-1.35420666895328
555,8.56116666666667,7.09827382244846,-1.46289284421821
556,8.5265,7.02051091508164,-1.50598908491837
557,8.41741666666667,6.95722514746679,-1.46019151919988
558,8.28683333333334,6.89070979306473,-1.39612354026861
559,8.16608333333333,6.82214608167633,-1.343937251657
560,8.0415,6.75426459101238,-1.28723540898762
561,7.95116666666667,6.68705853474131,-1.26410813192536
562,7.88866666666667,6.62052119223423,-1.26814547443244
563,7.84416666666667,6.55464590856486,-1.28952075810181
564,7.84491666666667,6.48942609450956,-1.35549057215711
565,7.827,6.42440240067268,-1.40259759932732
566,7.83358333333333,6.35855440101804,-1.47502893231529
567,7.84758333333333,6.31100283480902,-1.53658049852431
568,7.96441666666667,6.29953371000495,-1.66488295666172
569,8.07858333333333,6.33452989059972,-1.74405344273361
570,8.20758333333333,6.41897109662178,-1.78861223671155
571,8.33258333333333,6.5484339041341,-1.78414942919923
572,8.41316666666667,6.71109174523422,-1.70207492143245
573,8.462,6.88771490805422,-1.57428509194578
574,8.519,7.05159072816895,-1.46740927183105
575,8.577,7.13495881592802,-1.44204118407198
576,8.62658333333333,7.12701038071374,-1.49957295261959
577,8.664,7.06419520961239,-1.5998047903876
578,8.6785,6.97525087992626,-1.70324912007374
579,8.65991666666667,6.88120275917362,-1.77871390749305
580,8.59325,6.79536400508877,-1.79788599491123
581,8.456,6.72333556562201,-1.73266443437799
582,8.3235,6.66300617893964,-1.66049382106036
583,8.17066666666667,6.60455237342396,-1.56611429324271
584,8.03991666666667,6.53915768121941,-1.50075898544726
585,7.93958333333333,6.47409197200509,-1.46549136132824
586,7.85083333333333,6.4096736786567,-1.44115965467663
587,7.84216666666666,6.34589636026168,-1.49627030640498
588,7.82841666666667,6.28275363854384,-1.54566302812283
589,7.84208333333333,6.22023919786339,-1.62184413546994
590,7.8545,6.15834678521691,-1.69615321478309
591,7.89608333333333,6.14082789456558,-1.75525543876775
592,8.00458333333333,6.23406202700339,-1.77052130632994
593,8.15616666666667,6.38415025288564,-1.77201641378103
594,8.3,6.54980266380521,-1.7501973361948
595,8.41041666666667,6.70733963697382,-1.70307702969285
596,8.48908333333333,6.8506918352221,-1.63839149811123
597,8.58216666666667,6.9914002069995,-1.59076645966717
598,8.71041666666667,7.13030925648782,-1.58010741017885
599,8.81333333333333,7.21413216051922,-1.59920117281411
600,8.91158333333333,7.24853105671033,-1.663052276623
601,8.97775,7.24306363204687,-1.73468636795313
602,8.94541666666667,7.20704333578431,-1.73837333088236
603,8.89416666666667,7.14953937944792,-1.74462728721875
604,8.82133333333333,7.0793767368327,-1.74195659650063
605,8.67125,7.00513614400343,-1.66611385599657
606,8.50041666666667,6.9343178137602,-1.56609885290647
607,8.33075,6.86532018727414,-1.46542981272586
608,8.18366666666667,6.79700909550431,-1.38665757116236
609,8.05483333333333,6.72937771380948,-1.32545561952385
610,7.98316666666667,6.66241928219279,-1.32074738447388
611,7.92116666666667,6.59612710530176,-1.32503956136491
612,7.88275,6.53049455242832,-1.35225544757168
613,7.87066666666667,6.46551505750877,-1.4051516091579
614,7.88566666666667,6.40118211912378,-1.48448454754288
615,7.911,6.33748930049846,-1.57351069950154
616,7.93058333333333,6.28324310290094,-1.64734023043239
617,7.96533333333333,6.32971291299203,-1.6356204203413
618,7.9685,6.45701559982106,-1.51148440017893
619,8.01183333333333,6.61773330647947,-1.39410002685386
620,8.07175,6.77467417243609,-1.29707582756391
621,8.06733333333334,6.90087233353725,-1.16646099979609
622,8.04641666666667,6.97958792200671,-1.06682874465996
623,8.04633333333333,7.00430706644567,-1.04202626688765
624,8.058,6.97874189183282,-1.07925810816718
625,8.10625,6.91683051952426,-1.18941948047574
626,8.16475,6.84273706725357,-1.32201293274643
627,8.14858333333333,6.77462026101008,-1.37396307232325
628,8.12791666666667,6.70721164756749,-1.42070501909918
629,8.08058333333333,6.64047376141408,-1.44010957191925
630,8.08425,6.57439993386809,-1.50985006613192
631,8.06275,6.50898355958127,-1.55376644041873
632,8.07741666666667,6.44421809653889,-1.63319857012778
633,8.07075,6.38009706605971,-1.69065293394029
634,8.04483333333333,6.316614052796,-1.72821928053733
635,8.02208333333333,6.25376270473355,-1.76832062859978
636,8.03075,6.19153673319163,-1.83921326680837
637,8.03716666666667,6.12646007368287,-1.9107065929838
638,8.04741666666667,6.05202798606232,-1.99538868060435
639,8.07208333333333,5.98795976698593,-2.0841235663474
640,8.10625,5.95150980871911,-2.15474019128089
641,8.17575,5.95425197195816,-2.22149802804184
642,8.25775,6.00207958583025,-2.25567041416975
643,8.38683333333333,6.09520544789342,-2.29162788543991
644,8.50758333333333,6.2281618241366,-2.27942150919673
645,8.60925,6.38980044897958,-2.21944955102042
646,8.7195,6.56329252527304,-2.15620747472696
647,8.878,6.69569411144586,-2.18230588855414
648,9.01333333333333,6.72567568551239,-2.28765764782094
649,9.08733333333334,6.68710934213112,-2.40022399120222
650,9.07083333333333,6.6104389875414,-2.46039434579193
651,9.014,6.5191586469297,-2.4948413530703
652,8.87166666666667,6.42981246442952,-2.44185420223715
653,8.70383333333333,6.35199470312146,-2.35183863021187
654,8.56291666666667,6.28834974503321,-2.27456692163346
655,8.46158333333334,6.2345720911395,-2.22701124219384
656,8.38633333333333,6.17940636136217,-2.20692697197116
657,8.3445,6.11792519414581,-2.22657480585419
658,8.34675,6.05705082062718,-2.28969917937282
659,8.35141666666667,5.99678215805952,-2.35463450860715
660,8.37633333333333,5.93711317930382,-2.43922015402951
661,8.3765,5.87803791669231,-2.49846208330769
662,8.41425,5.80110462078,-2.61314537922
663,8.44366666666667,5.71575797567516,-2.72790869099151
664,8.52633333333334,5.71342832615159,-2.81290500718175
665,8.5695,5.8198283829069,-2.7496716170931
666,8.62533333333333,5.98786031321837,-2.63747302011496
667,8.67608333333333,6.10914718649054,-2.56693614684279
668,8.73658333333333,6.19406991407035,-2.54251341926298
669,8.83775,6.2909293322133,-2.5468206677867
670,8.9425,6.41778004298424,-2.52471995701576
671,9.03833333333333,6.57652401298972,-2.46180932034361
672,9.09441666666667,6.67433393804758,-2.42008272861909
673,9.11991666666667,6.67710310265687,-2.4428135640098
674,9.07808333333333,6.63131394010924,-2.44676939322409
675,8.96116666666667,6.56823534017213,-2.39293132649454
676,8.80258333333333,6.50392264908883,-2.2986606842445
677,8.5905,6.43991459397513,-2.15058540602487
678,8.42916666666667,6.37583636536314,-2.05333030130353
679,8.31258333333333,6.31239572404111,-2.00018760929222
680,8.23816666666667,6.24958633062373,-1.98858033604294
681,8.18966666666667,6.18740190611797,-2.0022647605487
682,8.18691666666667,6.12583623192315,-2.06108043474352
683,8.179,6.0648831498309,-2.1141168501691
684,8.2055,6.00453656202519,-2.20096343797481
685,8.22883333333333,5.94479043108229,-2.28404290225104
686,8.256,5.88601427700447,-2.36998572299554
687,8.32041666666667,5.86392779470478,-2.45648887196189
688,8.39541666666667,5.90221104753938,-2.49320561912729
689,8.48183333333333,5.99804474556712,-2.48378858776621
690,8.56433333333333,6.1446081544462,-2.41972517888713
691,8.63933333333333,6.33107909543417,-2.30825423789916
692,8.71525,6.54263394538789,-2.17261605461211
693,8.813,6.76044763676358,-2.05255236323642
694,8.92716666666667,6.96169365761679,-1.96547300904988
695,8.99825,7.11954405160241,-1.8787059483976
696,9.09708333333333,7.20316941797465,-1.89391391535868
697,9.09433333333333,7.18256464281895,-1.91176869051438
698,9.06758333333334,7.12257074495363,-1.94501258837971
699,9.0075,7.05701561475364,-1.95048438524636
700,8.86175,6.98806546830045,-1.87368453169955
701,8.70725,6.917498037855,-1.789751962145
702,8.54133333333333,6.84670257185769,-1.69463076147564
703,8.43258333333333,6.7766798349284,-1.65590349840493
704,8.32741666666667,6.70804210786647,-1.6193745588002
705,8.27933333333333,6.6410131876507,-1.63832014568263
706,8.24566666666667,6.57542838743938,-1.67023827922729
707,8.25775,6.51073453657026,-1.74701546342974
708,8.27075,6.44302774070256,-1.82772225929744
709,8.30675,6.36315928407691,-1.94359071592309
710,8.3615,6.30289644458776,-2.05860355541224
711,8.38366666666666,6.28887123980738,-2.09479542685928
712,8.44616666666667,6.33435126703899,-2.11181539962768
713,8.50175,6.43923970331685,-2.06251029668315
714,8.55983333333333,6.58993296392101,-1.96990036941232
715,8.61116666666667,6.74565724572605,-1.86550942094062
716,8.71075,6.90543557864589,-1.80531442135411
717,8.81075,7.07847423745688,-1.73227576254312
718,8.91166666666667,7.25184683556738,-1.65981983109929
719,8.99325,7.39049432501774,-1.60275567498226
720,9.089,7.43722499648033,-1.65177500351967
721,9.1325,7.37032056985092,-1.76217943014908
722,9.09841666666667,7.2969846532401,-1.80143201342657
723,9.02016666666667,7.22437844222429,-1.79578822444238
724,8.87966666666667,7.15249467642637,-1.7271719902403
725,8.73666666666667,7.08132616663418,-1.65534050003249
726,8.61758333333333,7.01086579480049,-1.60671753853284
727,8.55758333333333,6.94110633375332,-1.61647699958001
728,8.47266666666667,6.8720405792426,-1.60062608742407
729,8.41708333333334,6.80366173616902,-1.61342159716432
730,8.433,6.73596306940607,-1.69703693059393
731,8.41891666666667,6.66893789869683,-1.74997876796983
732,8.45125,6.60257959865397,-1.84867040134603
733,8.43625,6.5368815987597,-1.8993684012403
734,8.45541666666667,6.47183738336582,-1.98357928330085
735,8.49625,6.40744049169371,-2.08880950830629
736,8.54875,6.34368451783432,-2.20506548216568
737,8.63875,6.28056311074818,-2.35818688925182
738,8.70916666666667,6.21806997426538,-2.49109669240129
739,8.78958333333333,6.15619886708559,-2.63338446624774
740,8.92366666666667,6.09494360277807,-2.8287230638886
741,9.06166666666667,6.03429804978163,-3.02736861688504
742,9.28483333333333,5.97425613140467,-3.31057720192866
743,9.376,5.91481182582517,-3.46118817417483
744,9.51025,5.85595916609066,-3.65429083390934
745,9.53375,5.79769224011826,-3.73605775988174
746,9.50658333333333,5.74000519069467,-3.76657814263866
747,9.3855,5.68289221547616,-3.70260778452384
748,9.20691666666667,5.62634756698857,-3.5805690996781
749,9.02133333333333,5.57036555262731,-3.45096778070602
750,8.86991666666667,5.51494053465738,-3.35497613200929
751,8.75491666666667,5.46006693021334,-3.29484973645333
752,8.69075,5.40573921129934,-3.28501078870066
753,8.67183333333333,5.35195190478908,-3.31988142854425
754,8.67816666666666,5.29869959242585,-3.37946707424081
755,8.67958333333333,5.24597691082253,-3.4336064225108
756,8.70733333333334,5.18622501673848,-3.52110831659486
757,8.71583333333333,5.10641775590248,-3.60941557743085
758,8.7795,5.04940440918432,-3.73009559081568
759,8.826,5.04651817854645,-3.77948182145355
760,8.88091666666667,5.11024777254764,-3.77066889411903
761,8.93541666666667,5.23423740634297,-3.7011792603237
762,8.95258333333333,5.39328680168381,-3.55929653164952
763,8.99383333333333,5.54674536629162,-3.44708796704171
764,9.019,5.70684033060573,-3.31215966939427
765,9.05558333333333,5.85202657209406,-3.20355676123927
766,9.06233333333333,5.95001275216928,-3.11232058116405
767,9.04891666666667,5.98554481500656,-3.06337185166011
768,9.01683333333333,5.96040598754355,-3.05642734578978
769,9.0005,5.89341677948039,-3.10708322051961
770,8.95733333333333,5.82043498327973,-3.1368983500536
771,8.91708333333333,5.76249419737002,-3.15458913596331
772,8.88941666666667,5.70515642030275,-3.18426024636392
773,8.85658333333333,5.64838916481435,-3.20819416851898
774,8.83575,5.59218675436721,-3.24356324563279
775,8.8445,5.5365435679699,-3.3079564320301
776,8.91391666666667,5.48145404017723,-3.43246262648944
777,8.78725,5.42691266124786,-3.36033733875214
778,8.58408333333333,5.37291397786415,-3.21116935546918
779,7.772,5.31945259061576,-2.45254740938424
780,6.93708333333333,5.26652315313645,-1.67056018019688
781,6.81725,5.21491494470901,-1.60233505529099
782,7.11908333333333,5.16060669214073,-1.9584766411926
783,7.51158333333333,5.11162933814931,-2.39995399518402
784,7.58666666666667,5.11040831289863,-2.47625835376804
785,7.71716666666667,5.21948950006008,-2.49767716660659
786,8.06133333333333,5.39997211359576,-2.66136121973757
787,8.31816666666667,5.58637286574954,-2.73179380091713
788,8.41016666666667,5.75965234188483,-2.65051432478184
789,8.432,5.91868509963403,-2.51331490036597
790,8.47208333333333,6.0681286602648,-2.40395467306853
791,8.48133333333333,6.20249792283247,-2.27883541050086
792,8.33033333333333,6.2944007702835,-2.03593256304983
793,8.15525,6.29915562538087,-1.85609437461913
794,8.042,6.25131191874655,-1.79068808125345
795,7.921,6.18833391807329,-1.73266608192671
796,7.83558333333333,6.12257917439199,-1.71300415894134
797,7.79175,6.06022893198264,-1.73152106801736
798,7.76566666666667,6.00128812837435,-1.76437853829232
799,7.75408333333333,5.94177170656333,-1.81231162677
800,7.82091666666667,5.88265008384449,-1.93826658282218
801,7.87425,5.82411673160606,-2.05013326839394
802,7.89716666666667,5.76616579916401,-2.13100086750266
803,7.97533333333333,5.70879149199883,-2.2665418413345
804,7.97733333333333,5.65198807175552,-2.32534526157781
805,8.00933333333333,5.59574985624355,-2.41358347708978
806,8.05375,5.54007121943691,-2.51367878056309
807,8.0535,5.48532173747278,-2.56817826252722
808,8.02966666666667,5.55931124608297,-2.4703554205837
809,8.01225,5.73721239950376,-2.27503760049624
810,8.01358333333333,5.89275037643357,-2.12083295689976
811,8.03658333333333,5.97823646492723,-2.0583468684061
812,8.07266666666667,6.02456806239608,-2.04809860427059
813,8.137,6.08264898821346,-2.05435101178654
814,8.24258333333333,6.17058057188905,-2.07200276144428
815,8.35758333333333,6.29534789239719,-2.06223544093614
816,8.3795,6.41742154267031,-1.96207845732969
817,8.2785,6.45075660192039,-1.82774339807961
818,8.153,6.38695853470272,-1.76604146529728
819,8.03808333333333,6.32340723282532,-1.71467610050801
820,7.94533333333333,6.26048827835039,-1.68484505498294
821,7.84908333333333,6.19819537988685,-1.65088795344648
822,7.76783333333333,6.13652230740877,-1.63131102592456
823,7.7,6.07546289225541,-1.62453710774459
824,7.6365,6.01501102713971,-1.62148897286029
825,7.58183333333333,5.95516066712763,-1.6266726662057
826,7.53191666666667,5.89590582835179,-1.63601083831488
827,7.50866666666667,5.83724058538542,-1.67142608128125
828,7.47158333333333,5.77915907127659,-1.69242426205674
829,7.49391666666667,5.72355798647973,-1.77035868018694
830,7.493,5.67691360152025,-1.81608639847975
831,7.55366666666667,5.66675143379337,-1.8869152328733
832,7.62741666666667,5.74819292975025,-1.87922373691642
833,7.72725,5.91851766602435,-1.80873233397565
834,7.81025,6.06263912123421,-1.74761087876579
835,7.90091666666667,6.16574474493037,-1.7351719217363
836,8.06625,6.24100929496827,-1.82524070503173
837,8.18916666666667,6.33028632149798,-1.85888034516869
838,8.31616666666667,6.46339342330604,-1.85277324336063
839,8.42058333333333,6.6288831836379,-1.79170014969543
840,8.48175,6.77314130753027,-1.70860869246973
841,8.46266666666667,6.80095642163037,-1.6617102450363
842,8.42633333333333,6.73840501435256,-1.68792831898077
843,8.35533333333333,6.67082744505139,-1.68450588828194
844,8.27433333333333,6.60345845320263,-1.6708748801307
845,8.20966666666667,6.53796348686418,-1.67170317980249
846,8.1805,6.47302877255161,-1.70747122744839
847,8.16483333333333,6.40862105129609,-1.75621228203724
848,8.15383333333333,6.34485419702075,-1.80897913631258
849,8.17233333333333,6.28172183718047,-1.89061149615286
850,8.18408333333333,6.21921766004424,-1.96486567328909
851,8.18866666666667,6.15733541469518,-2.03133125197149
852,8.15908333333333,6.09606891103055,-2.06301442230278
853,8.15066666666667,6.03541201976172,-2.11525464690495
854,8.14383333333334,5.97535867241419,-2.16847466091915
855,8.14566666666667,5.92594967815783,-2.21971698850884
856,8.15266666666667,6.01531036253683,-2.13735630412984
857,8.18125,6.18830494252346,-1.99294505747655
858,8.23941666666667,6.36087309523222,-1.87854357143445
859,8.294125,6.49496060693961,-1.79916439306039
860,8.47316666666667,6.59851937308412,-1.87464729358255
861,8.60275,6.72563783611975,-1.87711216388025
862,8.70141666666667,6.91408137813371,-1.78733528853296
863,8.80783333333333,7.08368733300705,-1.72414600032628
864,8.86408333333333,7.17330673649286,-1.69077659684047
865,8.862,7.16520698135469,-1.69679301864531
866,8.81925,7.08507181736654,-1.73417818263346
867,8.74133333333333,7.00005513628715,-1.74127819704618
868,8.63541666666667,6.93040342292014,-1.70501324374653
869,8.52316666666667,6.86144475598205,-1.66172191068462
870,8.43208333333333,6.79317224023713,-1.6389110930962
871,8.37783333333333,6.72557904794356,-1.65225428538977
872,8.35858333333333,6.65865841885347,-1.69992491447986
873,8.3435,6.59240366031224,-1.75109633968776
874,8.35983333333333,6.52680814762122,-1.83302518571211
875,8.39508333333333,6.4618653216478,-1.93321801168553
876,8.40325,6.39756868772874,-2.00568131227126
877,8.44875,6.33526605737591,-2.11348394262409
878,8.52483333333333,6.27667026418035,-2.24816306915298
879,8.60291666666667,6.22701255036458,-2.37590411630209
880,8.70633333333333,6.22226114229993,-2.4840721910334
881,8.83491666666667,6.32736755909845,-2.50754910756822
882,8.98533333333333,6.49542100783759,-2.48991232549574
883,9.08775,6.66670012995992,-2.42104987004008
884,9.22558333333333,6.83239539155174,-2.39318794178159
885,9.38941666666667,7.0057072016633,-2.38370946500337
886,9.48666666666667,7.20299917967183,-2.28366748699484
887,9.51575,7.34785360585991,-2.16789639414009
888,9.4835,7.39526213100186,-2.08823786899814
889,9.41541666666667,7.34737960784101,-2.06803705882566
890,9.34641666666667,7.25352409108963,-2.09289257557704
891,9.26208333333333,7.17909765285731,-2.08298568047602
892,9.17633333333333,7.10766443676372,-2.06866889656961
893,9.08625,7.03694199386853,-2.04930800613147
894,9.06066666666667,6.96692325181484,-2.09374341485183
895,9.01541666666667,6.89760120790989,-2.11781545875678
896,9.04983333333333,6.82896892910631,-2.22086440422702
897,9.07408333333333,6.76101955246924,-2.31306378086409
898,9.12166666666667,6.69374628390687,-2.4279203827598
899,9.16458333333333,6.62714239593518,-2.53744093739815
900,9.20125,6.56116122180798,-2.64008877819202
901,9.24483333333333,6.48653078588464,-2.75830254744869
902,9.29458333333333,6.43523777699343,-2.8593455563399
903,9.31925,6.44764214953832,-2.87160785046168
904,9.36116666666667,6.54222016863754,-2.81894649802913
905,9.42575,6.69789202803197,-2.72785797196803
906,9.50325,6.82077788223608,-2.68247211776391
907,9.62175,6.90541055476955,-2.71633944523045
908,9.79358333333333,6.96790894737448,-2.82567438595885
909,9.93641666666667,7.03981618503507,-2.8966004816316
910,10.0978333333333,7.17875571239027,-2.91907762094303
911,10.20525,7.33388817762534,-2.87136182237466
912,10.24225,7.45106798602963,-2.79118201397037
913,10.1775833333333,7.50015456160194,-2.67742877173136
914,10.044,7.47501234705056,-2.56898765294944
915,9.87933333333333,7.39351080379327,-2.48582252954006
916,9.71891666666667,7.29752441195734,-2.42139225470933
917,9.57866666666667,7.22393254364362,-2.35473412302305
918,9.48783333333333,7.15205321145078,-2.33578012188255
919,9.41233333333333,7.08088909184276,-2.33144424149057
920,9.36825,7.01043306891756,-2.35781693108244
921,9.37108333333333,6.94067809627617,-2.43040523705715
922,9.428,6.87161719702266,-2.55638280297734
923,9.473,6.80055074229573,-2.67244925770427
924,9.48516666666667,6.70736242888524,-2.77780423778143
925,9.46666666666667,6.61453359071571,-2.85213307595096
926,9.42991666666667,6.54826046880259,-2.88165619786408
927,9.40258333333333,6.52630552756117,-2.87627780577217
928,9.40041666666666,6.5579974548065,-2.84241921186016
929,9.42816666666667,6.64423116175349,-2.78393550491318
930,9.48366666666667,6.77746778301683,-2.70619888364984
931,9.57183333333334,6.94173467661102,-2.63009865672232
932,9.66025,7.1126254239504,-2.5476245760496
933,9.73058333333333,7.27044198598979,-2.46014134734354
934,9.837,7.41320058338465,-2.42379941661535
935,9.90525,7.52638929620351,-2.37886070379649
936,9.92433333333334,7.60018521594393,-2.32414811738941
937,9.87216666666667,7.6299656979449,-2.24220096872177
938,9.8025,7.61630836138685,-2.18619163861315
939,9.69541666666667,7.56499108929164,-2.13042557737503
940,9.63108333333333,7.48699202852257,-2.14409130481076
941,9.60516666666667,7.39848958978438,-2.20667707688229
942,9.53166666666666,7.3195357322759,-2.21213093439076
943,9.33466666666667,7.24670512819771,-2.08796153846896
944,9.024,7.17459919892841,-1.84940080107159
945,8.79891666666667,7.10321073856684,-1.69570592809983
946,8.57641666666667,7.03253261006183,-1.54388405660484
947,8.36791666666666,6.96255774521219,-1.40535892145447
948,8.37783333333333,6.89327914466669,-1.48455418866664
949,8.5185,6.82468987792409,-1.69381012207591
950,8.70241666666667,6.7567830833331,-1.94563358333357
951,8.88341666666667,6.70358699235255,-2.17982967431412
952,9.02816666666667,6.72122452323804,-2.30694214342863
953,9.21666666666667,6.78578921465227,-2.4308774520144
954,9.36475,6.87297056003648,-2.49177943996352
955,9.51058333333333,6.97014171694339,-2.54044161638994
956,9.62858333333333,7.07635950703718,-2.55222382629615
957,9.62,7.22413607195114,-2.39586392804886
958,9.62225,7.38768613707484,-2.23456386292516
959,9.59766666666667,7.4977687040841,-2.09989796258257
960,9.5075,7.5242516210033,-1.9832483789967
961,9.45,7.47634416168703,-1.97365583831296
962,9.35441666666667,7.40072300787647,-1.9536936587902
963,9.15258333333333,7.32708457871612,-1.82549875461721
964,8.79158333333333,7.25417886353203,-1.5374044698013
965,8.62191666666667,7.18199857506612,-1.43991809160054
966,8.45166666666667,7.11053649612959,-1.34113017053708
967,8.27291666666667,7.03978547960289,-1.23313118706378
968,8.26833333333334,6.96973844843574,-1.2985948848976
969,8.356,6.90038839564714,-1.45561160435286
970,8.4875,6.82848112714487,-1.65901887285513
971,8.60841666666667,6.73415629226831,-1.87426037439836
972,8.65333333333333,6.64214229964308,-2.01119103369025
973,8.64708333333333,6.57896415506485,-2.06811917826848
974,8.63133333333333,6.56161871878167,-2.06971461455166
975,8.6575,6.59757470549396,-2.05992529450604
976,8.73416666666667,6.68477268435451,-2.04939398231216
977,8.82358333333333,6.81162507896846,-2.01195825436487
978,8.89358333333333,6.95701616739334,-1.93656716593999
979,8.93158333333333,7.09336056154985,-1.83822277178348
980,8.92141666666667,7.25452328653029,-1.66689338013637
981,8.89275,7.42716353443518,-1.46558646556482
982,8.77291666666667,7.57559967764934,-1.19731698901733
983,8.65766666666667,7.67589076769129,-0.981775898975381
984,8.49666666666667,7.71583653521321,-0.78083013145346
985,8.24816666666667,7.69497739000097,-0.553189276665695
986,8.116,7.62459442097412,-0.491405579025875
987,8.10083333333333,7.52770939618588,-0.573123937147446
988,8.10041666666667,7.43889548281526,-0.661521183851411
989,8.12241666666667,7.36487723250778,-0.757539434158894
990,8.13925,7.29159547453043,-0.847654525469567
991,8.11275,7.21904288436626,-0.893707115633736
992,8.1265,7.14721220788175,-0.979287792118246
993,8.18766666666667,7.07609626132684,-1.11157040533983
994,8.2385,7.00568793133493,-1.23281206866507
995,8.30158333333334,6.93598017492286,-1.36560315841048
996,8.34016666666667,6.86282531507535,-1.47734135159132
997,8.32275,6.76170296698556,-1.56104703301444
998,8.26883333333333,6.67209994773054,-1.59673338560279
999,8.21025,6.63252769027343,-1.57772230972657
1000,8.21975,6.66354534640008,-1.55620465359992
1001,8.27966666666667,6.76775978671907,-1.5119068799476
1002,8.32516666666666,6.92982560066164,-1.39534106600502
1003,8.35241666666667,7.11644509648178,-1.23597157018489
1004,8.40791666666667,7.29274743737177,-1.1151692292949
1005,8.50033333333333,7.48925527506679,-1.01107805826654
1006,8.5535,7.66656161075752,-0.886938389242484
1007,8.52441666666667,7.78827718440257,-0.736139482264097
1008,8.47091666666667,7.83626279354539,-0.634653873121279
1009,8.39483333333334,7.81062929331421,-0.584204040019134
1010,8.30466666666667,7.72973759642209,-0.574929070244583
1011,8.21025,7.6301986731669,-0.580051326833097
1012,8.13916666666667,7.55131502822726,-0.587851638439411
1013,8.10241666666667,7.47617818515949,-0.626238481507183
1014,8.06266666666667,7.4017889672347,-0.660877699431969
1015,8.04366666666666,7.32813993667627,-0.715526729990394
1016,8.03183333333333,7.25522372805581,-0.776609605277523
1017,8.03216666666667,7.18303304829322,-0.849133618373452
1018,8.01475,7.11156067665666,-0.903189323343341
1019,7.99916666666667,7.02946989823711,-0.969696768429562
1020,7.96891666666667,6.9293453082896,-1.03957135837707
1021,7.98441666666666,6.83028051595252,-1.15413615071414
1022,7.9795,6.74807301346728,-1.23142698653272
1023,7.96866666666667,6.69475312601775,-1.27391354064892
1024,8.003,6.6785840117303,-1.3244159882697
1025,8.045,6.70406166167377,-1.34093833832623
1026,8.09058333333333,6.77191489985946,-1.31866843347387
1027,8.09866666666667,6.87910538324118,-1.21956128342549
1028,8.32258333333333,7.01882760171519,-1.30375573161814
1029,8.20025,7.18050887812024,-1.01974112187976
1030,8.33125,7.34980936823755,-0.981440631762446
1031,7.91675,7.50862206079083,-0.408127939209167
1032,7.48433333333333,7.61550504483343,0.131171711500104
1033,7.31475,7.64608206446443,0.331332064464428
1034,7.41866666666667,7.6207180011175,0.202051334450828
1035,7.59225,7.55729870983719,-0.0349512901628053
1036,7.76991666666667,7.47090989522748,-0.299006771439187
1037,7.88241666666667,7.37383711145174,-0.508579555214931
1038,7.91983333333333,7.27556576223275,-0.644267571100578
1039,7.94508333333333,7.18278110085272,-0.762302232480605
1040,8.04341666666667,7.09936823015327,-0.944048436513402
1041,8.1545,7.02641210253541,-1.12808789746459
1042,8.2225,6.9621975199596,-1.2603024800404
1043,8.28908333333333,6.90220913394568,-1.38687419938766
1044,8.31441666666667,6.83913144557291,-1.47528522109376
1045,8.25883333333333,6.77983904490748,-1.47899428842585
1046,8.14591666666667,6.71001178247613,-1.43590488419054
1047,8.09666666666667,6.63409588281412,-1.46257078385255
1048,8.15833333333333,6.62806932836966,-1.53026400496367
1049,8.1685,6.75787646956044,-1.41062353043956
1050,8.18541666666667,6.92166718622616,-1.26374948044051
1051,8.31108333333333,7.04294872909903,-1.2681346042343
1052,8.43966666666667,7.10515398602587,-1.3345126806408
1053,8.52908333333333,7.15407664963907,-1.37500668369426
1054,8.60216666666667,7.23251914298592,-1.36964752368075
1055,8.60716666666667,7.35346463331903,-1.25370203334764
1056,8.56591666666667,7.49731825381796,-1.06859841284871
1057,8.521,7.54517514122216,-0.975824858777843
1058,8.45125,7.50737416142834,-0.943875838571664
1059,8.4015,7.43106839502626,-0.970431604973742
1060,8.3885,7.35679923907175,-1.03170076092825
1061,8.40133333333334,7.28359786295794,-1.1177354703754
1062,8.45191666666667,7.21112485343721,-1.24079181322945
1063,8.53666666666667,7.13937296288541,-1.39729370378126
1064,8.58858333333333,7.06833501532613,-1.5202483180072
1065,8.61816666666667,6.99800390638623,-1.62016276028044
1066,8.65891666666667,6.92837260378505,-1.73054406288162
1067,8.68583333333333,6.85943414477866,-1.82639918855467
1068,8.7375,6.79118163505817,-1.94631836494183
1069,8.76291666666667,6.71569494102643,-2.04722172564024
1070,8.77833333333333,6.63310502032535,-2.14522831300798
1071,8.80425,6.62636451873613,-2.17788548126387
1072,8.806,6.72427080863777,-2.08172919136223
1073,8.82166666666667,6.88566848348303,-1.93599818318365
1074,8.87483333333333,7.03239368748255,-1.84243964585078
1075,8.934,7.16265551668329,-1.77134448331671
1076,9.00925,7.29171417764617,-1.71753582235383
1077,9.10766666666667,7.42734691991793,-1.68031974674874
1078,9.1675,7.56984810704723,-1.59765189295277
1079,9.1755,7.71202921658472,-1.46347078341528
1080,9.15591666666667,7.81562102332105,-1.34029564334562
1081,9.064,7.79389298599895,-1.27010701400105
1082,8.9375,7.70709620232214,-1.23040379767786
1083,8.83341666666667,7.60823454100286,-1.22518212566381
1084,8.77041666666667,7.5242876670431,-1.24612899962357
1085,8.73066666666667,7.4562110417347,-1.27445562493197
1086,8.72525,7.38430740672634,-1.34094259327366
1087,8.766,7.31083231730264,-1.45516768269736
1088,8.79391666666667,7.23808831797818,-1.55582834868849
1089,8.82866666666667,7.16606813576696,-1.66259853089971
1090,8.85683333333333,7.0947645683202,-1.76206876501313
1091,8.87241666666666,7.02417048392627,-1.8482461827404
1092,8.86641666666666,6.95427882151073,-1.91213784515593
1093,8.87616666666667,6.89446464638075,-1.98170202028592
1094,8.87316666666667,6.82251239989997,-2.0506542667667
1095,8.88408333333333,6.72353951163675,-2.16054382169657
1096,8.89458333333334,6.72546239467451,-2.16912093865883
1097,8.89766666666667,6.87175752444097,-2.02590914222569
1098,8.94541666666667,7.03310175614472,-1.91231491052195
1099,9.00383333333333,7.13645892954268,-1.86737440379065
1100,9.11158333333333,7.18257783486442,-1.92900549846891
1101,9.19091666666667,7.23625266226108,-1.95466400440559
1102,9.2665,7.33169073427842,-1.93480926572158
1103,9.2945,7.46718754951191,-1.82731245048809
1104,9.23433333333333,7.59294738588841,-1.64138594744492
1105,9.0785,7.57162075665895,-1.50687924334105
1106,8.93991666666667,7.47867956248211,-1.46123710418456
1107,8.84616666666667,7.38961924491149,-1.45654742175518
1108,8.76208333333333,7.32191004228309,-1.44017329105024
1109,8.68983333333333,7.25028796163281,-1.43954537170052
1110,8.65566666666667,7.17814638987554,-1.47752027679113
1111,8.67541666666667,7.10672263964538,-1.5686940270213
1112,8.71025,7.03600956860512,-1.67424043139488
1113,8.69891666666667,6.96600010461772,-1.73291656204895
1114,8.72808333333333,6.89668724574135,-1.83139608759198
1115,8.81425,6.82806406058797,-1.98618593941202
1116,8.88608333333333,6.76012368786619,-2.12595964546714
1117,8.933,6.69285933362758,-2.24014066637242
1118,8.93116666666666,6.62626427088403,-2.30490239578263
1119,8.92266666666667,6.5536863412075,-2.36898032545917
1120,8.99191666666667,6.48893791034886,-2.50297875631781
1121,8.98533333333333,6.47102055872847,-2.51431277460486
1122,8.958,6.51853390421336,-2.43946609578664
1123,8.94883333333333,6.6267869503471,-2.32204638298623
1124,8.86025,6.76051078646446,-2.09973921353554
1125,8.81683333333333,6.91391557709022,-1.90291775624311
1126,8.85641666666667,7.07629960458996,-1.78011706207671
1127,8.84941666666667,7.2203153104063,-1.62910135626037
1128,8.72508333333333,7.30196929505893,-1.4231140382744
1129,8.48658333333333,7.27908387561383,-1.2074994577195
1130,8.406,7.21484187104168,-1.19115812895832
1131,8.54875,7.13968912406179,-1.40906087593821
1132,8.66975,7.06546492287771,-1.60428507712229
1133,8.75883333333333,6.99580389043454,-1.76302944289879
1134,8.80741666666667,6.92687591806082,-1.88054074860585
1135,8.82466666666667,6.85795234553243,-1.96671432113424
1136,8.81033333333333,6.78971457356515,-2.02061875976818
1137,8.68075,6.72215578167296,-1.95859421832704
1138,8.783,6.65526921486037,-2.12773078513963
1139,8.86775,6.58904818362239,-2.27870181637761
1140,8.8895,6.52348606394459,-2.36601393605541
1141,8.83675,6.45857629730303,-2.37817370269697
1142,8.78816666666667,6.3950977436565,-2.39306892301017
1143,8.74675,6.3651355753615,-2.3816144246385
1144,8.76658333333333,6.37443516008143,-2.3921481732519
1145,8.6985,6.40918968126332,-2.28931031873668
1146,8.8165,6.45739979700404,-2.35910020299596
1147,9.01466666666667,6.50887364005033,-2.50579302661634
1148,9.16666666666667,6.55522681779876,-2.61143984886791
1149,9.32633333333333,6.58988241229574,-2.73645092103759
1150,9.47858333333333,6.60807098023756,-2.87051235309577
1151,9.47925,6.60683055297033,-2.87241944702967
1152,9.40266666666667,6.58500663649002,-2.81766003017665
1153,9.23083333333333,6.54325221144245,-2.68758112189088
1154,9.10758333333333,6.48402773312328,-2.62355560021005
1155,8.93858333333333,6.41160113147803,-2.5269822018553
1156,8.77725,6.33204781110205,-2.44520218889795
1157,8.69566666666667,6.25325065124057,-2.4424160154261
1158,8.72283333333333,6.18476058176934,-2.53807275156399
1159,8.733,6.12322118526576,-2.60977881473424
1160,8.74733333333333,6.06229411619549,-2.68503921713784
1161,8.73916666666667,6.00197328214782,-2.73719338451885
1162,8.72366666666667,5.94225265058529,-2.78141401608138
1163,8.7135,5.88308118970755,-2.83041881029245
1164,8.73258333333333,5.82402150883943,-2.9085618244939
1165,8.75775,5.76583921602775,-2.99191078397225
1166,8.79183333333333,5.71141310885373,-3.0804202244796
1167,8.79183333333333,5.70471826486895,-3.08711506846438
1168,8.8305,5.80478544531831,-3.02571455468169
1169,8.85333333333333,5.93936897702237,-2.91396435631096
1170,8.88866666666667,6.04929888421848,-2.83936778244819
1171,8.93766666666667,6.11350139702409,-2.82416526964258
1172,8.98125,6.15867523216751,-2.82257476783249
1173,9.10433333333333,6.21141827434119,-2.89291505899214
1174,9.21575,6.29525368308055,-2.92049631691945
1175,9.2385,6.42939547110712,-2.80910452889288
1176,9.15525,6.53905890645703,-2.61619109354297
1177,9.01925,6.58172311689416,-2.43752688310584
1178,8.9095,6.57234204211848,-2.33715795788152
1179,8.77516666666667,6.52672229818069,-2.24844436848598
1180,8.68408333333333,6.46152317748224,-2.22256015585109
1181,8.64641666666667,6.39416037291866,-2.25225629374801
1182,8.62091666666667,6.33053741156434,-2.29037925510233
1183,8.61633333333334,6.26754750842613,-2.34878582490721
1184,8.63258333333333,6.20518436707478,-2.42739896625855
1185,8.61233333333333,6.14344175178159,-2.46889158155174
1186,8.62808333333333,6.0823134875185,-2.54576984581483
1187,8.64358333333333,6.02179345995799,-2.62178987337534
1188,8.70791666666667,5.96187561547315,-2.74604105119352
1189,8.74758333333333,5.91692838000314,-2.83065495333019
1190,8.78341666666667,5.91099750961959,-2.87241915704708
1191,8.81891666666667,5.93520779970689,-2.88370886695978
1192,8.87308333333333,5.9806327677176,-2.89245056561573
1193,8.88833333333333,6.03927086262977,-2.84906247070356
1194,8.88083333333333,6.10404546494695,-2.77678786838638
1195,8.85716666666667,6.16880488669823,-2.68836177996844
1196,8.82158333333333,6.22832237143818,-2.59326096189515
1197,8.91675,6.27829609424689,-2.63845390575311
1198,9.09,6.31534916172996,-2.77465083827004
1199,9.13225,6.33702961201849,-2.79522038798151
1200,9.03783333333333,6.34181041476911,-2.69602291856422
1201,8.87416666666667,6.32908947116392,-2.54507719550275
1202,8.74766666666667,6.29918961391057,-2.4484770527561
1203,8.64825,6.25335860724219,-2.39489139275781
1204,8.49258333333333,6.19376914691744,-2.2988141864159
1205,8.34366666666667,6.12351886022046,-2.22014780644621
1206,8.36225,6.04663030596093,-2.31561969403907
1207,8.357,5.96805097447402,-2.38894902552598
1208,8.37991666666667,5.89365328762041,-2.48626337904626
1209,8.41625,5.83023312209993,-2.58601687790007
1210,8.44033333333333,5.78267706488745,-2.65765626844588
1211,8.443,5.74855656304936,-2.69444343695064
1212,8.44641666666667,5.72442963872498,-2.72198702794169
1213,8.42641666666667,5.70718946851637,-2.7192271981503
1214,8.437,5.69406438348832,-2.74293561651168
1215,8.44366666666667,5.68261786916838,-2.76104879749829
1216,8.47283333333333,5.67074856554684,-2.80208476778649
1217,8.44816666666667,5.65669026707674,-2.79147639958993
1218,8.50058333333333,5.63901192267386,-2.86157141065947
1219,8.59491666666667,5.61661763571672,-2.97829903094995
1220,8.68325,5.58874666404659,-3.09450333595341
1221,8.80541666666667,5.55497341996749,-3.25044324669918
1222,8.93408333333333,5.51520747024618,-3.41887586308715
1223,9.02116666666667,5.46969353611217,-3.5514731305545
1224,9.01258333333333,5.4190114932577,-3.59357184007563
1225,8.9195,5.36407637183779,-3.55542362816221
1226,8.82716666666667,5.30613835647015,-3.52102831019652
1227,8.73183333333333,5.24678278623529,-3.48505054709804
1228,8.65566666666667,5.18793015467643,-3.46773651199024
1229,8.6205,5.13183610979956,-3.48866389020044
1230,8.59283333333333,5.08015282082909,-3.51268051250424
1231,8.57133333333333,5.02960445474844,-3.54172887858489
1232,8.61775,4.97955905383686,-3.63819094616314
1233,8.665,4.9300116137974,-3.7349883862026
1234,8.716,4.88095717938675,-3.83504282061325
1235,8.74458333333333,4.8323908444152,-3.91219248891813
1236,8.75591666666667,4.78380638133899,-3.97211028532768
1237,8.78208333333333,4.73149169890189,-4.05059163443144
1238,8.76658333333333,4.68559053320837,-4.08099280012496
1239,8.72733333333334,4.67725126165513,-4.05008207167821
1240,8.76108333333333,4.77753400786705,-3.98354932546628
1241,8.82008333333333,4.95928302989043,-3.8608003034429
1242,8.88183333333333,5.09747417283718,-3.78435916049615
1243,8.97783333333333,5.16129352222555,-3.81653981110778
1244,9.1155,5.20377036404038,-3.91172963595962
1245,9.25958333333333,5.25414828712813,-4.0054350462052
1246,9.41433333333333,5.3308690543306,-4.08346427900273
1247,9.5,5.44533565219599,-4.05466434780401
1248,9.4895,5.5993353321353,-3.8901646678647
1249,9.35916666666667,5.66690185801732,-3.69226480864935
1250,9.20575,5.60992692384525,-3.59582307615475
1251,9.05508333333333,5.53649638047062,-3.51858695286271
1252,8.91966666666667,5.48462987150873,-3.43503679515794
1253,8.84083333333333,5.43236832843078,-3.40846500490255
1254,8.78591666666667,5.37831535985822,-3.40760130680845
1255,8.77791666666667,5.32480022780097,-3.4531164388657
1256,8.76141666666667,5.271817580697,-3.48959908596967
1257,8.75141666666667,5.21936211972678,-3.53205454693989
1258,8.76483333333333,5.16742859885934,-3.59740473447399
1259,8.77216666666667,5.11601182509129,-3.65615484157538
1260,8.75008333333333,5.06510665698931,-3.68497667634402
1261,8.74075,5.01470800378357,-3.72604199621643
1262,8.7705,4.94910278106657,-3.82139721893343
1263,8.79083333333333,4.93646980169434,-3.85436353163899
1264,8.86583333333333,5.04075565994421,-3.82507767338912
1265,8.93675,5.21260965595837,-3.72414034404163
1266,8.99383333333333,5.32619770802641,-3.66763562530692
1267,9.09866666666667,5.38656183128774,-3.71210483537893
1268,9.2105,5.42842968214153,-3.78207031785847
1269,9.36641666666667,5.47466716929971,-3.89174949736696
1270,9.5275,5.5834413519347,-3.9440586480653
1271,9.63575,5.73643722442341,-3.89931277557659
1272,9.624,5.86027701505876,-3.76372298494124
1273,9.53408333333333,5.91451837483488,-3.61956495849845
1274,9.41375,5.89165437744711,-3.52209562255289
1275,9.26983333333333,5.81711351929197,-3.45271981404136
1276,9.13216666666667,5.74678076273877,-3.3853859039279
1277,9.03775,5.68959933769736,-3.34815066230264
1278,8.982,5.63298687760963,-3.34901312239037
1279,8.9615,5.57693772188866,-3.38456227811134
1280,8.98616666666667,5.52144626524965,-3.46472040141701
1281,9.0465,5.46650695770996,-3.57999304229004
1282,9.06783333333333,5.40286331298703,-3.6649700203463
1283,9.12441666666667,5.31063257924101,-3.81378408742566
1284,9.1665,5.22971444959711,-3.93678555040289
1285,9.19975,5.19291914175943,-4.00683085824057
1286,9.177,5.21882586613937,-3.95817413386063
1287,9.17566666666667,5.31178282585561,-3.86388384081106
1288,9.24033333333333,5.46190721673411,-3.77842611659922
1289,9.297,5.64508522730813,-3.65191477269187
1290,9.39583333333333,5.82297203881819,-3.57286129451514
1291,9.499,5.95180372632792,-3.54719627367208
1292,9.61883333333333,6.057686626306,-3.56114670702733
1293,9.76683333333333,6.14242671737495,-3.62440661595838
1294,9.88125,6.19855404799358,-3.68269595200641
1295,9.92516666666667,6.2223435807954,-3.70282308587127
1296,9.88316666666667,6.21381519258862,-3.66935147407805
1297,9.73241666666667,6.17673367435613,-3.55568299231054
1298,9.5285,6.11860873125553,-3.40989126874447
1299,9.32766666666667,6.05069498261912,-3.27697168404755
1300,9.15525,5.98722174990327,-3.16802825009673
1301,9.01433333333333,5.92764789179297,-3.08668544154036
1302,8.90791666666667,5.86866680138666,-3.03924986528001
1303,8.929,5.81027258504169,-3.11872741495831
1304,9.00591666666667,5.7524594052544,-3.25345726141227
1305,9.06508333333333,5.69522148066012,-3.36986185267321
1306,9.14775,5.63855308603318,-3.50919691396682
1307,9.24708333333333,5.58244855228693,-3.6646347810464
1308,9.3465,5.52690226647369,-3.81959773352631
1309,9.42241666666667,5.47221454971637,-3.95020211695031
1310,9.50441666666667,5.43953158348084,-4.06488508318583
1311,9.55558333333333,5.4359008265715,-4.11968250676183
1312,9.6295,5.45367109724757,-4.17582890275243
1313,9.69275,5.48594270596555,-4.20680729403445
1314,9.75341666666667,5.52656745537918,-4.22684921128749
1315,9.90266666666667,5.57014864033952,-4.33251802632715
1316,10.0304166666667,5.61204104789486,-4.41837561877184
1317,10.12175,5.64835095729079,-4.47339904270922
1318,10.249,5.67593613997014,-4.57306386002986
1319,10.3394166666667,5.69240585957305,-4.64701080709365
1320,10.3568333333333,5.6961208719369,-4.6607124613964
1321,10.2863333333333,5.68619342509637,-4.60013990823693
1322,10.1310833333333,5.66248725928339,-4.46859607404992
1323,9.93325,5.62561760692716,-4.30763239307284
1324,9.7535,5.57695119265417,-4.17654880734583
1325,9.60341666666667,5.51860623328817,-4.0848104333785
1326,9.48975,5.45345243785018,-4.03629756214982
1327,9.48625,5.38511100755851,-4.10113899244149
1328,9.50958333333333,5.31795463582871,-4.19162869750462
1329,9.56383333333333,5.25710750827363,-4.3067258250597
1330,9.61916666666667,5.2170670064544,-4.40209966021227
1331,9.63491666666667,5.21761384943343,-4.41730281723324
1332,9.64583333333333,5.25030554639602,-4.39552778693731
1333,9.6445,5.30631014920328,-4.33818985079672
1334,9.628,5.37766544952754,-4.25033455047246
1335,9.63783333333333,5.45727897885239,-4.18055435448094
1336,9.74525,5.53892800847264,-4.20632199152736
1337,9.82175,5.61725954949434,-4.20449045050566
1338,9.93458333333333,5.68779035283478,-4.24679298049855
1339,10.118,5.74690690922247,-4.37109309077753
1340,10.3109166666667,5.79186544919719,-4.51905121746951
1341,10.51675,5.82079194310993,-4.69595805689007
1342,10.6845,5.83268210112292,-4.85181789887708
1343,10.7594166666667,5.82740137320963,-4.93201529345707
1344,10.716,5.80568494915476,-4.91031505084524
1345,10.5845833333333,5.76913775855426,-4.81544557477904
1346,10.4014166666667,5.72023447081529,-4.68118219585141
1347,10.1821666666667,5.6623194951563,-4.5198471715104
1348,9.976,5.59960698060691,-4.37639301939309
1349,9.81958333333333,5.53718081600802,-4.28240251732531
1350,9.73091666666667,5.48032669920915,-4.25058996745752
1351,9.7525,5.42579653652318,-4.32670346347682
1352,9.80833333333334,5.37180895840673,-4.43652437492661
1353,9.87041666666667,5.31835856651476,-4.55205810015191
1354,9.93883333333333,5.26544001536061,-4.67339331797272
1355,9.98266666666667,5.21304801231599,-4.76961865435068
1356,9.99708333333333,5.14962331588129,-4.84746001745204
1357,9.98783333333333,5.09156468314394,-4.89626865018939
1358,9.96466666666666,5.08518243855398,-4.87948422811268
1359,9.94866666666667,5.15050762722628,-4.79815903944039
1360,9.97816666666667,5.28057472841184,-4.69759193825483
1361,10.0379166666667,5.43880407512495,-4.59911259154175
1362,10.1476666666667,5.55780074370234,-4.58986592296436
1363,10.312,5.63724599432854,-4.67475400567146
1364,10.50275,5.69423486255687,-4.80851513744313
1365,10.7015833333333,5.74724213931034,-4.95434119402296
1366,10.8804166666667,5.84512132161996,-5.03529534504674
1367,10.9548333333333,6.01135335812566,-4.94347997520764
1368,10.9020833333333,6.16671672745996,-4.73536660587334
1369,10.7615833333333,6.25968658765686,-4.50189674567644
1370,10.5784166666667,6.27043250630867,-4.30798416035803
1371,10.3745833333333,6.21081846056603,-4.16376487276727
1372,10.1871666666667,6.12440283713788,-4.06276382952882
1373,10.0579166666667,6.06107798144567,-3.99683868522103
1374,9.99233333333333,6.0007692449717,-3.99156408836163
1375,9.98033333333333,5.94106059143559,-4.03927274189774
1376,10.0056666666667,5.88194605096542,-4.12372061570128
1377,10.0608333333333,5.82341971169738,-4.23741362163592
1378,10.12825,5.76547571977572,-4.36277428022428
1379,10.1805833333333,5.70810827935274,-4.47247505398056
1380,10.1835,5.65047743652632,-4.53302256347368
1381,10.17325,5.59097126755673,-4.58227873244327
1382,10.1555,5.53184985953129,-4.62365014046871
1383,10.1408333333333,5.47623792598955,-4.66459540734375
1384,10.1804166666667,5.42790896896042,-4.75250769770628
1385,10.2485833333333,5.39128527896224,-4.85729805437106
1386,10.3456666666667,5.37143793500272,-4.97422873166398
1387,10.4796666666667,5.37408680457897,-5.10557986208773
1388,10.6555,5.40560054367751,-5.24989945632249
1389,10.8596666666667,5.47299659677423,-5.38667006989247
1390,11.0438333333333,5.58394119683445,-5.45989213649885
1391,11.112,5.72929203485243,-5.38270796514757
1392,11.0248333333333,5.80145124486527,-5.22338208846803
1393,10.849,5.80351041485992,-5.04548958514008
1394,10.6323333333333,5.75973498203813,-4.87259835129517
1395,10.3985,5.69011662488642,-4.70838337511359
1396,10.2185833333333,5.61037326317603,-4.60821007015727
1397,10.1036666666667,5.53194905796298,-4.57171760870372
1398,10.0529166666667,5.46201441158799,-4.59090225507871
1399,10.0559166666667,5.40346596767654,-4.65245069899016
1400,10.0869166666667,5.35492661113886,-4.73199005552784
1401,10.1250833333333,5.31074546816991,-4.81433786516339
1402,10.1103333333333,5.26149105040053,-4.84884228293277
1403,10.0888333333333,5.20913833962556,-4.87969499370774
1404,10.0773333333333,5.15730654716181,-4.92002678617149
1405,10.103,5.10599048967909,-4.99700951032091
1406,10.1135,5.04488843173783,-5.06861156826217
1407,10.1415833333333,5.0332414994156,-5.1083418339177
1408,10.1936666666667,5.12887136526716,-5.06479530139954
1409,10.2745833333333,5.30144573954053,-4.97313759379277
1410,10.36825,5.45879163597048,-4.90945836402952
1411,10.5286666666667,5.57568054958707,-4.95298611707963
1412,10.7218333333333,5.65160012775729,-5.07023320557601
1413,10.9084166666667,5.70677589369761,-5.20164077296909
1414,11.0470833333333,5.78217124647397,-5.26491208685932
1415,11.0723333333333,5.9306069055576,-5.1417264277757
1416,10.9991666666667,6.10932035650798,-4.88984631015872
1417,10.82475,6.23311089004709,-4.59163910995291
1418,10.5828333333333,6.26326339146092,-4.31956994187238
1419,10.3175,6.20922013309477,-4.10827986690523
1420,10.1099166666667,6.12858077435328,-3.98133589231343
1421,9.99058333333333,6.06758726790538,-3.92299606542795
1422,9.94241666666667,6.00721376528886,-3.93520290137781
1423,9.94308333333333,5.94744098977213,-3.9956423435612
1424,9.98625,5.88826296375049,-4.09798703624951
1425,10.0690833333333,5.82967376870541,-4.23940956462789
1426,10.1375833333333,5.77166754534279,-4.36591578799051
1427,10.1765,5.71423849362682,-4.46226150637318
1428,10.1911666666667,5.65738087077829,-4.53378579588841
1429,10.1805833333333,5.60093554681593,-4.57964778651737
1430,10.1648333333333,5.52569041790769,-4.63914291542561
1431,10.1635,5.51998501374283,-4.64351498625717
1432,10.2074166666667,5.63906108958645,-4.56835557708025
1433,10.2588333333333,5.81989955482835,-4.43893377850495
1434,10.34125,5.99955841041613,-4.34169158958387
1435,10.5026666666667,6.16926297057767,-4.33340369608903
1436,10.6395833333333,6.326722545396,-4.3128607879373
1437,10.7000833333333,6.49232482493124,-4.20775850840206
1438,10.7443333333333,6.66598216794804,-4.07835116538526
1439,10.77,6.7954995040602,-3.9745004959398
1440,10.6034166666667,6.85061115965696,-3.75280550700974
1441,10.475,6.83145485705104,-3.64354514294896
1442,10.3695,6.76865552509507,-3.60084447490493
1443,10.26175,6.70130627656617,-3.56044372343383
1444,10.1710833333333,6.63462716468677,-3.53645616864653
1445,10.1145833333333,6.56861152179031,-3.54597181154299
1446,10.0979166666667,6.50325274572527,-3.59466392094143
1447,10.10325,6.43854428442413,-3.66470571557587
1448,10.12275,6.37447948877028,-3.74827051122972
1449,10.13575,6.31105196262735,-3.82469803737265
1450,10.1549166666667,6.24825543232132,-3.90666123434538
1451,10.1718333333333,6.18608367698786,-3.98574965634544
1452,10.1936666666667,6.12453052857235,-4.06913613809436
1453,10.2154166666667,6.06358987182981,-4.15182679483689
1454,10.2185,6.003255644325,-4.215244355675
1455,10.2205,5.94352183643234,-4.27697816356766
1456,10.2421666666667,5.88438249133596,-4.35778417533074
1457,10.3208333333333,5.82583170502965,-4.49500162830365
1458,10.4451666666667,5.76786362631692,-4.67730304034978
1459,10.5901666666667,5.71047245681095,-4.87969420985575
1460,10.7268333333333,5.65365245093463,-5.07318088239867
1461,10.8554166666667,5.5973979159205,-5.2580187507462
1462,10.9443333333333,5.54170321181084,-5.40263012152246
1463,10.9456666666667,5.48656275145758,-5.45910391520912
1464,10.8435,5.43197100052235,-5.41152899947765
1465,10.652,5.37792247747648,-5.27407752252352
1466,10.47225,5.32441175360099,-5.14783824639901
1467,10.2951666666667,5.27143345298657,-5.02373321368013
1468,10.14,5.21898225253361,-4.92101774746639
1469,10.0560833333333,5.1670528819522,-4.8890304513811
1470,9.98975,5.1156401237621,-4.8741098762379
1471,9.96841666666667,5.06473881329278,-4.90367785337389
1472,9.98308333333333,5.01434384939206,-4.96873948394127
1473,10.011,4.96445029324793,-5.04654970675207
1474,10.05725,4.91505318663291,-5.14219681336709
1475,10.1161666666667,4.86614759046821,-5.25001907619849
1476,10.1729166666667,4.81772861386337,-5.35518805280333
1477,10.1966666666667,4.76979141411628,-5.42687525255042
1478,10.2235833333333,4.73684039676968,-5.48674293656362
1479,10.255,4.84632870746311,-5.40867129253689
1480,10.3049166666667,5.02534606737776,-5.27957059928894
1481,10.38375,5.18335253540682,-5.20039746459318
1482,10.48975,5.27618532243763,-5.21356467756237
1483,10.60275,5.30605879135161,-5.29669120864839
1484,10.71775,5.31882393287814,-5.39892606712186
1485,10.8939166666667,5.33991678221267,-5.55399988445403
1486,11.0630833333333,5.38008542426322,-5.68299790907008
1487,11.14775,5.4616182696091,-5.6861317303909
1488,11.09775,5.63257633966965,-5.46517366033035
1489,10.88675,5.76737133061455,-5.11937866938545
1490,10.6241666666667,5.75238323642889,-4.87178343023781
1491,10.3809166666667,5.68837958806498,-4.69253707860172
1492,10.1585833333333,5.63177926533505,-4.52680406799825
1493,10.017,5.57574212543279,-4.44125787456721
1494,9.93841666666667,5.52026256441786,-4.41815410224881
1495,9.9085,5.46533503353036,-4.44316496646964
1496,9.9615,5.4109540404669,-4.5505459595331
1497,10.0428333333333,5.3571141481167,-4.6857191852166
1498,10.1205833333333,5.30380997237169,-4.81677336096161
1499,10.2314166666667,5.25103618211628,-4.98038048455042
1500,10.298,5.19878749928322,-5.09921250071678
1501,10.301,5.14705869935801,-5.15394130064199
1502,10.2845,5.09517599776496,-5.18932400223504
1503,10.26525,5.10702454090281,-5.15822545909719
1504,10.2790833333333,5.27685358692204,-5.00222974641126
1505,10.3341666666667,5.41484949021542,-4.91931717645128
1506,10.46925,5.48892161607984,-4.98032838392016
1507,10.6556666666667,5.52479020773129,-5.13087645893541
1508,10.8868333333333,5.54525086132597,-5.34158247200733
1509,11.0678333333333,5.56698470674344,-5.50084862658986
1510,11.186,5.60898869743161,-5.57701130256839
1511,11.24725,5.69203924759905,-5.55521075240095
1512,11.1949166666667,5.77769151726137,-5.41722514940533
1513,11.0438333333333,5.80919287685972,-5.23464045647358
1514,10.8065833333333,5.80180424137949,-5.00477909195382
1515,10.5491666666667,5.76855353743067,-4.78061312923603
1516,10.3561666666667,5.72000516743417,-4.63616149923253
1517,10.2049166666667,5.66426000962175,-4.54065665704495
1518,10.0905,5.60695541803603,-4.48354458196397
1519,10.04325,5.55098076500814,-4.49226923499186
1520,10.0020833333333,5.49574758332377,-4.50633575000953
1521,10.002,5.44106398127115,-4.56093601872885
1522,10.0446666666667,5.386924490276,-4.6577421763907
1523,10.1089166666667,5.33314139565428,-4.77577527101241
1524,10.1258333333333,5.27762323448865,-4.84821009884465
1525,10.1113333333333,5.22293554907652,-4.88839778425678
1526,10.078,5.18174295957971,-4.89625704042029
1527,10.0765,5.21007127925068,-4.86642872074932
1528,10.1155833333333,5.38208124107388,-4.73350209225942
1529,10.263,5.53102965780736,-4.73197034219264
1530,10.4580833333333,5.59906234617067,-4.85902098716263
1531,10.69225,5.6334955719107,-5.0587544280893
1532,10.9251666666667,5.65154509961082,-5.27362156705588
1533,11.1443333333333,5.67133949003598,-5.47299384329732
1534,11.36825,5.71078281666429,-5.65746718333571
1535,11.5128333333333,5.81215134828331,-5.70068198504999
1536,11.4709166666667,5.9953353270496,-5.4755813396171
1537,11.2694166666667,6.15285642447229,-5.11656024219441
1538,11.0249166666667,6.22131520005063,-4.80360146661607
1539,10.7935,6.19085190194232,-4.60264809805768
1540,10.5633333333333,6.10514646696354,-4.45818686636976
1541,10.4078333333333,6.03902749429312,-4.36880583904018
1542,10.3229166666667,5.97893816600328,-4.34397850066342
1543,10.2834166666667,5.91944673711554,-4.36396992955116
1544,10.25375,5.86054725846816,-4.39320274153184
1545,10.2876666666667,5.80223383947561,-4.48543282719109
1546,10.3373333333333,5.74450064810272,-4.59283268523058
1547,10.351,5.68734191122115,-4.66365808877885
1548,10.3789166666667,5.63075191367836,-4.74816475298834
1549,10.3968333333333,5.57472499635415,-4.82210833697915
1550,10.412,5.51929939217214,-4.89270060782786
1551,10.4450833333333,5.59008468024799,-4.85499865308532
1552,10.5364166666667,5.76189084835777,-4.77452581830893
1553,10.6708333333333,5.89698003070158,-4.77385330263172
1554,10.83625,5.95436908634989,-4.88188091365011
1555,11.0545833333333,5.97889171592271,-5.07569161741059
1556,11.2578333333333,5.99074478137667,-5.26708855195663
1557,11.5345833333333,6.00207709213735,-5.53250624119595
1558,11.7594166666667,6.03207538702623,-5.72734127964047
1559,11.8570833333333,6.1028245047651,-5.7542588285682
1560,11.7761666666667,6.2012239664834,-5.57494270018331
1561,11.5403333333333,6.24224179082827,-5.29809154250502
1562,11.2636666666667,6.23527735211114,-5.02838931455555
1563,10.9815,6.19407489101721,-4.78742510898279
1564,10.74025,6.13045383341124,-4.60979616658876
1565,10.54425,6.05430879033754,-4.48994120966246
1566,10.414,5.97360955801999,-4.44039044198001
1567,10.348,5.89440111786203,-4.45359888213798
1568,10.33325,5.82080363644662,-4.51244636355338
1569,10.3515,5.75501246553632,-4.59648753446367
1570,10.4118333333333,5.69729814207323,-4.71453519126007
1571,10.49325,5.64600638817898,-4.84724361182102
1572,10.5570833333333,5.5975581111548,-4.9595252221785
1573,10.6170833333333,5.54644940348144,-5.07063392985186
1574,10.6555,5.56443509558033,-5.09106490441967
1575,10.7110833333333,5.6873742985039,-5.0237090348294
1576,10.8371666666667,5.83577279457821,-5.00139387208849
1577,10.98775,5.95887404190818,-5.02887595809182
1578,11.2226666666667,6.03513154230926,-5.18753512435745
1579,11.4170833333333,6.07220884130734,-5.34487449202596
1580,11.5696666666667,6.10696546736739,-5.46270119929931
1581,11.7708333333333,6.1525068120555,-5.6183265212778
1582,12.0261666666667,6.21903773945045,-5.80712892721625
1583,12.0818333333333,6.32848146948559,-5.75335186384771
1584,12.0095833333333,6.46590769986305,-5.54367563347025
1585,11.7835833333333,6.57921685853916,-5.20436647479414
1586,11.51125,6.5830604753919,-4.9281895246081
1587,11.2266666666667,6.51456968387482,-4.71209698279188
1588,10.9654166666667,6.4345309436936,-4.5308857229731
1589,10.7579166666667,6.36900326586828,-4.38891340079842
1590,10.6180833333333,6.30974735130626,-4.30833598202704
1591,10.5760833333333,6.24696431483656,-4.32911901849674
1592,10.621,6.18480598010452,-4.43619401989548
1593,10.6965,6.12326613235525,-4.57323386764475
1594,10.7669166666667,6.06233861736652,-4.70457804930018
1595,10.8285,6.00201734144875,-4.82648265855125
1596,10.8841666666667,5.94255605154973,-4.94161061511697
1597,10.9106666666667,5.89515473821768,-5.01551192844902
1598,10.92375,5.86830944230412,-5.05544055769588
1599,10.9428333333333,5.86334440944317,-5.07948892389014
1600,11.0090833333333,5.87886153111942,-5.13022180221388
1601,11.1165,5.91074034466795,-5.20575965533205
1602,11.2860833333333,5.95213803327428,-5.33394530005902
1603,11.5005833333333,5.99348942597439,-5.50709390735891
1604,11.7406666666667,6.02250699765474,-5.71815966901196
1605,12.0048333333333,6.06115958040723,-5.94367375292607
1606,12.14675,6.14235660854557,-6.00439339145443
1607,12.2044166666667,6.22672983425572,-5.97768683241098
1608,12.1544166666667,6.28573898578451,-5.86867768088219
1609,11.9420833333333,6.30330856094587,-5.63877477238743
1610,11.62425,6.27582782712079,-5.34842217287921
1611,11.31875,6.21215082125736,-5.10659917874264
1612,11.0368333333333,6.13359634987073,-4.90323698346257
1613,10.8190833333333,6.06838818806373,-4.75069514526957
1614,10.6999166666667,6.00800671351753,-4.69190995314917
1615,10.6591666666667,5.94822604506149,-4.71094062160521
1616,10.6660833333333,5.88904020630268,-4.77704312703062
1617,10.717,5.83044327867008,-4.88655672132992
1618,10.7743333333333,5.77242940141456,-5.00190393191874
1619,10.837,5.71499277160891,-5.12200722839109
1620,10.91875,5.65806867265717,-5.26068132734283
1621,10.9621666666667,5.60319720472331,-5.35896946194339
1622,10.94525,5.56250800008023,-5.38274199991977
1623,10.9520833333333,5.54559354100984,-5.40648979232346
1624,11.0154166666667,5.55568644137083,-5.45973022529587
1625,11.1234166666667,5.58965944659865,-5.53375722006805
1626,11.2813333333333,5.63802543370554,-5.64330789962776
1627,11.4795,5.68493741128048,-5.79456258871952
1628,11.7075,5.71074096105709,-5.9967590389429
1629,11.99725,5.75748731229826,-6.23976268770174
1630,12.2283333333333,5.82084315876905,-6.40749017456425
1631,12.31125,5.871687574986,-6.439562425014
1632,12.2375833333333,5.89193556726366,-6.34564776606964
1633,11.9736666666667,5.87453807371461,-6.09912859295209
1634,11.6205,5.82348196424945,-5.79701803575055
1635,11.2955833333333,5.75379004057681,-5.54179329275649
1636,10.989,5.69030707272647,-5.29869292727353
1637,10.7895,5.63368756871927,-5.15581243128073
1638,10.65375,5.57763143793188,-5.07611856206812
1639,10.5929166666667,5.5221330767155,-5.0707835899512
1640,10.61725,5.46718693553013,-5.15006306446987
1641,10.6469166666667,5.41278751894453,-5.23412914772217
1642,10.7214166666667,5.35892938563626,-5.36248728103044
1643,10.8105,5.30560714839166,-5.50489285160834
1644,10.8948333333333,5.26408663229812,-5.63074670103518
1645,10.93,5.20308047880673,-5.72691952119327
1646,10.9354166666667,5.12484400175684,-5.81057266490986
1647,10.9405,5.12584875329705,-5.81465124670295
1648,11.0226666666667,5.2720071301292,-5.7506595365375
1649,11.1481666666667,5.42507081939821,-5.72309584726849
1650,11.3475833333333,5.50612959088317,-5.84145374245013
1651,11.582,5.5369897793518,-6.0450102206482
1652,11.8466666666667,5.55265290432204,-6.29401376234466
1653,12.1716666666667,5.56834522189134,-6.60332144477536
1654,12.37525,5.60381431138801,-6.77143568861199
1655,12.3986666666667,5.68031504349155,-6.71835162317514
1656,12.1514166666667,5.76587137797225,-6.38554528869445
1657,11.7380833333333,5.79297428452252,-5.94510904881078
1658,11.3460833333333,5.77945489294725,-5.56662844038605
1659,10.98625,5.74090171281948,-5.24534828718052
1660,10.6740833333333,5.68935172708728,-4.98473160624602
1661,10.4439166666667,5.63329039207373,-4.81062627459297
1662,10.348,5.57765163747694,-4.77034836252306
1663,10.3726666666667,5.52381786637005,-4.84884880029665
1664,10.4089166666667,5.47022403570814,-4.93869263095856
1665,10.4535833333333,5.42229110278926,-5.03129223054404
1666,10.5116666666667,5.37012617364128,-5.14154049302542
1667,10.5515,5.30614228323475,-5.24535771676525
1668,10.5480833333333,5.233496307015,-5.3145870263183
1669,10.4895,5.1660889609021,-5.3234110390979
1670,10.4745,5.12856480129088,-5.34593519870912
1671,10.5015,5.1562857020591,-5.3452142979409
1672,10.6248333333333,5.25348257015478,-5.37135076317852
1673,10.8081666666667,5.36825864791677,-5.43990801874993
1674,11.0659166666667,5.46746979874516,-5.59844686792154
1675,11.2756666666667,5.53404331837442,-5.74162334829228
1676,11.5050833333333,5.56697793487337,-5.93810539845993
1677,11.7805,5.58134380864518,-6.19915619135482
1678,12.0028333333333,5.60828253242737,-6.39455080090593
1679,12.1093333333333,5.71259801899773,-6.39673531433557
1680,11.9641666666667,5.89258793715938,-6.07157872950732
1681,11.6208333333333,6.06555390810524,-5.55527942522806
1682,11.3305833333333,6.17776628483059,-5.15281704850271
1683,10.9766666666667,6.20597116052762,-4.77069550613908
1684,10.5948333333333,6.15739036858544,-4.43744296474786
1685,10.3081666666667,6.06972148259006,-4.23844518407664
1686,10.13625,6.0012223749943,-4.1350276250057
1687,10.0986666666667,5.94150921323967,-4.15715745342703
1688,10.1583333333333,5.88239020793549,-4.27594312539781
1689,10.26925,5.82385944775871,-4.44539055224129
1690,10.3323333333333,5.76591107914255,-4.56642225419075
1691,10.4106666666667,5.70853930627654,-4.70212736039016
1692,10.4546666666667,5.64293150644528,-4.81173516022142
1693,10.4445833333333,5.5507759851303,-4.893807348203
1694,10.4055833333333,5.49080083281565,-4.91478250051765
1695,10.40025,5.50478103228434,-4.89546896771566
1696,10.52025,5.605386514192,-4.914863485808
1697,10.6975,5.77618215706688,-4.92131784293312
1698,10.9771666666667,5.97162778730986,-5.00553887935684
1699,11.4201666666667,6.13192256606178,-5.28824410060492
1700,11.7019166666667,6.26031285135432,-5.44160381531238
1701,12.1080833333333,6.36570926190827,-5.74237407142503
1702,12.3366666666667,6.46311043032494,-5.87355623634175
1703,12.3253333333333,6.57653119473069,-5.74880213860261
1704,12.1255,6.71824271432163,-5.40725728567837
1705,11.76625,6.8185289864368,-4.94772101356319
1706,11.30675,6.84836040143733,-4.45838959856267
1707,10.8139166666667,6.81044691790561,-4.00346974876109
1708,10.3759166666667,6.73494177418233,-3.64097489248437
1709,10.03275,6.66599495704208,-3.36675504295792
1710,9.80966666666667,6.59966719804502,-3.20999946862166
1711,9.75075,6.53399941201907,-3.21675058798093
1712,9.7895,6.46898503219802,-3.32051496780198
1713,9.87833333333334,6.40461755640812,-3.47371577692522
1714,9.95141666666667,6.3408745845981,-3.61054208206857
1715,10.0361666666667,6.27751633431344,-3.75865033235326
1716,10.1103333333333,6.21468265651536,-3.89565067681794
1717,10.126,6.15329948823551,-3.97270051176449
1718,10.0955833333333,6.09506694817292,-4.00051638516038
1719,10.1036666666667,6.11428951071659,-3.98937715595011
1720,10.2265,6.23771951347515,-3.98878048652485
1721,10.48025,6.38806622466358,-4.09218377533642
1722,10.7925833333333,6.51544598194121,-4.27713735139209
1723,11.1415,6.59616378317382,-4.54533621682619
1724,11.5128333333333,6.63612517639064,-4.87670815694266
1725,11.8755833333333,6.66843239975323,-5.20715093358007
1726,12.0659166666667,6.72133194150789,-5.34458472515881
1727,12.0515833333333,6.81576402446784,-5.23581930886546
1728,11.8085833333333,6.95642830903341,-4.85215502429989
1729,11.42025,7.01905065637499,-4.40119934362501
1730,10.9013333333333,6.99541220958001,-3.90592112375329
1731,10.3995,6.9229056419241,-3.4765943580759
1732,9.95725,6.83033780046791,-3.12691219953209
1733,9.65075,6.73792970605708,-2.91282029394292
1734,9.47591666666667,6.65731655332227,-2.8186001133444
1735,9.46525,6.59154771067913,-2.87370228932087
1736,9.54283333333333,6.53508672032833,-3.007746613005
1737,9.62216666666667,6.47447168735515,-3.14769497931152
1738,9.6635,6.4100496175284,-3.2534503824716
1739,9.71866666666667,6.34626855819912,-3.37239810846755
1740,9.72741666666667,6.28312213109277,-3.4442945355739
1741,9.71808333333333,6.23455642490815,-3.48352690842518
1742,9.69275,6.16264547034336,-3.53010452965664
1743,9.6645,6.0544962208383,-3.6100037791617
1744,9.73608333333333,6.06428401102619,-3.67179932230714
1745,9.92091666666667,6.20310013838127,-3.7178165282854
1746,10.199,6.37370845131741,-3.82529154868259
1747,10.4431666666667,6.54528593070328,-3.89788073596342
1748,10.539,6.71550630097669,-3.82349369902331
1749,10.7346666666667,6.87548727287687,-3.85917939378983
1750,10.9315,7.02295962725813,-3.90854037274187
1751,11.0783333333333,7.16523911359262,-3.91309421974068
1752,11.0548333333333,7.31645038331281,-3.73838295002049
1753,10.9101666666667,7.38261505965817,-3.52755160700853
1754,10.7105,7.35778616370651,-3.35271383629349
1755,10.368,7.29401938828839,-3.07398061171162
1756,10.0286666666667,7.22217276192529,-2.80649390474141
1757,9.77841666666667,7.15190672218017,-2.6265099444865
1758,9.59033333333333,7.08074405752484,-2.50958927580849
1759,9.53458333333333,7.01028947049363,-2.5242938628397
1760,9.54941666666667,6.94053592020745,-2.60888074645922
1761,9.61375,6.8714764331364,-2.7422735668636
1762,9.68383333333333,6.80310410309972,-2.88072923023361
1763,9.75416666666667,6.73541209126582,-3.01875457540085
1764,9.81975,6.66839362615228,-3.15135637384772
1765,9.82641666666667,6.60204200362582,-3.22437466304085
1766,9.79833333333333,6.56633903460445,-3.23199429872888
1767,9.8205,6.61216171004748,-3.20833828995252
1768,9.88625,6.71402821996289,-3.17222178003711
1769,9.92466666666667,6.84904239224304,-3.07562427442364
1770,9.9765,6.99974223424309,-2.97675776575691
1771,10.1255833333333,7.15409993278108,-2.97148340055222
1772,10.3279166666667,7.30552185413787,-3.02239481252883
1773,10.4435,7.45284854405714,-2.99065145594286
1774,10.6864166666667,7.60035472774542,-3.08606193892128
1775,10.8026666666667,7.73257237798462,-3.07009428868208
1776,10.6665,7.79999448304052,-2.86650551695948
1777,10.5369166666667,7.81548593083407,-2.72143073583263
1778,10.3295833333333,7.7931022956909,-2.5364810376424
1779,9.97725,7.74476402617316,-2.23248597382684
1780,9.70666666666667,7.68025644507948,-2.02641022158719
1781,9.42841666666667,7.60722974944496,-1.82118691722171
1782,9.24516666666667,7.53119901054123,-1.71396765612544
1783,9.19116666666667,7.45554417387638,-1.73562249279029
1784,9.222,7.38131252181539,-1.84068747818461
1785,9.27458333333333,7.30786723372981,-1.96671609960352
1786,9.34941666666667,7.23515273940965,-2.11426392725702
1787,9.43483333333334,7.16316176753906,-2.27167156579428
1788,9.50291666666667,7.09188711818583,-2.41102954848084
1789,9.55266666666667,7.02132665085673,-2.53134001580994
1790,9.56966666666667,6.96310320758029,-2.60656345908638
1791,9.60075,6.95427003779163,-2.64647996220837
1792,9.72825,7.01064736765558,-2.71760263234441
1793,9.93216666666667,7.11755758974158,-2.81460907692509
1794,10.16725,7.22982526302367,-2.93742473697633
1795,10.5219166666667,7.28436987822108,-3.23754678844562
1796,10.899,7.30698263562227,-3.59201736437773
1797,11.2096666666667,7.32017696431058,-3.88948970235612
1798,11.3808333333333,7.34275109193869,-4.03808224139461
1799,11.3903333333333,7.40042602441174,-3.98990730892156
1800,11.2275833333333,7.51608665917871,-3.71149667415459
1801,10.8388333333333,7.56141335752227,-3.27741997581103
1802,10.3591666666667,7.52249285217227,-2.83667381449443
1803,9.87258333333333,7.43916151146423,-2.4334218218691
1804,9.51958333333333,7.34110667704745,-2.17847665628588
1805,9.25975,7.24786666388492,-2.01188333611508
1806,9.11408333333333,7.1688307602534,-1.94525257307993
1807,9.0765,7.10323922774336,-1.97326077225664
1808,9.08466666666666,7.04018330125901,-2.04448336540765
1809,9.107,6.97012567853764,-2.13687432146236
1810,9.16391666666667,6.90013859675843,-2.26377806990824
1811,9.21825,6.83067887780795,-2.38757112219205
1812,9.24333333333333,6.7626689211307,-2.48066441220263
1813,9.27625,6.69764779199749,-2.57860220800251
1814,9.27716666666667,6.63777122150537,-2.6393954451613
1815,9.261,6.65831819144974,-2.60268180855026
1816,9.28583333333333,6.79352460024253,-2.4923087330908
1817,9.40841666666667,6.96301277000514,-2.44540389666153
1818,9.67483333333333,7.11471870986471,-2.56011462346862
1819,10.0925,7.22545140058492,-2.86704859941508
1820,10.45375,7.30089279456596,-3.15285720543404
1821,10.726,7.39644026177743,-3.32955973822257
1822,10.9014166666667,7.51425636003755,-3.38716030662915
1823,10.96625,7.60923786525542,-3.35701213474458
1824,10.6798333333333,7.65430400617782,-3.02552932715548
1825,10.32475,7.64042176367382,-2.68432823632618
1826,9.813,7.57660587073479,-2.23639412926521
1827,9.35641666666667,7.48991881247439,-1.86649785419228
1828,8.98841666666667,7.41362821076802,-1.57478845589864
1829,8.78283333333333,7.33986137343689,-1.44297195989644
1830,8.66641666666667,7.26682852943617,-1.3995881372305
1831,8.63183333333333,7.19452237710664,-1.43731095622669
1832,8.65066666666667,7.12293568555675,-1.52773098110992
1833,8.6705,7.0520612946626,-1.6184387053374
1834,8.63425,6.98189211506793,-1.65235788493207
1835,8.5995,6.9124211283593,-1.6870788716407
1836,8.61541666666667,6.84364138890343,-1.77177527776324
1837,8.637,6.77554601936496,-1.86145398063504
1838,8.63433333333333,6.70541770593421,-1.92891562739912
1839,8.70891666666667,6.67194823577185,-2.03696843089482
1840,8.826,6.74248509752617,-2.08351490247383
1841,8.99491666666667,6.89930375695681,-2.09561290970986
1842,9.23691666666667,7.05634469818793,-2.18057196847874
1843,9.56191666666667,7.17279964352988,-2.38911702313679
1844,9.8605,7.24544439935681,-2.61505560064319
1845,10.10175,7.31376162971141,-2.78798837028859
1846,10.308,7.42117113612574,-2.88682886387426
1847,10.3261666666667,7.56714717919702,-2.75901948746968
1848,10.0830833333333,7.7065312582507,-2.3765520750826
1849,9.71041666666667,7.74808609132088,-1.96233057534579
1850,9.31633333333333,7.69477645348095,-1.62155687985238
1851,8.94858333333333,7.60481047279033,-1.343772860543
1852,8.672,7.5147022129149,-1.1572977870851
1853,8.49691666666667,7.43915850241526,-1.05775816425141
1854,8.45283333333334,7.37107893474678,-1.08175439858656
1855,8.4855,7.29779090369385,-1.18770909630615
1856,8.5335,7.22517666721372,-1.30832333278628
1857,8.61291666666667,7.15328495610587,-1.4596317105608
1858,8.68466666666667,7.08210858209751,-1.60255808456916
1859,8.72216666666667,7.01164042684148,-1.71052623982519
1860,8.73566666666667,6.94187344191625,-1.79379322475042
1861,8.70616666666667,6.87280064882587,-1.8333660178408
1862,8.64666666666667,6.84460597505049,-1.80206069161618
1863,8.71291666666667,6.92119971870901,-1.79171694795766
1864,8.84675,7.05844126267703,-1.78830873732297
1865,9.06525,7.2191752164077,-1.8460747835923
1866,9.32016666666667,7.37750464052831,-1.94266202613836
1867,9.64791666666667,7.5187910468403,-2.12912561982637
1868,9.95641666666667,7.63965439831924,-2.31676226834742
1869,10.1435833333333,7.74797310911488,-2.39561022421842
1870,10.2086666666667,7.86460949230657,-2.34405717436013
1871,10.2355,8.0135204309262,-2.2219795690738
1872,10.0850833333333,8.16030919465313,-1.92477413868017
1873,9.85258333333333,8.27156921303557,-1.58101412029776
1874,9.55316666666667,8.32731353335735,-1.22585313330932
1875,9.21941666666667,8.32097482063786,-0.898441846028813
1876,8.94966666666667,8.25940535763207,-0.6902613090346
1877,8.74191666666667,8.16287704483056,-0.579039621836106
1878,8.59608333333333,8.06508140045949,-0.531001932873842
1879,8.56191666666667,7.98472071588861,-0.577195950778058
1880,8.55908333333333,7.90527141236951,-0.653811920963816
1881,8.51375,7.82661264449212,-0.687137355507879
1882,8.5045,7.74873654770869,-0.755763452291311
1883,8.55791666666667,7.67163533379149,-0.886281332875181
1884,8.61725,7.59530129083281,-1.02194870916719
1885,8.646,7.51972678324495,-1.12627321675505
1886,8.69591666666667,7.45463990497623,-1.24127676169044
1887,8.74066666666667,7.46501543377682,-1.27565123288985
1888,8.83725,7.54159894423907,-1.29565105576092
1889,8.91625,7.66105237003189,-1.25519762996811
1890,9.1475,7.8030674049566,-1.3444325950434
1891,9.4565,7.95036550294698,-1.50613449705302
1892,9.71416666666667,8.08869787806923,-1.62546878859744
1893,10.0615833333333,8.20684550452201,-1.85473782881129
1894,10.2573333333333,8.29661911663638,-1.96071421669692
1895,10.26925,8.35285920887586,-1.91639079112414
1896,10.1608333333333,8.3734360358364,-1.7873972974969
1897,9.80266666666667,8.35924961224638,-1.44341705442029
1898,9.40941666666667,8.31422971296663,-1.09518695370004
1899,8.96416666666667,8.24533587299039,-0.718830793676283
1900,8.5715,8.16255738744335,-0.408942612556647
1901,8.30033333333333,8.07909678162885,-0.221236551704477
1902,8.16925,8.01286695728494,-0.156383042715058
1903,8.12433333333333,7.95229774995644,-0.172035583376895
1904,8.14683333333333,7.88086363789114,-0.265969695442189
1905,8.15191666666667,7.7898143676773,-0.362102298989374
1906,8.20241666666667,7.67817495424358,-0.52424171242309
1907,8.1925,7.5527456808591,-0.639754319140904
1908,8.22108333333333,7.42810209913339,-0.79298123419994
1909,8.23,7.32659502901644,-0.903404970983563
1910,8.2885,7.27835055879864,-1.01014944120136
1911,8.40933333333333,7.32127004511085,-1.08806328822248
1912,8.53083333333333,7.47076313678502,-1.06007019654831
1913,8.7035,7.61970730775283,-1.08379269224717
1914,9.01891666666667,7.73631558475791,-1.28260108190876
1915,9.30225,7.81261503649637,-1.48963496350363
1916,9.61358333333333,7.85329810517696,-1.76028522815637
1917,9.88083333333333,7.87572260652106,-2.00511072681227
1918,10.0074166666667,7.90991172976265,-2.09750493690405
1919,10.0080833333333,7.99855403764834,-2.00952929568496
1920,9.86941666666667,8.0896426995853,-1.77977396708137
1921,9.56691666666667,8.10604481377582,-1.46087185289085
1922,9.239,8.07347631836841,-1.16552368163159
1923,8.88433333333333,8.0123878821162,-0.871945451217128
1924,8.5575,7.93790217708028,-0.619597822919723
1925,8.33316666666667,7.85981387862968,-0.473352788036987
1926,8.16425,7.78258966544145,-0.381660334558553
1927,8.07558333333333,7.70313429054346,-0.372449042789869
1928,8.04683333333333,7.59996004297269,-0.446873290360638
1929,8.00475,7.48784793708257,-0.516902062917432
1930,8.15291666666667,7.38708727848491,-0.765829388181756
1931,8.25166666666667,7.31339381776352,-0.938272848903151
1932,8.2795,7.27790975047413,-1.00159024952587
1933,8.39691666666667,7.28720371714446,-1.10971294952221
1934,8.33633333333333,7.34327080327416,-0.993062530059166
1935,8.31491666666667,7.44353253933488,-0.87138412733179
1936,8.43108333333333,7.58083690077019,-0.850246432563143
1937,8.59391666666667,7.74345830799563,-0.850458358671037
1938,8.82541666666667,7.91509762639873,-0.910319040267941
1939,9.00683333333333,8.07488216633893,-0.931951166994399
1940,9.19833333333333,8.22437833166297,-0.973955001670356
1941,9.53066666666667,8.4002777300074,-1.13038893665927
1942,9.77625,8.57382411730015,-1.20242588269985
1943,9.82016666666667,8.72024047682907,-1.0999261898376
1944,9.66066666666667,8.82235815407226,-0.838308512594407
1945,9.54775,8.87061685669808,-0.677133143301916
1946,9.25633333333333,8.86306465456517,-0.393268678768157
1947,8.94583333333333,8.80535797972242,-0.140475353610908
1948,8.75125,8.71076162640899,-0.0404883735910122
1949,8.70225,8.60014875105429,-0.102101248945706
1950,8.61041666666667,8.50177977087232,-0.108636895794351
1951,8.54575,8.41718564706091,-0.128564352939092
1952,8.51591666666667,8.33343324875946,-0.182483417907207
1953,8.56525,8.2505142023418,-0.3147357976582
1954,8.62383333333333,8.16842021568476,-0.45541311764857
1955,8.69566666666667,8.08714307816818,-0.608523588498487
1956,8.73191666666667,8.00601233453875,-0.72590433212792
1957,8.789,7.88990187404471,-0.899098125955291
1958,8.74733333333333,7.79653314345991,-0.950800189873423
1959,8.83208333333333,7.79069984990244,-1.04138348343089
1960,8.91283333333333,7.88016337366019,-1.03266995967314
1961,9.13,8.01565276819082,-1.11434723180918
1962,9.42683333333333,8.0918807359958,-1.33495259733753
1963,9.784,8.08450532063186,-1.69949467936814
1964,10.1448333333333,8.07577380169231,-2.069059531641
1965,10.4171666666667,8.10442310405523,-2.31274356261147
1966,10.5656666666667,8.18390949391799,-2.38175717274871
1967,10.5854166666667,8.30240857879715,-2.28300808786955
1968,10.4081666666667,8.41347870681537,-1.99468795985133
1969,10.1825,8.4773858429423,-1.7051141570577
1970,9.90633333333333,8.48771853448288,-1.41861479885045
1971,9.5465,8.44784984972206,-1.09865015027794
1972,9.16841666666667,8.3708482663656,-0.797568400301069
1973,8.91116666666667,8.27947767154,-0.631688995126673
1974,8.742,8.19627362407901,-0.545726375920996
1975,8.61575,8.11471933516387,-0.501030664836128
1976,8.57325,8.03397652633751,-0.539273473662492
1977,8.59925,7.9540371245391,-0.645212875460897
1978,8.67383333333333,7.87489313521302,-0.798940198120306
1979,8.78541666666666,7.7965366423088,-0.988880024357856
1980,8.88308333333333,7.71895980828113,-1.1641235250522
1981,8.951,7.6505163739105,-1.3004836260895
1982,8.9925,7.6059876664321,-1.3865123335679
1983,9.05983333333333,7.57969112068054,-1.48014221265279
1984,9.10391666666667,7.56587766644622,-1.53803900022045
1985,9.20833333333333,7.55944457886616,-1.64888875446717
1986,9.35733333333333,7.55593547842398,-1.80139785490935
1987,9.50791666666667,7.55154033094992,-1.95637633571675
1988,9.8265,7.54309544762082,-2.28340455237918
1989,10.191,7.52808348496013,-2.66291651503987
1990,10.34575,7.50463344483791,-2.8411165551621
1991,10.4000833333333,7.47152067447082,-2.92856265886248
1992,10.33625,7.42816686642216,-2.90808313357784
1993,10.0995833333333,7.37464005860179,-2.72494327473151
1994,9.82775,7.31165463426622,-2.51609536573378
1995,9.4835,7.24057132201854,-2.24292867798146
1996,9.20658333333333,7.16339719580848,-2.04318613752485
1997,8.98058333333333,7.08278567493234,-1.89779765840099
1998,8.87025,7.00203652403306,-1.86821347596694
1999,8.84491666666667,6.92509585310018,-1.91982081356649
2000,8.92691666666667,6.85510133619508,-2.07181533047159
2001,8.91125,6.78689193746575,-2.12435806253425
2002,8.75108333333333,6.7193612341828,-2.03172209915053
2003,8.6065,6.65250247330882,-1.95399752669118
2004,8.49491666666667,6.58630896828766,-1.90860769837901
2005,8.58883333333333,6.50823729015516,-2.08059604317817
2006,8.62016666666667,6.41441906062859,-2.20574760603808
2007,8.76208333333333,6.40576938663312,-2.35631394670021
2008,8.89491666666667,6.51411372376041,-2.38080294290626
2009,9.10533333333333,6.68450194576023,-2.4208313875731
2010,9.366,6.80221836196735,-2.56378163803265
2011,9.62933333333333,6.90028876516958,-2.72904456816375
2012,9.93958333333333,7.01945590900829,-2.92012742432504
2013,10.1646666666667,7.16825287056258,-2.99641379610411
2014,10.1594166666667,7.33238448191479,-2.82703218475191
2015,9.86566666666667,7.46982510962631,-2.39584155704036
2016,9.53525,7.54357372810669,-1.99167627189331
2017,9.38008333333333,7.56231749694718,-1.81776583638615
2018,9.1605,7.5376216336133,-1.6228783663867
2019,9.07583333333333,7.48181583891036,-1.59401749442297
2020,8.92041666666667,7.40799429698344,-1.51242236968323
2021,8.79041666666667,7.33001567531745,-1.46040099134922
2022,8.72708333333333,7.25690313785404,-1.47018019547929
2023,8.63641666666667,7.18469573853017,-1.4517209281365
2024,8.63558333333333,7.11320681613301,-1.52237651720032
2025,8.63133333333333,7.04242922412371,-1.58890410920962
2026,8.66258333333333,6.97235588485168,-1.69022744848165
2027,8.72591666666667,6.90297978955457,-1.8229368771121
2028,8.792,6.83429399835828,-1.95770600164172
2029,8.86225,6.76629164027693,-2.09595835972307
2030,8.89533333333333,6.72079348336628,-2.17453984996705
2031,8.89433333333333,6.77477748008818,-2.11955585324515
2032,8.92091666666667,6.89316453424336,-2.02775213242331
2033,8.9885,7.03809887259606,-1.95040112740394
2034,9.1265,7.18314990154772,-1.94335009845228
2035,9.467,7.31331220713698,-2.15368779286302
2036,9.817,7.42500555503964,-2.39199444496036
2037,10.02175,7.52607489056874,-2.49567510943126
2038,10.18075,7.63580127978976,-2.54494872021024
2039,10.2213333333333,7.78267803703919,-2.43865529629411
2040,10.2000833333333,7.94281849903721,-2.25726483429609
2041,9.99391666666667,8.07773326468871,-1.91618340197796
2042,9.73791666666667,8.16227490944502,-1.57564175722165
2043,9.49866666666667,8.18463798530384,-1.31402868136283
2044,9.204,8.14635902080928,-1.05764097919072
2045,8.97891666666667,8.06231652105186,-0.916600145614812
2046,8.84375,7.9607309676685,-0.883019032331501
2047,8.776,7.87631666947005,-0.899683330529951
2048,8.70458333333333,7.79769228498802,-0.906891048345311
2049,8.72833333333333,7.7195813353441,-1.00875199798923
2050,8.74791666666667,7.64217678872743,-1.10573987793924
2051,8.80233333333333,7.5658928875235,-1.23644044580983
2052,8.88041666666667,7.49136514831405,-1.38905151835262
2053,8.98316666666667,7.41945036187719,-1.56371630478948
2054,9.04783333333333,7.35122659318728,-1.69660674014604
2055,9.1445,7.32422534293128,-1.82027465706872
2056,9.30316666666667,7.34982662465071,-1.95334004201596
2057,9.44483333333333,7.39513018535219,-2.04970314798114
2058,9.61316666666667,7.43793806959464,-2.17522859707203
2059,9.85358333333333,7.46676008307838,-2.38682325025495
2060,10.1414166666667,7.4808137926451,-2.6606028740216
2061,10.4975,7.49002452627789,-3.00747547372211
2062,10.7623333333333,7.51502537310121,-3.24730796023209
2063,10.7880833333333,7.5871571833809,-3.2009261499524
2064,10.5981666666667,7.69890753942407,-2.89925912724263
2065,10.2810833333333,7.78429442078011,-2.49678891255319
2066,9.89375,7.83386757407376,-2.05988242592624
2067,9.52958333333333,7.84397402067281,-1.68560931266052
2068,9.2245,7.81592136714915,-1.40857863285085
2069,8.99133333333334,7.75597780527874,-1.2353555280546
2070,8.89416666666667,7.67537211204164,-1.21879455462503
2071,8.861,7.59029364962199,-1.27070635037801
2072,8.88925,7.51412631601927,-1.37512368398074
2073,8.873,7.43935950945122,-1.43364049054878
2074,8.90558333333333,7.36533664565787,-1.54024668767546
2075,8.95508333333333,7.29205032202559,-1.66303301130774
2076,9.00508333333333,7.21743011716646,-1.78765321616687
2077,9.06641666666667,7.10776199294852,-1.95865467371815
2078,9.09225,7.07104795259329,-2.0212020474067
2079,9.17375,7.16801669590937,-2.00573330409063
2080,9.30225,7.33335031792338,-1.96889968207662
2081,9.44758333333333,7.41489257752182,-2.03269075581151
2082,9.6195,7.42806522376168,-2.19143477623832
2083,9.78741666666667,7.40995486002629,-2.37746180664038
2084,9.99608333333333,7.38066530984697,-2.61541802348636
2085,10.2921666666667,7.35130743578088,-2.94085923088582
2086,10.55025,7.33864254771657,-3.21160745228343
2087,10.7701666666667,7.36595492072604,-3.40421174594066
2088,10.68575,7.44895481109123,-3.23679518890877
2089,10.43175,7.58199987482283,-2.84975012517716
2090,10.1030833333333,7.57063459548844,-2.53244873784486
2091,9.81391666666667,7.47448343180538,-2.33943323486129
2092,9.51691666666667,7.38809027855988,-2.12882638810679
2093,9.33425,7.32174779299356,-2.01250220700644
2094,9.20983333333333,7.24889518455484,-1.96093814877849
2095,9.168,7.17676747176295,-1.99123252823705
2096,9.07641666666667,7.10535744250695,-1.97105922415972
2097,9.03566666666667,7.0346579553439,-2.00100871132277
2098,9.05575,6.96471562204996,-2.09103437795004
2099,9.05008333333333,6.91296425948218,-2.13711907385115
2100,9.1225,6.88910807717784,-2.23339192282216
2101,9.172,6.88733789127746,-2.28466210872254
2102,9.243,6.90229835939548,-2.34070164060453
2103,9.27241666666667,6.92908798062022,-2.34332868604645
2104,9.34358333333333,6.96325909551393,-2.3803242378194
2105,9.46816666666667,7.00081788611272,-2.46734878055395
2106,9.6565,7.03822437592662,-2.61827562407338
2107,9.95483333333333,7.07239242993957,-2.88244090339376
2108,10.3349166666667,7.10068975460939,-3.23422691205731
2109,10.7005833333333,7.1209378978678,-3.5796454354655
2110,10.9140833333333,7.13141224912043,-3.78267108421287
2111,10.8975,7.13084203924681,-3.76665796075319
2112,10.73975,7.11841034060036,-3.62133965939964
2113,10.4803333333333,7.09375406700839,-3.38657926632491
2114,10.1679166666667,7.05696397377214,-3.11095269289456
2115,9.8795,7.00858465766671,-2.87091534233329
2116,9.59058333333333,6.94961455694114,-2.64096877639219
2117,9.323,6.88150595131834,-2.44149404868166
2118,9.09241666666667,6.80616496199514,-2.28625170467153
2119,8.99066666666667,6.72595155164224,-2.26471511502443
2120,8.94358333333333,6.64367952440426,-2.29990380892907
2121,8.9655,6.56261652589973,-2.40288347410027
2122,8.96216666666666,6.48648404322105,-2.47568262344561
2123,9.05175,6.42024659631717,-2.63150340368283
2124,9.12733333333333,6.38181123858047,-2.74552209475286
2125,9.15358333333333,6.37245230428366,-2.78113102904967
2126,9.12091666666667,6.3863919203997,-2.73452474626697
2127,9.208,6.41827550939167,-2.78972449060833
2128,9.30158333333334,6.46317178921281,-2.83841154412054
2129,9.38941666666667,6.51657277330644,-2.87284389336022
2130,9.69583333333333,6.57439377060607,-3.12143956272726
2131,10.0475833333333,6.6329733855353,-3.414609947798
2132,10.2730833333333,6.68907351800789,-3.58400981532541
2133,10.45625,6.73987936342769,-3.71637063657231
2134,10.56725,6.78299941268873,-3.78425058731127
2135,10.6199166666667,6.81646545217515,-3.80345121449155
2136,10.5359166666667,6.83873256376121,-3.69718410290549
2137,10.4295,6.84867912481133,-3.58082087518867
2138,10.2214166666667,6.84560680818003,-3.37580985848667
2139,9.87675,6.82924058221198,-3.04750941778802
2140,9.49941666666667,6.79972871074199,-2.69968795592468
2141,9.17741666666667,6.75764275309497,-2.41977391357169
2142,8.97775,6.703977564086,-2.273772435914
2143,8.85458333333333,6.64015129402027,-2.21443203931306
2144,8.79333333333333,6.56800538869309,-2.22532794464024
2145,8.73966666666667,6.48980458938994,-2.24986207727673
2146,8.69333333333333,6.40823693288639,-2.28509640044694
2147,8.71883333333333,6.32641375144816,-2.39241958188517
2148,8.78591666666667,6.24786967283111,-2.53804699383556
2149,8.85258333333333,6.17656262028122,-2.67602071305211
2150,8.88716666666667,6.15383212365075,-2.73333454301592
2151,9.01033333333333,6.26853618763421,-2.74179714569912
2152,9.12233333333333,6.43133370748195,-2.69099962585138
2153,9.26675,6.57068014110963,-2.69606985889037
2154,9.50283333333333,6.65033883199111,-2.85249450134222
2155,9.77108333333334,6.6693810091584,-3.10170232417494
2156,10.0529166666667,6.65870880321851,-3.39420786344819
2157,10.2736666666667,6.65975935068115,-3.61390731598554
2158,10.41925,6.72275371165759,-3.69649628834241
2159,10.4363333333333,6.8622747904335,-3.5740585428998
2160,10.283,7.05143143639671,-3.23156856360329
2161,10.0715,7.22185844403717,-2.84964155596283
2162,9.80916666666666,7.27173669977329,-2.53742996689337
2163,9.48658333333333,7.23007570088808,-2.25650763244525
2164,9.12975,7.15681949364275,-1.97293050635725
2165,8.81966666666667,7.07683827660175,-1.74282839006492
2166,8.60333333333333,7.00295621856174,-1.60037711477159
2167,8.51183333333333,6.93595145855164,-1.57588187478169
2168,8.46175,6.86762669208734,-1.59412330791266
2169,8.45683333333333,6.79929266390898,-1.65754066942436
2170,8.45566666666667,6.73163857135302,-1.72402809531365
2171,8.49016666666667,6.66465764899892,-1.82550901766775
2172,8.52625,6.59834319802844,-1.92790680197156
2173,8.55025,6.52960329055335,-2.02064670944665
2174,8.58958333333333,6.47496842442844,-2.11461490890489
2175,8.67091666666667,6.49239001333813,-2.17852665332854
2176,8.75325,6.58987451500836,-2.16337548499164
2177,8.84016666666667,6.71688838824717,-2.1232782784195
2178,9.0285,6.77989367097247,-2.24860632902753
2179,9.28425,6.8171933478986,-2.4670566521014
2180,9.61933333333333,6.82825477304166,-2.79107856029167
2181,9.95925,6.81607010891469,-3.14317989108531
2182,10.1918333333333,6.8226019862099,-3.3692313471234
2183,10.31125,6.94291935531402,-3.36833064468598
2184,10.2816666666667,7.11100460282299,-3.17066206384371
2185,10.0825833333333,7.19962900004654,-2.88295433328676
2186,9.72883333333333,7.17076225259117,-2.55807108074216
2187,9.33083333333333,7.07579925261681,-2.25503408071652
2188,8.94491666666667,7.00343921617953,-1.94147745048714
2189,8.64108333333333,6.93375383120272,-1.70732950213061
2190,8.48516666666667,6.86476182798311,-1.62040483868356
2191,8.42875,6.79645630698316,-1.63229369301684
2192,8.42175,6.72886606154294,-1.69288393845706
2193,8.46708333333333,6.6626881979429,-1.80439513539043
2194,8.5215,6.59723739673503,-1.92426260326497
2195,8.54516666666667,6.53166492406054,-2.01350174260613
2196,8.60141666666667,6.46566269545305,-2.13575397121362
2197,8.63883333333333,6.39946327583853,-2.2393700574948
2198,8.63025,6.33383987953532,-2.29641012046468
2199,8.63675,6.27010637025412,-2.36664362974588
2200,8.68416666666667,6.21011726109801,-2.47404940556866
2201,8.80591666666667,6.15626771456242,-2.64964895210425
2202,8.995,6.11149354253517,-2.88350645746483
2203,9.28325,6.07927120629643,-3.20397879370357
2204,9.5075,6.06361781651875,-3.44388218348125
2205,10.14475,6.06909113326702,-4.07565886673298
2206,10.4085833333333,6.10078956599854,-4.30779376733476
2207,10.5158333333333,6.16368743610424,-4.35214589722906
2208,10.4573333333333,6.20419438142875,-4.25313895190455
2209,10.2674166666667,6.19685355643347,-4.07056311023323
2210,10.0115833333333,6.15616918397535,-3.85541414935795
2211,9.66875,6.09443449820842,-3.57431550179158
2212,9.24983333333333,6.02173174458377,-3.22810158874956
2213,8.89608333333333,5.94593217984955,-2.95015115348378
2214,8.65308333333333,5.872696072051,-2.78038726128233
2215,8.49958333333333,5.80547270053041,-2.69411063280292
2216,8.41241666666667,5.74550035592714,-2.66691631073953
2217,8.41691666666667,5.69180634017764,-2.72511032648903
2218,8.438,5.6412069665154,-2.7967930334846
2219,8.47933333333333,5.58840841625055,-2.89092491708278
2220,8.54058333333333,5.56451342542625,-2.97606990790708
2221,8.56875,5.58181946254102,-2.98693053745898
2222,8.59483333333333,5.61970046955842,-2.97513286377491
2223,8.60425,5.66199129052367,-2.94225870947633
2224,8.64325,5.69698767156364,-2.94626232843636
2225,8.71791666666667,5.71744626088686,-3.00047040577981
2226,8.77691666666667,5.7205846087835,-3.05633205788317
2227,8.96208333333333,5.70808116762538,-3.25400216570795
2228,9.3225,5.68607529186599,-3.63642470813401
2229,9.65633333333333,5.66516723804046,-3.99116609529287
2230,9.86716666666667,5.66041816476558,-4.20674850190109
2231,10.13825,5.69135013273978,-4.44689986726022
2232,10.117,5.71974841383436,-4.39725158616564
2233,9.959,5.70216006012482,-4.25683993987518
2234,9.67716666666667,5.6551977586363,-4.02196890803037
2235,9.3215,5.59236408303539,-3.72913591696461
2236,8.9855,5.52404444490272,-3.46145555509728
2237,8.6975,5.45750709373302,-3.23999290626698
2238,8.48016666666667,5.39690311693506,-3.08326354973161
2239,8.34066666666667,5.34326643983169,-2.99740022683498
2240,8.2575,5.29451382565984,-2.96298617434016
2241,8.2115,5.24544487557048,-2.96605512442952
2242,8.25008333333333,5.19327945717145,-3.05680387616188
2243,8.2795,5.14160546319781,-3.13789453680219
2244,8.2835,5.09045126890004,-3.19304873109996
2245,8.31108333333333,5.04272071787822,-3.26836261545511
2246,8.36933333333334,5.01634430107035,-3.35298903226299
2247,8.41183333333333,5.09852726434142,-3.31330606899192
2248,8.54408333333333,5.25427048155945,-3.28981285177388
2249,8.67791666666667,5.4149741247927,-3.26294254187397
2250,8.84075,5.49757176871677,-3.34317823128323
2251,9.10075,5.51204876715929,-3.58870123284071
2252,9.43608333333334,5.53677422331683,-3.89930911001651
2253,9.76325,5.55288272771381,-4.21036727228619
2254,10.04175,5.56065576866648,-4.48109423133352
2255,10.2395833333333,5.59997347824159,-4.63960985509171
2256,10.2425,5.69409215149775,-4.54840784850225
2257,10.1166666666667,5.82304221642638,-4.29362445024032
2258,9.89425,5.81604534264754,-4.07820465735246
2259,9.55508333333333,5.74067760744032,-3.81440572589301
2260,9.13333333333333,5.66444188224871,-3.46889145108462
2261,8.75583333333334,5.61034843543829,-3.14548489789505
2262,8.50208333333333,5.55924933282834,-2.94283400050499
2263,8.34808333333333,5.50393387678251,-2.84414945655082
2264,8.286,5.44916881907949,-2.83683118092051
2265,8.28516666666667,5.39494868368797,-2.8902179829787
2266,8.32608333333333,5.3412680481641,-2.98481528516923
2267,8.35533333333333,5.2881215436514,-3.06721178968193
2268,8.40233333333333,5.27821625367892,-3.12411707965441
2269,8.45116666666667,5.37799209759674,-3.07317456906993
2270,8.49833333333333,5.53988941989175,-2.95844391344158
2271,8.531,5.72185623680538,-2.80914376319462
2272,8.60925,5.89160802800664,-2.71764197199336
2273,8.69025,6.02662773659212,-2.66362226340788
2274,8.87241666666667,6.11416576908601,-2.75825089758066
2275,9.11708333333333,6.15123999544008,-2.96584333789325
2276,9.41258333333333,6.14463574903366,-3.26794758429967
2277,9.76458333333333,6.11090582667369,-3.65367750665964
2278,10.0429166666667,6.07637048859469,-3.96654617807201
2279,10.2305833333333,6.07711745845876,-4.15346587487454
2280,10.29125,6.11994883140113,-4.17130116859887
2281,10.138,6.12271511760144,-4.01528488239856
2282,9.856,6.09160097220294,-3.76439902779706
2283,9.49391666666667,6.03799338233118,-3.45592328433549
2284,9.10333333333333,5.9713835463741,-3.13194978695923
2285,8.75183333333333,5.89936687398205,-2.85246645935128
2286,8.47541666666667,5.82764298606778,-2.64777368059889
2287,8.30025,5.76001571480641,-2.54023428519359
2288,8.18008333333333,5.6983931036355,-2.48169022969783
2289,8.13216666666667,5.64278740725497,-2.4893792594117
2290,8.11616666666667,5.59131509162716,-2.52485157503951
2291,8.16983333333333,5.54019683397681,-2.62963649935652
2292,8.19733333333333,5.51034870101343,-2.6869846323199
2293,8.21425,5.57971946768887,-2.63453053231113
2294,8.246,5.71267696401393,-2.53332303598607
2295,8.31466666666667,5.87059717685001,-2.44406948981666
2296,8.40166666666667,6.02376919107606,-2.37789747559062
2297,8.48958333333333,6.15139518958855,-2.33818814374478
2298,8.61325,6.24159045330154,-2.37165954669846
2299,8.79216666666666,6.29138336114657,-2.50078330552009
2300,9.08316666666667,6.30671539007278,-2.7764512765939
2301,9.38666666666667,6.30244111504679,-3.08422555161988
2302,9.66833333333333,6.30232820905282,-3.36600512428051
2303,9.85358333333333,6.33905744309259,-3.51452589024074
2304,9.95616666666667,6.41991434657768,-3.53625232008899
2305,9.8665,6.44326671961829,-3.42323328038171
2306,9.63283333333333,6.41688141351954,-3.21595191981379
2307,9.34191666666667,6.35914681553831,-2.98276985112836
2308,8.97691666666667,6.28498349319658,-2.69193317347009
2309,8.54483333333333,6.20584419428147,-2.33898913905186
2310,8.17658333333333,6.12971384684518,-2.04686948648815
2311,7.91816666666667,6.06110955920504,-1.85705710746163
2312,7.72533333333333,6.00108061994346,-1.72425271338987
2313,7.64666666666667,5.947208497908,-1.69945816875867
2314,7.61933333333333,5.89360684221128,-1.72572649112205
2315,7.62683333333333,5.82539798877493,-1.8014353445584
2316,7.69108333333333,5.73989575954973,-1.9511875737836
2317,7.774,5.66340363697951,-2.11059636302049
2318,7.82575,5.61663168413541,-2.20911831586459
2319,7.8655,5.61363920383013,-2.25186079616987
2320,7.94925,5.6618347386179,-2.2874152613821
2321,7.98533333333333,5.7619760707945,-2.22335726253883
2322,8.00608333333333,5.90817022239724,-2.09791311093609
2323,8.04208333333333,6.087873455205,-1.95420987812833
2324,8.12558333333333,6.28189127073817,-1.84369206259516
2325,8.2435,6.46440719444133,-1.77909280555867
2326,8.4165,6.64815197908897,-1.76834802091103
2327,8.5255,6.83487143802317,-1.69062856197683
2328,8.60808333333333,6.99218772397143,-1.6158956093619
2329,8.72125,7.09874980200294,-1.62250019799706
2330,8.712,7.14423344952858,-1.56776655047142
2331,8.53,7.12934125630096,-1.40065874369904
2332,8.2745,7.06580262441437,-1.20869737558563
2333,8.03416666666667,6.9763737683048,-1.05779289836187
2334,7.80258333333333,6.89454211560389,-0.908041217729436
2335,7.66083333333333,6.82561553293914,-0.835217800394187
2336,7.66458333333333,6.75674264472201,-0.907840688611322
2337,7.70366666666667,6.68817172741213,-1.01549493925454
2338,7.823,6.62063430027752,-1.20236569972248
2339,7.87558333333333,6.5553451253946,-1.32023820793873
2340,7.90058333333333,6.49400220764815,-1.40658112568518
2341,7.89783333333333,6.43878679473136,-1.45904653860197
2342,7.87666666666667,6.41901400325737,-1.4576526634093
2343,7.89683333333333,6.51790139497072,-1.37893193836261
2344,7.913,6.67187868186353,-1.24112131813647
2345,7.969,6.82108817240923,-1.14791182759077
2346,8.07183333333333,6.92711123014667,-1.14472210318666
2347,8.08641666666667,6.97296827368019,-1.11344839298649
2348,8.14108333333333,6.96311877667958,-1.17796455665375
2349,8.27333333333333,6.92346126788009,-1.34987206545324
2350,8.48983333333333,6.91470299914633,-1.575130334187
2351,8.61108333333333,6.94158827955672,-1.66949505377661
2352,8.56708333333333,6.96849798082237,-1.59858535251096
2353,8.41616666666667,6.97267000358198,-1.44349666308469
2354,8.23225,6.94420864642356,-1.28804135357644
2355,8.05566666666667,6.88608460588444,-1.16958206078223
2356,7.83991666666667,6.81413497645127,-1.0257816902154
2357,7.61625,6.74616791825704,-0.870082081742959
2358,7.4915,6.67904242318444,-0.812457576815564
2359,7.42908333333333,6.61258483927047,-0.816498494062861
2360,7.40783333333333,6.54678852139507,-0.861044811938265
2361,7.39983333333333,6.48164688922096,-0.918186444112369
2362,7.41466666666667,6.4171534271937,-0.997513239472967
2363,7.44983333333333,6.35347625508848,-1.09635707824485
2364,7.53916666666667,6.29478900524401,-1.24437766142266
2365,7.6125,6.21702417892755,-1.39547582107245
2366,7.70025,6.22555671521842,-1.47469328478158
2367,7.76675,6.38598551233026,-1.38076448766974
2368,7.84066666666667,6.49833530898531,-1.34233135768136
2369,7.92066666666667,6.53139704621399,-1.38926962045268
2370,8.00758333333333,6.52253810887957,-1.48504522445376
2371,8.09425,6.50746233029162,-1.58678766970838
2372,8.25191666666667,6.49668265802522,-1.75523400864145
2373,8.46058333333333,6.48189941835937,-1.97868391497396
2374,8.646,6.52182510454194,-2.12417489545806
2375,8.67233333333333,6.59561138111634,-2.07672195221699
2376,8.578,6.66300901631963,-1.91499098368037
2377,8.28266666666667,6.69780320316584,-1.58486346350083
2378,8.07008333333333,6.68781355944599,-1.38226977388734
2379,7.99891666666667,6.6348941277281,-1.36402253893857
2380,7.86275,6.55493337535717,-1.30781662464283
2381,7.76875,6.47777606761399,-1.29097393238601
2382,7.69808333333333,6.41332111636621,-1.28476221696712
2383,7.66133333333333,6.34950750156358,-1.31182583176975
2384,7.70375,6.28632884454093,-1.41742115545907
2385,7.77308333333333,6.22377882810331,-1.54930450523002
2386,7.81091666666667,6.16185119652602,-1.64906547014065
2387,7.83708333333333,6.10053975555459,-1.73654357777874
2388,7.88516666666667,6.03983837240479,-1.84532829426188
2389,7.918,6.03718328630187,-1.88081671369813
2390,7.975,6.16700125716518,-1.80799874283482
2391,8.0715,6.34071659215481,-1.73078340784519
2392,8.14175,6.49111846485681,-1.65063153514319
2393,8.22991666666667,6.57888331258319,-1.65103335408348
2394,8.32516666666667,6.59257483637196,-1.73259183029471
2395,8.473,6.54864400098712,-1.92435599901288
2396,8.74725,6.49142843375676,-2.25582156624324
2397,9.14925,6.46654351361838,-2.68270648638162
2398,9.35641666666667,6.46499349359177,-2.8914231730749
2399,9.40508333333334,6.47208020972282,-2.93300312361052
2400,9.28941666666667,6.47626553667007,-2.8131511299966
2401,9.06175,6.46917138770471,-2.59257861229529
2402,8.79491666666667,6.44557971471057,-2.3493369519561
2403,8.51233333333333,6.40343250818414,-2.10890082514919
2404,8.27541666666667,6.34430857909364,-1.93110808757304
2405,8.07308333333333,6.28118165093017,-1.79190168240316
2406,7.97316666666667,6.21868284580651,-1.75448382086016
2407,7.92,6.15680591617479,-1.76319408382521
2408,7.92833333333333,6.09554467476064,-1.83278865857269
2409,7.92775,6.0348929945632,-1.8928570054368
2410,7.95141666666667,5.97484480885507,-1.9765718578116
2411,7.98525,5.91539411118239,-2.0698558888176
2412,8.00791666666667,5.88099804068539,-2.12691862598128
2413,7.9985,5.90194034282361,-2.09655965717639
2414,8.01116666666667,5.96035609700974,-2.05081056965693
2415,8.02716666666667,6.03879078993913,-1.98837587672754
2416,8.06041666666667,6.12094656183007,-1.9394701048366
2417,8.20833333333333,6.19168220642372,-2.01665112690961
2418,8.416,6.2370131709842,-2.1789868290158
2419,8.6855,6.24411155629852,-2.44138844370148
2420,8.90125,6.21459035549759,-2.68665964450241
2421,9.16566666666667,6.17974974457686,-2.98591692208981
2422,9.34891666666667,6.15983284996423,-3.18908381670243
2423,9.4255,6.17428100435313,-3.25121899564687
2424,9.43466666666667,6.25931722170024,-3.17534944496643
2425,9.29625,6.43243582652578,-2.86381417347422
2426,8.95733333333333,6.53022512048786,-2.42710821284547
2427,8.73616666666667,6.4966963085996,-2.23947035806707
2428,8.49466666666667,6.41434948667875,-2.08031717998792
2429,8.26866666666667,6.35052564262718,-1.91814102403949
2430,8.11733333333333,6.28733685666181,-1.82999647667152
2431,8.04725,6.22477680988232,-1.82247319011768
2432,8.01775,6.16334572328044,-1.85440427671956
2433,8.06325,6.11151448171972,-1.95173551828028
2434,8.12058333333333,6.05429290560548,-2.06629042772785
2435,8.20116666666667,5.9817416126834,-2.21942505398327
2436,8.25133333333333,5.90149896989968,-2.34983436343365
2437,8.33183333333333,5.83878109340105,-2.49305223993228
2438,8.38216666666666,5.8363818485348,-2.54578481813186
2439,8.42741666666667,5.95052628331348,-2.47689038335319
2440,8.53575,6.08769339526466,-2.44805660473534
2441,8.62325,6.18769468380794,-2.43555531619206
2442,8.80908333333333,6.25884627831774,-2.55023705501559
2443,8.84066666666667,6.30881669201008,-2.53184997465659
2444,9.14441666666667,6.34462682194258,-2.79978984472409
2445,9.38933333333333,6.37264994901449,-3.01668338431884
2446,9.59458333333333,6.39943996660033,-3.19514336673301
2447,9.687,6.4574393983495,-3.22956060165049
2448,9.62883333333333,6.54354492585455,-3.08528840747878
2449,9.466,6.63692746833202,-2.82907253166797
2450,9.19233333333333,6.72104407450626,-2.47128925882707
2451,8.87333333333333,6.78363792260939,-2.08969541072394
2452,8.47216666666667,6.81673832038131,-1.65542834628536
2453,8.09666666666667,6.81666070506971,-1.28000596159696
2454,7.7965,6.78400664343007,-1.01249335656993
2455,7.58108333333333,6.72366383172564,-0.857419501607695
2456,7.47275,6.64480609572746,-0.827943904272543
2457,7.39116666666667,6.56089339071435,-0.830273275952319
2458,7.379,6.48908027073183,-0.889919729268169
2459,7.38358333333333,6.42468084939099,-0.958902483942338
2460,7.40425,6.3553398804485,-1.0489101195515
2461,7.4395,6.2939010811384,-1.1455989188616
2462,7.47791666666667,6.27680969316665,-1.20110697350002
2463,7.52841666666667,6.35737946219513,-1.17103720447154
2464,7.57791666666667,6.51446823594685,-1.06344843071983
2465,7.655,6.68202881371653,-0.972971186283467
2466,7.74983333333333,6.8182835656358,-0.931549767697534
2467,7.88683333333333,6.90915738249103,-0.977675950842305
2468,8.0285,7.00465064580702,-1.02384935419298
2469,8.22691666666667,7.08615395549838,-1.14076271116829
2470,8.44958333333333,7.13355823294451,-1.31602510038882
2471,8.59366666666667,7.16734993399256,-1.42631673267411
2472,8.65425,7.26325039304327,-1.39099960695673
2473,8.63416666666667,7.43343973515218,-1.20072693151449
2474,8.54283333333333,7.52680557300975,-1.01602776032358
2475,8.36583333333333,7.49236905802027,-0.873464275313057
2476,8.07433333333333,7.39641904031893,-0.677914293014399
2477,7.747,7.32281566267865,-0.424184337321351
2478,7.45683333333333,7.24995242919129,-0.20688090414204
2479,7.24016666666667,7.17781419746546,-0.0623524692012083
2480,7.09408333333333,7.10639375318726,0.012310419853927
2481,6.97025,7.03506802393116,0.0648180239311555
2482,6.91091666666667,6.96186907241474,0.0509524057480677
2483,6.98591666666667,6.8890006746029,-0.0969159920637663
2484,7.03641666666666,6.82350749488516,-0.212909171781496
2485,7.15458333333333,6.77722745278676,-0.377355880546567
2486,7.30991666666667,6.79733377616604,-0.51258289050063
2487,7.51616666666667,6.9451180630907,-0.571048603575975
2488,7.72808333333333,7.09783051016422,-0.630252823169113
2489,7.89091666666667,7.17882360813837,-0.712093058528295
2490,8.01041666666667,7.17754375292642,-0.832872913740245
2491,8.27783333333333,7.14312168354217,-1.13471164979116
2492,8.58233333333333,7.10069980320908,-1.48163353012425
2493,8.89216666666667,7.05845671049578,-1.83370995617089
2494,9.19433333333333,7.03162496599983,-2.1627083673335
2495,9.46475,7.03970885395877,-2.42504114604123
2496,9.55258333333333,7.10648438225018,-2.44609895108315
2497,9.534,7.18895800018201,-2.34504199981799
2498,9.39216666666667,7.19087380123078,-2.20129286543589
2499,9.15391666666667,7.13940016033948,-2.01451650632719
2500,8.81308333333333,7.05875653224973,-1.7543268010836
2501,8.40941666666667,6.96754963312341,-1.44186703354326
2502,8.04608333333333,6.8787734405427,-1.16730989279063
2503,7.81275,6.79980919351004,-1.01294080648996
2504,7.67966666666667,6.73242539244819,-0.947241274218483
2505,7.602,6.67277779920015,-0.92922220079985
2506,7.60266666666667,6.61141989907865,-0.99124676758802
2507,7.64266666666667,6.54479440495222,-1.09787226171445
2508,7.70966666666667,6.48101378001488,-1.22865288665179
2509,7.76541666666667,6.42426660181416,-1.34115006485251
2510,7.79416666666667,6.37716842340397,-1.4169982432627
2511,7.888,6.34076177334464,-1.54723822665536
2512,7.93833333333333,6.31451615570287,-1.62381717763046
2513,8.04208333333333,6.29632805005175,-1.74575528328158
2514,8.17291666666667,6.28252091147079,-1.89039575519588
2515,8.407,6.26784517054585,-2.13915482945415
2516,8.67991666666667,6.24547823336921,-2.43443843329746
2517,8.98233333333333,6.22405397785748,-2.75827935547585
2518,9.2705,6.24364903566454,-3.02685096433546
2519,9.5185,6.27950877328335,-3.23899122671665
2520,9.5915,6.30865883111846,-3.28284116888154
2521,9.4655,6.31601563406105,-3.14948436593895
2522,9.2755,6.29438639148895,-2.98111360851104
2523,9.03525,6.24446909726662,-2.79078090273338
2524,8.70941666666667,6.17485252974513,-2.53456413692154
2525,8.37033333333333,6.10201625176221,-2.26831708157112
2526,8.09116666666667,6.0405123089152,-2.05065435775147
2527,7.88641666666667,5.98040820595352,-1.90600846071315
2528,7.76075,5.92090214965822,-1.83984785034178
2529,7.66766666666667,5.86198818955993,-1.80567847710674
2530,7.65216666666667,5.80366043355953,-1.84850623310714
2531,7.65591666666667,5.74591304792822,-1.91000361873845
2532,7.72458333333333,5.66259530466423,-2.0619880286691
2533,7.81533333333333,5.61857532123313,-2.1967580121002
2534,7.88658333333333,5.69127389810417,-2.19530943522916
2535,7.96083333333333,5.8592549625374,-2.10157837079593
2536,8.0445,6.0119687052727,-2.0325312947273
2537,8.09366666666667,6.10737581192949,-1.98629085473718
2538,8.12975,6.16888766150974,-1.96086233849026
2539,8.30966666666667,6.20438697024358,-2.10527969642309
2540,8.55591666666667,6.20780032750014,-2.34811633916653
2541,8.85875,6.18388131644818,-2.67486868355182
2542,9.06941666666667,6.17695656219112,-2.89246010447555
2543,9.31358333333333,6.21343348041701,-3.10014985291632
2544,9.41208333333333,6.30363284186573,-3.1084504914676
2545,9.34733333333333,6.44183044164859,-2.90550289168474
2546,9.12791666666667,6.56211445461991,-2.56580221204675
2547,8.81058333333334,6.53788550740707,-2.27269782592627
2548,8.46108333333333,6.45443899293053,-2.0066443404028
2549,8.10275,6.3737749670249,-1.7289750329751
2550,7.81375,6.31433617256779,-1.49941382743221
2551,7.63158333333333,6.25516649253537,-1.37641684079796
2552,7.51208333333333,6.19292654468977,-1.31915678864356
2553,7.46483333333333,6.13130589520372,-1.33352743812961
2554,7.4245,6.07029838257115,-1.35420161742885
2555,7.43775,6.00989790552965,-1.42785209447035
2556,7.47708333333333,5.95009842306045,-1.52698491027288
2557,7.53525,5.89998994753002,-1.63526005246998
2558,7.56616666666667,5.89905363789438,-1.66711302877229
2559,7.69341666666667,5.95366799967236,-1.73974866699431
2560,7.76475,6.05380306816762,-1.71094693183238
2561,7.90108333333333,6.17598530367477,-1.72509802965855
2562,8.02316666666667,6.28367189113595,-1.73949477553072
2563,8.23491666666667,6.35760964390882,-1.87730702275786
2564,8.48766666666667,6.39238092650941,-2.09528574015726
2565,8.72091666666667,6.38942835154881,-2.33148831511786
2566,8.89483333333333,6.36793647885232,-2.526896854481
2567,9.05525,6.3648318154595,-2.6904181845405
2568,9.20925,6.44824720268538,-2.76100279731462
2569,9.24825,6.62268480760101,-2.62556519239899
2570,8.95341666666667,6.7690175641034,-2.18439910256327
2571,8.76808333333334,6.82074348201207,-1.94733985132127
2572,8.46708333333333,6.77241777592621,-1.69466555740712
2573,8.16991666666667,6.6796528652246,-1.49026380144207
2574,7.92508333333333,6.61183349089086,-1.31324984244247
2575,7.75733333333333,6.54604464776112,-1.2112886855722
2576,7.66175,6.48091041528289,-1.18083958471711
2577,7.594,6.4164242797953,-1.1775757202047
2578,7.58258333333333,6.35257979193728,-1.23000354139605
2579,7.62758333333333,6.27687475844065,-1.35070857489268
2580,7.67291666666667,6.20987769949363,-1.46303896717304
2581,7.70216666666667,6.2096763261496,-1.49249034051707
2582,7.77358333333333,6.29321063493582,-1.48037269839751
2583,7.85933333333333,6.43466455328559,-1.42466878004774
2584,7.98908333333333,6.55787619510735,-1.43120713822598
2585,8.12116666666667,6.61252716681926,-1.50863949984741
2586,8.30183333333333,6.61315558888941,-1.68867774444392
2587,8.50975,6.57826377430784,-1.93148622569216
2588,8.766,6.52916811722269,-2.23683188277731
2589,9.04075,6.48209261565892,-2.55865738434108
2590,9.31516666666667,6.45676012408267,-2.858406542584
2591,9.36491666666667,6.48040886312696,-2.88450780353971
2592,9.31891666666667,6.55889370759079,-2.76002295907588
2593,9.14225,6.70144448804531,-2.44080551195469
2594,8.81425,6.86224771857521,-1.95200228142479
2595,8.54866666666667,6.90889629865647,-1.6397703680102
2596,8.25733333333333,6.83883971169965,-1.41849362163368
2597,7.96508333333333,6.7632668898222,-1.20181644351113
2598,7.73541666666667,6.69597125963456,-1.03944540703211
2599,7.59641666666667,6.6293452324916,-0.967071434175066
2600,7.56075,6.56338214551137,-0.997367854488634
2602,7.53666666666667,6.43341847034002,-1.10324819632665
2603,7.547,6.36940488686499,-1.17759511313501
2604,7.55933333333333,6.30602824987675,-1.25330508345658
2605,7.59025,6.24328222101376,-1.34696777898624
2606,7.61866666666667,6.2091319356423,-1.40953473102437
2607,7.67066666666667,6.31088502829594,-1.35978163837073
2608,7.75333333333333,6.46371872003869,-1.28961461329464
2609,7.86158333333333,6.59367194457056,-1.26791138876277
2610,7.96483333333333,6.66934516303019,-1.29548817030314
2611,8.14833333333333,6.70418639293036,-1.44414694040297
2612,8.34216666666667,6.7314545103394,-1.61071215632727
2613,8.54066666666667,6.7278420596849,-1.81282460698177
2614,8.77833333333333,6.69851870064683,-2.0798146326865
2615,8.98183333333333,6.6911780295659,-2.29065530376743
2616,9.021,6.80149201513252,-2.21950798486748
2617,8.90091666666667,6.97071291433929,-1.93020375232738
2618,8.79125,7.0467754987257,-1.7444745012743
2619,8.58141666666667,6.99684225585064,-1.58457441081603
2620,8.19916666666666,6.90870835988552,-1.29045830678114
2621,7.30066666666667,6.83996556276534,-0.460701103901335
2622,6.37425,6.77190676817808,0.397656768178081
2623,5.04333333333333,6.70452517027638,1.66119183694305
2624,4.4905,6.6378140303904,2.1473140303904
2625,4.87383333333333,6.57176667686357,1.69793334353024
2626,5.03283333333333,6.5063765056148,1.47354317228147
2627,5.21808333333333,6.44163697793455,1.22355364460122
2628,5.76283333333333,6.37754161942388,0.614708286090547
2629,6.21575,6.3027712427893,0.087021242789298
2630,6.60491666666667,6.22638230615455,-0.378534360512116
2631,6.953,6.23795827059654,-0.715041729403459
2632,7.07708333333333,6.35937501667002,-0.717708316663313
2633,7.0415,6.53229701914088,-0.509202980859124
2634,6.67083333333333,6.62044595344654,-0.0503873798867867
2635,6.52733333333333,6.62356514107766,0.0962318077443252
2636,6.7215,6.58792349421187,-0.133576505788128
2637,7.02791666666667,6.54795094903072,-0.479965717635948
2638,7.21558333333333,6.52534736724341,-0.690235966089924
2639,7.25325,6.51926044105368,-0.733989558946321
2640,7.12925,6.53063779964468,-0.598612200355322
2641,7.06258333333333,6.57305280615802,-0.489530527175311
2642,6.947,6.67133084894088,-0.275669151059122
2643,6.78283333333333,6.79118047362319,0.00834714028986205
2644,6.57883333333333,6.78529612777049,0.206462794437158
2645,6.35416666666667,6.72476739976265,0.370600733095981
2646,6.119,6.65804423326889,0.539044233268893
2647,5.88375,6.59364389146369,0.709893891463686
2648,5.79466666666667,6.52803603666715,0.73336937000048
2649,5.82208333333333,6.46308099112369,0.640997657790358
2650,5.93133333333333,6.39877226062294,0.467438927289608
2651,6.06216666666667,6.33510341409143,0.272936747424757
2652,6.14925,6.27206808359257,0.122818083592566
2653,6.2165,6.20965996432666,-0.00684003567334468
2654,6.25,6.14610788244015,-0.103892117559847
2655,6.2465,6.08035587551025,-0.166144124489752
2656,6.28191666666667,6.01481463989537,-0.267102026771305
2657,6.29975,5.95169260024116,-0.348057399758838
2658,6.35641666666667,5.89296702303437,-0.463449643632297
2659,6.49616666666667,5.84038401660281,-0.655782650063862
2660,6.69316666666667,5.79545853111536,-0.897708135551312
2661,6.95533333333333,5.75947435858199,-1.19585897475134
2662,7.24416666666667,5.73348413285374,-1.51068253381293
2663,7.54058333333333,5.71830932962274,-1.82227400371059
2664,7.72683333333333,5.71454026642218,-2.01229306691115
2665,7.95716666666667,5.72253610262633,-2.23463056404034
2666,7.73691666666667,5.74242483945055,-1.99449182721612
2667,7.461,5.77410331995127,-1.68689668004873
2668,7.18041666666667,5.81723722902599,-1.36317943764068
2669,6.92425,5.8712610934133,-1.0529889065867
2670,6.66275,5.93537828169286,-0.727371718307144
2671,6.46558333333333,6.0085610042854,-0.457022329047935
2672,6.39483333333333,6.08955031345274,-0.305283019880593
2673,6.36533333333333,6.17685610329777,-0.188477230035564
2674,6.4255,6.26875710976446,-0.15674289023554
2675,6.59583333333333,6.36330091063786,-0.232532422695469
2676,6.78708333333333,6.45830392554409,-0.328779407789237
2677,6.96358333333333,6.55135141595036,-0.412231917382972
2678,7.10016666666667,6.63979748516493,-0.46036918150174
2679,7.23066666666667,6.72076507833717,-0.509901588329501
2680,7.29308333333333,6.7911459824575,-0.501937350875825
2681,7.4295,6.84760082635745,-0.581899173642551
2682,7.546,6.88655908070959,-0.659440919290414
2683,7.79875,6.90421905802758,-0.894530941972417
2684,8.05983333333333,6.89654791266618,-1.16328542066715
2685,8.30766666666667,6.85928164082119,-1.44838502584548
2686,8.48516666666667,6.81047557308374,-1.67469109358293
2687,8.59108333333333,6.77759628812156,-1.81348704521177
2688,8.5475,6.77448247727376,-1.77301752272624
2689,8.52158333333333,6.83210107059647,-1.68948226273686
2690,8.4115,6.93965166247063,-1.47184833752937
2691,8.21491666666667,7.00128294856878,-1.21363371809789
2692,7.90866666666667,6.98198735766603,-0.926679309000644
2693,7.60775,6.92184238671103,-0.685907613288971
2694,7.33841666666667,6.85056893790403,-0.487847728762644
2695,7.1595,6.78011182961618,-0.379388170383816
2696,6.984,6.7134657837965,-0.270534216203503
2697,6.86008333333333,6.64686771532323,-0.213215618010099
2698,6.74041666666667,6.58073027570445,-0.159686390962225
2699,6.747,6.51525091531895,-0.231749084681052
2700,6.7165,6.45042308613998,-0.266076913860021
2701,6.73458333333333,6.38624030464993,-0.348343028683398
2702,6.7315,6.33977920920516,-0.391720790794836
2703,6.77483333333333,6.38184420455038,-0.392989128782947
2704,6.87983333333333,6.49716707042456,-0.382666262908774
2705,6.96475,6.65483952438449,-0.309910475615506
2706,7.12891666666667,6.81931257253123,-0.309604094135443
2707,7.25891666666667,6.95628106753104,-0.302635599135627
2708,7.43341666666667,7.07898409603722,-0.354432570629452
2709,7.71658333333333,7.18329785268369,-0.533285480649637
2710,7.82641666666667,7.26247422713301,-0.563942439533659
2711,7.93033333333333,7.31606597244113,-0.6142673608922
2712,7.92608333333333,7.39601538499969,-0.530067948333643
2713,7.88725,7.5377349821965,-0.349515017803502
2714,8.12933333333333,7.6614020187542,-0.467931314579134
2715,7.976,7.71833602995875,-0.257663970041252
2716,7.85941666666667,7.69399376745344,-0.165422899213225
2717,7.56208333333333,7.6079691992389,0.0458858659055661
2718,7.31358333333333,7.51390508883169,0.200321755498364
2719,7.12525,7.43914048264835,0.313890482648345
2720,6.94433333333333,7.36511979653833,0.420786463205004
2721,6.86016666666667,7.29183562992168,0.43166896325501
2722,6.80008333333333,7.2192806542345,0.41919732090117
2723,6.809,7.147447612929,0.338447612928999
2724,6.81816666666667,7.07623706017525,0.258070393508584
2725,6.85391666666667,7.00264450952593,0.148727842859262
2726,6.89366666666667,6.95169201211289,0.0580253454462234
2727,7.013,6.95439834771451,-0.0586016522854891
2728,7.11491666666667,7.03543000355942,-0.0794866631072528
2729,7.15475,7.17735998217932,0.0226099821793211
2730,7.29466666666667,7.32140508988534,0.0267384232186734
2731,7.40525,7.44858299765127,0.043332997651266
2732,7.57558333333333,7.54688560179237,-0.0286977315409569
2733,7.80125,7.63396701091864,-0.167282989081363
2734,7.97966666666667,7.74335819635531,-0.236308470311363
2735,8.07058333333333,7.8818173970607,-0.188765936272627
2736,8.06016666666667,8.02933011962621,-0.0308365470404564
2737,8.11741666666667,8.1339507267651,0.0165340600984294
2738,7.96575,8.14156081240963,0.175810812409633
2739,7.65791666666667,8.0859632331219,0.428046566455232
2740,7.39,8.00119321929857,0.611193219298568
2741,7.12041666666667,7.91067579041239,0.790259123745724
2742,6.92116666666667,7.82722575501224,0.906059088345568
2743,6.77466666666667,7.75304771072305,0.978381044056384
2744,6.67916666666667,7.67980407470092,1.00063740803425
2745,6.63808333333333,7.60338874723604,0.965305413902706
2746,6.61558333333333,7.52773376515521,0.912150431821876
2747,6.60875,7.45283156282031,0.844081562820306
2748,6.62375,7.38912413563883,0.765374135638832
2749,6.6565,7.30284241881588,0.646342418815875
2750,6.66908333333333,7.19991639954631,0.530833066212983
2751,6.71116666666667,7.23909419069644,0.527927524029771
2752,6.74933333333333,7.39235593337262,0.64302260003929
2753,6.86783333333333,7.50190471460702,0.634071381273689
2754,6.97875,7.52095832010509,0.542208320105087
2755,7.074,7.49009960524399,0.416099605243992
2756,7.22941666666667,7.43175142330654,0.202334756639875
2757,7.469,7.36348937040103,-0.105510629598975
2758,7.74325,7.30099313290078,-0.442256867099217
2759,7.96883333333333,7.25838551216155,-0.710447821171775
2760,8.14466666666667,7.30010532037278,-0.84456134629389
2761,7.98866666666667,7.41393747082403,-0.574729195842638
2762,7.73491666666667,7.5428802189231,-0.192036447743572
2763,7.55525,7.64570851001802,0.0904585100180153
2764,7.2415,7.69697397939707,0.45547397939707
2765,6.90716666666667,7.6870049522888,0.779838285622133
2766,6.66583333333333,7.621906443862,0.956073110528674
2767,6.49441666666667,7.52356015922572,1.02914349255905
2768,6.43883333333333,7.42962449342923,0.990791160095902
2769,6.40225,7.35569074692553,0.953440746925534
2770,6.41391666666667,7.28250040015555,0.868583733488876
2771,6.497,7.21003831052742,0.713038310527423
2772,6.59633333333333,7.13829723152694,0.541963898193615
2773,6.67491666666667,7.06726998810174,0.392353321435074
2774,6.79208333333333,7.01670745968959,0.224624126356263
2775,6.92825,7.05676665463246,0.128516654632462
2776,7.02458333333333,7.16599603420713,0.141412700873802
2777,7.21558333333333,7.30471931685817,0.0891359835248391
2778,7.37225,7.42438844386059,0.0521384438605894
2779,7.53133333333333,7.46846586870634,-0.0628674646269918
2780,7.79175,7.42888298215512,-0.362867017844885
2781,8.02508333333333,7.36010249475651,-0.66498083857682
2782,8.18191666666667,7.30485620700155,-0.877060459665117
2783,8.41216666666666,7.29170476475527,-1.1204619019114
2784,8.54066666666667,7.33503765925665,-1.20562900741002
2785,8.43341666666667,7.43507322711868,-0.998343439547987
2786,8.28616666666667,7.57785865032834,-0.70830801633833
2787,8.13566666666667,7.71311470924634,-0.42255195742033
2788,7.93525,7.74459312809155,-0.190656871908453
2789,7.66883333333333,7.70075467843079,0.031921345097464
2790,7.42608333333333,7.61530323577001,0.189219902436682
2791,7.25758333333333,7.51408829618502,0.256504962851685
2792,7.15566666666667,7.4151049763215,0.259438309654825
2793,7.14283333333333,7.32849401339503,0.185660680061698
2794,7.15333333333334,7.25654176519107,0.103208431857731
2795,7.17566666666667,7.19368021006496,0.0180135433982915
2796,7.2295,7.12962862786336,-0.09987137213664
2797,7.2775,7.14545176676196,-0.132048233238035
2798,7.33141666666667,7.24751612861673,-0.0839005380499405
2799,7.42,7.39275904450042,-0.0272409554995807
2800,7.56266666666667,7.54636057802262,-0.0163060886440478
2801,7.72125,7.68174352532976,-0.039506474670242
2802,7.82483333333333,7.78057341510507,-0.044259918228259
2803,7.97758333333333,7.83275850856863,-0.144824824764697
2804,8.1925,7.83644979947734,-0.35605020052266
2805,8.55283333333333,7.79804101412492,-0.754792319208409
2806,8.75891666666667,7.7374073120915,-1.02150935457517
2807,8.90866666666667,7.72517363350878,-1.18349303315789
2808,9.102,7.75229722448118,-1.34970277551882
2809,9.10691666666667,7.79133880838704,-1.31557785827963
2810,8.91141666666667,7.82153471044476,-1.08988195622191
2811,8.63333333333333,7.82879685771275,-0.804536475620584
2812,8.31525,7.80571277908948,-0.50953722091052
2813,8.03683333333333,7.75154560531347,-0.285287728019862
2814,7.82783333333333,7.67223406896326,-0.155599264370069
2815,7.67658333333333,7.58039250445745,-0.0961908288758817
2816,7.58908333333333,7.4952814472406,-0.0938018860927325
2817,7.51666666666667,7.4207021506313,-0.095964516035373
2818,7.488,7.34686493055967,-0.141135069440333
2819,7.521,7.27376240316518,-0.247237596834821
2820,7.5555,7.20138725795143,-0.354112742048573
2821,7.64366666666667,7.12973225751946,-0.513934409147209
2822,7.70725,7.08599247613882,-0.621257523861177
2823,7.80041666666667,7.19968763420278,-0.600729032463891
2824,7.94616666666667,7.32529903127917,-0.620867635387504
2825,8.07183333333333,7.36760413296888,-0.704229200364449
2826,8.20491666666667,7.35235463962517,-0.8525620270415
2827,8.37016666666667,7.3042354226362,-1.06593124403047
2828,8.559,7.2395724130652,-1.3194275869348
2829,8.81283333333333,7.16983695568907,-1.64299637764426
2830,9.07625,7.10204139463228,-1.97420860536772
2831,9.293,7.04703942529514,-2.24596057470486
2832,9.38791666666667,7.02069512891001,-2.36722153775666
2833,9.344,7.0438829725413,-2.3001170274587
2834,9.15183333333333,7.13269845256018,-2.01913488077315
2835,9.01966666666667,7.19715058047732,-1.82251608618934
2836,8.76325,7.21232656392329,-1.55092343607671
2837,8.47408333333333,7.18597789895597,-1.28810543437736
2838,8.23291666666667,7.12909061716862,-1.10382604949805
2839,8.00816666666667,7.05588528568988,-0.95228138097679
2840,7.85883333333333,6.98316535785803,-0.875667975475304
2841,7.78316666666667,6.91368170108504,-0.869484965581633
2842,7.76258333333333,6.84488941861415,-0.917693914719176
2843,7.79708333333333,6.7767816312832,-1.02030170205013
2844,7.87966666666667,6.70935152773854,-1.17031513892813
2845,7.96041666666667,6.61831092221525,-1.34210574445142
2846,8.01533333333333,6.55123084065518,-1.46410249267815
2847,8.15933333333333,6.60860587822781,-1.55072745510552
2848,8.25083333333333,6.76228586030782,-1.48854747302551
2849,8.37933333333333,6.85989667801524,-1.51943665531809
2850,8.577,6.86239096480637,-1.71460903519363
2851,8.65825,6.82764090467874,-1.83060909532126
2852,8.83375,6.78401591501637,-2.04973408498363
2853,9.07325,6.74816027847423,-2.32508972152577
2854,9.31566666666667,6.69840468662602,-2.61726198004065
2855,9.60458333333333,6.65632493520188,-2.94825839813145
2856,9.694,6.65178961488465,-3.04221038511535
2857,9.662,6.70302012523235,-2.95897987476765
2858,9.52916666666667,6.81383138490668,-2.71533528175999
2859,9.33091666666667,6.90880701079683,-2.42210965586984
2860,9.06733333333333,6.94426172759083,-2.1230716057425
2861,8.74983333333333,6.92033851680098,-1.82949481653235
2862,8.4295,6.85452679133952,-1.57497320866048
2863,8.16866666666667,6.78096899358045,-1.38769767308622
2864,7.997,6.7134972235523,-1.2835027764477
2865,7.87958333333333,6.64669680907311,-1.23288652426022
2866,7.84716666666667,6.58056107097328,-1.26660559569339
2867,7.89908333333333,6.51508339529628,-1.38399993803705
2868,7.95025,6.45025723329872,-1.49999276670128
2869,8.01466666666667,6.41083271060993,-1.60383395605674
2870,8.09275,6.50393625555707,-1.58881374444293
2871,8.18766666666667,6.66675770756046,-1.52090895910622
2872,8.28866666666667,6.83034099046007,-1.4583256762066
2873,8.38258333333333,6.94809269592944,-1.43449063740389
2874,8.49316666666667,6.99578208347557,-1.49738458319111
2875,8.63175,6.971541080439,-1.660208919561
2876,8.82908333333333,6.89586428199379,-1.93321905133954
2877,9.07716666666667,6.81160895114752,-2.26555771551915
2878,9.32,6.76308352096418,-2.55691647903582
2879,9.55125,6.74040959002599,-2.81084040997401
2880,9.68858333333333,6.7276770248803,-2.96090630845303
2881,9.65775,6.71296937232938,-2.94478062767062
2882,9.36758333333333,6.68832230246982,-2.67926103086351
2883,9.15325,6.6497236086925,-2.5035263913075
2884,8.8965,6.59711320768264,-2.29938679231736
2885,8.59025,6.53438313941976,-2.05586686058024
2886,8.31191666666667,6.46905236890467,-1.842864297762
2887,8.077,6.40468422188861,-1.67231577811139
2888,7.90083333333333,6.34095654901024,-1.55987678432309
2889,7.7745,6.27786297749737,-1.49663702250263
2890,7.71525,6.21539719744588,-1.49985280255412
2891,7.72533333333333,6.16586465680186,-1.55946867653147
2892,7.77625,6.10277316599305,-1.67347683400696
2893,7.83108333333333,6.00755416033489,-1.82352917299844
2894,7.90916666666667,5.94843871383962,-1.96072795282705
2895,8.007,6.05030773155218,-1.95669226844782
2896,7.989,6.17237943410628,-1.81662056589372
2897,8.251,6.24861263817481,-2.00238736182519
2898,8.447,6.27548094802086,-2.17151905197914
2899,8.61866666666667,6.2598003467039,-2.35886631996277
2900,8.8285,6.21872919607977,-2.60977080392023
2901,9.09875,6.17976823680071,-2.91898176319929
2902,9.44625,6.18063338278715,-3.26561661721285
2903,9.68983333333333,6.24065373695727,-3.44917959637606
2904,9.762,6.32540066546924,-3.43659933453076
2905,9.74516666666667,6.40235579481869,-3.34281087184798
2906,9.65475,6.44957520629665,-3.20517479370335
2907,9.43316666666667,6.45568943598952,-2.97747723067715
2908,9.16983333333333,6.41990347477907,-2.74992985855426
2909,8.89541666666667,6.35199676834246,-2.54341989832421
2910,8.57508333333333,6.27232321715221,-2.30276011618112
2911,8.34358333333333,6.20621689421573,-2.1373664391176
2912,8.18725,6.14446400301641,-2.04278599698359
2913,8.10625,6.0833255639766,-2.0229244360234
2914,8.11816666666667,6.02279546369582,-2.09537120297085
2915,8.19933333333333,5.96286764859747,-2.23646568473586
2916,8.29008333333334,5.90353612492884,-2.3865472084045
2917,8.38316666666667,5.82359838375246,-2.55956828291421
2918,8.44483333333333,5.75863920227374,-2.68619413105959
2919,8.39558333333333,5.81686903075672,-2.57871430257661
2920,8.56616666666667,5.98281207756496,-2.58335458910171
2921,8.74583333333333,6.11362428557969,-2.63220904775364
2922,8.9305,6.13214668388523,-2.79835331611477
2923,9.12775,6.09960787352009,-3.02814212647991
2924,9.32816666666667,6.05449245545169,-3.27367421121498
2925,9.56558333333333,6.01842739681333,-3.54715593652
2926,9.81391666666667,5.97672799761475,-3.83718866905192
2927,10.0066666666667,5.93418685705835,-4.07247980960835
2928,10.04925,5.96445500504856,-4.08479499495144
2929,9.96475,6.08452808650178,-3.88022191349822
2930,9.7105,6.2503125128968,-3.4601874871032
2931,9.50966666666667,6.35662546227483,-3.15304120439184
2932,9.271,6.33671756452933,-2.93428243547067
2933,8.99841666666667,6.2864299446995,-2.71198672196717
2934,8.77066666666667,6.22219543702466,-2.54847122964201
2935,8.63808333333333,6.15424581398144,-2.48383751935189
2936,8.58933333333333,6.08879849796643,-2.5005348353669
2937,8.61833333333333,6.02805656129608,-2.59027677203725
2938,8.66875,5.9702087262068,-2.6985412737932
2939,8.73425,5.89916817956094,-2.83508182043906
2940,8.79191666666667,5.8092433124506,-2.98267335421607
2941,8.81925,5.7580788420418,-3.0611711579582
2942,8.828,5.77953643266182,-3.04846356733818
2943,8.81383333333333,5.87813946853013,-2.9356938648032
2944,8.8375,6.02907305375842,-2.80842694624158
2945,8.88966666666667,6.17818401235058,-2.71148265431609
2946,8.94966666666667,6.24886481494704,-2.70080185171963
2947,9.1385,6.23699452417932,-2.90150547582068
2948,9.40658333333333,6.19341678633011,-3.21316654700322
2949,9.65066666666667,6.15758687143133,-3.49307979523534
2950,9.9215,6.15617609573023,-3.76532390426977
2951,10.05425,6.2030718216894,-3.8511781783106
2952,10.04675,6.29937745798679,-3.74737254201321
2953,9.95616666666667,6.42420224539463,-3.53196442127204
2954,9.74216666666667,6.53733255118781,-3.20483411547886
2955,9.43091666666667,6.62409243786398,-2.80682422880269
2956,9.10241666666666,6.67586684341024,-2.42654982325642
2957,8.81275,6.6891018884189,-2.12364811158109
2958,8.591,6.66530487608744,-1.92569512391256
2959,8.48483333333333,6.61104429221853,-1.8737890411148
2960,8.40258333333333,6.53794980522004,-1.86463352811329
2961,8.35741666666667,6.462712266105,-1.89470440056167
2962,8.35583333333333,6.39783560812842,-1.95799772520491
2963,8.35675,6.33417608016793,-2.02257391983207
2964,8.34541666666667,6.27114997518033,-2.07426669148634
2965,8.35,6.19166796339712,-2.15833203660288
2966,8.41475,6.19321470381092,-2.22153529618908
2967,8.51191666666667,6.34971615590915,-2.16220051075752
2968,8.62108333333333,6.47736358225268,-2.14371975108064
2969,8.75,6.52184611438516,-2.22815388561484
2970,8.90708333333333,6.51075090294141,-2.39633243039192
2971,8.98708333333333,6.46832924689054,-2.5187540864428
2972,9.16833333333333,6.41146360753495,-2.75686972579838
2973,9.40441666666666,6.34779345252922,-3.05662321413744
2974,9.67266666666667,6.28664895745235,-3.38601770921432
2975,9.879,6.24006467225633,-3.63893532774367
2976,9.96116666666667,6.22277952126613,-3.73838714540055
2977,9.91666666666667,6.24625140167175,-3.67041526499492
2978,9.73208333333333,6.27451841317514,-3.45756492015819
2979,9.40625,6.29323568114582,-3.11301431885418
2980,9.03883333333333,6.29814145237954,-2.74069188095378
2981,8.69108333333333,6.28678765178732,-2.40429568154601
2982,8.37516666666667,6.25853988239542,-2.11662678427125
2983,8.154,6.21457742534539,-1.93942257465461
2984,8.02191666666667,6.15789323989403,-1.86402342677264
2985,7.97658333333333,6.09329396341342,-1.88328936991991
2986,8.04508333333333,6.02739991139088,-2.01768342194245
2987,8.12375,5.96734424806715,-2.15640575193285
2988,8.20325,5.91273104393997,-2.29051895606003
2989,8.24991666666667,5.86285348789782,-2.38706317876885
2990,8.25466666666667,5.81752578102178,-2.43714088564489
2991,8.34,5.77667733421756,-2.56332266578244
2992,8.43208333333333,5.74035276821551,-2.69173056511782
2993,8.54616666666667,5.70871191357059,-2.83745475309608
2994,8.75291666666667,5.68202981066244,-3.07088685600423
2995,9.002,5.66069670969531,-3.34130329030469
2996,9.256,5.64521807069807,-3.61078192930193
2997,9.51266666666667,5.63621456352426,-3.87645210314241
2998,9.717,5.63449356440405,-4.08250643559595
2999,9.83241666666667,5.67430319281184,-4.15811347385483
3000,9.88358333333333,5.7596298095915,-4.12395352374183
3001,9.92225,5.86033107007093,-4.06191892992907
3002,9.84516666666667,5.95289437050782,-3.89227229615885
3003,9.68391666666667,6.02043684808972,-3.66347981857695
3004,9.35333333333333,6.05270538093401,-3.30062795239932
3005,8.92208333333333,6.04607658808787,-2.87600674524546
3006,8.55916666666667,6.00355682952834,-2.55560983713833
3007,8.28033333333333,5.93478220616228,-2.34555112717105
3008,8.109,5.85601855982638,-2.25298144017362
3009,8.00975,5.78811713445,-2.22163286555
3010,7.99316666666667,5.70139484680295,-2.29177181986372
3011,8.03858333333333,5.61277922264899,-2.42580411068434
3012,8.10158333333333,5.55938748499414,-2.54219584833919
3013,8.15491666666667,5.56426573002091,-2.59065093664576
3014,8.19316666666667,5.63638892708832,-2.55677773957835
3015,8.2595,5.77066091873192,-2.48883908126808
3016,8.3425,5.94791442066375,-2.39458557933625
3017,8.42208333333333,6.13491102177235,-2.28717231156098
3018,8.53925,6.29570949233288,-2.24354050766712
3019,8.71641666666667,6.4548060204154,-2.26161064625127
3020,8.87983333333333,6.57597180699025,-2.30386152634308
3021,9.05616666666667,6.63717519373474,-2.41899147293193
3022,9.276,6.65005385507399,-2.62594614492601
3023,9.47358333333334,6.65991479818094,-2.8136685351524
3024,9.55233333333333,6.75249078537128,-2.79984254796205
3025,9.5365,6.92607611016737,-2.61042388983263
3026,9.42516666666667,7.06566753943227,-2.3594991272344
3027,9.16741666666667,7.11003062146075,-2.05738604520592
3028,8.87725,7.05783018869283,-1.81941981130717
3029,8.5775,6.96763035771376,-1.60986964228624
3030,8.26366666666667,6.89814069953403,-1.36552596713264
3031,8.0025,6.82950305198141,-1.17299694801859
3032,7.84458333333334,6.76154836129747,-1.08303497203586
3033,7.77025,6.69426983171494,-1.07598016828506
3034,7.71833333333333,6.6276607345406,-1.09067259879273
3035,7.72108333333333,6.54812559996895,-1.17295773336438
3036,7.72,6.44644687096368,-1.27355312903632
3037,7.73175,6.36355905895529,-1.36819094104471
3038,7.81333333333333,6.3289074832133,-1.48442585012003
3039,7.893,6.35792798457916,-1.53507201542084
3040,7.988,6.4520469254663,-1.5359530745337
3041,8.02725,6.59868118986006,-1.42856881013994
3042,8.0535,6.77123818331775,-1.28226181668225
3043,8.17175,6.92911583296862,-1.24263416703138
3044,8.28408333333333,7.02577372277175,-1.25830961056158
3045,8.36783333333334,7.09784516220611,-1.26998817112723
3046,8.50158333333333,7.20451514671122,-1.29706818662211
3047,8.63575,7.35665915332695,-1.27909084667305
3048,8.76625,7.51604407599474,-1.25020592400526
3049,8.61908333333333,7.6353473149458,-0.983736018387527
3050,7.93675,7.78881079360372,-0.147939206396275
3051,6.65458333333333,7.89220842407657,1.23762509074324
3052,5.58775,7.89554749059015,2.30779749059015
3053,5.26925,7.81402037842979,2.54477037842979
3054,5.44208333333333,7.72367170489279,2.28158837155946
3055,5.67083333333333,7.64681988654987,1.97598655321654
3056,6.0365,7.57073275702904,1.53423275702904
3057,6.42975,7.49540270789631,1.06565270789631
3058,6.82425,7.42082220549177,0.596572205491773
3059,7.07675,7.34953869538472,0.272788695384723
3060,6.85041666666667,7.28766632141928,0.43724965475261
3061,7.02066666666667,7.20606295930624,0.185396292639566
3062,7.09625,7.11911475446349,0.0228647544634883
3063,6.59483333333333,7.0985189123756,0.503685579042273
3064,6.11575,7.19981975293905,1.08406975293904
3065,6.24766666666667,7.34514886922568,1.09748220255901
3066,6.20841666666667,7.48025061169816,1.27183394503149
3067,6.13391666666667,7.56586101737751,1.43194435071084
3068,6.21025,7.58364601035247,1.37339601035247
3069,6.53725,7.5689062558321,1.0316562558321
3070,6.81108333333333,7.53729440535275,0.726211072019415
3071,7.05858333333333,7.50539540876519,0.446812075431862
3072,7.36425,7.49848996853715,0.134239968537146
3073,7.50908333333333,7.55055453975324,0.0414712064199119
3074,7.45125,7.65561742344591,0.204367423445912
3075,7.259,7.69488606160141,0.435886061601406
3076,6.94758333333333,7.67804364984126,0.730460316507926
3077,6.619,7.62410214986511,1.00510214986511
3078,6.37625,7.55043336895277,1.17418336895277
3079,6.36441666666667,7.47276895996422,1.10835229329755
3080,6.41225,7.39841313904097,0.986163139040972
3081,6.42025,7.32479769737241,0.904547697372409
3082,6.18841666666667,7.25191474261507,1.0634980759484
3083,5.99608333333333,7.17975698615794,1.18367365282461
3084,5.92025,7.10831721127501,1.18806721127501
3085,6.02291666666667,7.03052544286404,1.00760877619737
3086,6.253,6.96204599832711,0.709045998327113
3087,6.33766666666667,6.96548253113244,0.627815864465766
3088,6.57308333333333,7.05303478248407,0.479951449150743
3089,6.78433333333333,7.18048617729922,0.396152843965889
3090,6.9725,7.24973494887154,0.277234948871536
3091,7.17716666666667,7.23023947721378,0.0530728105471141
3092,7.42783333333333,7.17946012597863,-0.2483732073547
3093,7.804,7.1296108248419,-0.674389175158104
3094,8.14141666666667,7.09088401104904,-1.05053265561763
3095,8.32666666666667,7.05357346850746,-1.27309319815921
3096,8.34525,7.0375360472082,-1.3077139527918
3097,8.25325,7.08176765467692,-1.17148234532308
3098,8.097,7.19491458538148,-0.902085414618517
3099,7.91258333333333,7.33877109024449,-0.573812243088836
3100,7.59491666666667,7.37928666244488,-0.21563000422179
3101,7.25283333333333,7.34132813504523,0.0884948017118958
3102,7.05266666666667,7.27057132773027,0.2179046610636
3103,7.04625,7.19729894036906,0.151048940369062
3104,7.14741666666667,7.12568461768364,-0.0217320489830275
3105,7.28316666666667,7.05478287011858,-0.228383796548086
3106,7.3845,6.98458660814314,-0.399913391856858
3107,7.45775,6.91508881151985,-0.542661188480151
3108,7.47641666666667,6.84628252930451,-0.630134137362164
3109,7.4405,6.79048880763745,-0.650011192362551
3110,7.39333333333333,6.79342480170956,-0.599908531623773
3111,7.40016666666667,6.83217693276577,-0.567989733900902
3112,7.43991666666667,6.88092330796872,-0.558993358697949
3113,7.53691666666667,6.92021089004368,-0.616705776622992
3114,7.66758333333333,6.93695549727852,-0.730627836054808
3115,7.76833333333333,6.92444180352376,-0.843891529809566
3116,7.89591666666667,6.88232333819253,-1.01359332847414
3117,8.09541666666667,6.81662248626058,-1.27879418040609
3118,8.34925,6.73973048826628,-1.60951951173372
3119,8.52208333333333,6.67040744031063,-1.8516758930227
3120,8.605,6.63378229405726,-1.97121770594274
3121,8.52441666666667,6.66135285673241,-1.86306380993426
3122,8.24041666666667,6.75882806207689,-1.48158860458978
3123,7.89525,6.81215127480854,-1.08309872519146
3124,7.556,6.81956377915659,-0.736436220843405
3125,7.26625,6.7941908528083,-0.472059147191702
3126,7.05158333333333,6.74707678081278,-0.304506552520554
3127,6.90275,6.68718485558105,-0.215565144418952
3128,6.81158333333333,6.62139737688603,-0.190185956447305
3129,6.72083333333333,6.55451565186251,-0.166317681470818
3130,6.71741666666667,6.48921455135546,-0.228202115311205
3131,6.75008333333333,6.42553293918794,-0.324550394145388
3132,6.76391666666667,6.36577554399975,-0.398141122666921
3133,6.81675,6.31900107149128,-0.497748928508725
3134,6.88033333333333,6.30121656937479,-0.579116763958544
3135,6.91725,6.33537742737443,-0.581872572625572
3136,6.96058333333333,6.44938551411091,-0.51119781922242
3137,7.02083333333333,6.56061029205583,-0.460223041277498
3138,7.099,6.64475066439235,-0.454249335607654
3139,7.18383333333333,6.73502115364043,-0.448812179692903
3140,7.28666666666667,6.8457175946878,-0.440949071978872
3141,7.48175,6.97221713478992,-0.509532865210081
3142,7.66683333333333,7.09097823356999,-0.575855099763337
3143,7.61908333333333,7.21802217659653,-0.401061156736803
3144,7.49375,7.39201766023564,-0.101732339764363
3145,7.4865,7.5450405724398,0.0585405724397967
3146,7.35366666666667,7.63321546672429,0.279548800057625
3147,7.12258333333333,7.63966490251705,0.517081569183717
3148,6.937,7.5745094451586,0.637509445158596
3149,6.68816666666667,7.47486766590211,0.786700999235438
3150,6.45941666666667,7.39403164396241,0.934614977295735
3151,6.27983333333333,7.32045979767386,1.04062646434053
3152,6.18108333333333,7.24762000424558,1.06653667091225
3153,6.1655,7.17550498060802,1.01000498060802
3154,6.201,7.10410751471069,0.903107514710688
3155,6.30041666666667,7.0334204655222,0.733003798855534
3156,6.428,6.96678354898328,0.53878354898328
3157,6.48108333333333,6.97800000970852,0.496916676375195
3158,6.52475,7.06303503819296,0.53828503819296
3159,6.62133333333333,7.1824074140516,0.561074080718269
3160,6.69175,7.30458084669494,0.612830846694939
3161,6.75733333333333,7.40596397532896,0.648630641995629
3162,6.8435,7.47091036895512,0.627410368955124
3163,6.90866666666667,7.49171852637038,0.58305185970371
3164,7.0975,7.46863187616716,0.37113187616716
3165,7.288,7.40983877673338,0.12183877673338
3166,7.39566666666667,7.33147251625244,-0.06419415041423
3167,7.64016666666667,7.25761131270322,-0.382555353963451
3168,7.76841666666667,7.22025987779753,-0.548156788869142
3169,7.805,7.23091164141886,-0.574088358581136
3170,7.65191666666667,7.26596338734823,-0.385953279318439
3171,7.3945,7.30982361812404,-0.0846763818759584
3172,7.08383333333333,7.34992100609733,0.266087672764002
3173,6.76108333333333,7.37670439343176,0.615621060098435
3174,6.46025,7.38364279210363,0.923392792103631
3175,6.26116666666667,7.36722538390185,1.10605871723518
3176,6.17175,7.32696152042796,1.15521152042796
3177,6.12308333333333,7.26538072309614,1.14229738976281
3178,6.12975,7.18803268313318,1.05828268313318
3179,6.19116666666667,7.10348726157852,0.912320594911846
3180,6.30658333333333,7.02333448928419,0.716751155950861
3181,6.44233333333333,6.99330770612938,0.550974372796049
3182,6.56033333333333,7.05231617346688,0.491982840133549
3183,6.75166666666667,7.16354155709349,0.411874890426824
3184,6.87833333333333,7.29596594149441,0.41763260816108
3185,7.05508333333333,7.42578389942884,0.37070056609551
3186,7.29641666666667,7.53640249193001,0.239985825263344
3187,7.4655,7.61844126830519,0.152941268305191
3188,7.72383333333333,7.66973226613565,-0.0541010671976823
3189,7.916,7.69532001127669,-0.22067998872331
3190,8.17758333333333,7.70746151785765,-0.470121815475684
3191,8.30841666666667,7.72562628828186,-0.582790378384805
3192,8.25158333333333,7.77844513434238,-0.473138198990953
3193,8.15466666666667,7.89338899847609,-0.261277668190583
3194,7.95358333333333,8.03346644969731,0.0798831163639813
3195,7.67266666666667,8.16059379039788,0.487927123731215
3196,7.42991666666667,8.24832981695609,0.818413150289422
3197,7.1995,8.28187581973666,1.08237581973666
3198,6.92658333333333,8.25807558309076,1.33149224975743
3199,6.74216666666667,8.18541538535602,1.44324871868935
3200,6.71925,8.08402399885651,1.36477399885651
3201,6.79125,7.98567268990274,1.19442268990274
3202,6.8825,7.88117565439629,0.998675654396289
3203,6.98816666666667,7.76230933031877,0.774142663652101
3204,7.08758333333333,7.68214961965826,0.594566286324929
3205,7.14841666666667,7.67210137338193,0.523684706715262
3206,7.18116666666667,7.74153021703748,0.560363550370815
3207,7.19541666666667,7.87776255075313,0.682345884086459
3208,7.28975,8.0460855492376,0.756335549237598
3209,7.43325,8.18974716178013,0.756497161780135
3210,7.612,8.29891565974352,0.686915659743519
3211,7.71583333333333,8.42162032682311,0.705786993489778
3212,7.84125,8.53044557401434,0.689195574014339
3213,7.92725,8.61452617454383,0.687276174543833
3214,7.84275,8.68083077173235,0.83808077173235
3215,7.76608333333333,8.75416187899478,0.988078545661447
3216,7.7215,8.87667361366946,1.15517361366946
3217,7.70641666666667,9.04356234670549,1.33714568003882
3218,7.5725,9.16859278116714,1.59609278116714
3219,7.52158333333333,9.20158252766597,1.67999919433264
3220,7.41666666666667,9.14010220617923,1.72343553951256
3221,7.23008333333333,9.02947544604995,1.79939211271662
3222,7.09816666666667,8.93659071875283,1.83842405208616
3223,6.97975,8.84767015397514,1.86792015397514
3224,6.91675,8.75963436467037,1.84288436467037
3225,6.93558333333333,8.67247454731327,1.73689121397994
3226,7.00733333333333,8.58618198491252,1.57884865157919
3227,7.14833333333333,8.49934760448975,1.35101427115642
3228,7.29658333333333,8.39508404355903,1.0985007102257
3229,7.39683333333333,8.29897170803676,0.902138374703432
3230,7.44991666666667,8.2387429989691,0.788826332302431
3231,7.4595,8.22730556423131,0.767805564231313
3232,7.55725,8.26274229852778,0.705492298527783
3233,7.72166666666667,8.32831134339201,0.606644676725344
3234,7.90575,8.39244608718663,0.486696087186634
3235,8.03566666666667,8.4212565219169,0.385589855250231
3236,8.21258333333333,8.41092116918889,0.198337835855556
3237,8.43283333333333,8.35945819956846,-0.073375133764868
3238,8.76533333333333,8.27569748525009,-0.489635848083244
3239,8.66916666666667,8.17991171181452,-0.489254954852147
3240,8.49875,8.10381637822884,-0.394933621771155
3241,8.3005,8.09056979684642,-0.209930203153576
3242,8.0975,8.18488786499307,0.0873878649930688
3243,7.8905,8.27943247389751,0.388932473897513
3244,7.74616666666666,8.32217145684051,0.576004790173851
3245,7.55583333333333,8.3127505335784,0.756917200245065
3246,7.34341666666667,8.25884976589755,0.915433099230881
3247,7.26475,8.17618355761443,0.911433557614427
3248,7.30816666666667,8.08849300098667,0.780326334320003
3249,7.32533333333333,8.0080111502586,0.682677816925266
3250,7.34333333333333,7.92833010745848,0.584996774125147
3251,7.35933333333333,7.84944190508453,0.4901085717512
3252,7.38875,7.77133865379652,0.382588653796517
3253,7.44483333333333,7.69841891897133,0.253585585637998
3254,7.48658333333333,7.730408643594,0.243825310260665
3255,7.51216666666667,7.8364514888733,0.324284822206635
3256,7.73341666666667,7.94124139664845,0.207824729981775
3257,7.92466666666667,7.99652549591285,0.0718588292461808
3258,8.08125,7.98341032376009,-0.0978396762399072
3259,8.24441666666667,7.92856384555916,-0.315852821107509
3260,8.42891666666667,7.85502992424911,-0.573886742417555
3261,8.637,7.77798359744862,-0.859016402551385
3262,8.85508333333333,7.70877564679043,-1.1463076865429
3263,8.98541666666667,7.66401534221216,-1.32140132445451
3264,8.93866666666667,7.70760878285493,-1.23105788381174
3265,8.88716666666667,7.8021711426218,-1.08499552404487
3266,8.66025,7.89984870604981,-0.760401293950188
3267,8.34258333333333,7.9671531232442,-0.375430210089131
3268,8.01425,7.98496140987837,-0.0292885901216353
3269,7.67566666666667,7.9485159471939,0.272849280527232
3270,7.39108333333333,7.86742448200058,0.476341148667251
3271,7.21375,7.76566012667636,0.55191012667636
3272,7.15525,7.67589044031407,0.520640440314068
3273,7.1965,7.56229970700264,0.365799707002635
3274,7.27575,7.45017252010049,0.174422520100493
3275,7.38916666666667,7.3800301230742,-0.00913654359247129
3276,7.48375,7.3752285653392,-0.108521434660795
3277,7.53558333333333,7.44195870225986,-0.0936246310734727
3278,7.57983333333333,7.5692461951494,-0.0105871381839346
3279,7.43141666666667,7.72895151126995,0.297534844603282
3280,7.7075,7.87576992383255,0.168269923832554
3281,7.83391666666667,7.94914658092892,0.115229914262253
3282,8.00025,7.95617179712693,-0.0440782028730657
3283,8.24616666666667,7.9238571325896,-0.322309534077076
3284,8.51025,7.86101112038234,-0.649238879617656
3285,8.78216666666667,7.78066952599986,-1.00149714066681
3286,8.9725,7.70009534736605,-1.27240465263395
3287,9.10908333333333,7.64077881483409,-1.46830451849924
3288,9.13758333333333,7.6505048387715,-1.48707849456183
3289,8.97433333333333,7.74896888476284,-1.22536444857049
3290,8.66408333333333,7.84714260728622,-0.816940726047108
3291,8.25591666666667,7.88811088030127,-0.367805786365397
3292,7.90283333333333,7.85327717912512,-0.0495561542082061
3293,7.63708333333333,7.76236358043243,0.125280247099098
3294,7.45058333333333,7.67160461921632,0.221021285882987
3295,7.37783333333333,7.59527087632383,0.217437542990497
3296,7.40858333333333,7.51969666710725,0.111113333773919
3297,7.45466666666667,7.44487443524453,-0.00979223142213659
3298,7.52725,7.37079669811796,-0.156453301882039
3299,7.59433333333333,7.29745604681415,-0.296877286519183
3300,7.64708333333333,7.22683679985355,-0.420246533479776
3301,7.65358333333333,7.18004958633927,-0.473533746994065
3302,7.63625,7.16014113727574,-0.476108862724262
3303,7.44716666666667,7.1631770177505,-0.283989648916174
3304,7.48575,7.18450497549449,-0.301245024505507
3305,7.4275,7.21875494088213,-0.208745059117874
3306,7.42258333333333,7.25983902693122,-0.162744306402109
3307,7.57741666666667,7.30095152930304,-0.276465137363627
3308,7.76666666666667,7.33456892630229,-0.432097740364381
3309,8.07475,7.3524498788771,-0.722300121122904
3310,8.3975,7.34739533747557,-1.05010466252443
3311,8.62516666666667,7.35975258500426,-1.26541408166241
3312,8.83958333333333,7.39264547061502,-1.44693786271831
3313,8.89483333333333,7.42682838610177,-1.46800494723156
3314,8.64558333333333,7.44801484777006,-1.19756848556327
3315,8.27208333333333,7.44687749643709,-0.825205836896236
3316,7.91933333333333,7.4190480974317,-0.500285235901628
3317,7.61566666666667,7.36511754059436,-0.250549126072308
3318,7.42241666666667,7.29063584027719,-0.13178082638948
3319,7.33133333333333,7.20611213534394,-0.125221197989391
3320,7.36575,7.12696830331077,-0.238781696689233
3321,7.43266666666667,7.05240459362586,-0.380262073040809
3322,7.45375,6.97638770126656,-0.47736229873344
3323,7.40266666666667,6.90411072975915,-0.498555936907516
3324,7.26183333333333,6.83931077944001,-0.422522553893321
3325,7.08366666666667,6.78426894745556,-0.299397719211106
3326,6.89925,6.73981032776234,-0.159439672237658
3327,6.69008333333333,6.70530401112694,0.0152206777936099
3328,6.52283333333333,6.67866308512604,0.155829751792705
3329,6.03258333333333,6.65634463414638,0.623761300813049
3330,5.08875,6.6471916723288,1.5584416723288
3331,4.22141666666667,6.68518134129015,2.46376467462348
3332,4.31466666666667,6.7423180211443,2.42765135447763
3333,4.39141666666667,6.79856348218942,2.40714681552275
3334,4.367,6.84892545836687,2.48192545836687
3335,4.20716666666667,6.90345764726121,2.69629098059454
3336,4.10366666666667,6.98725971010019,2.88359304343352
3337,4.14641666666667,7.13484940766123,2.98843274099456
3338,5.01666666666667,7.31693594991992,2.30026928325325
3339,5.07733333333333,7.46848632056621,2.39115298723288
3340,5.09358333333333,7.54997397248916,2.45639063915583
3341,5.07758333333333,7.54880430991254,2.47122097657921
3342,5.15258333333333,7.4793146883949,2.32673135506157
3343,5.23125,7.38277441482951,2.15152441482951
3344,5.16333333333333,7.30670042859513,2.1433670952618
3345,5.05858333333333,7.23399754398573,2.1754142106524
3346,5.11183333333333,7.16201806581453,2.0501847324812
3347,5.16875,7.09075479589827,1.92200479589827
3348,5.11983333333333,7.02020060717218,1.90036727383885
3349,5.12125,6.9734910477202,1.8522410477202
3350,5.28791666666667,6.99158803964886,1.70367137298218
3351,5.5795,7.06997937187471,1.49047937187471
3352,5.79625,7.16858557204255,1.37233557204255
3353,5.986,7.21380652441631,1.22780652441631
3354,6.16741666666667,7.18931660586628,1.02189993919961
3355,6.42541666666667,7.13040022849795,0.704983561831276
3356,6.69775,7.05781854654855,0.360068546548547
3357,6.97525,6.98777588386343,0.0125258838634261
3358,7.28033333333333,6.93189425579362,-0.348439077539712
3359,7.475,6.89499230300712,-0.580007696992881
3360,7.53741666666667,6.88205033918166,-0.655366327485011
3361,7.47991666666667,6.90667190093197,-0.573244765734699
3362,7.343,7.00010424847136,-0.342895751528638
3363,7.09375,7.17530660592031,0.081556605920305
3364,6.86775,7.2703192847459,0.402569284745901
3365,6.631,7.22894284299671,0.59794284299671
3366,6.455,7.14056338602714,0.685563386027145
3367,6.34983333333333,7.06951359291435,0.71968025958102
3368,6.35333333333333,6.99917075732945,0.645837423996121
3369,6.3465,6.92952784492121,0.583027844921215
3370,6.40641666666667,6.85949449017295,0.453077823506277
3371,6.44883333333333,6.77511619655738,0.326282863224047
3372,6.46191666666667,6.69033461507613,0.228417948409464
3373,6.37716666666667,6.62241920591631,0.245252539249642
3374,6.28483333333333,6.58070865355657,0.295875320223236
3375,6.23883333333333,6.56661086676711,0.327777533433781
3376,6.27325,6.57360297860973,0.300352978609726
3377,6.39425,6.58723134643775,0.192981346437747
3378,6.60375,6.58511155189607,-0.0186384481039257
3379,6.81841666666667,6.53860000800186,-0.279816658664809
3380,7.09375,6.46015574065727,-0.633594259342729
3381,7.33783333333333,6.39410694219237,-0.943726391140961
3382,7.59533333333333,6.36287223592895,-1.23246109740438
3383,7.70941666666667,6.3658023424416,-1.34361432422507
3384,7.70083333333333,6.37918007955772,-1.32165325377561
3385,7.58883333333333,6.4262281770595,-1.16260515627383
3386,7.07725,6.52363385799739,-0.55361614200261
3387,6.74333333333333,6.58340699582018,-0.159926337513152
3388,6.33933333333333,6.568302479698,0.22896914636467
3389,6.03466666666667,6.49374095112372,0.459074284457053
3390,5.71041666666667,6.42086277807221,0.710446111405536
3391,5.48591666666667,6.35697412517197,0.871057458505304
3392,5.316,6.2937211754703,0.977721175470304
3393,5.22091666666667,6.23109760386509,1.01018093719842
3394,5.15408333333333,6.16909714740851,1.01501381407518
3395,5.159,6.1091949794952,0.950194979495196
3396,5.22566666666667,6.07097705271401,0.845310386047341
3397,5.22325,6.05643205593482,0.833182055934822
3398,5.27491666666667,6.0605822381364,0.785665571469729
3399,5.36741666666667,6.07883588903171,0.711419222365045
3400,5.34741666666667,6.10698733906794,0.759570672401274
3401,5.56025,6.14121695942646,0.580966959426463
3402,5.79975,6.17809116202285,0.378341162022847
3403,6.21041666666667,6.21456239950687,0.00414573284020481
3404,6.58583333333333,6.24796916526253,-0.337864168070803
3405,6.89358333333333,6.27603599340798,-0.617547339925348
3406,7.05366666666667,6.29687345879562,-0.756793207871046
3407,7.24883333333333,6.30897817701204,-0.939855156321294
3408,7.389,6.311232804378,-1.077767195622
3409,7.4525,6.30290603794851,-1.14959396205149
3410,7.24458333333333,6.28365261551275,-0.96093071782058
3411,6.909,6.2535133155941,-0.655486684405895
3412,6.53616666666667,6.21291495745017,-0.323251709216501
3413,6.14183333333333,6.16267040107273,0.0208370677394027
3414,5.801,6.10397854718779,0.302978547187785
3415,5.58058333333333,6.03842433725553,0.457841003922203
3416,5.44466666666667,5.96797875347036,0.523312086803686
3417,5.39583333333333,5.89499881876086,0.499165485427532
3418,5.45925,5.82222759678984,0.362977596789845
3419,5.59766666666667,5.75279419195431,0.155127525287643
3420,5.73566666666667,5.69021374938545,-0.0454529172812164
3421,5.91483333333333,5.64272870121271,-0.272104632120618
3422,5.8685,5.61554620321277,-0.252953796787234
3423,5.97891666666667,5.60460052956422,-0.37431613710245
3424,6.25808333333333,5.60608495706062,-0.651998376272711
3425,6.51683333333333,5.61651284913411,-0.900320484199222
3426,6.89216666666667,5.63271765585544,-1.25944901081123
3427,7.27283333333333,5.65185291393398,-1.62098041939935
3428,7.49375,5.6713922467177,-1.8223577532823
3429,7.70891666666667,5.68912936419316,-2.01978730247351
3430,7.97241666666666,5.70317806298555,-2.26923860368111
3431,8.22358333333333,5.71197222635866,-2.51161110697467
3432,8.42416666666667,5.71426582421487,-2.7099008424518
3433,8.511,5.70913291309519,-2.80186708690481
3434,8.266,5.69596763617922,-2.57003236382078
3435,7.76733333333333,5.67448422328517,-2.09284911004816
3436,7.52058333333333,5.64471699086987,-1.87586634246346
3437,7.4385,5.60702034202873,-1.83147965797127
3438,7.34191666666667,5.5620687664958,-1.77984790017087
3439,7.2585,5.5108568406437,-1.7476431593563
3440,7.17775,5.45469922748368,-1.72305077251632
3441,7.15791666666667,5.39523067666559,-1.76268599000108
3442,7.14516666666667,5.33440602447789,-1.81076064218878
3443,7.17941666666667,5.27450019384763,-1.90491647281904
3444,7.18258333333333,5.21810819434051,-1.96447513899282
3445,7.15583333333333,5.16814512216077,-1.98768821117256
3446,7.1645,5.18741431675585,-1.97708568324415
3447,7.14483333333333,5.31047655482709,-1.83435677850624
3448,7.11191666666667,5.47791829828653,-1.63399836838014
3449,7.20091666666667,5.64665311181923,-1.55426355484744
3450,7.30683333333333,5.79032719600714,-1.51650613732619
3451,7.42716666666667,5.89931938732911,-1.52784727933756
3452,7.63083333333333,5.9807411581609,-1.65009217517243
3453,7.88158333333333,6.05843661677514,-1.82314671655819
3454,8.02866666666667,6.12509017226532,-1.90357649440135
3455,8.08058333333333,6.18006122114259,-1.90052211219074
3456,8.16083333333333,6.26429564104296,-1.89653769229037
3457,8.33258333333333,6.39354745005109,-1.93903588328224
3458,8.3315,6.56101937271466,-1.77048062728534
3459,8.1445,6.72483773074655,-1.41966226925346
3460,7.96533333333333,6.80219300830792,-1.16314032502541
3461,7.73275,6.77298222942525,-0.959767770574746
3462,7.46591666666667,6.69087313852217,-0.775043528144503
3463,7.24241666666667,6.62410263527259,-0.61831403139408
3464,7.08475,6.5581917125052,-0.5265582874948
3465,7.05966666666667,6.49293661487346,-0.566730051793215
3466,7.0865,6.42833081645299,-0.658169183547014
3467,7.1495,6.37042890742629,-0.779071092573714
3468,7.20758333333333,6.34941963519079,-0.858163698142544
3469,7.23433333333333,6.36160652410257,-0.872726809230761
3470,7.29233333333333,6.39842465664363,-0.893908676689699
3471,7.24591666666667,6.45210597146862,-0.793810695198045
3472,7.46233333333333,6.51567926340486,-0.946654069928473
3473,7.64966666666667,6.58297018345229,-1.06669648321438
3474,7.86908333333333,6.64860123878356,-1.22048209454977
3475,8.18841666666667,6.70799179274393,-1.48042487392274
3476,8.50208333333333,6.75735806485135,-1.74472526848198
3477,8.68133333333333,6.79371313079639,-1.88762020253693
3478,8.81741666666667,6.81486692244233,-2.00254974422434
3479,8.8775,6.81942622782505,-2.05807377217495
3480,8.67008333333333,6.80679469115312,-1.86328864218021
3481,8.49833333333333,6.77717281280776,-1.72116052052557
3482,8.27591666666667,6.73155794934285,-1.54435871732382
3483,7.99666666666667,6.67174431348491,-1.32492235318176
3484,7.72191666666667,6.60032297413315,-1.12159369253352
3485,7.49616666666667,6.52068185635939,-0.975484810307279
3486,7.34058333333333,6.43700574140815,-0.903577591925179
3487,7.2785,6.35427626669659,-0.924223733303413
3488,7.30591666666667,6.27827192581451,-1.02764474085216
3489,7.27875,6.21535837517881,-1.06339162482119
3490,7.12925,6.15945694775464,-0.969793052245356
3491,6.58241666666667,6.09446339456401,-0.487953272102663
3492,5.23516666666667,6.01904244072624,0.783875774059571
3493,4.75075,5.94832067103443,1.19757067103443
3494,4.31775,5.91396367318349,1.59621367318349
3495,4.51591666666667,5.97988455413911,1.46396788747244
3496,5.09041666666667,6.12729441933276,1.03687775266609
3497,5.52033333333333,6.30205574459106,0.781722411257734
3498,5.7145,6.47156857091826,0.757068570918264
3499,5.99066666666667,6.62477050449623,0.634103837829558
3500,6.16483333333333,6.76663973644519,0.601806403111865
3501,6.17941666666667,6.90171066175583,0.722293995089159
3502,5.84383333333333,7.04743629605438,1.20360296272105
3503,5.38875,7.21152846973178,1.82277846973178
3504,4.92091666666667,7.38993495790512,2.46901829123845
3505,4.68116666666667,7.56683948041759,2.88567281375092
3506,4.47875,7.71466170183853,3.23591170183853
3507,4.44425,7.7940572314634,3.3498072314634
3508,4.656,7.78757023430551,3.13157023430551
3509,4.9,7.73389278283378,2.83389278283378
3510,5.21558333333333,7.6554179334594,2.43983460012607
3511,5.181,7.56863677224284,2.38763677224284
3512,4.59525,7.48425885750579,2.88900885750579
3513,3.66458333333333,7.40721221983124,3.74262888649791
3514,2.90183333333333,7.3366433620634,4.43481002873007
3515,3.1465,7.26596880492134,4.11946880492135
3516,3.60291666666667,7.19211852565374,3.58920185898707
3517,4.01633333333333,7.12559469368459,3.10926136035126
3518,4.35558333333333,7.07530447485568,2.71972114152235
3519,4.68741666666667,7.04668997509769,2.35927330843102
3520,4.80816666666667,7.0417282404303,2.23356157376363
3521,5.05375,7.05893125696212,2.00518125696212
3522,5.08491666666667,7.09334595089071,2.00842928422404
3523,5.47766666666667,7.13655418850259,1.65888752183592
3524,5.91708333333333,7.17667277617322,1.25958944283989
3525,6.17508333333333,7.19796680461326,1.02288347127993
3526,6.32516666666667,7.1806579976678,0.855491331001129
3527,6.44275,7.14484028864053,0.702090288640527
3528,6.66316666666667,7.11847707572642,0.455310409059755
3529,6.78266666666666,7.12380534684868,0.341138680182022
3530,6.52983333333333,7.1786329005405,0.64879956720717
3531,6.092,7.32467636437393,1.23267636437393
3532,5.7115,7.46460872253252,1.75310872253252
3533,5.43266666666667,7.50836634668881,2.07569968002214
3534,5.23658333333333,7.4476316562752,2.21104832294187
3535,5.20116666666667,7.3552690873454,2.15410242067873
3536,5.2165,7.28208293654326,2.06558293654326
3537,5.25683333333333,7.20962500034295,1.95279166700962
3538,5.34183333333333,7.13788803329784,1.79605469996451
3539,5.40116666666667,7.06686486117618,1.66569819450951
3540,5.54033333333333,6.9968928401341,1.45655950680077
3541,5.79225,6.93024961503689,1.13799961503689
3542,5.96741666666667,6.86681614301203,0.89939947634536
3543,6.03791666666667,6.80598278513954,0.768066118472874
3544,6.31766666666667,6.74719167260712,0.429525005940451
3545,6.53441666666667,6.68993670671011,0.155520040043442
3547,7.66127272727273,6.57826967054205,-1.08300305673068
3548,7.9005,6.52310425340001,-1.37739574659999
3549,8.09725,6.46796828915143,-1.62928171084858
3550,8.33458333333333,6.41261452962995,-1.92196880370338
3551,8.52875,6.35684749677691,-2.17190250322309
3552,8.696,6.3005234826413,-2.3954765173587
3553,8.70091666666667,6.24355054937977,-2.4573661172869
3554,8.03208333333333,6.18588852925664,-1.84619480407669
3555,7.71775,6.1275490246439,-1.5902009753561
3556,7.28383333333333,6.06859540802117,-1.21523792531216
3557,6.89091666666667,6.00914282197576,-0.88177384469091
3558,6.59483333333333,5.94935817920265,-0.645475154130681
3559,6.37008333333333,5.88946016250446,-0.480623170828871
3560,6.21033333333333,5.82971922479148,-0.380614108541847
3561,6.14316666666667,5.77045758908168,-0.372709077584992
3562,6.21841666666667,5.71204924850066,-0.506367418166007
3563,6.37466666666667,5.65723682232264,-0.717429844344035
3564,6.59908333333333,5.67830061129195,-0.920782722041376
3565,6.85091666666667,5.77083619850537,-1.0800804681613
3566,7.0035,5.89045105813765,-1.11304894186235
3567,7.15575,6.00303588197118,-1.15271411802882
3568,7.24725,6.08476457939592,-1.16248542060408
3569,7.36383333333333,6.12209427740948,-1.24173905592385
3570,7.508,6.11176532061704,-1.39623467938296
3571,7.671,6.0608012712314,-1.6101987287686
3572,7.93766666666667,5.98650890907296,-1.95115775759371
3573,8.2665,5.91642643637473,-2.35007356362527
3574,8.587,5.87301598832383,-2.71398401167617
3575,8.85866666666667,5.84918905554459,-3.00947761112208
3576,9.03325,5.83501938064395,-3.19823061935605
3577,8.98408333333334,5.82258866249491,-3.16149467083843
3578,8.66358333333333,5.80598655623658,-2.85759677709675
3579,8.19758333333333,5.78131067327419,-2.41627266005914
3580,7.78058333333333,5.74666658127904,-2.03391675205429
3581,7.36541666666667,5.70216780418856,-1.66324886247811
3582,7.15641666666667,5.64993582220626,-1.50648084446041
3583,7.01558333333333,5.59408909877911,-1.42149423455422
3584,6.94141666666667,5.53842698210958,-1.40298968455709
3585,6.90608333333333,5.48331871289258,-1.42276462044075
3586,6.91658333333333,5.4287587801847,-1.48782455314863
3587,6.98891666666667,5.38601655509186,-1.60290011157481
3588,7.01375,5.32029291844728,-1.69345708155272
3589,7.05058333333333,5.23303823307541,-1.81754510025792
3590,6.99825,5.27990602199659,-1.71834397800341
3591,6.91525,5.45370695184883,-1.46154304815117
3592,6.97641666666667,5.61552554580166,-1.36089112086501
3593,7.18991666666667,5.69516083895705,-1.49475582770962
3594,7.391,5.70379375673786,-1.68720624326214
3595,7.71216666666667,5.67209474273924,-2.04007192392743
3596,7.99683333333333,5.61972939977319,-2.37710393356014
3597,8.22975,5.56138581648068,-2.66836418351932
3598,8.5075,5.51551228560543,-2.99198771439457
3599,8.78391666666667,5.49690000078623,-3.28701666588044
3600,8.95791666666667,5.49232613113171,-3.46559053553496
3601,8.85341666666667,5.49056778959495,-3.36284887707172
3602,8.461,5.48338881731115,-2.97761118268885
3603,7.963,5.46553978359762,-2.49746021640238
3604,7.57741666666667,5.43475798595382,-2.14265868071285
3605,7.16291666666667,5.39176745006132,-1.77114921660535
3606,6.84558333333333,5.34027892978382,-1.50530440354951
3607,6.64275,5.28892062752375,-1.35382937247625
3608,6.5655,5.2584839687396,-1.3070160312604
3609,6.58941666666667,5.22001447237787,-1.3694021942888
3610,6.63816666666667,5.15091599526428,-1.48725067140239
3611,6.73741666666667,5.05116671064269,-1.68624995602398
3612,6.81608333333333,4.94331910817517,-1.87276422515816
3613,6.90675,4.87249999394196,-2.03425000605804
3614,6.95983333333333,4.90641049044148,-2.05342284289185
3615,6.72633333333333,5.04900542580614,-1.67732790752719
3616,6.742,5.1424605801446,-1.5995394198554
3617,7.10183333333333,5.18912496740801,-1.91270836592532
3618,7.31033333333333,5.19995945190958,-2.11037388142375
3619,7.61408333333333,5.18542256485078,-2.42866076848255
3620,7.91025,5.15547050432132,-2.75477949567868
3621,8.20716666666667,5.11955713529914,-3.08760953136753
3622,8.59658333333333,5.08772417142289,-3.50885916191044
3623,8.828,5.10073923609713,-3.72726076390287
3624,8.89733333333333,5.15482439408231,-3.74250893925102
3625,8.72825,5.22541358490353,-3.50283641509647
3626,8.47591666666666,5.29309743099123,-3.18281923567543
3627,8.12808333333333,5.3436232376813,-2.78446009565203
3628,7.68416666666667,5.36789499321496,-2.31627167345171
3629,7.255,5.36197336873886,-1.89302663126114
3630,6.94108333333333,5.32707571830502,-1.61400761502831
3631,6.72733333333333,5.26957607887087,-1.45775725446246
3632,6.60175,5.20100517029919,-1.40074482970081
3633,6.57233333333333,5.13805039535819,-1.43428293797514
3634,6.6005,5.08807182050456,-1.51242817949544
3635,6.6935,5.03881613713346,-1.65468386286654
3636,6.796,4.99173225650139,-1.80426774349861
3637,6.87741666666667,4.95640447550845,-1.92101219115822
3638,6.84108333333333,4.95049842068266,-1.89058491265067
3639,6.76883333333333,4.99976104818,-1.76907228515333
3640,6.70091666666667,5.13604827751451,-1.56486838915216
3641,6.68258333333333,5.30137994666915,-1.38120338666418
3642,6.69166666666667,5.45848307971901,-1.23318358694766
3643,6.82141666666667,5.612234028103,-1.20918263856367
3644,7.09325,5.7633326692377,-1.3299173307623
3645,7.29841666666667,5.90830240651738,-1.39011426014929
3646,7.52375,6.03949016931404,-1.48425983068596
3647,7.69258333333333,6.15372350232365,-1.53885983100968
3648,7.77083333333333,6.29722398595321,-1.47360934738012
3649,7.91875,6.43195310104068,-1.48679689895932
3650,7.91133333333333,6.51834827099597,-1.39298506233736
3651,7.78975,6.53843803833181,-1.25131196166819
3652,7.60416666666667,6.49584206466371,-1.10832460200296
3653,7.30675,6.41577113071001,-0.890978869289994
3654,7.03483333333333,6.34255720335048,-0.692276129982851
3655,6.70841666666667,6.27944770302462,-0.428968963642052
3656,6.4495,6.21696615295715,-0.232533847042848
3657,6.31558333333333,6.15510630612074,-0.160477027212594
3658,6.20125,6.0938619762793,-0.107388023720695
3659,6.1175,6.03322703798807,-0.0842729620119256
3660,6.1805,5.97323197415149,-0.207268025848506
3661,6.239,5.9825195579468,-0.256480442053196
3662,6.26341666666667,6.07318811080639,-0.190228555860283
3663,6.42691666666667,6.18433829176628,-0.242578374900386
3664,6.64416666666667,6.27354078583882,-0.370625880827846
3665,6.89625,6.31683630401262,-0.579413695987382
3666,7.31041666666667,6.30873558325256,-1.00168108341411
3667,7.776,6.26699376669989,-1.50900623330011
3668,8.14408333333333,6.2130289001865,-1.93105443314683
3669,8.50283333333333,6.15523809055585,-2.34759524277748
3670,8.9255,6.10172650598452,-2.82377349401548
3671,9.20858333333334,6.06040905793026,-3.14817427540309
3672,9.36175,6.039010401132,-3.32273959886801
3673,9.26283333333333,6.08594501785203,-3.1768883154813
3674,8.73325,6.23620620459427,-2.49704379540573
3675,7.8325,6.39663131421804,-1.43586868578196
3676,7.407,6.50347913865576,-0.903520861344244
3677,6.88483333333333,6.52745241750548,-0.357380915827846
3678,6.50008333333333,6.47369783803099,-0.026385495302339
3679,6.2145,6.38180603516171,0.167306035161713
3680,6.07441666666667,6.31149188287963,0.23707521621296
3681,6.03441666666667,6.24721979642733,0.212803129760657
3682,6.05075,6.18254080127268,0.131790801272684
3683,6.07091666666667,6.11973553413453,0.0488188674678582
3684,6.21833333333333,6.063034620109,-0.15529871322433
3685,6.26091666666667,6.01861867266957,-0.242297993997105
3686,6.21575,6.01537483220577,-0.200375167794228
3687,5.873,6.10643487525811,0.233434875258113
3688,5.73433333333333,6.25032433724011,0.515991003906779
3689,5.98691666666667,6.4136438885144,0.426727221847728
3690,6.09266666666667,6.5794035626619,0.486736895995232
3691,6.169,6.74660318665434,0.577603186654341
3692,6.26783333333333,6.91482202734007,0.646988694006741
3693,6.23558333333333,7.08099041203497,0.84540707870164
3694,5.79758333333333,7.24240787267708,1.44482453934375
3695,4.42808333333333,7.3944182446986,2.96633491136527
3696,3.64441666666667,7.53040966702582,3.88599300035915
3697,3.71508333333333,7.64181458207919,3.92673124874586
3698,3.95666666666667,7.7162742776161,3.75960761094943
3699,4.2355,7.70939768936506,3.47389768936506
3700,4.478,7.64309882225547,3.16509882225547
3701,4.59041666666667,7.55504960514971,2.96463293848304
3702,4.49425,7.46878863184885,2.97453863184885
3703,4.06483333333333,7.39372116109266,3.32888782775933
3704,3.48125,7.32511911655959,3.84386911655959
3705,2.96791666666667,7.25829354318255,4.29037687651588
3706,2.74875,7.19789883891177,4.44914883891177
3707,2.46975,7.13036906353251,4.66061906353251
3708,2.19183333333333,7.05135188760107,4.85951855426774
3709,1.83133333333333,6.96647037812921,5.13513704479588
3710,1.262,6.89132299858406,5.62932299858406
3711,1.41175,6.85148360888818,5.43973360888818
3712,1.75541666666667,6.88250146541957,5.1270847987529
3713,2.28408333333333,6.9950112470839,4.71092791375057
3714,2.44616666666667,7.14205582687202,4.69588916020535
3715,3.56758333333333,7.30642727706764,3.73884394373431
3716,3.66691666666667,7.47567422126071,3.80875755459404
3717,3.80083333333333,7.64150548987071,3.84067215653738
3718,3.87533333333333,7.79979012014668,3.92445678681335
3719,3.88533333333333,7.9501201322035,4.06478679887017
3720,3.96241666666667,8.07557383882561,4.11315717215894
3721,3.85008333333333,8.16599238111998,4.31590904778665
3722,3.74216666666667,8.22188874506729,4.47972207840062
3723,3.49816666666667,8.2447844743837,4.74661780771703
3724,3.45341666666667,8.23720967052081,4.78379300385414
3725,3.46866666666667,8.20270299266569,4.73403632599902
3726,3.40991666666667,8.14581165774089,4.73589499107422
3727,3.25633333333333,8.07209144040439,4.81575810707105
3728,3.06083333333333,7.98810667304965,4.92727333971632
3729,2.98191666666667,7.90143024580559,4.91951357913892
3730,2.96191666666667,7.81847802303035,4.85656135636368
3731,3.032,7.71787111282765,4.68587111282765
3732,3.01333333333333,7.62986119979193,4.6165278664586
3733,3.04608333333333,7.58992002127171,4.54383668793838
3734,3.04583333333333,7.61603862686371,4.57020529353038
3735,3.16175,7.70872737841282,4.54697737841282
3736,3.35925,7.85101595001215,4.49176595001215
3737,3.34391666666667,8.00958740831395,4.66567074164728
3738,3.31266666666667,8.15847909646721,4.84581242980054
3739,3.15533333333333,8.27127432303059,5.11594098969726
3740,3.11183333333333,8.33629772286364,5.22446438953031
3741,3.08116666666667,8.36428259885274,5.28311593218607
3742,2.89191666666667,8.38837092191109,5.49645425524442
3743,2.56983333333333,8.39363498407792,5.82380165074459
3744,2.44033333333333,8.37077919422804,5.93044586089471
3745,2.47658333333333,8.40434814470223,5.9277648113689
3746,2.489,8.50991882732797,6.02091882732797
3747,2.57016666666667,8.63209028674169,6.06192362007502
3748,2.61316666666667,8.65947257298022,6.04630590631355
3749,2.66641666666667,8.60344451765535,5.93702785098868
3750,2.6985,8.51422203296374,5.81572203296374
3751,2.68291666666667,8.41907651831589,5.73615985164922
3752,2.65633333333333,8.33168475993069,5.67535142659736
3753,2.55258333333333,8.25212893083541,5.69954559750208
3754,2.64825,8.16190334661375,5.51365334661375
3755,2.81625,8.06027889302589,5.24402889302589
3756,2.9995,7.99751842029442,4.99801842029442
3757,3.17891666666667,8.00284274596213,4.82392607929546
3758,3.39258333333333,8.08019387230676,4.68761053897343
3759,3.66716666666667,8.20823498634094,4.54106831967427
3760,3.90941666666667,8.33678923189366,4.42737256522699
3761,4.17366666666667,8.40994716642955,4.23628049976288
3762,4.35716666666667,8.44505252319266,4.08788585652599
3763,4.46925,8.45895497516836,3.98970497516836
3764,4.59083333333333,8.45736625384722,3.86653292051389
3765,4.76841666666667,8.43486014922497,3.6664434825583
3766,4.81275,8.37806911475631,3.56531911475631
3767,4.903,8.33044492415021,3.42744492415021
3768,4.91308333333333,8.32396840774988,3.41088507441655
3769,4.78841666666667,8.36700628865796,3.57858962199129
3770,4.542,8.46079910638661,3.91879910638661
3771,4.34941666666667,8.59521308631926,4.24579641965259
3772,4.11641666666667,8.63717400166014,4.52075733499347
3773,3.62191666666667,8.57998326418212,4.95806659751545
3774,3.54533333333333,8.47997342555781,4.93464009222448
3775,3.397,8.374939166362,4.977939166362
3776,3.26133333333333,8.28413729607168,5.02280396273835
3777,3.22583333333333,8.20828675306604,4.98245341973271
3778,3.13533333333333,8.12859324055443,4.9932599072211
3779,3.12866666666667,8.02129001983959,4.89262335317292
3780,3.1305,7.92144733281364,4.79094733281364
3781,3.11066666666667,7.86337948225555,4.75271281558888
3782,3.16483333333333,7.86664645984266,4.70181312650933
3783,3.35383333333333,7.93605394615072,4.58222061281739
3784,3.64591666666667,8.06165331065387,4.4157366439872
3785,3.99225,8.21874161172467,4.22649161172467
3786,4.26316666666667,8.3605531219354,4.09738645526873
3787,4.50341666666667,8.4237698354792,3.92035316881253
3788,4.57383333333333,8.43833377621008,3.86450044287675
3789,4.699,8.43942303486813,3.74042303486813
3790,4.77908333333333,8.45345141691477,3.67436808358144
3791,4.8775,8.49806844253278,3.62056844253278
3792,4.81916666666667,8.58215934662628,3.76299267995961
3793,4.69075,8.70584507882076,4.01509507882076
3794,4.51375,8.81905394611647,4.30530394611647
3795,4.27941666666667,8.84051543836663,4.56109877169996
3796,4.08633333333333,8.80082826437809,4.71449493104476
3797,4.143,8.7274985235392,4.5844985235392
3798,4.2585,8.64062951555881,4.38212951555881
3799,4.30558333333333,8.55292174046626,4.24733840713293
3800,3.89191666666667,8.46967289861139,4.57775623194472
3825,4.23341666666667,6.61829952906905,2.38488286240238
3826,4.21858333333333,6.54621938641988,2.32763605308655
3827,4.20091666666667,6.45767839201933,2.25676172535266
3828,4.14375,6.36306764610472,2.21931764610472
3829,4.17666666666667,6.2849717569284,2.10830509026173
3830,4.21325,6.25816884075781,2.04491884075781
3831,4.34291666666667,6.32294827740714,1.98003161074047
3832,4.63166666666667,6.44812532761395,1.81645866094728
3833,4.82016666666667,6.60218144505469,1.78201477838802
3834,5.028,6.76741071102018,1.73941071102018
3835,5.05908333333333,6.93036453273269,1.87128119939936
3836,5.1355,7.08185164334595,1.94635164334595
3837,5.21316666666667,7.19717995738942,1.98401329072275
3838,5.26908333333333,7.20705503108238,1.93797169774905
3839,4.9895,7.21375107191642,2.22425107191642
3840,4.37875,7.2863821381783,2.9076321381783
3841,4.04066666666667,7.42856912070073,3.38790245403406
3842,3.90758333333333,7.57843974286239,3.67085640952906
3843,3.92558333333333,7.62837536548688,3.70279203215355
3844,4.08741666666667,7.59105217641025,3.50363550974358
3845,4.08875,7.51329051629653,3.42454051629653
3846,3.88425,7.42478634081744,3.54053634081744
3847,3.49758333333333,7.34263129287215,3.84504795953882
3848,3.08641666666667,7.27131270258735,4.18489603592068
3849,2.66325,7.20264010011791,4.53939010011791
3850,2.21966666666667,7.11091575415011,4.89124908748344
3851,2.11975,7.0163507471116,4.8966007471116
3852,2.32125,6.95382393013179,4.63257393013179
3853,2.68341666666667,6.94492183045893,4.26150516379226
3854,3.05483333333333,6.99793865146017,3.94310531812684
3855,3.47833333333333,7.10787627262155,3.62954293928822
3856,3.35766666666667,7.25644424954796,3.89877758288129
3857,3.1665,7.41205981396321,4.24555981396321
3858,2.99608333333333,7.54638745316571,4.55030411983238
3859,2.96108333333333,7.66601241370221,4.70492908036888
3860,3.38158333333333,7.7791353549267,4.39755202159337
3861,3.73941666666667,7.89210902504699,4.15269235838032
3862,4.09783333333333,8.00944543657168,3.91161210323835
3863,4.23066666666667,8.13381586631009,3.90314919964342
3864,4.26158333333333,8.26605085537229,4.00446752203896
3865,4.14808333333333,8.4051402091691,4.25705687583577
3866,4,8.5482021345053,4.5482021345053
3867,3.8895,8.6293030928596,4.7398030928596
3868,3.71891666666667,8.61885551234535,4.89993884567868
3869,3.6065,8.55284397485425,4.94634397485425
3870,3.53216666666667,8.45952125868211,4.92735459201544
3871,3.38966666666667,8.35940833852885,4.96974167186218
3872,3.57975,8.26529438549849,4.68554438549849
3873,3.57033333333333,8.18223676709917,4.61190343376584
3874,3.56958333333333,8.10756104724315,4.53797771390982
3875,3.64533333333333,8.03275180173427,4.38741846840094
3876,3.798,8.03645186555987,4.23845186555987
3877,3.91125,8.1256398473889,4.2143898473889
3878,4.02633333333333,8.25157454559107,4.22524121225774
3879,4.20791666666667,8.37656244005386,4.16864577338719
3880,4.44708333333333,8.47395769218247,4.02687435884914
3881,4.69575,8.52816214489985,3.83241214489985
3882,4.95166666666667,8.53462532264673,3.58295865598006
3883,5.25116666666667,8.49984443138153,3.24867776471486
3884,5.54808333333333,8.44136435858048,2.89328102524715
3885,5.87116666666667,8.3866705728724,2.51550390620573
3886,6.17925,8.33527414333485,2.15602414333485
3887,6.39441666666667,8.29694694284596,1.90253027617929
3888,6.58983333333333,8.29210198700018,1.70226865366685
3889,6.71683333333333,8.33600702249406,1.61917368916073
3890,6.70158333333333,8.43878452712621,1.73720119379288
3891,6.58516666666667,8.55276718105274,1.96760051438607
3892,6.2755,8.5796839199974,2.3041839199974
3893,5.98341666666667,8.54540477711404,2.56198811044737
3894,5.70008333333333,8.4754784683847,2.77539513505137
3895,5.37858333333333,8.39057683023372,3.01199349690039
3896,5.13591666666667,8.3058793912031,3.16996272453643
3897,5.00691666666667,8.2224785464915,3.21556187982483
3898,4.94475,8.13921136961297,3.19446136961297
3899,4.94283333333333,8.05760892513978,3.11477559180645
3900,4.92408333333333,7.98066223864914,3.05657890531581
3901,4.94175,7.91282229672317,2.97107229672317
3902,4.95766666666667,7.93489158503259,2.97722491836592
3903,4.73175,8.07305466934366,3.34130466934366
3904,4.65816666666667,8.23343847191164,3.57527180524497
3905,4.95608333333333,8.36318157057095,3.40709823723762
3906,5.15741666666667,8.45109573256696,3.29367906590029
3907,5.39066666666667,8.50892245623659,3.11825578956992
3908,5.65658333333333,8.49049920215581,2.83391586882248
3909,5.89291666666667,8.44898441238056,2.55606774571389
3910,6.04641666666667,8.43554976000028,2.38913309333361
3911,6.26416666666667,8.47861528753183,2.21444862086516
3912,6.47833333333333,8.58384940691949,2.10551607358616
3913,6.39916666666667,8.73416889953501,2.33500223286834
3914,6.25675,8.88912759612091,2.63237759612091
3915,6.178,8.95189934861474,2.77389934861474
3916,6.00075,8.92143893570444,2.92068893570444
3917,5.81358333333333,8.8435814839067,3.02999815057337
3918,5.58083333333333,8.7504244645679,3.16959113123457
3919,5.294,8.66032769386405,3.36632769386405
3920,5.11025,8.57791333280084,3.46766333280084
3921,4.9335,8.4922101151542,3.5587101151542
3922,4.89175,8.37724241801648,3.48549241801648
3923,4.85108333333333,8.2656649097726,3.41458157643927
3924,4.83558333333333,8.19244570129658,3.35686236796325
3925,4.85225,8.17899879821515,3.32674879821515
3926,4.90175,8.23318410090768,3.33143410090768
3927,4.79025,8.34930740450624,3.55905740450624
3928,4.99366666666667,8.5081203988956,3.51445373222893
3929,5.21991666666667,8.67682066871318,3.45690400204651
3930,5.48408333333333,8.81919864735645,3.33511531402312
3931,5.72708333333333,8.94199825010586,3.21491491677253
3932,5.837,9.05888862764113,3.22188862764113
3933,5.95641666666667,9.17857158830757,3.2221549216409
3934,6.09525,9.30517551333891,3.20992551333891
3935,6.20033333333333,9.43825535685723,3.2379220235239
3936,6.234,9.57279264587301,3.33879264587301
3937,6.20583333333333,9.70052669855716,3.49469336522383
3938,5.99758333333333,9.81870783685618,3.82112450352284
3939,5.98866666666667,9.89757383792053,3.90890717125386
3940,5.90458333333333,9.91559400350135,4.01101067016802
3941,5.71416666666667,9.86955580978948,4.15538914312281
3942,5.47308333333333,9.77456490741548,4.30148157408215
3943,5.20983333333333,9.66404512144961,4.45421178811628
3944,5.06341666666667,9.56943609483407,4.5060194281674
3945,4.96458333333333,9.47474633166084,4.51016299832751
3946,4.93108333333333,9.3732166283675,4.44213329503417
3947,4.99316666666667,9.26746413190816,4.27429746524149
3948,5.04291666666667,9.1691410679214,4.12622440125473
3949,5.04058333333333,9.0989347407302,4.05835140739687
3950,5.16225,9.0874151080585,3.9251651080585
3951,5.189,9.17487571514843,3.98587571514843
3952,5.24775,9.28668776235939,4.03893776235939
3953,5.48841666666667,9.34684278392669,3.85842611726002
3954,5.836,9.32499454347465,3.48899454347465
3955,6.26558333333333,9.23645903401659,2.97087570068326
3956,6.7185,9.13686732940887,2.41836732940887
3957,7.13241666666667,9.04284612333356,1.91042945666689
3958,7.4425,8.95267672335352,1.51017672335352
3959,7.74241666666667,8.87318861586335,1.13077194919668
3960,7.93566666666667,8.81523900360457,0.879572336937898
3961,7.98491666666666,8.79371280566562,0.808796138998963
3962,7.88883333333333,8.82305899740834,0.934225664075005
3963,7.565,8.83603456055085,1.27103456055085
3964,7.09525,8.81217915842207,1.71692915842207
3965,6.57466666666667,8.76194307091937,2.1872764042527
3966,6.14808333333333,8.69411723520985,2.54603390187652
3967,5.785,8.61583324573033,2.83083324573033
3968,5.54008333333333,8.53256335418737,2.99248002085404
3969,5.3325,8.44812046955724,3.11562046955724
3970,5.1285,8.36465815808595,3.23615815808595
3971,5.06416666666667,8.28267064328923,3.21850397662256
3972,5.06841666666667,8.20142040663995,3.13300373997328
3973,5.10083333333333,8.15906069857115,3.05822736523782
3974,5.31891666666667,8.16297407105934,2.84405740439267
3975,5.55058333333333,8.19025756625823,2.6396742329249
3976,5.84258333333333,8.22243217585483,2.3798488425215
3977,6.06825,8.24544284106948,2.17719284106948
3978,6.31508333333333,8.24965845265581,1.93457511932248
3979,6.638,8.22987185090079,1.59187185090079
3980,6.85483333333333,8.18529982562472,1.33046649229139
3981,7.12816666666667,8.11958311618119,0.991416449514518
3982,7.37583333333333,8.04078641145711,0.664953078123783
3983,7.72583333333333,7.96139834987273,0.235565016539402
3984,8.025,7.8983315193816,-0.126668480618397
3985,8.22783333333333,7.87292245747059,-0.354910875862735
3986,8.21041666666667,7.89802118424272,-0.312395482423952
3987,7.88125,7.9316422031398,0.0503922031397996
3988,7.42808333333333,7.95741679421962,0.529333460886289
3989,6.95033333333333,7.96672397814729,1.01639064481396
3990,6.56516666666667,7.95429688725461,1.38913022058794
3991,6.26908333333333,7.91822276554004,1.64913943220671
3992,6.06033333333333,7.85994296866869,1.79960963533536
3993,5.86983333333333,7.78425296397238,1.91441963063905
3994,5.69016666666667,7.69930233044958,2.00913566378291
3995,5.561,7.61659475876542,2.05559475876542
3996,5.40233333333333,7.61394387169081,2.21161053835748
3997,5.36483333333333,7.72290856264029,2.35807522930696
3998,5.72375,7.87708210235361,2.15333210235361
3999,5.90541666666667,8.02536520334401,2.11994853667734
4000,6.14991666666667,8.13214428055004,1.98222761388337
4001,6.34691666666667,8.17729145133551,1.83037478466884
4002,6.55308333333333,8.15616453548954,1.60308120215621
4003,6.77291666666667,8.07960705522652,1.30669038855985
4004,7.00583333333333,7.97394823518616,0.968114901852831
4005,7.30383333333333,7.87873479543233,0.574901462099004
4006,7.62708333333333,7.79703170945092,0.169948376117588
4007,7.982,7.72341068865563,-0.258589311344375
4008,8.20125,7.66799485811729,-0.533255141882711
4009,8.30058333333333,7.6500908795136,-0.650492453819727
4010,7.98525,7.69830437883238,-0.286945621167619
4011,7.5235,7.83476377155381,0.311263771553814
4012,7.03541666666667,7.96693760414132,0.931520937474647
4013,6.51391666666667,8.01519571845918,1.50127905179251
4014,6.06608333333333,7.96480806467909,1.89872473134576
4015,5.71375,7.86594470128009,2.15219470128009
4016,5.4845,7.78670547819007,2.30220547819007
4017,5.34708333333333,7.70916055474279,2.36207722140946
4018,5.20675,7.63239776924611,2.42564776924611
4019,5.16766666666667,7.55657024219969,2.38890357553302
4020,5.17433333333333,7.48193108764545,2.30759775431212
4021,5.35283333333333,7.48559793985557,2.13276460652224
4022,5.55283333333333,7.6131162830333,2.06028294969997
4023,5.41741666666667,7.77095016314134,2.35353349647467
4024,5.74875,7.89352113909086,2.14477113909086
4025,6.14725,7.9445342941397,1.7972842941397
4026,6.47941666666667,7.91697823589246,1.43756156922579
4027,6.73458333333333,7.83312509630044,1.09854176296711
4028,6.97275,7.74261599724868,0.769865997248683
4029,7.42758333333333,7.66337477261728,0.235791439283954
4030,7.82566666666667,7.59171868205633,-0.233947984610336
4031,8.09025,7.53310598773211,-0.557144012267892
4032,8.16333333333333,7.49534312846837,-0.667990204864958
4033,8.107,7.4885847197464,-0.618415280253599
4034,7.90108333333333,7.58066602919717,-0.320417304136156
4035,7.45458333333333,7.73476165490995,0.280178321576618
4036,6.89041666666667,7.82433910361827,0.933922436951603
4037,6.31391666666667,7.80312300506806,1.48920633840139
4038,5.75325,7.70561843600649,1.95236843600649
4039,5.31808333333333,7.62248773623095,2.30440440289762
4040,5.05075,7.54664271530127,2.49589271530127
4041,4.906,7.47155236559656,2.56555236559656
4042,4.80675,7.39720917795871,2.59045917795871
4043,4.78241666666667,7.32360571730661,2.54118905063994
4044,4.83541666666667,7.25959094931811,2.42417428265144
4045,4.92191666666667,7.22148330835321,2.29956664168654
4046,4.94408333333333,7.20451619827671,2.26043286494338
4047,4.969,7.20362708848662,2.23462708848662
4048,5.21275,7.21418812770831,2.00143812770831
4049,5.20466666666667,7.2320061439945,2.02733947732783
4050,2.44758333333333,7.25332264472527,4.80573931139194
4051,1.722,7.27481381660805,5.55281381660805
4052,1.53691666666667,7.29359052567763,5.75667385901096
4053,1.42141666666667,7.30719831729615,5.88578165062948
4054,1.28533333333333,7.31361741615311,6.02828408281978
4055,1.14016666666667,7.31126272626534,6.17109605959867
4056,1.21558333333333,7.29898383097707,6.08340049764374
4057,1.28325,7.27606499295984,5.99281499295984
4058,0.778666666666667,7.24222515421256,6.4635584875459
4059,0.635916666666667,7.19761793606152,6.56170126939485
4060,0.736916666666667,7.14283163916032,6.40591497249365
4061,0.92525,7.07888924348994,6.15363924348994
4062,1.15925,7.00724840835871,5.84799840835871
4063,1.4265,6.92980147240233,5.50330147240233
4064,1.62566666666667,6.84887545358382,5.22320878691715
4065,1.91016666666667,6.76723204919358,4.85706538252691
4066,2.05933333333333,6.68806763584935,4.62873430251602
4067,2.23208333333333,6.61501326949625,4.38292993616292
4068,2.51575,6.55035877394517,4.03460877394517
4069,2.67616666666667,6.49128910540422,3.81512243873755
4070,2.89433333333333,6.43661163430323,3.5422783009699
4071,3.22891666666667,6.38536275231724,3.15644608565057
4072,3.45108333333333,6.33666428404374,2.88558095071041
4073,3.86325,6.28972348700266,2.42647348700266
4074,4.37908333333333,6.2438330516364,1.86474971830307
4075,4.92275,6.1983711013098,1.2756211013098
4076,5.40066666666667,6.15280119231016,0.752134525643494
4077,5.82058333333333,6.10667231384724,0.286088980513909
4078,6.27675,6.05961888805323,-0.21713111194677
4079,6.65483333333333,6.0113607699828,-0.643472563350533
4080,6.89808333333333,5.96170324761305,-0.936380085720282
4081,6.84975,5.91053704184355,-0.939212958156453
4082,6.59316666666667,5.85783830649631,-0.735328360170359
4083,6.10108333333333,5.80366862831581,-0.297414705017519
4084,5.60708333333333,5.74817502696897,0.141091693635639
4085,5.202,5.69158995504516,0.489589955045158
4086,4.88508333333333,5.63423129805621,0.749147964722882
4087,4.74891666666667,5.57650237443641,0.827585707769738
4088,4.72391666666667,5.51889193554249,0.794975268875816
4089,4.761,5.46197416565363,0.70097416565363
4090,4.80275,5.40640868197148,0.603658681971482
4091,4.91041666666667,5.35921817724739,0.448801510580717
4092,5.03725,5.33860580031303,0.301355800313033
4093,5.11308333333333,5.33877426312349,0.225690929790155
4094,5.07716666666667,5.35221412821942,0.275047461552747
4095,4.67841666666667,5.37164424320876,0.693227576542089
4096,4.88425,5.3900117407667,0.505761740766697
4097,5.24625,5.40049203863567,0.154242038635675
4098,5.51891666666667,5.39648883962539,-0.122427827041278
4099,5.84983333333333,5.37163413161281,-0.478199201720525
4100,6.17441666666667,5.32121087447637,-0.853205792190298
4101,6.73416666666667,5.26495920559945,-1.46920746106722
4102,7.21125,5.21134430079005,-1.99990569920995
4103,7.46125,5.16846348878453,-2.29278651121547
4104,7.49283333333333,5.15373172207951,-2.33910161125382
4105,7.17491666666667,5.19388157693179,-1.98103508973488
4106,6.84891666666667,5.33335053868606,-1.51556612798061
4107,6.53591666666667,5.52681464217905,-1.00910202448762
4108,6.087,5.66104153064144,-0.425958469358564
4109,5.57025,5.6873828912119,0.117132891211896
4110,5.46025,5.62440148987374,0.164151489873736
4111,5.39158333333333,5.55368598428416,0.162102650950834
4112,5.37841666666667,5.49842588496909,0.120009218302421
4113,5.34141666666667,5.44371563313004,0.102298966463366
4114,5.30816666666667,5.38954975785479,0.0813830911881155
4115,5.29766666666667,5.3359228420913,0.0382561754246336
4116,5.26475,5.3008964822954,0.0361464822953996
4117,5.25125,5.33460213499229,0.0833521349922917
4118,5.26916666666667,5.40357317328357,0.134406506616898
4119,5.0695,5.47556720702671,0.406067207026715
4120,5.13608333333333,5.52800724592695,0.391923912593623
4121,5.54991666666667,5.54798169953724,-0.00193496712942931
4122,5.93825,5.53224437725827,-0.40600562274173
4123,6.34983333333333,5.48721448833847,-0.862618844994859
4124,6.71316666666667,5.42871913406332,-1.28444753260334
4125,7.10325,5.3695231755083,-1.7337268244917
4126,7.5495,5.31294304368872,-2.23655695631128
4127,7.91475,5.26878079958425,-2.64596920041575
4128,8.12775,5.25466980152294,-2.87308019847706
4129,8.05933333333333,5.29752992611165,-2.76180340722168
4130,7.79108333333333,5.43707742735492,-2.35400590597841
4131,7.32691666666667,5.5786729104123,-1.74824375625437
4132,6.81358333333333,5.64030721367933,-1.173276119654
4133,6.3265,5.60811182749476,-0.71838817250524
4134,5.91025,5.53635889414059,-0.373891105859407
4135,5.52575,5.48126424731704,-0.0444857526829603
4136,5.23825,5.42672475645652,0.188474756456523
4137,5.03025,5.37272794311706,0.342477943117061
4138,4.93375,5.31926840727206,0.385518407272059
4139,4.87591666666667,5.27149371448854,0.395577047821869
4140,4.88041666666667,5.31747952262572,0.437062855959055
4141,4.94283333333333,5.44065239468558,0.497819061352253
4142,5.04491666666667,5.5880659060146,0.543149239347934
4143,5.23908333333333,5.72007151225465,0.48098817892132
4144,5.48775,5.81031854934295,0.322568549342948
4145,5.87633333333333,5.8457542335121,-0.0305790998212281
4146,6.2495,5.82662366129008,-0.422876338709924
4147,6.67316666666667,5.76646980950022,-0.906696857166454
4148,7.15791666666667,5.69213353526122,-1.46578313140544
4149,7.628,5.63056196485423,-1.99743803514577
4150,8.00441666666667,5.57276727741538,-2.43164938925129
4151,8.344,5.51867757074306,-2.82532242925694
4152,8.62716666666667,5.48431571679576,-3.14285094987091
4153,8.63025,5.50160642812645,-3.12864357187355
4154,8.347,5.6256575017779,-2.7213424982221
4155,7.87958333333333,5.80367690617913,-2.0759064271542
4156,7.31616666666667,5.91038739412399,-1.40577927254268
4157,6.78625,5.90296265069572,-0.883287349304279
4158,6.33833333333333,5.82400777800648,-0.514325555326848
4159,5.97083333333333,5.76278328401622,-0.208050049317107
4160,5.73141666666667,5.7054426319513,-0.0259740347153707
4161,5.58041666666667,5.64867252933342,0.0682558626667511
4162,5.48333333333333,5.59246729889157,0.109133965558243
4163,5.474,5.54430399855487,0.0703039985548726
4164,5.429,5.59853518468725,0.169535184687253
4165,5.50208333333333,5.73852238324361,0.236439049910283
4166,5.60316666666667,5.91459988355737,0.311433216890704
4167,5.777,6.08747669341524,0.310476693415245
4168,6.01266666666667,6.22823653905722,0.215569872390551
4169,6.38183333333333,6.31833786517658,-0.063495468156753
4170,6.72975,6.34961383491988,-0.380136165080121
4171,7.13325,6.32427232988697,-0.808977670113031
4172,7.58875,6.25489595013098,-1.33385404986902
4173,8.02625,6.16444201415834,-1.86180798584166
4174,8.33875,6.08624255892874,-2.25250744107126
4175,8.63708333333333,6.06376516522285,-2.57331816811048
4176,8.83133333333334,6.09582586114607,-2.73550747218727
4177,8.82491666666667,6.15481654957337,-2.6701001170933
4178,8.05725,6.21843280822025,-1.83881719177975
4179,7.893,6.26974374533953,-1.62325625466047
4180,7.53441666666667,6.29719199972131,-1.23722466694536
4181,7.13091666666667,6.29459374069302,-0.836322925973648
4182,6.65758333333333,6.26113866811939,-0.396444665213943
4183,6.29566666666667,6.20139001240243,-0.0942766542642373
4184,6.067,6.1252845344815,0.0582845344814977
4185,5.8935,6.04813252583322,0.154632525833219
4186,5.78925,5.98401733369536,0.19476733369536
4187,5.71433333333333,5.92091666387597,0.206583330542645
4188,5.64875,5.86693636282357,0.218186362823568
4189,5.67941666666667,5.82964387982766,0.150227213160988
4190,5.74166666666667,5.81199859317872,0.070331926512055
4191,5.83666666666667,5.81235181016821,-0.0243148564984637
4192,5.98366666666667,5.8244467670885,-0.159219899578172
4193,6.35391666666667,5.83741862923295,-0.516498037433718
4194,6.7755,5.83579449089588,-0.939705509104118
4195,7.17841666666667,5.79967375494219,-1.37874291172448
4196,7.582,5.73911406007648,-1.84288593992352
4197,8.0025,5.6742766118261,-2.3282233881739
4198,8.39491666666667,5.61114920358232,-2.78376746308435
4199,8.699,5.55884018911789,-3.14015981088211
4200,8.912,5.52957848258709,-3.38242151741291
4201,9.00158333333333,5.53871355852568,-3.46286977480765
4202,8.87416666666667,5.60471545185096,-3.26945121481571
4203,8.45558333333333,5.72284740198996,-2.73273593134337
4204,7.89033333333333,5.76318330829614,-2.12715002503719
4205,7.27316666666667,5.73827419039976,-1.53489247626691
4206,6.70283333333333,5.68035100706815,-1.02248232626518
4207,6.19233333333333,5.61258271855879,-0.579750614774538
4208,5.70216666666667,5.54907628661927,-0.153090380047399
4209,5.489,5.49487667448731,0.00587667448731022
4210,5.35016666666667,5.44596684689076,0.0958001802240895
4211,5.28266666666667,5.39767691498697,0.115010248320303
4212,5.22966666666667,5.37153097688494,0.141864310218267
4213,5.227,5.36477705810898,0.137777058108979
4214,5.3535,5.37095700638012,0.017457006380118
4215,5.60233333333333,5.38334551655849,-0.218987816774835
4216,5.942,5.39495013064337,-0.547049869356631
4217,6.354,5.39851123777313,-0.955488762226874
4218,6.85275,5.38650207422527,-1.46624792577473
4219,7.36275,5.35112872341642,-2.01162127658358
4220,7.85891666666667,5.29764156867195,-2.56127509799472
4221,8.25675,5.24052557932676,-3.01622442067324
4222,8.59641666666667,5.18426407298069,-3.41215259368598
4223,8.90825,5.1366062244669,-3.7716437755331
4224,9.17075,5.10860121479226,-4.06214878520774
4225,9.285,5.11459823113737,-4.17040176886263
4226,8.96825,5.17224646685659,-3.79600353314341
4227,8.62283333333333,5.30194273651256,-3.32089059682077
4228,8.06325,5.38652915139343,-2.67672084860657
4229,7.42408333333333,5.36920386002762,-2.05487947330571
4230,6.84083333333333,5.30313847386793,-1.5376948594654
4231,6.42683333333333,5.22585326147992,-1.20098007185341
4232,6.1775,5.15921714854192,-1.01828285145808
4233,6.05391666666667,5.10944771784498,-0.944468948821692
4234,5.98775,5.0671112092929,-0.920638790707097
4235,5.91808333333333,5.01655096913264,-0.90153236420069
4236,5.90366666666667,4.96842189462584,-0.935244772040831
4237,5.94816666666667,4.95662931159802,-0.991537355068647
4238,6.07625,5.08395380136317,-0.992296198636826
4239,6.064,5.25568568570781,-0.808314314292192
4240,6.27966666666667,5.34339600397225,-0.936270662694416
4241,6.71941666666667,5.36468203054479,-1.35473463612188
4242,7.1665,5.34469319859207,-1.82180680140793
4243,7.58483333333333,5.30134351779056,-2.28348981554277
4244,8.05675,5.24676906410511,-2.80998093589489
4245,8.4625,5.18884788169,-3.27365211831
4246,8.82208333333333,5.14700626085315,-3.67507707248018
4247,8.97908333333333,5.14109719411315,-3.83798613922018
4248,9.02108333333333,5.17982015592236,-3.84126317741097
4249,8.70583333333333,5.26110260177885,-3.44473073155448
4250,8.32158333333333,5.41043379911168,-2.91114953422165
4251,7.75175,5.57330789458277,-2.17844210541723
4252,7.23483333333333,5.67856242255552,-1.55627091077781
4253,6.82283333333333,5.6987988992289,-1.12403443410443
4254,6.50133333333333,5.65248698100569,-0.848846352327637
4255,6.24483333333333,5.5962437955569,-0.648589537776425
4256,6.04508333333333,5.54056023942896,-0.504523093904369
4329,1.02225,2.66956953613476,1.64731953613476
4330,0.661166666666667,2.6424950859305,1.98132841926383
4331,0.547583333333333,2.616761587302,2.06917825396867
4332,0.683,2.59438423869513,1.91138423869513
4333,1.03325,2.64151936056122,1.60826936056122
4334,1.80333333333333,2.80842914382616,1.00509581049283
4335,2.62283333333333,2.98331077144479,0.360477438111459
4336,3.35516666666667,3.11095811236225,-0.244208554304423
4337,4.11266666666667,3.19833423508387,-0.914332431582801
4338,4.81125,3.24554577647902,-1.56570422352098
4339,5.41483333333333,3.26243006830321,-2.15240326503012
4340,5.88108333333333,3.25749766886375,-2.62358566446958
4341,6.30308333333333,3.27654717342329,-3.02653615991004
4342,6.39666666666667,3.27736159786542,-3.11930506880125
4343,6.35566666666667,3.36162120431384,-2.99404546235283
4344,6.37316666666667,3.5393689950312,-2.83379767163547
4345,6.27325,3.74012942388072,-2.53312057611928
4346,6.23883333333333,3.93134330802374,-2.30749002530959
4347,6.05458333333333,4.11308980372004,-1.94149352961329
4348,5.75916666666667,4.25587409399664,-1.50329257267003
4349,5.44658333333333,4.27306315373448,-1.17352017959885
4350,5.15208333333333,4.22404490323825,-0.928038430095084
4351,4.8685,4.1562570953699,-0.712242904630101
4352,4.759,4.09792886879537,-0.66107113120463
4353,4.70125,4.05808074798456,-0.64316925201544
4354,4.648,4.02652464321134,-0.621475356788664
4355,4.606,3.96722811663678,-0.638771883363223
4356,4.61991666666667,3.92224618198181,-0.697670484684857
4357,4.68441666666667,3.97477597884387,-0.709640687822802
4358,4.79833333333333,4.13069444980492,-0.667638883528415
4359,4.87741666666667,4.31685157002472,-0.560565096641951
4360,5.21041666666667,4.44255104070916,-0.767865625957513
4361,5.65833333333333,4.50258513697803,-1.1557481963553
4362,6.09308333333333,4.50982832337498,-1.58325500995835
4363,6.44641666666667,4.48897222379786,-1.95744444286881
4364,6.76966666666667,4.47102659475304,-2.29864007191363
4365,6.83833333333333,4.42610787034857,-2.41222546298476
4366,6.98283333333333,4.36451885522303,-2.6183144781103
4367,7.06758333333333,4.32203028268284,-2.74555305065049
4368,7.19808333333333,4.34057052849206,-2.85751280484127
4369,6.96308333333333,4.46148175633253,-2.5016015770008
4370,6.62008333333333,4.62842998330706,-1.99165335002627
4371,6.25933333333333,4.77731673621175,-1.48201659712158
4372,5.87333333333333,4.87049842045163,-1.00283491288171
4373,5.52591666666667,4.88397517177221,-0.641941494894458
4374,5.22541666666667,4.83710377152776,-0.38831289513891
4375,4.99741666666667,4.78897378445063,-0.208442882216044
4376,4.87591666666667,4.74132269920467,-0.134593967462003
4377,4.82625,4.69414575046864,-0.132104249531361
4378,4.79716666666667,4.64749357781983,-0.149673088846838
4379,4.84191666666667,4.63870355481805,-0.203213111848621
4380,4.89691666666667,4.68650399589037,-0.210412670776302
4381,4.96533333333333,4.77320369609024,-0.192129637243085
4382,5.13466666666667,4.88345852259573,-0.251208144070936
4383,5.40758333333333,5.00427141470949,-0.403311918623837
4384,5.75341666666667,5.12499238385878,-0.628424282807889
4385,6.15058333333333,5.23731851359546,-0.913264819737871
4386,6.59066666666667,5.33529395959599,-1.25537270707068
4387,6.96133333333333,5.41530994966144,-1.54602338367189
4388,7.35391666666667,5.47610478371746,-1.87781188294921
4389,7.78566666666667,5.51876383381434,-2.26690283285233
4390,8.08141666666667,5.54671954412694,-2.53469712253973
4391,8.405,5.56575143095473,-2.83924856904527
4392,8.34333333333333,5.58398608272178,-2.75934725061155
4393,8.367,5.61189715997676,-2.75510284002324
4394,8.1925,5.66230539539296,-2.53019460460704
4395,7.85308333333333,5.75037859376824,-2.10270473956509
4396,7.34266666666667,5.87974000350292,-1.46292666316375
4397,6.89441666666667,5.89716543041651,-0.997251236250165
4398,6.4275,5.83160729175524,-0.595892708244762
4399,6.03191666666667,5.75129013291204,-0.28062653375463
4400,5.79258333333333,5.6884749488901,-0.104108384443229
4401,5.57708333333333,5.63945918430287,0.0623758509695431
4402,5.42833333333333,5.57584465131533,0.147511317982
4403,5.31158333333333,5.51631290159959,0.204729568266258
4404,5.20608333333333,5.4953522629906,0.289268929657273
4405,5.15775,5.53410267858159,0.376352678581591
4406,5.27733333333333,5.64025984244388,0.362926509110553
4407,5.18633333333333,5.79924707616191,0.612913742828575
4408,5.43441666666667,5.91492401921383,0.480507352547157
4409,5.80966666666667,5.96560655660056,0.155939889933888
4410,6.36041666666667,5.96048645315153,-0.399930213515138
4411,6.91883333333333,5.91797768775687,-1.00085564557646
4412,7.4935,5.86604204184415,-1.62745795815585
4413,7.9835,5.82542212172592,-2.15807787827408
4414,8.33525,5.79212023311405,-2.54312976688595
4415,8.64766666666667,5.76698724618665,-2.88067942048002
4416,8.85716666666667,5.75877752812857,-3.0983891385381
4417,8.74416666666667,5.78414894313137,-2.9600177235353
4418,8.4585,5.88979963513356,-2.56870036486644
4419,7.88766666666667,6.06728190347834,-1.82038476318833
4420,7.264,6.23480919613263,-1.02919080386737
4421,6.713,6.34002148709,-0.372978512910005
4422,6.30733333333333,6.36121996836896,0.0538866350356288
4423,6.05108333333333,6.30736705001299,0.256283716679655
4424,5.86241666666667,6.21808636009049,0.35566969342382
4425,5.75241666666667,6.14237573656766,0.389959069900986
4426,5.6435,6.05262508697704,0.409125086977042
4427,5.5195,5.98851379197671,0.469013791976715
4428,5.46341666666667,5.98278014908016,0.519363482413487
4429,5.44141666666667,6.04684182768987,0.605425161023204
4430,5.61583333333333,6.17079586909739,0.55496253576406
4431,5.73333333333333,6.32341868648325,0.590085353149917
4432,5.97083333333333,6.4527851683648,0.481951835031472
4433,6.26308333333333,6.52659048168421,0.263507148350882
4434,6.56433333333333,6.55786270056089,-0.00647063277243909
4435,6.93216666666667,6.56179452532204,-0.370372141344627
4436,7.22291666666667,6.55344538607451,-0.669471280592161
4437,7.60375,6.54774144270478,-1.05600855729522
4438,7.81708333333333,6.55947558487899,-1.25760774845434
4439,8.046,6.59381095186666,-1.45218904813334
4440,8.17483333333333,6.62543361514934,-1.54939971818399
4441,8.157,6.64334250377129,-1.51365749622871
4442,8.02916666666667,6.64144482198299,-1.38772184468368
4443,7.69975,6.61730756736495,-1.08244243263505
4444,7.29058333333333,6.57215753082771,-0.718425802505616
4445,6.85875,6.51088129661183,-0.347868703388166
4446,6.49683333333333,6.44202524228788,-0.0548080910454471
4447,6.19658333333333,6.36960921284858,0.173025879515247
4448,6.00908333333333,6.26039983078697,0.251316497453637
4449,5.87875,6.15524016674482,0.27649016674482
4450,5.77783333333333,6.09510388668921,0.317270553355881
4451,5.728,6.10365313971477,0.375653139714769
4452,5.698,6.18723855804369,0.489238558043687
4453,5.71975,6.33489925702572,0.615149257025719
4454,5.8635,6.51836283513818,0.654862835138178
4455,6.05383333333333,6.69204537398594,0.638212040652607
4456,6.34208333333333,6.79305143830143,0.450968104968099
4457,6.73883333333333,6.79835803995466,0.0595247066213247
4458,7.23891666666667,6.76873708544327,-0.470179581223402
4459,7.74283333333333,6.71259437071816,-1.03023896261517
4460,8.166,6.63862205453703,-1.52737794546297
4461,8.42141666666667,6.55693512012903,-1.86448154653764
4462,8.67533333333333,6.47907137519475,-2.19626195813858
4463,8.90791666666667,6.41799145190627,-2.4899252147604
4464,9.04225,6.38807880690706,-2.65417119309294
4465,8.93641666666666,6.44872164727192,-2.48769501939474
4466,8.43733333333333,6.57859785721751,-1.85873547611582
4467,7.96716666666667,6.68650873777353,-1.28065792889314
4468,7.53233333333333,6.7229227292532,-0.809410604080127
4469,6.90858333333333,6.68008954165513,-0.228493791678199
4470,6.40008333333333,6.59204015466333,0.191956821330002
4471,6.00691666666667,6.52036875017917,0.513452083512502
4472,5.7585,6.45547245081648,0.696972450816477
4473,5.57275,6.39121141072497,0.818461410724973
4474,5.44925,6.32761136303873,0.878361363038729
4475,5.36741666666667,6.26472433192496,0.897307665258292
4476,5.35691666666667,6.20262863258403,0.845711965917362
4477,5.38683333333333,6.22076044068077,0.833927107347439
4478,5.46875,6.3439871011545,0.875237101154501
4479,5.83883333333333,6.49415668881803,0.655323355484701
4480,6.2315,6.60038709786486,0.368887097864856
4481,6.73041666666667,6.62344880813991,-0.106967858526756
4482,7.13558333333333,6.60566088667345,-0.529922446659876
4483,7.53741666666667,6.56368432986113,-0.973732336805537
4484,7.88525,6.5106942120265,-1.3745557879735
4485,8.19083333333333,6.45472827718459,-1.73610505614874
4486,8.51266666666667,6.39292394402334,-2.11974272264333
4487,8.45933333333333,6.36260810036484,-2.09672523296849
4488,8.45216666666667,6.38557919620455,-2.06658747046212
4489,8.4885,6.45899114680694,-2.02950885319306
4490,8.16216666666667,6.56157581981307,-1.6005908468536
4491,7.767,6.71158795474077,-1.05541204525923
4492,7.35875,6.86173176038678,-0.497018239613223
4493,6.85408333333333,6.96406926978065,0.109985936447324
4494,6.39533333333333,6.99507574382742,0.599742410494089
4495,6.038,6.95563967130756,0.917639671307557
4496,5.75925,6.87106276887702,1.11181276887702
4497,5.59866666666667,6.79042742065494,1.19176075398827
4498,5.49175,6.73440335416561,1.24265335416561
4499,5.40991666666667,6.67410413092954,1.26418746426287
4500,5.45125,6.59994947351326,1.14869947351326
4501,5.46716666666667,6.52400908542814,1.05684241876147
4502,5.5155,6.48000265113036,0.964502651130359
4503,5.565,6.52329983602096,0.958299836020957
4504,5.75166666666667,6.67430623963412,0.922639572967454
4505,6.01633333333333,6.83552545501925,0.819192121685917
4506,6.41608333333333,6.94193635244931,0.525853019115978
4507,6.94908333333333,6.96821125010607,0.019127916772737
4508,7.35158333333333,6.92859038224551,-0.422992951087819
4509,7.88316666666667,6.87368637533162,-1.00948029133505
4510,8.40391666666667,6.83015728881698,-1.57375937784969
4511,8.83583333333333,6.79334645564049,-2.04248687769284
4512,9.09858333333333,6.75892720694949,-2.33965612638384
4513,9.078,6.72343154496812,-2.35456845503188
4514,8.77341666666667,6.68425014299731,-2.08916652366936
4515,8.28791666666667,6.63963234541479,-1.64828432125188
4516,7.60058333333333,6.58868616767507,-1.01189716565826
4517,7.00033333333333,6.53137829630946,-0.46895503702387
4518,6.49483333333333,6.46853408892606,-0.0262992444072649
4519,6.0735,6.40183757420977,0.328337574209774
4520,5.78,6.33383145192227,0.553831451922273
4521,5.639,6.26791709290204,0.628917092902038
4522,5.54216666666667,6.2464239205534,0.704257253886733
4523,5.52741666666667,6.31373888194834,0.786322215281667
4524,5.50616666666667,6.43696150417188,0.930794837505205
4525,5.5175,6.58709368994626,1.06959368994626
4526,5.67483333333333,6.74020626462067,1.06537293128734
4527,5.93025,6.87743897617117,0.947188976171172
4528,6.26525,6.98500049520078,0.719750495200785
4529,6.72516666666667,7.05416841493943,0.32900174827276
4530,7.21541666666667,7.08128925124396,-0.134127415422712
4531,7.6415,7.06777844259813,-0.573721557401869
4532,8.1565,7.02012035011264,-1.13637964988736
4533,8.553,6.94986825752508,-1.60313174247492
4534,8.79566666666667,6.8736443712,-1.92202229546667
4535,8.99991666666667,6.81313982012883,-2.18677684653784
4536,9.15808333333333,6.80018654997839,-2.35789678335494
4537,9.01816666666667,6.85095776791519,-2.16720889875148
4538,8.79625,6.91491879743283,-1.88133120256717
4539,8.38183333333333,6.95334084647266,-1.42849248686067
4540,7.70508333333333,6.94636895040842,-0.758714382924909
4541,7.03658333333334,6.89302197204622,-0.14356136128712
4542,6.43108333333333,6.81119260162455,0.38010926829122
4543,6.01775,6.73766206668703,0.719912066687034
4544,5.75966666666667,6.69368901357656,0.93402234690989
4545,5.62391666666667,6.64139648607534,1.01747981940867
4546,5.51391666666667,6.5573389579975,1.04342229133083
4547,5.43975,6.44369611238392,1.00394611238392
4548,5.45033333333333,6.32827284150217,0.877939508168839
4549,5.45608333333333,6.26449924684657,0.808415913513238
4550,5.65441666666667,6.33138811785805,0.676971451191379
4551,5.96108333333333,6.45318143763066,0.492098104297326
4552,6.39375,6.50917352931049,0.115423529310486
4553,6.87058333333333,6.51420731047153,-0.356376022861801
4554,7.29808333333333,6.48220044355739,-0.815882889775942
4555,7.70941666666667,6.42614533588128,-1.28327133078539
4556,8.17266666666667,6.35810913962604,-1.81455752704063
4557,8.51441666666667,6.28720425806774,-2.22721240859893
4558,8.73366666666667,6.21759131323382,-2.51607535343285
4559,8.90908333333333,6.15686848170375,-2.75221485162958
4560,9.09083333333333,6.11592615697562,-2.97490717635771
4561,9.08658333333333,6.10891030177847,-2.97767303155486
4562,8.9875,6.15322244807222,-2.83427755192778
4563,8.97208333333333,6.26906356772867,-2.70301976560466
4564,8.6205,6.34031593450673,-2.28018406549327
4565,7.93375,6.31125861448226,-1.62249138551774
4566,7.23933333333333,6.23727619332232,-1.00205714001101
4567,6.72541666666667,6.15590624759128,-0.56951041907539
4568,6.15458333333333,6.08683934475076,-0.0677439885825661
4569,5.80216666666667,6.03191904315969,0.229752376493024
4570,5.61416666666667,5.97302560984302,0.358858943176352
4571,5.50466666666667,5.88340162032095,0.378734953654285
4572,5.559,5.84392306960529,0.284923069605286
4573,5.643,5.90641654510684,0.263416545106841
4574,5.74583333333333,6.05818204216839,0.312348708835057
4575,5.75641666666667,6.22200689295823,0.465590226291556
4576,6.07516666666667,6.3031058939309,0.227939227264235
4577,6.50966666666667,6.31293957624037,-0.196727090426299
4578,7.086,6.28022032952148,-0.805779670478524
4579,7.69466666666667,6.22467199973146,-1.46999466693521
4580,8.38975,6.15702988914995,-2.23272011085005
4581,8.89625,6.08749020918634,-2.80875979081366
4582,9.30591666666667,6.02648584803065,-3.27943081863602
4583,9.71633333333333,5.9735314684864,-3.74280186484693
4584,9.98525,5.92772470722177,-4.05752529277823
4585,10.10975,5.88782070729697,-4.22192929270303
4586,9.87416666666667,5.8522321181642,-4.02193454850247
4587,9.30966666666667,5.81902909566766,-3.49063757099901
4588,8.56416666666667,5.78593930204356,-2.77822736462311
4589,7.84008333333333,5.75034790592012,-2.08973542741321
4590,7.29466666666667,5.70929758231756,-1.58536908434911
4591,6.86958333333333,5.65948851264811,-1.21009482068522
4592,6.58116666666667,5.60907849385012,-0.972088172816546
4593,6.42966666666667,5.55697238584992,-0.872694280816753
4594,6.27041666666667,5.48979290949198,-0.780623757174686
4595,6.15616666666667,5.413102520408,-0.743064146258672
4596,6.1155,5.35157500508238,-0.763924994917622
4597,6.08233333333333,5.34899548085229,-0.733337852481042
4598,6.22941666666667,5.45423643801027,-0.7751802286564
4599,6.41666666666667,5.61065851582315,-0.806008150843517
4600,6.75283333333333,5.73598704319426,-1.01684629013907
4601,7.18166666666667,5.78716661990144,-1.39450004676523
4602,7.69016666666667,5.76058101268574,-1.92958565398093
4603,8.10908333333333,5.69205315525142,-2.41703017808191
4604,8.678,5.63034106147837,-3.04765893852163
4605,9.02058333333333,5.57011488751157,-3.45046844582176
4606,9.36766666666667,5.5105967093351,-3.85706995733157
4607,9.70933333333333,5.45694335651703,-4.2523899768163
4608,9.89441666666667,5.41994320264735,-4.47447346401932
4609,9.91566666666667,5.41360661700351,-4.50206004966316
4610,9.5205,5.45148933719717,-4.06901066280283
4611,8.99833333333333,5.58363198703641,-3.41470134629692
4612,8.34983333333333,5.76552373050167,-2.58430960283166
4613,7.702,5.84412442273323,-1.85787557726677
4614,7.1435,5.80445686971761,-1.33904313028239
4615,6.79433333333333,5.73672068648448,-1.05761264684885
4616,6.46241666666667,5.67806757324735,-0.784349093419317
4617,6.22966666666667,5.62339959001265,-0.606267076654016
4618,6.06683333333333,5.56571121209784,-0.501122121235492
4619,5.966,5.50919374823139,-0.456806251768609
4620,5.92141666666667,5.46292334315493,-0.458493323511744
4621,5.96433333333333,5.46926603670785,-0.495067296625479
4622,6.00691666666667,5.59336383374575,-0.413552832920921
4623,6.28275,5.74949838852894,-0.533251611471065
4624,6.70233333333333,5.85532844494037,-0.847004888392959
4625,7.22816666666667,5.87607612003738,-1.35209054662929
4626,7.80183333333333,5.8545040841242,-1.94732924920913
4627,8.31175,5.80871365326839,-2.50303634673161
4628,8.81041666666667,5.74975784333467,-3.060658823332
4629,9.28175,5.6896027899347,-3.5921472100653
4630,9.58916666666667,5.63884656913427,-3.9503200975324
4631,9.82416666666667,5.59941118586132,-4.22475548080535
4632,9.82008333333333,5.57936658395021,-4.24071674938312
4633,9.61983333333333,5.59309986222488,-4.02673347110845
4634,9.36041666666667,5.6767086625574,-3.68370800410927
4635,8.90866666666667,5.85721917256766,-3.05144749409901
4636,8.30008333333334,6.00620215006301,-2.29388118327033
4637,7.71675,6.05003012006253,-1.66671987993747
4638,7.20858333333333,5.99278902874436,-1.21579430458897
4639,6.79616666666667,5.91469445807895,-0.881472208587717
4640,6.50691666666667,5.85584226445303,-0.65107440221364
4641,6.31825,5.79757566017914,-0.520674339820856
4642,6.16175,5.73988881878316,-0.421861181216844
4643,6.06391666666667,5.68277597112448,-0.381140695542192
4644,6.05091666666667,5.6271254915734,-0.423791175093273
4645,6.07783333333333,5.57633963273886,-0.501493700594473
4646,6.21733333333333,5.5298657805044,-0.68746755282893
4647,6.47733333333333,5.48675960833958,-0.99057372499375
4648,6.85391666666667,5.44615993743736,-1.40775672922931
4649,7.44341666666667,5.40728873671411,-2.03612792995256
4650,8.04341666666667,5.36945112280961,-2.67396554385706
4651,8.6045,5.33203536008705,-3.27246463991295
4652,9.00133333333333,5.29451286063303,-3.7068204727003
4653,9.33058333333333,5.25643818425754,-4.07414514907579
4654,9.61991666666667,5.21744903849399,-4.40246762817268
4655,9.81825,5.17726627859921,-4.64098372140079
4656,9.92425,5.13569390755343,-4.78855609244657
4657,9.93491666666667,5.09261907606027,-4.8422975906064
4658,9.56058333333334,5.04801208254678,-4.51257125078656
4659,8.99525,5.00192637316341,-3.99332362683659
4660,8.28416666666667,4.95449854178403,-3.32966812488264
4661,7.56666666666667,4.90594833000589,-2.66071833666078
4662,6.9965,4.85657862714968,-2.13992137285032
4663,6.48791666666667,4.80677547025947,-1.6811411964072
4664,6.09316666666667,4.75700804410276,-1.33615862256391
4665,5.84033333333333,4.70782868117045,-1.13250465216288
4666,5.66083333333333,4.65987286167684,-1.00096047165649
4667,5.505,4.60781366661488,-0.897186333385116
4668,5.39641666666667,4.56804630648958,-0.828370360177085
4669,5.36491666666667,4.59499616653203,-0.769920500134645
4670,5.46116666666667,4.71701721570695,-0.744149450959721
4671,5.79425,4.88679659730125,-0.907453402698746
4672,6.20675,4.99527553158502,-1.21147446841498
4673,6.80933333333333,5.03521940112655,-1.77411393220678
4674,7.457,5.02511984829925,-2.43188015170074
4675,8.16458333333333,4.99389680248445,-3.17068653084888
4676,8.87808333333333,4.94911460522869,-3.92896872810464
4677,9.41608333333333,4.89792713171033,-4.518156201623
4678,9.76608333333333,4.85024460240982,-4.91583873092351
4679,9.8875,4.81872695221233,-5.06877304778767
4680,10.2645,4.83675994874373,-5.42774005125627
4681,10.3761666666667,4.90852764193231,-5.46763902473439
4682,10.0124166666667,4.98808677207148,-5.02432989459522
4683,9.57708333333333,5.04359317554637,-4.53349015778696
4684,8.80358333333333,5.05801199398215,-3.74557133935118
4685,8.04016666666667,5.02911767424405,-3.01104899242262
4686,7.33591666666667,4.96949396843737,-2.3664226982293
4687,6.74283333333333,4.90653393390748,-1.83629939942585
4688,6.27383333333333,4.85761678546417,-1.41621654786916
4689,5.95391666666667,4.80928269058411,-1.14463397608256
4690,5.74025,4.76142952841357,-0.978820471586427
4691,5.57125,4.71405251334614,-0.857197486653857
4692,5.45858333333333,4.66142398247323,-0.797159350860103
4693,5.42725,4.59332123392834,-0.833928766071662
4694,5.49816666666667,4.65038890658825,-0.847777760078415
4695,5.61983333333333,4.82953152448179,-0.790301808851539
4696,6.0555,4.95885240616427,-1.09664759383573
4697,6.6415,5.00658870457834,-1.63491129542166
4698,7.29358333333333,5.0059785858625,-2.28760474747083
4699,8.04816666666667,4.97583038273282,-3.07233628393386
4700,8.78108333333333,4.92865041518804,-3.85243291814529
4701,9.37675,4.87522596276279,-4.50152403723721
4702,9.89983333333333,4.8237333758262,-5.07609995750713
4703,10.2683333333333,4.78397955086422,-5.48435378246908
4704,10.47775,4.76741809151414,-5.71033190848586
4705,10.4061666666667,4.78714930856458,-5.61901735810212
4706,9.97975,4.8840628168734,-5.09568718312659
4707,9.3315,5.06665747287818,-4.26484252712182
4708,8.53433333333333,5.22866776188732,-3.30566557144601
4709,7.71275,5.30747445536405,-2.40527554463595
4710,7.01458333333333,5.29052843113869,-1.72405490219464
4711,6.49216666666667,5.21535067340862,-1.27681599325805
4712,6.14525,5.15544685968754,-0.989803140312463
4713,5.89966666666667,5.10365031870059,-0.796016347966082
4714,5.68283333333333,5.05213847987788,-0.630694853455451
4715,5.50675,5.00209100424564,-0.504658995754355
4716,5.33175,4.95562967125039,-0.376120328749607
4717,5.21883333333333,4.94087832117668,-0.277955012156652
4718,5.28925,5.07705451372617,-0.212195486273834
4719,5.57083333333333,5.26267364558117,-0.308159687752156
4720,6.0215,5.4058066445334,-0.615693355466604
4721,6.58241666666667,5.46876349360987,-1.1136531730568
4722,7.19025,5.46809323107296,-1.72215676892704
4723,7.89841666666667,5.45290082581635,-2.44551584085032
4724,8.48366666666667,5.4127416115681,-3.07092505509857
4725,9.04575,5.35819772720096,-3.68755227279904
4726,9.53366666666667,5.30278429659679,-4.23088237006988
4727,9.89058333333333,5.25864392351765,-4.63193940981568
4728,10.01525,5.23690289741514,-4.77834710258486
4729,9.88025,5.26744714064145,-4.61280285935855
4730,9.41966666666667,5.37089598538474,-4.04877068128193
4731,8.7845,5.53083830315716,-3.25366169684284
4732,8.11583333333333,5.69344850952965,-2.42238482380368
4733,7.45591666666667,5.73482001368779,-1.72109665297888
4734,6.86308333333333,5.67507124585145,-1.18801208748188
4735,6.29575,5.59900798211985,-0.696742017880148
4736,5.91258333333333,5.54209803672122,-0.370485296612114
4737,5.59758333333333,5.49173358913029,-0.105849744203036
4738,5.37108333333333,5.43660913508653,0.0655258017531963
4739,5.17108333333333,5.38227059160915,0.21118725827582
4740,5.00591666666667,5.33221639542687,0.326299728760201
4741,4.92225,5.33077921770031,0.408529217700314
4742,4.99275,5.43376362015575,0.441013620155748
4743,4.75666666666667,5.59415186057908,0.837485193912408
4744,4.81275,5.72530707694879,0.912557076948793
4745,5.39608333333333,5.78462954559902,0.388546212265692
4746,5.93333333333333,5.79836889622001,-0.134964437113319
4747,6.39758333333333,5.80465694169335,-0.592926391639983
4748,6.47241666666667,5.86963322847363,-0.602783438193037
4749,6.38741666666667,6.02982755840785,-0.357589108258816
4750,6.73975,6.19557278171656,-0.544177218283438
4751,7.03425,6.31107838172482,-0.723171618275184
4752,7.15291666666667,6.36389015412645,-0.789026512540219
4753,7.29458333333333,6.38516942368239,-0.909413909650945
4754,7.54491666666667,6.47525287999789,-1.06966378666878
4755,7.538,6.59379343167058,-0.944206568329424
4756,7.27783333333333,6.65760965278026,-0.620223680553072
4757,6.82066666666667,6.63734389800529,-0.183322768661385
4758,6.35416666666667,6.55746230262253,0.203295635955857
4759,5.97658333333333,6.48500643005028,0.508423096716955
4760,5.60541666666667,6.42047953714385,0.815062870477182
4761,5.28733333333333,6.356594698099,1.06926136476567
4762,5.01308333333333,6.29334552453734,1.28026219120401
4763,4.77991666666667,6.23072569090843,1.45080902424176
4764,4.62516666666667,6.18528072261184,1.56011405594517
4765,4.56225,6.27171800826712,1.70946800826712
4766,4.74125,6.43261944923616,1.69136944923616
4767,4.98508333333333,6.59244883339891,1.60736550006558
4768,5.16758333333333,6.70181337778465,1.53423004445132
4769,5.47041666666667,6.73746372857197,1.2670470619053
4770,6.02033333333333,6.70229396108878,0.681960627755455
4771,6.6495,6.62534157981232,-0.0241584201876774
4772,7.277,6.55050233524796,-0.726497664752036
4773,7.89208333333333,6.47481680501366,-1.41726652831967
4774,8.3775,6.39956431404164,-1.97793568595836
4775,8.82941666666667,6.33199936147377,-2.4974173051929
4776,9.13333333333333,6.28268483403683,-2.8506484992965
4777,9.124,6.26549200604252,-2.85850799395748
4778,8.95283333333333,6.29760053938752,-2.65523279394581
4779,8.49025,6.39949848355342,-2.09075151644658
4780,7.81858333333334,6.50132443669934,-1.317258896634
4781,7.06741666666667,6.47885906756294,-0.588557599103734
4782,6.3565,6.39953455780448,0.0430345578044768
4783,5.74708333333333,6.31197618394721,0.564892850613883
4784,5.21616666666667,6.2406534234769,1.02448675681023
4785,4.833,6.18587995484182,1.35287995484182
4786,4.5085,6.1198284284928,1.6113284284928
4787,4.26558333333333,6.02314585825765,1.75756252492432
4788,4.07008333333333,5.96783592763684,1.89775259430351
4789,3.95816666666667,5.99869873555328,2.04053206888661
4790,3.94925,6.11813933090835,2.16888933090835
4791,4.08966666666667,6.28616771258183,2.19650104591516
4792,4.249,6.42056328446698,2.17156328446698
4793,4.88358333333333,6.46279973617038,1.57921640283705
4794,5.54566666666667,6.44097305671123,0.895306390044558
4795,6.23816666666667,6.37981240891344,0.141645742246771
4796,6.9915,6.29958905032451,-0.69191094967549
4797,7.64283333333333,6.21611633321548,-1.42671700011785
4798,8.14141666666667,6.14074970458096,-2.00066696208571
4799,8.51616666666667,6.0803867061391,-2.43577996052757
4800,8.72333333333333,6.03910151549584,-2.68423181783749
4801,8.78358333333333,6.07482876847415,-2.70875456485918
4802,8.7995,6.17331283287589,-2.62618716712411
4803,8.489,6.28553372642377,-2.20346627357624
4804,7.8535,6.37594916327672,-1.47755083672328
4805,7.09983333333333,6.42249455403001,-0.677338779303321
4806,6.29383333333333,6.41658300571513,0.122749672381804
4807,5.59608333333333,6.36310532179989,0.767021988466563
4808,5.03058333333333,6.28043000218835,1.24984666885502
4809,4.57025,6.20040324322085,1.63015324322085
4810,4.24558333333333,6.13863096750161,1.89304763416828
4811,3.9635,6.07755056884314,2.11405056884314
4812,3.72483333333333,6.01252546712435,2.28769213379102
4813,3.63733333333333,6.00349228138821,2.36615894805488
4814,3.74233333333333,6.14783621611537,2.40550288278204
4815,4.0905,6.30598153332043,2.21548153332043
4816,4.52816666666667,6.39495791076943,1.86679124410276
4817,5.04766666666667,6.40400883894836,1.35634217228169
4818,5.72666666666667,6.36861322197685,0.641946555310184
4819,6.44025,6.31151545204897,-0.128734547951026
4820,7.03641666666667,6.24109726682216,-0.795319399844514
4821,7.50275,6.16635904805572,-1.33639095194428
4822,7.93791666666667,6.0952466588357,-1.84267000783097
4823,8.23866666666667,6.05214268430418,-2.18652398236249
4824,8.53358333333333,6.05608789431154,-2.47749543902179
4825,8.65708333333333,6.08275038047865,-2.57433295285468
4826,8.81941666666667,6.11224157308562,-2.70717509358105
4827,8.40858333333333,6.13000909116438,-2.27857424216895
4828,7.72316666666667,6.12683674249868,-1.59632992416799
4829,6.91375,6.09884452362413,-0.814905476375866
4830,6.19116666666667,6.04748861982817,-0.143678046838501
4831,5.52508333333333,5.97956140515005,0.454478071816719
4832,4.92425,5.90719144238088,0.982941442380876
4833,4.44,5.83856175055363,1.39856175055363
4834,4.09408333333333,5.74525138324147,1.65116804990814
4835,3.857,5.68255282062246,1.82555282062246
4836,3.59375,5.69358776468911,2.09983776468911
4837,3.50533333333333,5.78901874350481,2.28368541017148
4838,3.52333333333333,5.94704911120387,2.42371577787054
4839,3.83216666666667,6.11342304799148,2.28125638132481
4840,4.25908333333333,6.2154970470852,1.95641371375187
4841,4.78016666666667,6.25502197727317,1.4748553106065
4842,5.47066666666667,6.24814727157576,0.777480604909091
4843,6.20675,6.20807855905037,0.00132855905036777
4844,6.91725,6.14791111385164,-0.769338886148361
4845,7.52716666666667,6.08062985523145,-1.44653681143522
4846,8.1305,6.01910934753892,-2.11139065246108
4847,8.4045,6.00168479699732,-2.40281520300268
4848,8.29558333333333,6.06731537433447,-2.22826795899886
4849,8.39391666666667,6.17281422150589,-2.22110244516078
4850,8.13408333333333,6.28168109091976,-1.85240224241357
4851,7.54108333333333,6.36726118641478,-1.17382214691855
4852,7.02216666666667,6.41274516326017,-0.609421503406499
4853,6.33675,6.41116912815571,0.0744191281557063
4854,5.63675,6.36541463923168,0.728664639231678
4855,5.03541666666667,6.28820870604891,1.25279203938224
4856,4.57266666666667,6.20212378959876,1.62945712293209
4857,4.16666666666667,6.13466551209401,1.96799884542734
4858,3.90058333333333,6.07362457031015,2.17304123697682
4859,3.59716666666667,6.01319099614606,2.41602432947939
4860,3.05083333333333,5.94365502215839,2.89282168882506
4861,2.35333333333333,5.92220719330745,3.56887385997412
4862,1.80091666666667,6.0584736823774,4.25755701571073
4863,1.48583333333333,6.23110781384227,4.74527448050894
4864,1.1335,6.34351613348972,5.21001613348972
4865,1.24725,6.36833569385827,5.12108569385826
4866,1.93183333333333,6.33816102616762,4.40632769283429
4867,2.79666666666667,6.31220153805381,3.51553487138714
4868,3.74075,6.28686938540566,2.54611938540566
4869,4.30875,6.26217160412236,1.95342160412236
4870,4.92858333333333,6.25529179250219,1.32670845916886
4871,5.58325,6.25897617975707,0.67572617975707
4872,6.01783333333333,6.25422041091855,0.236387077585217
4873,6.34841666666667,6.26111268035852,-0.0873039863081466
4874,6.54975,6.30176347226289,-0.247986527737106
4875,6.40375,6.40027711386238,-0.00347288613761965
4876,5.985,6.52286398954212,0.537863989542117
4877,5.4595,6.51447593518234,1.05497593518234
4878,4.89683333333333,6.44446109588504,1.54762776255171
4879,4.2695,6.3689750268398,2.0994750268398
4880,3.78625,6.3082496654489,2.5219996654489
4881,3.465,6.24884182397873,2.78384182397873
4882,3.1955,6.18666480894312,2.99116480894312
4883,2.97408333333333,6.12511703741015,3.15103370407682
4884,2.83608333333333,6.0638077150822,3.22772438174887
4885,2.7145,5.99877905436531,3.28427905436531
4886,2.81766666666667,6.06002436003521,3.24235769336854
4887,3.15891666666667,6.22229702567858,3.06338035901191
4888,3.69841666666667,6.35371682580435,2.65530015913768
4889,4.403,6.37690057004537,1.97390057004537
4890,5.13925,6.34113414671838,1.20188414671838
4891,5.92666666666667,6.28630898211555,0.359642315448884
4892,6.62441666666667,6.23060800154243,-0.393808665124244
4893,7.1415,6.19130962050791,-0.950190379492089
4894,7.52625,6.15221044086247,-1.37403955913753
4895,7.68433333333333,6.10871959624598,-1.57561373708735
4896,8.03033333333333,6.07033129359914,-1.96000203973419
4897,8.32333333333333,6.06191456125267,-2.26141877208066
4898,8.25291666666667,6.16124659556083,-2.09167007110584
4899,7.8475,6.31653235566005,-1.53096764433995
4900,7.12858333333333,6.44310496171616,-0.685478371617172
4901,6.33933333333333,6.4945333627394,0.155200029406068
4902,5.55108333333333,6.46262233658447,0.911539003251142
4903,5.03325,6.37741248995052,1.34416248995052
4904,4.6585,6.30209661335986,1.64359661335986
4905,4.40875,6.23938970401818,1.83063970401818
4906,4.31191666666667,6.17730673915686,1.86539007249019
4907,4.25933333333333,6.11584151037616,1.85650817704283
4908,4.24216666666667,6.05377089520185,1.81160422853518
4909,4.28616666666667,5.99920964410757,1.7130429774409
4910,4.41525,6.03437242404653,1.61912242404653
4911,4.5055,6.16519912355733,1.65969912355733
4912,4.77708333333333,6.28757255993607,1.51048922660274
4913,5.12808333333333,6.3519698237276,1.22388649039427
4914,5.61258333333333,6.38966443857982,0.777081105246494
4915,6.11066666666667,6.40135581767756,0.290689151010888
4916,6.37316666666667,6.40533407897613,0.0321674123094606
4917,6.55316666666667,6.48825744251213,-0.0649092241545368
4918,6.72241666666667,6.62313351116965,-0.0992831554970168
4919,6.81175,6.76835874551641,-0.0433912544835913
4920,6.55641666666667,6.90376870044047,0.347352033773801
4921,6.34491666666667,7.03063802515026,0.68572135848359
4922,6.04658333333333,7.17014573797266,1.12356240463933
4923,5.5845,7.2872662189233,1.7027662189233
4924,5.162,7.33955296614339,2.17755296614339
4925,4.80941666666667,7.32456386515677,2.5151471984901
4926,4.5645,7.2591772107437,2.6946772107437
4927,4.36783333333333,7.17953848666857,2.81170515333524
4928,4.31441666666667,7.1081008840413,2.79368421737463
4929,4.271,7.03737409739306,2.76637409739306
4930,4.22158333333333,6.96735105517869,2.74576772184536
4931,4.24716666666667,6.89802475482149,2.65085808815482
4932,4.18883333333333,6.82938826271321,2.64055492937988
4933,4.19975,6.77059828778202,2.57084828778202
4934,4.20975,6.7957324042029,2.5859824042029
4935,4.362,6.89617451372396,2.53417451372396
4936,4.62833333333333,7.03811931778227,2.40978598444894
4937,4.79508333333333,7.18425278462067,2.38916945128734
4938,5.25683333333333,7.29375214928778,2.03691881595445
4939,5.82908333333333,7.3257709416763,1.49668760834297
4940,6.40775,7.29332585390123,0.885575853901226
4941,6.984,7.24473756850299,0.260737568502994
4942,7.18466666666667,7.21233454985616,0.0276678831894897
4943,7.179,7.21092733018231,0.0319273301823051
4944,7.13016666666667,7.23780850955004,0.107641842883368
4945,7.01175,7.31393354663772,0.302183546637719
4946,6.95833333333333,7.44568613840955,0.487352805076223
4947,6.68308333333333,7.54907196831404,0.865988634980715
4948,6.18141666666667,7.57800990191272,1.39659323524605
4949,5.58716666666667,7.52720953170772,1.94004286504105
4950,4.97475,7.43217117714186,2.45742117714186
4951,4.40766666666667,7.35321547117866,2.94554880451199
4952,4.21225,7.2800182701839,3.0677682701839
4953,3.99616666666667,7.20753169509987,3.2113650284332
4954,3.91191666666667,7.1358036505307,3.22388698386403
4955,4.00791666666667,7.06492613835445,3.05700947168777
4956,4.02091666666667,6.99503525772302,2.97411859105635
4957,4.12141666666667,6.98592586722121,2.86450920055454
4958,4.3375,7.0746879810591,2.7371879810591
4959,4.55666666666667,7.21442796889363,2.65776130222696
4960,4.92741666666667,7.36734881429255,2.43993214762588
4961,5.40741666666667,7.50490912932936,2.09749246266269
4962,6.05766666666667,7.60782315458328,1.55015648791661
4963,6.55216666666667,7.66606075913927,1.1138940924726
4964,6.67308333333333,7.67884744058801,1.00576410725468
4965,6.93533333333333,7.65466432502591,0.719330991692581
4966,7.23158333333333,7.61124816705511,0.379664833721783
4967,7.41608333333333,7.57559134978349,0.159508016450158
4968,7.57708333333333,7.5844193985432,0.00733606520987262
4969,7.59883333333333,7.67390560520405,0.0750722718707211
4970,7.42641666666667,7.81032941582938,0.383912749162708
4971,6.98091666666667,7.95096894558705,0.970052278920384
4972,6.4765,8.06427672185268,1.58777672185268
4973,5.93183333333333,8.1298796842096,2.19804635087627
4974,5.47025,8.13857918444889,2.66832918444889
4975,5.07633333333333,8.09235098656934,3.01601765323601
4976,4.77891666666667,8.00434526677752,3.22542860011085
4977,4.58075,7.89888661348769,3.31813661348769
4978,4.45433333333333,7.80739319700735,3.35305986367402
4979,4.30108333333333,7.69670493871103,3.3956216053777
4980,4.33516666666667,7.59979205891444,3.26462539224777
4981,4.38933333333333,7.56325704033399,3.17392370700066
4982,4.53675,7.60761961395602,3.07086961395602
4983,4.79716666666667,7.7273167590367,2.93015009237003
4984,5.01758333333333,7.89070270310212,2.87311936976879
4985,5.45733333333333,8.03996785654771,2.58263452321438
4986,6.02066666666667,8.0983128242699,2.07764615760323
4987,6.44341666666667,8.0880813331372,1.64466466647053
4988,6.75833333333333,8.05908295723415,1.30074962390082
4989,6.98116666666667,8.04242522047285,1.06125855380618
4990,7.0675,8.05051359659299,0.983013596592985
4991,7.1485,8.07705150916182,0.928551509161821
4992,7.34883333333333,8.09704033157419,0.748206998240864
4993,7.09316666666667,8.15329191989853,1.06012525323186
4994,6.73733333333333,8.29417841185078,1.55684507851745
4995,6.439,8.42463614368824,1.98563614368824
4996,5.97466666666667,8.48627356452091,2.51160689785424
4997,5.5885,8.45977118865907,2.87127118865907
4998,5.27708333333333,8.36488159561338,3.08779826228005
4999,5.05691666666667,8.2603851489283,3.20346848226163
5000,4.96633333333333,8.17879993884382,3.21246660551049
5001,4.91108333333333,8.0976589124667,3.18657557913336
5002,4.83816666666667,8.01597318771294,3.17780652104627
5003,4.73775,7.9343389998587,3.1965889998587
5004,4.66008333333333,7.85493770154023,3.1948543682069
5005,4.68833333333333,7.78159457898781,3.09326124565448
5006,4.79541666666667,7.73733095003106,2.94191428336439
5007,5.15783333333333,7.72326683721809,2.56543350388476
5008,5.66091666666667,7.72104916553731,2.06013249887064
5009,6.24041666666667,7.71653901784603,1.47612235117936
5010,6.74875,7.69981163487042,0.951061634870424
5011,7.24958333333333,7.66515641520551,0.415573081872184
5012,7.64075,7.61107691531521,-0.0296730846847932
5013,8.04483333333333,7.54029084953227,-0.50454248380106
5014,8.3195,7.45973009005834,-0.859769909941662
5015,8.45866666666667,7.38054066696392,-1.07812599970275
5016,8.49008333333333,7.31808276818838,-1.17200056514495
5017,8.30516666666667,7.29557438841784,-1.00959227824883
5018,7.79375,7.38317642763733,-0.410573572362675
5019,7.19625,7.53676200867992,0.340512008679922
5020,6.52366666666667,7.68958976630527,1.1659230996386
5021,5.91491666666667,7.7962559746265,1.88133930795983
5022,5.47066666666667,7.8326945471103,2.36202788044363
5023,5.13366666666667,7.79617703657684,2.66251036991017
5024,4.90891666666667,7.7053126351998,2.79639596853313
5025,4.79191666666667,7.60004817450639,2.80813150783972
5026,4.71625,7.52141916945902,2.80516916945902
5027,4.6775,7.44657979827823,2.76907979827823
5028,4.66791666666667,7.37250054375247,2.7045838770858
5029,4.91833333333333,7.32931918867022,2.41098585533689
5030,4.98508333333333,7.25890794266099,2.27382460932766
5031,4.77358333333333,7.27228123354133,2.498697900208
5032,3.83033333333333,7.42263977027786,3.59230643694453
5033,2.3245,7.48780490107124,5.16330490107124
5034,1.914,7.46014892380397,5.54614892380397
5035,1.69566666666667,7.39584785772956,5.70018119106289
5036,1.96475,7.3137032720357,5.3489532720357
5037,2.449,7.22760719234485,4.77860719234485
5038,3.20891666666667,7.14666992440797,3.9377532577413
5039,3.657,7.07897864153028,3.42197864153028
5040,4.45908333333333,7.07168528145468,2.61260194812135
5041,5.16941666666667,7.10197495941907,1.9325582927524
5042,5.5155,7.13295192020924,1.61745192020924
5043,5.31883333333333,7.14056660034586,1.82173326701253
5044,4.97716666666667,7.11361562808448,2.13644896141781
5045,4.64208333333333,7.05374182341557,2.41165849008224
5046,4.33583333333333,6.97543419806444,2.63960086473111
5047,4.08116666666667,6.90275294660471,2.82158627993804
5048,4.03958333333333,6.83406940667786,2.79448607334453
5049,4.00333333333333,6.7660692798521,2.76273594651877
5050,4.05258333333333,6.69874576605037,2.64616243271704
5051,4.0745,6.63209213230651,2.55759213230651
5052,3.94141666666667,6.54836267322261,2.60694600655594
5053,3.68341666666667,6.49986522769084,2.81644856102417
5054,3.70016666666667,6.55975409043104,2.85958742376437
5055,3.82116666666667,6.71945717368545,2.89829050701878
5056,4.16583333333333,6.89465176312638,2.72881842979305
5057,4.34866666666667,7.05409590055774,2.70542923389107
5058,4.62616666666667,7.20151836129611,2.57535169462944
5059,5.04375,7.32649642493423,2.28274642493423
5060,5.19841666666667,7.41713979064648,2.21872312397981
5061,5.23266666666667,7.51350351508667,2.28083684842
5062,5.3645,7.58008624787345,2.21558624787345
5063,5.50541666666667,7.58599036508536,2.08057369841869
5064,5.69441666666667,7.54671055405154,1.85229388738487
5065,5.94733333333333,7.52551722141732,1.57818388808399
5066,6.02125,7.59615729884643,1.57490729884643
5067,5.66683333333333,7.68396614185697,2.01713280852364
5068,5.08375,7.71963245584368,2.63588245584368
5069,4.57725,7.68037036263212,3.10312036263212
5070,4.24075,7.58991940047861,3.34916940047861
5071,3.99641666666667,7.50799992237023,3.51158325570356
5072,3.85141666666667,7.43329407371567,3.581877407049
5073,3.7565,7.35933156137562,3.60283156137562
5074,3.68525,7.28610498941191,3.60085498941191
5075,3.5915,7.21360703444184,3.62210703444184
5076,3.51866666666667,7.14197494178273,3.62330827511606
5077,3.49316666666667,7.11442434386203,3.62125767719536
5078,3.58758333333333,7.14316772712682,3.55558439379349
5079,3.99008333333333,7.20025194396932,3.21016861063599
5080,4.34808333333333,7.26303974927473,2.9149564159414
5081,4.88541666666667,7.31420980042116,2.42879313375449
5082,5.42525,7.34175665727967,1.91650665727967
5083,5.912,7.33899078221425,1.42699078221425
5084,6.38983333333333,7.30453854008184,0.914705206748512
5085,6.6555,7.24234219823232,0.586842198232323
5086,6.96883333333333,7.1616599265085,0.192826593175175
5087,7.08641666666667,7.07706579724615,-0.00935086942052443
5088,7.177,7.00844978527394,-0.168550214726062
5089,7.16841666666667,6.98214749571617,-0.186269170950497
5090,6.92016666666667,7.06395956806037,0.143792901393695
5091,6.39583333333333,7.20432230583299,0.808488972499662
5092,5.741,7.32466008580359,1.58366008580359
5093,5.13575,7.37901933618594,2.24326933618594
5094,4.67825,7.35406853663807,2.67581853663807
5095,4.30466666666667,7.26909821826224,2.96443155159557
5096,4.023,7.17602087041362,3.15302087041362
5097,3.8985,7.08841965010325,3.18991965010325
5098,3.80658333333333,7.00230064627014,3.19571731293681
5099,3.76216666666667,6.95436196999116,3.19219530332449
5100,3.87441666666667,6.96415692582482,3.08974025915815
5101,3.96183333333333,7.03409401181124,3.07226067847791
5102,4.18541666666667,7.14943691947218,2.96402025280551
5103,4.46158333333333,7.27830453381103,2.8167212004777
5104,4.97075,7.3588761667949,2.3881261667949
5105,5.4755,7.36593787723959,1.89043787723959
5106,5.96733333333333,7.3291747145036,1.36184138117027
5107,6.39983333333333,7.2697423595579,0.869909026224574
5108,6.83391666666667,7.19958609310403,0.365669426437364
5109,7.22016666666667,7.12149264617156,-0.0986740204951069
5110,7.59958333333333,7.04286422026204,-0.556719113071292
5111,7.8025,6.97409516440407,-0.828404835595934
5112,7.95875,6.9233990808031,-1.0353509191969
5113,7.82741666666667,6.90410615114432,-0.923310515522346
5114,7.46416666666667,6.93466313659269,-0.529503530073975
5115,6.9145,7.05720842989554,0.142708429895536
5116,6.28233333333333,7.22660017020757,0.944266836874241
5117,5.65925,7.32642041290983,1.66717041290983
5118,5.14183333333333,7.3143563323089,2.17252299897557
5119,4.80041666666667,7.22441330198506,2.42399663531839
5120,4.51316666666667,7.14568146206355,2.63251479539688
5121,4.31291666666667,7.07435026515857,2.7614335984919
5122,4.12508333333333,7.00368726199705,2.87860392866372
5123,4.03991666666667,6.93432359123993,2.89440692457326
5124,4.00941666666667,6.86735949247096,2.85794282580429
5125,4.11658333333333,6.87297143034188,2.75638809700855
5126,4.321,7.00946574372001,2.68846574372001
5127,4.65358333333333,7.17314621758046,2.51956288424713
5128,4.99583333333333,7.29250517010856,2.29667183677523
5129,5.51966666666667,7.3321413983669,1.81247473170023
5130,6.11716666666667,7.29276017829541,1.17559351162874
5131,6.71491666666667,7.21117326471131,0.496256598044643
5132,7.17816666666667,7.13524527149829,-0.0429213951683778
5133,7.51358333333333,7.05591824914225,-0.457665084191078
5134,7.72858333333333,6.97794874260333,-0.750634590729999
5135,7.89316666666667,6.90963259405267,-0.983534072614
5136,8.03308333333334,6.861527878262,-1.17155545507134
5137,7.91,6.84645490260365,-1.06354509739635
5138,7.56691666666667,6.87692228802994,-0.689994378636727
5139,7.15725,6.93333996277873,-0.223910037221273
5140,6.57741666666667,6.99222716235599,0.414810495689323
5141,6.04158333333333,7.03814523723632,0.996561903902993
5142,5.52916666666667,7.06060021796833,1.53143355130166
5143,5.19166666666667,7.05404281517465,1.86237614850798
5144,4.968,7.01786841955196,2.04986841955196
5145,4.7695,6.95641710187096,2.18691710187096
5146,4.681,6.87897361297637,2.19797361297637
5147,4.59216666666667,6.79976738378694,2.20760071712027
5148,4.5565,6.77189916719865,2.21539916719865
5149,4.62058333333334,6.86890560402488,2.24832227069154
5150,4.80025,7.02574645708999,2.22549645708999
5151,5.12875,7.18541144849266,2.05666144849266
5152,5.49266666666667,7.30761025701287,1.8149435903462
5153,5.92825,7.36877251811195,1.44052251811195
5154,6.42283333333333,7.36204782393254,0.939214490599207
5155,6.92025,7.29730572329861,0.37705572329861
5156,7.36666666666667,7.20113572171546,-0.165530944951208
5157,7.69933333333333,7.11449910657038,-0.584834226762951
5158,8.05908333333333,7.04054974664235,-1.01853358669098
5159,8.33208333333333,6.97571900331919,-1.35636433001414
5160,8.34666666666667,6.92956508420119,-1.41710158246548
5161,8.21341666666667,6.91654585370402,-1.29687081296266
5162,7.83075,6.95646627670918,-0.874283723290822
5163,7.28325,7.10402602015417,-0.179223979845826
5164,6.61725,7.26715388215108,0.649903882151079
5165,5.94408333333333,7.3402002166368,1.39611688330347
5166,5.47483333333333,7.29950279244717,1.82466945911384
5167,5.0525,7.203386793317,2.150886793317
5168,4.79,7.13089874089985,2.34089874089985
5169,4.66191666666667,7.059945112439,2.39802844577233
5170,4.51275,6.9896974850242,2.4769474850242
5171,4.45366666666667,6.92014883351439,2.46648216684772
5172,4.4175,6.85136112638091,2.43386112638091
5173,4.45275,6.78558368214975,2.33283368214975
5174,4.55933333333333,6.72338215439125,2.16404882105792
5175,4.83208333333333,6.66408650070911,1.83200316737578
5176,5.21125,6.60708217281303,1.39583217281303
5177,5.68941666666667,6.55181011651874,0.862393449852066
5178,6.2355,6.49776677174798,0.262266771747976
5179,6.76516666666667,6.44450407252853,-0.32066259413814
5180,7.21016666666667,6.3916294469942,-0.818537219672474
5181,7.55816666666667,6.3388058173848,-1.21936084928187
5182,7.83166666666667,6.28575160004618,-1.54591506662049
5183,7.9475,6.23224070543022,-1.71525929456978
5184,8.72222222222222,6.1781025380948,-2.54411968412742
5185,8.782,6.12322199670385,-2.65877800329615
5186,8.59766666666667,6.0675394740273,-2.53012719263937
5187,8.12783333333333,6.01105085694112,-2.11678247639221
5188,7.47416666666667,5.9538075264273,-1.52035914023937
5189,6.80708333333333,5.89591635757385,-0.911166975759476
5190,6.26166666666667,5.83753971957481,-0.424126947091857
5191,5.83433333333333,5.77889547573024,-0.0554378576030921
5192,5.51491666666667,5.72025698344621,0.205340316779543
5193,5.31183333333333,5.66195309423484,0.350119760901512
5194,5.10758333333333,5.60436815371426,0.496784820380928
5195,4.94266666666667,5.54794200160862,0.605275334941945
5196,4.84633333333333,5.54104591842262,0.694712585089293
5197,4.84433333333333,5.64104365673917,0.796710323405839
5198,4.78633333333333,5.79408480883608,1.00775147550275
5199,5.07325,5.9553130595224,0.882063059522402
5200,5.34825,6.091596224119,0.743346224119003
5201,5.86791666666667,6.18152624845859,0.313609581791921
5202,6.12741666666667,6.2154192088857,0.0880025422190283
5203,6.68008333333333,6.19531531225669,-0.484768021076637
5204,7.37233333333333,6.13497889593977,-1.23735443739356
5205,7.77966666666667,6.05989842781497,-1.7197682388517
5206,8.19741666666667,6.00543549556635,-2.19198117110032
5207,8.42775,5.9802411004012,-2.4475088995988
5208,8.45225,5.96940714047473,-2.48284285952527
5209,8.51558333333333,5.96079732723078,-2.55478600610255
5210,8.27358333333333,5.94559700646061,-2.32798632687272
5211,7.71391666666667,5.91831315830288,-1.79560350836378
5212,7.115,5.87677439724367,-1.23822560275633
5213,6.47775,5.82213097211644,-0.655619027883564
5214,5.99291666666667,5.75885476610206,-0.234061900564611
5215,5.46891666666667,5.69473929672882,0.225822630062146
5216,5.122,5.63729581588754,0.51529581588754
5217,4.9575,5.58120378526373,0.623703785263726
5218,4.73183333333333,5.52566987980111,0.793836546467783
5219,4.67858333333333,5.47369151294296,0.795108179609634
5220,4.6195,5.42318977899922,0.803689778999217
5221,4.68283333333333,5.3604673451246,0.677634011791274
5222,4.75358333333333,5.38279132084369,0.629207987510359
5223,4.88416666666667,5.55074391751846,0.666577250851792
5224,5.22358333333333,5.7036412935891,0.480057960255773
5225,5.43141666666667,5.83356299297332,0.402146326306651
5226,5.601,5.99274971830899,0.391749718308986
5227,5.63308333333333,6.1725877243825,0.539504391049165
5228,5.72958333333333,6.30430100659781,0.574717673264482
5229,6.19625,6.29597279363101,0.0997227936310061
5230,6.76308333333333,6.2219210078215,-0.541162325511827
5231,7.32316666666667,6.15351633972437,-1.1696503269423
5232,7.62408333333333,6.14348846401124,-1.48059486932209
5233,7.58291666666667,6.22685130818125,-1.35606535848542
5234,7.25975,6.35027911662008,-0.909470883379919
5235,7.061,6.45734974651319,-0.603650253486809
5236,6.72066666666667,6.51346736402383,-0.207199302642839
5237,6.19275,6.50586244429307,0.313112444293066
5238,5.71666666666667,6.44359177143977,0.726925104773097
5239,5.30675,6.35753843856062,1.05078843856062
5240,4.99691666666667,6.28961132567178,1.29269465900511
5241,4.83625,6.22702864694563,1.39077864694563
5242,4.79591666666667,6.16506867670207,1.3691520100354
5243,4.68433333333333,6.10372521875769,1.41939188542436
5244,4.6845,6.04354286457987,1.35904286457987
5245,4.6375,6.01982867162392,1.38232867162392
5246,4.6565,6.07168424442998,1.41518424442998
5247,4.85633333333333,6.1854992366596,1.32916590332627
5248,5.16733333333333,6.29864438700101,1.13131105366768
5249,5.61966666666667,6.33266767950601,0.713001012839335
5250,6.22983333333333,6.30658529978986,0.0767519664565297
5251,6.71383333333333,6.24664076926885,-0.467192564064485
5252,7.23608333333333,6.17464351862839,-1.06143981470494
5253,7.61633333333333,6.10878713714614,-1.50754619618719
5254,8.01591666666667,6.05119895554976,-1.96471771111691
5255,8.01375,6.00110967912534,-2.01264032087466
5256,8.23391666666667,5.96819675835473,-2.26571990831194
5257,8.16591666666667,5.96607416211091,-2.19984250455576
5258,8.048,6.01317957159212,-2.03482042840788
5259,7.64516666666667,6.16939868786173,-1.47576797880494
5260,6.95758333333333,6.33304774347424,-0.624535589859091
5261,6.33466666666667,6.39667188121608,0.0620052145494112
5262,5.801,6.3471835137685,0.546183513768502
5263,5.377,6.26483230718125,0.887832307181245
5264,5.10416666666667,6.20249618380373,1.09832951713706
5265,4.88425,6.14078031544323,1.25653031544323
5266,4.66158333333333,6.07967853065972,1.41809519732639
5267,4.606,6.01918471880828,1.41318471880828
5268,4.55075,5.9452688190499,1.3945188190499
5269,4.54375,5.86807201210078,1.32432201210078
5270,4.58608333333333,5.84388297711843,1.2577996437851
5271,4.76633333333333,5.88746213392493,1.1211288005916
5272,5.08441666666667,5.96938633275569,0.884969666089016
5273,5.41066666666667,6.0160979821806,0.605431315513928
5274,6.32058333333333,5.9958830082514,-0.32470032508193
5275,6.89291666666667,5.95002431744148,-0.942892349225194
5276,7.31233333333333,5.88967363539474,-1.42265969793859
5277,7.91666666666667,5.82435505960492,-2.09231160706175
5278,8.11216666666667,5.76196505941553,-2.35020160725114
5279,8.32575,5.70913343416842,-2.61661656583158
5280,8.2875,5.67801367337521,-2.60948632662479
5281,8.13625,5.68170050228201,-2.45454949771799
5282,7.9795,5.73359009606545,-2.24590990393455
5283,7.60983333333333,5.84872658143909,-1.76110675189424
5284,6.988,5.98651504039794,-1.00148495960206
5285,6.40608333333333,6.03663570507566,-0.369447628257667
5286,5.93808333333333,6.01973249837754,0.0816491650442055
5287,5.58658333333333,5.96457238534879,0.377989052015457
5288,5.35016666666667,5.90226590769768,0.552099241031009
5289,5.19483333333333,5.84353738044933,0.648704047115999
5290,5.1065,5.78539321202711,0.678893212027107
5291,4.98133333333333,5.72782758791768,0.746494254584353
5292,4.94891666666667,5.66024137910665,0.711324712439981
5293,4.91016666666667,5.58622154211121,0.67605487544454
5294,4.95191666666667,5.64509645498141,0.693179788314736
5295,5.12366666666667,5.81607685462736,0.692410187960685
5296,5.29591666666667,5.92278165987408,0.626864993207411
5297,5.60958333333333,5.95474893377524,0.345165600441907
5298,6.21058333333333,5.94423497516968,-0.26634835816365
5299,6.70483333333333,5.90335699103764,-0.801476342295689
5300,7.32033333333333,5.84503506624547,-1.47529826708786
5301,7.63275,5.78395685119621,-1.84879314880379
5302,8.02608333333333,5.72366813609477,-2.30241519723856
5303,8.36108333333333,5.67148591894095,-2.68959741439238
5304,8.37075,5.63852896344328,-2.73222103655672
5305,8.39466666666667,5.63971795437353,-2.75494871229314
5306,8.29983333333333,5.69704719088438,-2.60278614244895
5307,7.86325,5.82066791825265,-2.04258208174735
5308,7.25808333333333,5.96269238674688,-1.29539094658645
5309,6.63358333333333,6.0143840354301,-0.619199297903226
5310,6.10533333333333,5.97008559564607,-0.135247737687259
5311,5.69291666666667,5.90524381550994,0.212327148843275
5312,5.41841666666667,5.84522927232204,0.426812605655373
5313,5.17666666666667,5.7882147943112,0.611548127644533
5314,4.99341666666667,5.73062109459507,0.737204427928396
5315,4.93325,5.6736004620272,0.740350462027201
5316,4.80958333333333,5.61714719437699,0.807563861043658
5317,4.8385,5.58973802651653,0.751238026516526
5318,4.77991666666667,5.70013544630469,0.920218779638023
5319,4.98083333333333,5.85253353057534,0.871700197242012
5320,5.19691666666667,5.96462670710603,0.767710040439363
5321,5.52308333333333,6.00591101084811,0.482827677514779
5322,5.96716666666666,5.9975507792419,0.0303841125752404
5323,6.62583333333333,5.9577773152484,-0.668056018084933
5324,7.00375,5.90069287522735,-1.10305712477265
5325,7.47316666666667,5.83747051014028,-1.63569615652639
5326,7.782,5.77635406555045,-2.00564593444955
5327,7.76433333333333,5.7388028165038,-2.02553051682953
5328,7.71058333333333,5.74645672697396,-1.96412660635937
5329,7.84058333333333,5.77471891203099,-2.06586442130234
5330,7.91825,5.8032994644941,-2.1149505355059
5331,7.61591666666667,5.81780446440172,-1.79811220226495
5332,6.98125,5.80973597901153,-1.17151402098847
5333,6.38483333333333,5.77649206280044,-0.608341270532886
5334,5.91,5.72136675746463,-0.188633242535365
5335,5.55091666666667,5.6535500919195,0.102633425252835
5336,5.24641666666667,5.5881280822997,0.341711415633034
5337,4.97608333333333,5.53245218343077,0.556368850097442
5338,4.78766666666667,5.4774033644139,0.689736697747233
5339,4.63616666666667,5.42290229041408,0.786735623747415
5340,4.48041666666667,5.35536988767161,0.874953221004937
5341,4.38858333333333,5.31221485346094,0.923631520127608
5342,4.40391666666667,5.41526737149198,1.01135070482531
5343,4.57558333333333,5.59150950110657,1.01592616777324
5344,4.74916666666667,5.68947747170637,0.940310805039702
5345,5.394,5.71808585202617,0.324085852026167
5346,5.8495,5.70377216605947,-0.145727833940526
5347,6.28866666666667,5.66458801584588,-0.624078650820788
5348,6.83966666666667,5.61553568357593,-1.22413098309074
5349,7.28825,5.56232355913993,-1.72592644086007
5350,7.38041666666667,5.50869284519967,-1.871723821467
5351,7.473,5.46243949743912,-2.01056050256088
5352,7.6945,5.43541422456442,-2.25908577543558
5353,7.75741666666667,5.44352248830391,-2.31389417836276
5354,7.53166666666667,5.50672450340808,-2.02494216325859
5355,7.15375,5.59540329343814,-1.55834670656186
5356,6.51316666666667,5.61135821684118,-0.901808449825491
5357,5.978,5.57784591215956,-0.400154087840438
5358,5.42708333333333,5.51794558877421,0.0908622554408796
5359,4.94458333333333,5.44899567329754,0.50441233996421
5360,4.5075,5.38259380957346,0.875093809573464
5361,4.25691666666667,5.32459685867738,1.06768019201071
5362,4.07291666666667,5.27512089891619,1.20220423224952
5363,3.87941666666667,5.22854122582828,1.34912455916161
5364,3.75716666666667,5.21025692112229,1.45309025445562
5365,3.87533333333333,5.30485591266763,1.4295225793343
5366,3.81141666666667,5.46043007787158,1.64901341120491
5367,4.19016666666667,5.62704118065083,1.43687451398416
5368,4.43816666666667,5.76833627895468,1.33016961228801
5369,4.79158333333333,5.86154772476513,1.0699643914318
5370,5.34033333333333,5.89749316409679,0.55715983076346
5371,5.85566666666667,5.88057553699695,0.0249088703302851
5372,6.28266666666667,5.82878307754555,-0.453883589121117
5373,6.75125,5.77020765732726,-0.981042342672742
5374,7.14983333333333,5.7147550438554,-1.43507828947793
5375,7.51233333333334,5.66963897987499,-1.84269435345835
5376,7.48441666666667,5.64596032650667,-1.83845634016
5377,7.68875,5.65768927449246,-2.03106072550754
5378,7.44075,5.75314916736333,-1.68760083263667
5379,7.08666666666667,5.92011725923994,-1.16654940742673
5380,6.37225,6.01738048805122,-0.35486951194878
5381,5.6625,5.99781000005047,0.335310000050474
5382,5.05475,5.91639193951283,0.861641939512829
5383,4.55633333333333,5.85706030812059,1.30072697478726
5384,4.05808333333333,5.79878158410938,1.74069825077605
5385,3.82541666666667,5.74108274347535,1.91566607680868
5386,3.62383333333333,5.68395801597135,2.06012468263802
5387,3.47908333333333,5.63175588588925,2.15267255255592
5388,3.48916666666667,5.5985878745536,2.10942120788693
5389,3.2695,5.58359798256459,2.31409798256459
5390,3.1595,5.58342784036359,2.42392784036359
5391,3.31341666666667,5.5934357398333,2.28001907316663
5392,3.89791666666667,5.60769663429768,1.70977996763101
5393,4.63016666666667,5.61900213852203,0.988835471855355
5394,4.92116666666667,5.61886052871289,0.697693862046221
5395,5.71883333333333,5.59749674251815,-0.121336590815184
5396,6.1995,5.54648484251562,-0.653015157484379
5397,6.66466666666667,5.48580418076167,-1.17886248590499
5398,6.96333333333333,5.42641573014919,-1.53691760318414
5399,7.41475,5.37600139934634,-2.03874860065366
5400,7.60558333333333,5.34515879762365,-2.26042453570968
5401,7.553,5.34740123485394,-2.20559876514606
5402,7.21941666666667,5.42126204013727,-1.7981546265294
5403,6.68583333333333,5.591605835696,-1.09422749763733
5404,5.96008333333333,5.74080227873164,-0.219281054601693
5405,5.36225,5.79936268640617,0.437112686406175
5406,4.94658333333333,5.76015297159461,0.813569638261284
5407,4.57025,5.67839364288493,1.10814364288493
5408,4.31383333333333,5.62092675256258,1.30709341922925
5409,4.19316666666667,5.5649975964326,1.37183092976593
5410,4.144,5.50962494526633,1.36562494526633
5411,4.17,5.45480326153826,1.28480326153826
5412,4.08283333333333,5.40052919560011,1.31769586226678
5413,4.13091666666667,5.38076764713285,1.24985098046618
5414,4.15108333333333,5.44188042068136,1.29079708734803
5415,4.19508333333333,5.57102417248378,1.37594083915045
5416,4.48766666666667,5.71155761902736,1.22389095236069
5417,4.74691666666667,5.77197145189665,1.02505478522998
5418,5.23858333333333,5.77240608450108,0.533822751167754
5419,5.57708333333333,5.80770642606189,0.230623092728565
5420,5.62608333333333,5.90912504793331,0.283041714599984
5421,5.70991666666667,6.03895639665493,0.329039729988262
5422,5.864,6.08268939184041,0.218689391840412
5423,6.02883333333333,6.05773953819341,0.0289062048600792
5424,5.80191666666667,6.02511355777428,0.223196891107614
5425,5.62158333333333,6.03842543459565,0.416842101262325
5426,5.71533333333333,6.16697303854192,0.45163970520859
5427,5.23416666666667,6.3293946471597,1.09522798049303
5428,4.59841666666667,6.45270881063472,1.85429214396805
5429,4.24991666666667,6.49842084136758,2.24850417470091
5430,3.97791666666667,6.46252281397378,2.48460614730711
5431,4.0145,6.3754935652837,2.3609935652837
5432,4.15058333333333,6.29862502847439,2.14804169514106
5433,4.116,6.23595266200516,2.11995266200516
5434,3.67716666666667,6.17390389628047,2.4967372296138
5435,3.33275,6.11247252633103,2.77972252633103
5436,2.94366666666667,6.04739592715504,3.10372926048837
5437,2.67641666666667,5.95981932930538,3.28340266263871
5438,2.56008333333333,5.97237845034278,3.41229511700945
5439,2.64616666666667,6.11953844904114,3.47337178237447
5440,2.76633333333333,6.29053311892226,3.52419978558893
5441,2.82491666666667,6.38422257828093,3.55930591161426
5442,3.06416666666667,6.40711052002638,3.34294385335971
5443,3.27758333333333,6.37433818685006,3.09675485351673
5444,4.0885,6.31925077237431,2.23075077237431
5445,4.38691666666667,6.36698157879696,1.98006491213029
5446,4.66491666666667,6.45691225754987,1.7919955908832
5447,4.92358333333333,6.51065538562139,1.58707205228806
5448,5.22475,6.50903829447145,1.28428829447145
5449,5.38525,6.49210307003159,1.10685307003159
5450,5.40383333333333,6.55990451626852,1.15607118293519
5451,5.33691666666667,6.72215921845552,1.38524255178885
5452,4.97141666666667,6.84201643949161,1.87059977282494
5453,4.64375,6.85341121654824,2.20966121654824
5454,4.36208333333333,6.77496913326062,2.41288579992729
5455,4.13575,6.69730480045618,2.56155480045618
5456,3.95083333333333,6.63066550374036,2.67983217040703
5457,3.82191666666667,6.56468927956056,2.74277261289389
5458,3.81741666666667,6.49936953023729,2.68195286357062
5459,3.74225,6.43469972319359,2.6924497231936
5460,3.73041666666667,6.3771935043396,2.64677683767293
5461,3.79608333333333,6.33526799162718,2.53918465829385
5462,3.92566666666667,6.30565640453878,2.37998973787211
5463,4.07025,6.28522583366438,2.21497583366438
5464,4.37816666666667,6.27113100161328,1.89296433494661
5465,4.72983333333333,6.26081426301413,1.5309809296808
5466,5.19033333333333,6.25200560451488,1.06167227118155
5467,5.59283333333333,6.24272264478281,0.64988931144948
5468,5.9345,6.23127063450453,0.29677063450453
5469,6.30133333333333,6.21624245638596,-0.0850908769473655
5470,6.49558333333333,6.19651862515237,-0.299064708180961
5471,6.58691666666667,6.17126728754832,-0.415649379118353
5472,6.66916666666667,6.13994422233771,-0.529222444328959
5473,6.85033333333333,6.10229284030377,-0.748040493029557
5474,6.81858333333333,6.05834418424905,-0.760239149084283
5475,6.56083333333333,6.00841692899541,-0.552416404337921
5476,6.10216666666667,5.95311738138405,-0.149049285282619
5477,5.60358333333333,5.89333948027549,0.28975614694216
5478,5.19933333333333,5.83026479654957,0.630931463216239
5479,4.83733333333333,5.76536253310545,0.92802919977212
5480,4.58608333333333,5.70038952486163,1.1143061915283
5481,4.40141666666667,5.63739023875591,1.23597357208924
5482,4.30616666666667,5.57868567654901,1.27251900988234
5483,4.25016666666667,5.49679761619742,1.24663094953075
5484,4.17941666666667,5.4293283538241,1.24991168715743
5485,4.12341666666667,5.43912690637136,1.31571023970469
5486,4.243,5.54506358800564,1.30206358800564
5487,4.304,5.72203001011745,1.41803001011745
5488,4.52958333333333,5.89939761117322,1.36981427783989
5489,4.93066666666667,5.98317106466325,1.05250439799658
5490,5.24508333333333,6.02270546278332,0.777622129449993
5491,5.59858333333333,6.07315792531275,0.474574591979422
5492,5.68458333333333,6.15131409011316,0.466730756779826
5493,5.68533333333333,6.23558811312845,0.550254779795121
5494,5.8235,6.27834288564564,0.454842885645639
5495,5.87341666666667,6.31843729840045,0.445020631733779
5496,6.03608333333333,6.3618792112786,0.325795877945267
5497,6.14833333333333,6.39929959420946,0.25096626087613
5498,6.23591666666667,6.42365565250412,0.187738985837452
5499,6.09058333333333,6.43023082685538,0.339647493522047
5500,5.82975,6.41663479333773,0.586884793337727
5501,5.466,6.38280346340738,0.916803463407377
5502,5.09825,6.33099898390225,1.23274898390225
5503,4.895,6.26580973704196,1.37080973704196
5504,4.57175,6.19415034042784,1.62240034042784
5505,4.34866666666667,6.12526164704294,1.77659498037627
5506,4.166,6.04840078484296,1.88240078484296
5507,4.14841666666667,5.95966084415632,1.81124417748965
5508,3.97925,5.90459668238206,1.92534668238206
5509,4.15483333333333,5.91139758185591,1.75656424852258
5510,4.33858333333333,5.98957392547065,1.65099059213732
5511,4.40325,6.12995719667605,1.72670719667605
5512,4.33633333333333,6.30469997947888,1.96836664614555
5513,3.9305,6.47570925495101,2.54520925495101
5514,3.042,6.66993441405384,3.62793441405384
5515,2.17133333333333,6.81984536851617,4.64851203518284
5516,2.35225,6.87262736311733,4.52037736311733
5517,2.48158333333333,6.82981831489966,4.34823498156633
5518,2.85825,6.74730881316858,3.88905881316858
5519,2.83175,6.70239570387314,3.87064570387314
5520,2.96066666666667,6.69541819870291,3.73475153203624
5521,3.10441666666667,6.74745515034615,3.64303848367948
5522,3.32458333333333,6.85955147704636,3.53496814371303
5523,3.52725,7.00860089899798,3.48135089899798
5524,3.61883333333333,7.1469834835224,3.52815015018907
5525,3.5125,7.17382269953509,3.66132269953509
5526,3.21808333333333,7.10842118893703,3.8903378556037
5527,3.14925,7.01745297843881,3.86820297843881
5528,3.05133333333333,6.93720272171017,3.88586938837684
5529,2.9985,6.87356569938,3.87506569938
5530,3.036,6.79469648791524,3.75869648791524
5531,2.98558333333333,6.68230166133284,3.69671832799951
5532,3.01891666666667,6.62217860324742,3.60326193658075
5533,2.9875,6.66213606690003,3.67463606690003
5534,2.9325,6.79848937149287,3.86598937149287
5535,3.17858333333333,6.97606040218925,3.79747706885592
5536,3.21741666666667,7.08864324196724,3.87122657530057
5537,3.40433333333333,7.10119823706472,3.69686490373139
5538,3.81741666666667,7.06765062015257,3.2502339534859
5539,4.26833333333333,7.00654125043899,2.73820791710566
5540,4.86166666666667,6.93306588951242,2.07139922284575
5541,5.28716666666667,6.85907520134156,1.57190853467489
5542,5.61258333333333,6.81169093393053,1.1991076005972
5543,5.58675,6.87420511272001,1.28745511272001
5544,5.49758333333333,6.93581162360717,1.43822829027384
5545,5.35791666666667,6.94952313948222,1.59160647281555
5546,5.45983333333333,6.98022762775732,1.52039429442399
5547,5.247,7.12024219164348,1.87324219164348
5548,4.70316666666667,7.23410475558644,2.53093808891977
5549,4.16333333333333,7.2303583931213,3.06702505978796
5550,3.34283333333333,7.14241145319099,3.79957811985766
5551,2.66808333333333,7.0696607409205,4.40157740758717
5552,1.95783333333333,6.99931644097823,5.0414831076449
5553,1.96766666666667,6.92967207893201,4.96200541226534
5554,1.50041666666667,6.86072068994505,5.36030402327838
5555,1.58691666666667,6.77100048927115,5.18408382260448
5556,1.60433333333333,6.67008910416455,5.06575577083122
5557,1.89533333333333,6.65455351816649,4.75922018483316
5558,2.39066666666667,6.75196954285368,4.36130287618701
5559,3.04616666666667,6.91420531014574,3.86803864347907
5560,3.301,7.0196359223839,3.7186359223839
5561,4.1075,7.03367846034824,2.92617846034825
5562,4.714,7.0104514236794,2.2964514236794
5563,5.03058333333333,6.9695873699175,1.93900403658417
5564,5.46375,6.9227138870858,1.4589638870858
5565,6.02475,6.87345359369062,0.848703593690622
5566,6.40641666666667,6.82031264695989,0.413895980293216
5567,6.6515,6.76991075826894,0.118410758268939
5568,6.73025,6.7306670537991,0.000417053799099953
5569,6.88116666666667,6.71820951137634,-0.162957155290327
5570,6.58691666666667,6.75609033133422,0.16917366466755
5571,6.47691666666667,6.89484652735039,0.417929860683723
5572,6.15391666666667,7.06039522186114,0.906478555194473
5573,5.61041666666667,7.12803272237929,1.51761605571262
5574,5.04175,7.07646086197172,2.03471086197172
5575,4.53225,6.98748807327477,2.45523807327477
5576,4.24016666666667,6.91796140485542,2.67779473818875
5577,3.86216666666667,6.84912653860304,2.98695987193637
5578,3.64558333333333,6.78097659116353,3.1353932578302
5579,3.538,6.71350474702193,3.17550474702193
5580,3.76583333333333,6.62380624787897,2.85797291454564
5581,3.7955,6.53523731420334,2.73973731420334
5582,3.99508333333333,6.52768403862202,2.53260070528869
5583,4.37416666666667,6.61643195454477,2.2422652878781
5584,4.42533333333333,6.74997990327839,2.32464656994506
5585,4.99116666666667,6.81357249254916,1.82240582588249
5586,5.43,6.77796988692843,1.34796988692843
5587,5.72616666666667,6.7271394728624,1.00097280619573
5588,5.9405,6.7047480872818,0.764248087281799
5589,6.493,6.71174276342975,0.218742763429752
5590,6.5195,6.70635073086181,0.186850730861814
5591,6.85591666666667,6.65464204228536,-0.20127462438131
5592,7.05425,6.62844058211506,-0.425809417884937
5593,7.26908333333333,6.6331124329431,-0.635970900390233
5594,6.98408333333333,6.68415404679676,-0.299929286536575
5595,6.82025,6.8066990473425,-0.0135509526575035
5596,6.51991666666667,6.8997398388607,0.379823172194033
5597,5.91883333333333,6.92297989443814,1.00414656110481
5598,5.43816666666667,6.89239514004999,1.45422847338332
5599,4.95883333333333,6.82851215730535,1.86967882397202
5600,4.55708333333333,6.75639019116043,2.1993068578271
5601,4.13916666666667,6.68916298524337,2.5499963185767
5602,4.16541666666667,6.62260470137485,2.45718803470818
5603,4.12516666666667,6.55670868379718,2.43154201713051
5604,3.85816666666667,6.49106357189518,2.63289690522851
5605,3.85191666666667,6.41825345864726,2.56633679198059
5606,4.13716666666667,6.44392752369323,2.30676085702656
5607,4.16058333333333,6.59207132712024,2.43148799378691
5608,4.53241666666667,6.72530557125247,2.1928889045858
5609,4.8295,6.76171929449176,1.93221929449176
5610,5.29983333333333,6.75245655018729,1.45262321685396
5611,5.587,6.71560505656664,1.12860505656664
5612,5.74925,6.66724971724965,0.91799971724965
5613,6.06175,6.6130560484778,0.551306048477799
5614,6.20158333333333,6.55550692475977,0.353923591426438
5615,6.60741666666667,6.51090457965914,-0.0965120870075333
5616,6.74941666666667,6.51013253714639,-0.23928412952028
5617,7.09416666666667,6.57617109552071,-0.517995571145962
5618,6.89441666666667,6.66984204873175,-0.224574617934919
5619,6.88591666666667,6.75403129152089,-0.131885375145776
5620,6.44133333333333,6.8031300714745,0.361796738141166
5621,6.05483333333333,6.80289910725796,0.748065773924629
5622,5.52425,6.75137056764344,1.22712056764344
5623,5.095,6.68419330746948,1.58919330746948
5624,4.76766666666667,6.61768447250383,1.85001780583716
5625,4.619,6.55183741213971,1.93283741213971
5626,4.74958333333333,6.48664554114059,1.73706220780726
5627,4.81258333333333,6.42725201655409,1.61466868322076
5628,4.6985,6.40784967113505,1.70934967113505
5629,4.03283333333333,6.41651499128386,2.38368165795053
5630,3.1785,6.43486555305111,3.25636555305111
5631,2.74516666666667,6.44908798161893,3.70392131495226
5632,2.09791666666667,6.44993795130097,4.3520212846343
5633,1.91866666666667,6.43274018554239,4.51407351887572
5634,1.83416666666667,6.39738845691991,4.56322179025324
5635,2.15658333333333,6.34834558714174,4.19176225380841
5636,3.01075,6.2943043518935,3.2835543518935
5637,3.42416666666667,6.2290501853791,2.80488351871243
5638,3.77408333333333,6.16478757777699,2.39070424444366
5639,4.52108333333333,6.12325769725211,1.60217436391878
5640,4.62408333333333,6.11951835203216,1.49543501869883
5641,4.715,6.1619439904076,1.4469439904076
5642,5.26458333333333,6.25222570073163,0.987642367398304
5643,5.3165,6.37474245064636,1.05824245064636
5644,5.15866666666667,6.45484158015072,1.29617491348405
5645,4.71625,6.4850120864103,1.7687620864103
5646,4.30983333333333,6.47338558377217,2.16355225043884
5647,4.04841666666667,6.43013151963333,2.38171485296666
5648,3.72516666666667,6.36745717444083,2.64229050777416
5649,3.38783333333333,6.29960766169164,2.91177432835831
5650,3.26933333333333,6.23603015480745,2.96669682147412
5651,3.07991666666667,6.17612043370177,3.0962037670351
5652,3.012,6.13302057272438,3.12102057272438
5653,2.98958333333333,6.12710296456987,3.13751963123654
5654,2.98391666666667,6.1856959121481,3.20177924548143
5655,3.18825,6.3274626662873,3.1392126662873
5656,3.57875,6.42454534185598,2.84579534185598
5657,3.86066666666667,6.4596589096311,2.59899224296443
5658,4.1965,6.45316766631353,2.25666766631353
5659,4.64275,6.42018541126127,1.77743541126127
5660,4.73625,6.37057544648946,1.63432544648946
5661,5.27833333333333,6.31703696652212,1.03870363318879
5662,5.34358333333333,6.26442728913271,0.92084395579938
5663,5.64366666666667,6.21158396041115,0.567917293744477
5664,5.63966666666667,6.16974556198513,0.53007889531846
5665,5.6185,6.16260731403086,0.544107314030858
5666,5.83483333333333,6.22632107527303,0.391487741939704
5667,5.67866666666667,6.35178258728185,0.673115920615175
5668,5.31108333333333,6.44293215146462,1.13184881813129
5669,4.75158333333333,6.48264332948213,1.7310599961488
5670,4.1655,6.46902002459812,2.30352002459812
5671,3.67516666666667,6.41341375673092,2.73824709006425
5672,3.22866666666667,6.34042366245351,3.11175699578684
5673,2.90608333333333,6.28035633143018,3.37427299809685
5674,2.56983333333333,6.22317020548577,3.65333687215244
5675,2.31525,6.15412011231444,3.83887011231444
5676,2.12341666666667,6.07796542417084,3.95454875750417
5677,1.95733333333333,6.01897948684373,4.0616461535104
5678,1.6875,6.02094961965593,4.33344961965593
5679,1.77375,6.13804547816981,4.36429547816981
5680,1.97266666666667,6.30883202942528,4.33616536275861
5681,2.31233333333333,6.45535392286971,4.14302058953638
5682,2.95816666666667,6.54056007024611,3.58239340357944
5683,3.40416666666667,6.55718918195281,3.15302251528614
5684,4.23133333333333,6.52776976704339,2.29643643371006
5685,4.66841666666667,6.50120585548858,1.83278918882191
5686,4.94675,6.49323118075728,1.54648118075728
5687,5.19133333333333,6.49342164197181,1.30208830863848
5688,5.53033333333333,6.50167434377754,0.971341010444209
5689,5.9945,6.52870530883223,0.534205308832234
5690,5.89358333333333,6.5960494778061,0.702466144472766
5691,5.6605,6.73223644315874,1.07173644315874
5692,5.42841666666667,6.83511092662202,1.40669425995535
5693,5.02116666666667,6.86050871224249,1.83934204557582
5694,4.81466666666667,6.83137353081496,2.01670686414829
5695,4.49,6.77025126597058,2.28025126597058
5696,4.17125,6.69928995417687,2.52803995417687
5697,3.91841666666667,6.63252630051815,2.71410963385148
5698,3.80025,6.56653156067441,2.76628156067441
5699,3.70525,6.5011934801053,2.7959434801053
5700,3.66958333333333,6.43650552466475,2.76692219133142
5701,3.59616666666667,6.37365466160913,2.77748799494246
5702,3.73583333333333,6.42734047096811,2.69150713763478
5703,4.05341666666667,6.58225328441875,2.52883661775208
5704,4.112,6.73987176926466,2.62787176926466
5705,4.60733333333333,6.84157511753957,2.23424178420624
5706,4.92108333333333,6.86901942953915,1.94793609620582
5707,5.34008333333333,6.84293158794805,1.50284825461472
5708,5.77516666666667,6.78820719037809,1.01304052371142
5709,6.23408333333333,6.72362060976049,0.489537276427155
5710,6.49616666666667,6.66322782945268,0.167061162786006
5711,6.44333333333333,6.61760325534128,0.174269922007949
5712,6.53133333333333,6.60567935394075,0.07434602060742
5713,6.65808333333333,6.62492858513592,-0.0331547481974139
5714,6.66758333333333,6.66325072541428,-0.00433260791904555
5715,6.52908333333333,6.7051136094631,0.176030276129767
5716,6.1785,6.73155313016932,0.553053130169324
5717,5.8585,6.72017323861966,0.861673238619663
5718,5.26208333333333,6.65929004257168,1.39720670923835
5719,4.86291666666667,6.59302899808765,1.73011233142098
5720,4.47566666666667,6.52742726279322,2.05176059612655
5721,4.22283333333333,6.46247827689335,2.23964494356002
5722,3.941,6.39817554482298,2.45717554482298
5723,3.5785,6.33451263524708,2.75601263524708
5724,3.50158333333333,6.29458312142209,2.79299978808876
5725,3.52375,6.31411591636363,2.79036591636363
5726,3.55858333333333,6.36427378830954,2.80569045497621
5727,3.70108333333333,6.42032041082323,2.7192370774899
5728,3.568,6.46424137115143,2.89624137115143
5729,4.07566666666667,6.48474417022418,2.40907750355751
5730,4.24925,6.47725822265479,2.22800822265479
5731,5.31091666666667,6.4439348567399,1.13301819007323
5732,5.2135,6.39729601325879,1.18379601325879
5733,5.70608333333333,6.36216377822233,0.656080444888999
5734,5.86766666666667,6.34074322942694,0.47307656276027
5735,6.034,6.34469641175229,0.310696411752288
5736,5.85275,6.39709825268044,0.54434825268044
5737,6.1505,6.4599891626619,0.309489162661903
5738,5.95866666666667,6.57265892009452,0.613992253427845
5739,5.95816666666667,6.74308419700891,0.784917530342242
5740,5.59383333333333,6.84152520619986,1.24769187286653
5741,5.28508333333333,6.82458816336418,1.53950483003085
5742,4.887,6.75577620210504,1.86877620210504
5743,4.61825,6.68855510421275,2.07030510421275
5744,4.1995,6.62200286792168,2.42250286792168
5745,4.02616666666667,6.55611283876584,2.52994617209917
5746,3.73758333333333,6.4908784272575,2.75329509392417
5747,3.46458333333333,6.4262931088872,2.96170977555387
5748,3.49133333333333,6.36172729401477,2.87039396068144
5749,3.55741666666667,6.30839751164672,2.75098084498005
5750,3.73525,6.29543775327637,2.56018775327637
5751,3.8305,6.33136728684784,2.50086728684784
5752,4.08675,6.40041790154178,2.31366790154178
5753,4.51741666666667,6.46253390777528,1.94511724110861
5754,4.90641666666667,6.47648680142369,1.57007013475702
5755,4.9075,6.50680827234409,1.59930827234409
5756,5.50283333333333,6.5508685728619,1.04803523952857
5757,6.096,6.60135144510985,0.505351445109849
5758,6.2205,6.66240436632649,0.441904366326494
5759,6.39908333333333,6.75005150935253,0.350968176019196
5760,6.28366666666667,6.88840535453316,0.604738687866495
5761,6.23808333333333,7.05518075958977,0.817097426256435
5762,6.11408333333333,7.21660922106401,1.10252588773068
5763,5.99091666666667,7.32913237316673,1.33821570650006
5764,5.71758333333333,7.30150361964482,1.58392028631149
5765,5.51216666666667,7.22175892526591,1.70959225859924
5766,5.11608333333333,7.15027980057761,2.03419646724428
5767,4.76658333333333,7.08075284058035,2.31416950724702
5768,4.70983333333333,7.01029817176192,2.30046483842859
5769,4.56583333333333,6.94054453929082,2.37471120595749
5770,4.66741666666667,6.87148496782575,2.20406830115908
5771,4.71808333333333,6.8031125506746,2.08502921734127
5772,4.60083333333333,6.74069556996259,2.13986223662926
5773,4.48475,6.71744026863062,2.23269026863062
5774,4.35325,6.73193157215658,2.37868157215658
5775,3.53375,6.77598682876682,3.24223682876682
5776,2.75408333333333,6.84206998884542,4.08798665551209
5777,2.73983333333333,6.92329160493423,4.1834582716009
5778,2.57808333333333,7.01340883173286,4.43532549839953
5779,2.74,7.10682542609869,4.36682542609869
5780,3.01708333333333,7.19859174704687,4.18150841371354
5781,3.32516666666667,7.28440475575029,3.95923808908362
5782,3.50058333333333,7.36060801553963,3.8600246822063
5783,3.82325,7.4241916919033,3.6009416919033
5784,3.94366666666667,7.47279255248749,3.52912588582082
5785,4.02491666666667,7.50469396709616,3.47977730042949
5786,4.08133333333333,7.51882590769103,3.4374925743577
5787,4.22725,7.51476494839157,3.28751494839157
5788,4.28408333333333,7.49273426547501,3.20865093214168
5789,4.13741666666667,7.45360363737637,3.3161869707097
5790,3.86808333333333,7.39888944468841,3.53080611135508
5791,3.85441666666667,7.33075467016165,3.47633800349498
5792,3.85366666666667,7.25200889870439,3.39834223203772
5793,3.76158333333333,7.16610831738267,3.40452498404934
5794,3.71275,7.07715571542031,3.36440571542031
5795,3.70275,6.98990048419889,3.28715048419889
5796,3.74525,6.90973861725775,3.16448861725775
5797,3.51791666666667,6.84271271029399,3.32479604362732
5798,3.63458333333333,6.88715227959725,3.25256894626392
5799,3.86208333333333,7.04252572430839,3.18044239097506
5800,4.00325,7.16171490164737,3.15846490164737
5801,4.3825,7.18753635196904,2.80503635196904
5802,4.80575,7.15238621697555,2.34663621697555
5803,5.18158333333333,7.09518126001315,1.91359792667982
5804,5.381,7.02467817336206,1.64367817336206
5805,5.8025,6.96219498346078,1.15969498346078
5806,6.01175,6.93394039323551,0.922190393235507
5807,6.28766666666667,6.92957307541748,0.64190640875081
5808,6.62458333333333,6.91008495956577,0.285501626232444
5809,6.51483333333333,6.89629418640749,0.381460853074156
5810,6.1745,6.98897577099379,0.814475770993791
5811,6.32541666666667,7.15879087685003,0.833374210183355
5812,6.21891666666667,7.2706839526173,1.05176728595063
5813,5.77775,7.2693188915796,1.4915688915796
5814,5.46183333333333,7.18110537477707,1.71927204144374
5815,5.08425,7.09939022593087,2.01514022593087
5816,4.84133333333333,7.02875011226249,2.18741677892916
5817,4.57325,6.95881287999797,2.38556287999797
5818,4.33008333333333,6.8895715353932,2.55948820205987
5819,4.12175,6.82101915364756,2.69926915364756
5820,3.88,6.75434084345588,2.87434084345588
5821,3.788,6.69221733424961,2.90421733424961
5822,3.89108333333333,6.63396561810787,2.74288228477454
5823,3.84508333333333,6.57879354155533,2.733710208222
5824,4.31333333333333,6.52597652980803,2.2126431964747
5825,4.88175,6.47485758677334,1.59310758677334
5826,5.23833333333333,6.42484729504999,1.18651396171666
5827,5.75275,6.37542381592808,0.622673815928076
5828,6.27683333333333,6.32613288938903,0.0492995560556997
5829,6.51516666666667,6.27658783410564,-0.23857883256103
5830,6.903,6.22646954744205,-0.676530452557951
5831,7.14616666666667,6.17552650545375,-0.970640161212915
5832,7.26916666666667,6.1235747628876,-1.14559190377907
5833,7.29883333333333,6.07049795318179,-1.22833538015154
5834,7.05025,6.01624728846588,-1.03400271153412
5835,6.92033333333333,5.96084155956076,-0.959491773772568
5836,6.57233333333333,5.9043671359787,-0.667966197354628
5837,6.07991666666667,5.84697796592331,-0.23293870074336
5838,5.53225,5.78889557628955,0.256645576289553
5839,5.07891666666667,5.73040907266373,0.651492405997065
5840,4.70116666666667,5.67187513932353,0.970708472656862
5841,4.49458333333333,5.61371803923796,1.11913470590463
5842,4.364,5.55642961406739,1.19242961406739
5843,4.19558333333333,5.50065045294753,1.3050671196142
5844,4.0905,5.48898543128588,1.39848543128588
5845,4.24583333333333,5.5325979452231,1.28676461188977
5846,4.08158333333333,5.60100364325683,1.5194203099235
5847,4.16041666666667,5.67031097070113,1.50989430403446
5848,4.43291666666667,5.72322116968646,1.29030450301979
5849,4.86716666666667,5.74902827915975,0.881861612493076
5850,5.305,5.74361913488429,0.438619134884293
5851,5.48091666666667,5.70947336943984,0.228556702773172
5852,6.01941666666667,5.65567238581991,-0.363744280846763
5853,6.261,5.6004461370183,-0.660553862981699
5854,6.36125,5.54743968413175,-0.813810315868249
5855,6.66666666666667,5.49892607092075,-1.16774059574592
5856,7.15641666666667,5.46864133077655,-1.68777533589012
5857,7.34808333333333,5.48178448672115,-1.86629884661218
5858,7.19841666666667,5.5979663425379,-1.60045032412877
5859,6.75758333333333,5.74608344351236,-1.01149988982097
5860,6.46225,5.818183671783,-0.644066328216999
5861,6.02808333333333,5.78776226494562,-0.240321068387713
5862,5.54858333333333,5.70978148485208,0.161198151518749
5863,5.10058333333333,5.65276164013161,0.552178306798276
5864,4.74025,5.59651572178088,0.856265721780877
5865,4.44641666666667,5.54082946010571,1.09441279343904
5866,4.1765,5.48569728612668,1.30919728612668
5867,4.00966666666667,5.44398560924026,1.43431894257359
5868,3.72475,5.48424148511798,1.75949148511798
5869,3.66733333333333,5.58616756068714,1.91883422735381
5870,3.93866666666667,5.71851333700307,1.7798466703364
5871,4.34575,5.85590661130956,1.51015661130956
5872,4.10533333333333,5.97885347703892,1.87352014370559
5873,4.06666666666667,6.07373832381192,2.00707165714525
5874,4.46183333333333,6.13282383743781,1.67099050410448
5875,4.9065,6.15425099991433,1.24775099991433
5876,5.40416666666667,6.1420390894277,0.737872422761029
5877,5.90125,6.10608568035262,0.204835680352616
5878,5.98583333333333,6.06216664325226,0.0763333099189341
5879,6.65008333333333,6.03239501616523,-0.617688317168096
5880,6.87816666666667,6.05104930522352,-0.827117361443148
5881,6.77508333333333,6.13827632550395,-0.636807007829377
5882,7.02275,6.28414290498899,-0.738607095011015
5883,7.15641666666667,6.449436955864,-0.706979710802671
5884,6.87425,6.53970253072136,-0.334547469278641
5885,6.793,6.51648944568619,-0.276510554313814
5886,6.3235,6.45308093344016,0.129580933440159
5887,5.96116666666667,6.38888575395906,0.42771908729239
5888,5.57666666666667,6.32876839016388,0.752101723497208
5889,5.06525,6.28004908590159,1.21479908590159
5890,4.77816666666667,6.22052827258966,1.44236160592299
5891,4.62658333333333,6.13656551019626,1.50998217686293
5892,4.44783333333333,6.03892536656638,1.59109203323305
5893,4.421,5.96277741742187,1.54177741742187
5894,4.38683333333333,5.96769624636139,1.58086291302806
5895,4.336,6.08529055548932,1.74929055548932
5896,4.31583333333333,6.24193645001056,1.92610311667723
5897,4.36033333333333,6.37844562707996,2.01811229374663
5898,4.7205,6.46000354007448,1.73950354007448
5899,5.65891666666667,6.47616110606111,0.817244439394444
5900,6.43316666666667,6.44083470579687,0.0076680391302002
5901,6.7755,6.39230618372878,-0.383193816271223
5902,6.9015,6.34074246414415,-0.560757535855847
5903,6.91575,6.28725051584872,-0.628499484151279
5904,7.165,6.26551793341747,-0.899482066582527
5905,7.32916666666667,6.29570465919534,-1.03346200747133
5906,7.66641666666667,6.38444491041917,-1.2819717562475
5907,7.29641666666667,6.53501034646675,-0.761406320199924
5908,7.03225,6.67033792391635,-0.36191207608365
5909,6.5065,6.7176332510346,0.211133251034597
5910,6.17958333333333,6.67017929231928,0.49059595898595
5911,5.87933333333333,6.58732009608429,0.707986762750959
5912,5.48591666666667,6.5217751655069,1.03585849884023
5913,5.15816666666667,6.45688241800498,1.29871575133831
5914,4.76908333333333,6.39263536472463,1.6235520313913
5915,4.67525,6.32902758052577,1.65377758052577
5916,4.42033333333333,6.26634574494478,1.84601241161145
5917,4.34775,6.20791362587605,1.86016362587605
5918,4.12525,6.15391241861659,2.02866241861658
5919,4.70033333333333,6.10344025125457,1.40310691792124
5920,4.41308333333333,6.05567126559075,1.64258793225742
5921,4.67516666666667,6.00985561713844,1.33468895047177
5922,5.48041666666667,5.96531947512349,0.484902808456816
5923,5.41016666666667,5.92146502248434,0.511298355817673
5924,5.67225,5.877770455872,0.205520455872005
5925,6.00816666666667,5.83378998565004,-0.174376681016635
5926,6.50941666666667,5.78915383589456,-0.720262830772107
5927,7.58641666666667,5.74356824439428,-1.84284842227239
5928,7.882,5.69681546265044,-2.18518453734956
5929,7.78833333333333,5.64875375587687,-2.13957957745646
5930,7.97533333333334,5.59931740299995,-2.37601593033339
5931,7.83591666666667,5.54851669665863,-2.28739997000804
5932,7.70725,5.49643794320443,-2.21081205679557
5933,7.14916666666667,5.44324346270142,-1.70592320396525
5934,6.7065,5.38917158892624,-1.31732841107376
5935,6.22091666666667,5.3345366693681,-0.886379997298574
5936,5.78791666666667,5.27972906522877,-0.508187601437905
5937,5.31683333333333,5.22521515142258,-0.0916181819107509
5938,5.06316666666667,5.17153731657644,0.108370649909767
5939,4.82491666666667,5.1193139630298,0.294397296363132
5940,4.4725,5.09513851874247,0.62263851874247
5941,4.43183333333333,5.11387697416755,0.682043640834224
5942,4.12158333333333,5.15309194215124,1.03150860881791
5943,4.44133333333333,5.19502274248903,0.753689409155696
5944,4.20066666666667,5.22665989013445,1.02599322346778
5945,4.10216666666667,5.23974509519911,1.13757842853244
5946,4.93933333333333,5.23077126295267,0.291437929619336
5947,5.063,5.20098249382285,0.137982493822851
5948,5.16575,5.15637408339544,-0.00937591660456505
5949,5.82191666666667,5.10713716881006,-0.714779497856608
5950,5.93225,5.05754611894029,-0.874703881059713
5951,6.02483333333333,5.01295924917044,-1.01187408416289
5952,6.36333333333333,4.99085355941363,-1.3724797739197
5953,7.58158333333333,5.02105132357423,-2.5605320097591
5954,7.20516666666667,5.15565692530405,-2.04950974136262
5955,7.20308333333333,5.32048143387953,-1.8826018994538
5956,7.33033333333333,5.40051762480255,-1.92981570853078
5957,6.94791666666667,5.37183924696649,-1.57607741970018
5958,6.57008333333333,5.30185188261822,-1.26823145071511
5959,6.18541666666667,5.2490975746561,-0.936319092010574
5960,5.8925,5.1968681809884,-0.695631819011599
5961,5.44991666666667,5.14515847881036,-0.304758187856312
5962,5.09816666666667,5.0939632967734,-0.00420336989327375
5963,4.69958333333333,5.04327751508657,0.343694181753236
5964,4.491,4.9930960653725,0.502096065372504
5965,4.18475,4.94006043494217,0.755310434942172
5966,3.9025,4.96552105961772,1.06302105961772
5967,4.34883333333333,5.13543564576293,0.786602312429602
5968,4.078,5.26857399945378,1.19057399945378
5969,3.90241666666667,5.32721914015413,1.42480247348746
5970,4.467,5.32835778812432,0.861357788124321
5971,4.92316666666667,5.2996567123534,0.376490045686727
5972,5.017,5.25606955683743,0.239069556837426
5973,5.59416666666667,5.20385812760061,-0.390308539066059
5974,6.15591666666667,5.15141337930623,-1.00450328736044
5975,6.76508333333333,5.10935903694029,-1.65572429639304
5976,6.44375,5.09055159581156,-1.35319840418844
5977,6.58116666666667,5.11008032155154,-1.47108634511513
5978,7.29058333333333,5.168165284946,-2.12241804838733
5979,7.32233333333333,5.19442336475379,-2.12790996857954
5980,7.18725,5.18869363850057,-1.99855636149943
5981,6.95,5.16097650020886,-1.78902349979114
5982,6.48033333333333,5.11953334755929,-1.36079998577404
5983,6.12966666666667,5.0708865818906,-1.05878008477607
5984,5.48991666666667,5.01981960819965,-0.470097058467017
5985,5.07325,4.96937683514145,-0.103873164858554
5986,4.74608333333333,4.92086367502907,0.174780341695744
5987,4.53141666666667,4.87384654383376,0.342429877167094
5988,4.20308333333333,4.82383147837871,0.620748145045376
5989,4.15866666666667,4.74981141058114,0.591144743914474
5990,3.88583333333333,4.75802144423467,0.872188110901335
5991,4.29383333333333,4.88857538827543,0.594742054942104
5992,4.13925,5.05275440277083,0.913504402770832
5993,4.28533333333333,5.11371350197828,0.828380168644948
5994,5.00266666666667,5.11758807776132,0.114921411094647
5995,5.42633333333333,5.09094342050664,-0.335389912826689
5996,5.33608333333333,5.04976607095029,-0.286317262383041
5997,5.7655,5.00223081860078,-0.763269181399219
5998,5.91866666666667,4.95509744210833,-0.963569224558338
5999,6.33733333333333,4.91886412176578,-1.41846921156755
6000,6.9295,4.90639072404243,-2.02310927595757
6001,7.25441666666667,4.9329512159197,-2.32146545074697
6002,7.11325,5.05262100300082,-2.06062899699918
6003,7.26408333333333,5.23257878054092,-2.03150455279241
6004,7.02133333333333,5.32639203150875,-1.69494130182458
6005,6.40041666666667,5.29913893445924,-1.10127773220743
6006,6.09158333333333,5.23057936191748,-0.86100397141585
6007,5.79208333333333,5.17853422742773,-0.613549105905598
6008,5.45716666666667,5.12700695087671,-0.330159715789964
6009,4.92475,5.07599237954395,0.151242379543948
6010,4.64858333333333,5.02548541159695,0.376902078263621
6011,4.31991666666667,4.97548099623756,0.655564329570893
6012,4.11825,4.92597413316698,0.807724133166978
6013,3.97841666666667,4.87053058653666,0.892113919869991
6014,3.87708333333333,4.89295648302852,1.01587314969519
6015,4.10141666666667,5.05293483183736,0.951518165170685
6016,3.64475,5.19211324005808,1.54736324005808
6017,4.17716666666667,5.2547538828069,1.07758721614023
6018,4.67641666666667,5.25939420526024,0.582977538593568
6019,5.1185,5.23448122864194,0.115981228641943
6020,5.94366666666667,5.19253616194961,-0.751130504717056
6021,6.33533333333333,5.14471322284004,-1.19062011049329
6022,6.56483333333333,5.10005048304736,-1.46478285028597
6023,6.90866666666667,5.0796381468535,-1.82902851981317
6024,7.006,5.10133149295178,-1.90466850704822
6025,7.135,5.13786570761862,-1.99713429238138
6026,7.6,5.16803328993881,-2.43196671006119
6027,7.21275,5.17839138510596,-2.03435861489404
6028,7.08041666666667,5.16326178442257,-1.9171548822441
6029,6.5605,5.12473092529999,-1.43576907470001
6030,6.296,5.07264989125842,-1.22335010874158
6031,5.74725,5.02148882992298,-0.72576117007702
6032,5.32408333333333,4.97152418091401,-0.352559152419325
6033,5.03091666666667,4.9220566888363,-0.108859977830365
6034,4.58883333333333,4.87308140677737,0.284248073444039
6035,4.24975,4.82362452799235,0.573874527992349
6036,3.90475,4.7515261445786,0.846776144578602
6037,3.69733333333333,4.73502870687499,1.03769537354166
6038,3.53141666666667,4.82682056344069,1.29540389677402
6039,3.798,4.99445544425068,1.19645544425068
6040,3.701,5.13015096544803,1.42915096544803
6041,3.98833333333333,5.18794856997859,1.19961523664526
6042,4.6275,5.19330593274684,0.565805932746843
6043,4.78725,5.16731831186568,0.380068311865677
6044,4.80066666666667,5.12500098387588,0.324334317209215
6045,5.19916666666667,5.07762755490446,-0.121539111762206
6046,5.55625,5.03282467398724,-0.523425326012758
6047,6.28616666666667,4.99858959572996,-1.28757707093671
6048,6.31808333333333,4.98725708948789,-1.33082624384544
6049,6.57541666666667,5.015500052816,-1.55991661385067
6050,7.20983333333333,5.14569003678689,-2.06414329654644
6051,7.2265,5.31472277330505,-1.91177722669495
6052,6.88116666666667,5.40242970249389,-1.47873696417278
6053,6.31308333333333,5.37859128835712,-0.934492044976214
6054,6.00883333333333,5.30306346065992,-0.705769872673414
6055,5.5485,5.25011592698902,-0.298384073010984
6056,5.2415,5.19787640049386,-0.0436235995061391
6057,4.65341666666667,5.14615666632927,0.492739999662597
6058,4.30433333333333,5.09495155218552,0.790618218852192
6059,3.86258333333333,5.04453837919462,1.18195504586129
6060,3.58308333333333,4.99889747197535,1.41581413864202
6061,3.40658333333333,4.96317797341848,1.55659464008515
6062,3.23275,4.94014205141936,1.70739205141936
6063,3.14741666666667,4.93008440593678,1.78266773927011
6064,3.03975,4.93083226899288,1.89108226899288
6065,3.83925,4.93774540467323,1.09849540467323
6066,4.42675,4.94371610912676,0.516966109126763
6067,4.92525,4.93916921056582,0.0139192105658212
6068,5.46775,4.9120719181734,-0.555678081826595
6069,5.5865,4.87231151248522,-0.714188487514781
6070,6.88816666666667,4.83687256222704,-2.05129410443963
6071,6.27583333333333,4.81305931797191,-1.46277401536142
6072,6.46316666666667,4.81860587319516,-1.64456079347151
6073,6.98191666666667,4.88171370907586,-2.10020295759081
6074,7.24325,5.05216633909541,-2.19108366090459
6075,6.60766666666667,5.23372133591829,-1.37394533074838
6076,6.49483333333333,5.31875733862123,-1.1760759947121
6077,6.19508333333333,5.28906552502335,-0.90601780830998
6078,5.77408333333333,5.21579972624127,-0.558283607092058
6079,5.35325,5.16390165156659,-0.189348348433411
6080,4.796,5.11251997148897,0.316519971488965
6081,4.44666666666667,5.06164954800197,0.614982881335304
6082,4.30158333333333,5.01128529370528,0.709701960371955
6083,4.23425,4.96142217189479,0.72717217189479
6084,4.01725,4.91205519645286,0.89480519645286
6085,3.78925,4.86188490456766,1.07263490456766
6086,3.4235,4.87132916426932,1.44782916426932
6087,4.01133333333333,5.01954061165004,1.00820727831671
6088,3.81175,5.18973053763131,1.37798053763131
6089,4.16416666666667,5.3115516750637,1.14738500839703
6090,4.68358333333333,5.37032318840868,0.686739855075349
6091,4.78841666666667,5.37473340671545,0.586316740048784
6092,5.50891666666667,5.34991645292082,-0.159000213745847
6093,6.3755,5.30968424851729,-1.06581575148271
6094,7.02841666666666,5.26548283747032,-1.76293382919634
6095,7.20308333333333,5.23051733506489,-1.97256599826844
6096,7.32975,5.21972792029735,-2.11002207970265
6097,7.15308333333333,5.25033295200679,-1.90275038132654
6098,7.08191666666667,5.33793104784467,-1.743985618822
6099,7.17608333333333,5.45403386268688,-1.72204947064645
6100,6.91658333333333,5.56681167478109,-1.34977165855224
6101,6.38891666666667,5.65339157229493,-0.735525094371736
6102,5.728,5.69985745331606,-0.0281425466839371
6103,5.27875,5.70125002585211,0.422500025852107
6104,4.84191666666667,5.66156680783069,0.819650141164018
6105,4.59975,5.59376212709943,0.994012127099426
6106,4.331,5.51974712142593,1.18874712142593
6107,4.10741666666667,5.4628484794976,1.35543181283093
6108,3.9295,5.40624541293162,1.47674541293162
6109,3.756,5.3521553070483,1.5961553070483
6110,3.59841666666667,5.36811183530791,1.76969516864124
6111,3.97541666666667,5.51643125289181,1.54101458622514
6112,4.22941666666667,5.65121063634442,1.42179396967775
6113,4.47133333333333,5.71020032788339,1.23886699455006
6114,4.8785,5.71233138008125,0.833831380081254
6115,5.62083333333333,5.68126488522049,0.0604315518871621
6116,6.18116666666667,5.63429333874515,-0.546873327921521
6117,6.65591666666667,5.5829840813318,-1.07293258533487
6118,6.8325,5.53370693162032,-1.29879306837968
6119,6.79558333333333,5.49552054906127,-1.30006278427206
6120,7.03191666666667,5.48124665810358,-1.55067000856309
6121,7.41958333333333,5.50798522044841,-1.91159811288492
6122,7.21325,5.61224116002291,-1.60100883997709
6123,7.03891666666667,5.79037923987856,-1.24853742678811
6124,6.48058333333333,5.87015550316003,-0.610427830173302
6125,6.08033333333333,5.8209498497726,-0.259383483560734
6126,5.5675,5.756751940624,0.189251940623999
6127,5.141,5.6994713015955,0.558471301595503
6128,4.81616666666667,5.64276061469886,0.826593948032193
6129,4.56008333333333,5.58661420860767,1.02653087527434
6130,4.28908333333333,5.5306252599899,1.24154192665657
6131,4.03416666666667,5.474134678335,1.43996801166833
6132,3.7835,5.41972627465227,1.63622627465227
6133,3.50175,5.37363053011683,1.87188053011683
6134,3.36016666666667,5.40884497858926,2.04867831192259
6135,3.91308333333333,5.57568146095094,1.66259812761761
6136,3.80158333333333,5.71590209055522,1.91431875722189
6137,4.13783333333333,5.76966339985118,1.63183006651785
6138,4.47225,5.7725420052262,1.30029200522621
6139,5.01166666666667,5.74517315770502,0.733506491038352
6140,5.76808333333333,5.69948007886608,-0.0686032544672486
6141,6.66366666666667,5.64740983223366,-1.01625683443301
6142,7.17941666666667,5.5991647869509,-1.58025187971577
6143,7.01625,5.58279043764412,-1.43345956235588
6144,7.0115,5.61553197112549,-1.39596802887451
6145,7.1795,5.66445804525551,-1.51504195474449
6146,7.326,5.70453010751041,-1.62146989248959
6147,7.03958333333333,5.71965139055946,-1.31993194277387
6148,6.44366666666667,5.70266691226499,-0.740999754401681
6149,5.88975,5.6553634756824,-0.234386524317605
6150,5.36333333333333,5.58846966906014,0.225136335726806
6151,5.021,5.52165586583973,0.500655865839731
6152,4.65616666666667,5.46658138071141,0.810414714044735
6153,4.38275,5.41218798622979,1.02943798622979
6154,4.19675,5.35833581588043,1.16158581588043
6155,3.956,5.30501948435153,1.34901948435153
6156,3.78858333333333,5.2522336593076,1.46365032597427
6157,3.64525,5.21040094751119,1.56515094751119
6158,3.73625,5.30728733571397,1.57103733571397
6159,3.90308333333333,5.47270832484952,1.56962499151619
6160,4.14075,5.60957100001808,1.46882100001808
6161,4.633,5.67262704425312,1.03962704425312
6162,5.27441666666667,5.66847273852133,0.394056071854663
6163,5.74008333333333,5.64125140156071,-0.0988319317726161
6164,6.28475,5.59838199687558,-0.686368003124423
6165,6.60441666666667,5.54701781117339,-1.05739885549328
6166,6.785,5.49703499163775,-1.28796500836225
6167,7.1255,5.45946610243237,-1.66603389756763
6168,6.95016666666667,5.4465001247011,-1.50366654196556
6169,6.84416666666667,5.47394979953973,-1.37021686712694
6170,7.05216666666667,5.56384196855684,-1.48832469810983
6171,6.77141666666667,5.73690232110278,-1.03451434556389
6172,6.23391666666667,5.79066433365104,-0.44325233301563
6173,5.69891666666667,5.7320275376034,0.033110870936726
6174,5.28775,5.67499291059079,0.387242910590794
6175,4.91791666666667,5.61852578773629,0.700609121069624
6176,4.61225,5.56255130468933,0.95030130468933
6177,4.32408333333333,5.50603929255631,1.18195595922298
6178,4.1745,5.4488769998096,1.2743769998096
6179,4.03383333333333,5.39291668673285,1.35908335339952
6180,3.86458333333333,5.34187941065874,1.47729607732541
6181,3.75283333333333,5.30135502596894,1.54852169263561
6182,3.95866666666667,5.29581807520294,1.33715140853627
6183,3.89591666666667,5.4146944740945,1.51877780742783
6184,4.33558333333333,5.56755869184133,1.231975358508
6185,5.02625,5.67315705433822,0.646907054338219
6186,5.33791666666667,5.69873547758663,0.360818810919959
6187,5.88533333333333,5.66003946769464,-0.225293865638689
6188,6.13075,5.61210653141263,-0.51864346858737
6189,6.60508333333333,5.56308308244622,-1.04200025088711
6190,6.82891666666667,5.51461280354049,-1.31430386312618
6191,6.55466666666667,5.4765332563657,-1.07813341030097
6192,6.79325,5.46240857015888,-1.33084142984112
6193,7.365,5.48952944172381,-1.87547055827619
6194,7.16591666666667,5.52301974008022,-1.64289692658645
6195,6.51433333333333,5.51267870494229,-1.00165462839104
6196,6.29125,5.47281599144534,-0.818434008554664
6197,5.71675,5.41547856637873,-0.301271433621272
6198,5.17625,5.35026892308297,0.174018923082971
6199,4.81166666666667,5.2843450814497,0.472678414783035
6200,4.5635,5.2224205879217,0.658920587921703
6201,4.29016666666667,5.16676451549288,0.876597848826207
6202,4.09883333333333,5.11720146370827,1.01836813037494
6203,3.93258333333333,5.07111155866405,1.13852822533072
6204,3.73058333333333,5.02373391170286,1.29315057836953
6205,3.33741666666667,5.04960750046012,1.71219083379345
6206,3.12766666666667,5.1584026995372,2.03073603287053
6207,3.69658333333333,5.28879330911676,1.59220997578343
6208,3.61191666666667,5.39764208183717,1.7857254151705
6209,3.83058333333333,5.46000072279247,1.62941738945914
6210,4.72858333333333,5.46910988953238,0.740526556199049
6211,5.32341666666667,5.43639919206229,0.112982525395622
6212,5.58883333333333,5.39097684218628,-0.197856491147053
6213,5.98108333333333,5.3493163767688,-0.631766956564525
6214,6.66158333333333,5.30591596688044,-1.35566736645289
6215,6.93925,5.26771961006052,-1.67153038993948
6216,7.06983333333333,5.25473335475835,-1.81509997857498
6217,6.93416666666667,5.3077377883817,-1.62642887828497
6218,6.85508333333333,5.46664507371688,-1.38843825961645
6219,6.51566666666667,5.59702863329093,-0.918638033375737
6220,5.81266666666667,5.61983128986096,-0.192835376805707
6221,5.30566666666667,5.55261640646416,0.246949739797494
6222,4.84925,5.48959167121902,0.640341671219025
6223,4.53291666666667,5.43496932115259,0.902052654485916
6224,4.22908333333333,5.38089047288818,1.15180713955485
6225,4.08058333333333,5.32734971836412,1.24676638503079
6226,3.95625,5.27434170307225,1.31809170307225
6227,3.843,5.2218611262492,1.3788611262492
6228,3.71341666666667,5.16990273992331,1.45648607325664
6229,3.53341666666667,5.12928051367264,1.59586384700597
6230,3.39116666666667,5.0655520949372,1.67438542827053
6231,3.48391666666667,5.1962646031959,1.71234793652923
6232,3.62016666666667,5.34591637296645,1.72574970629978
6233,4.28008333333333,5.41499427094241,1.13491093760908
6234,4.71291666666667,5.4296610350583,0.716744368391632
6235,5.33558333333333,5.41057252729756,0.0749891939642309
6236,5.81058333333333,5.37435078029894,-0.436232553034388
6237,6.66091666666667,5.33348550643002,-1.32743116023665
6238,7.0745,5.29502148321054,-1.77947851678946
6239,7.26866666666667,5.26857575307737,-2.0000909135893
6240,7.363,5.26823333652577,-2.09476666347423
6241,7.29408333333333,5.31254723210941,-1.98153610122392
6242,6.96941666666666,5.42381565784279,-1.54560100882387
6243,6.45091666666667,5.53578208192984,-0.91513458473683
6244,5.97816666666667,5.59371043790378,-0.384456228762894
6245,5.49808333333333,5.6033782996508,0.105294966317469
6246,5.10991666666667,5.57461034073384,0.464693674067168
6247,4.77116666666667,5.52127833439255,0.750111667725882
6248,4.54675,5.46130115354333,0.91455115354333
6249,4.31958333333333,5.4068665794788,1.08728324614547
6250,4.19225,5.35306735793872,1.16081735793872
6251,4.04041666666667,5.29980344793787,1.2593867812712
6252,4.02033333333333,5.24706952275301,1.22673618941968
6253,3.87016666666667,5.17764854954118,1.30748188287451
6254,3.83966666666667,5.1314884448361,1.29182177816943
6255,4.07716666666667,5.20664108503127,1.1294744183646
6256,4.15741666666667,5.36540235152483,1.20798568485816
6257,4.65325,5.45350431067265,0.800254310672654
6258,5.03258333333333,5.46962958108802,0.437046247754687
6259,5.61025,5.45113295816048,-0.159117041839516
6260,6.1565,5.41431487890217,-0.742185121097828
6261,6.76383333333333,5.37123389938717,-1.39259943394616
6262,7.03391666666667,5.33093237993783,-1.70298428672884
6263,7.2575,5.30225118433562,-1.95524881566438
6264,7.34008333333334,5.29849401782089,-2.04158931551245
6265,7.30875,5.33742799483645,-1.97132200516355
6266,7.09666666666667,5.48123501510473,-1.61543165156194
6267,6.5365,5.65737843380181,-0.879121566198187
6268,6.00125,5.74483132627653,-0.256418673723473
6269,5.59616666666667,5.7159824721497,0.119815805483033
6270,5.21225,5.63667076458195,0.424420764581955
6271,4.85675,5.58054518774424,0.72379518774424
6272,4.57158333333333,5.52501783516759,0.953434501834259
6273,4.35291666666667,5.47004298936091,1.11712632269424
6274,4.18133333333333,5.41561515247083,1.2342818191375
6275,4.04866666666667,5.36367239801178,1.31500573134511
6276,3.78033333333333,5.32062479377633,1.540291460443
6277,3.66308333333333,5.28669730083759,1.62361396750426
6278,3.92341666666667,5.26107274599915,1.33765607933248
6279,3.871,5.24238639596274,1.37138639596274
6280,3.859,5.22872595732823,1.36972595732823
6281,4.66883333333333,5.21763157659366,0.54879824326033
6282,4.9945,5.20609584015519,0.211595840155185
6283,5.5955,5.19056377430712,-0.404936225692882
6284,5.99241666666667,5.16693284524191,-0.825483821424759
6285,6.16408333333333,5.1320963520684,-1.03198698126493
6286,6.34575,5.1248773063425,-1.2208726936575
6287,6.65758333333333,5.14715254384835,-1.51043078948498
6288,7.187,5.17963908706013,-2.00736091293987
6289,7.26475,5.20752730906105,-2.05722269093895
6290,6.97033333333333,5.2204809335434,-1.74985239978993
6291,6.55941666666667,5.21263703480855,-1.34677963185812
6292,6.09541666666667,5.18260603776692,-0.91281062889975
6293,5.65491666666667,5.13347171793801,-0.521444948728657
6294,5.21666666666667,5.07279120145039,-0.143875465216281
6295,4.87608333333333,5.01259496504168,0.136511631708352
6296,4.61816666666667,4.96210150300047,0.343934836333803
6297,4.41858333333333,4.91272776738746,0.494144434054125
6298,4.27583333333333,4.86384530925156,0.588011975918231
6299,4.15275,4.81544924030002,0.662699240300024
6300,3.93216666666667,4.76753472035078,0.835368053684115
6301,3.9075,4.71455750493341,0.807057504933411
6302,3.81216666666667,4.66719244979768,0.855025783131012
6303,4.07508333333333,4.72467146736695,0.649588134033618
6304,3.99258333333333,4.89212500077545,0.899541667442123
6305,4.31,5.05606955100706,0.746069551007057
6306,4.75266666666667,5.10377846567613,0.351111799009457
6307,5.38391666666667,5.08946163709215,-0.294455029574523
6308,6.26291666666667,5.06789430534371,-1.19502236132296
6309,6.78033333333333,5.07054232041426,-1.70979101291907
6310,7.071,5.08816139655463,-1.98283860344537
6311,7.08633333333333,5.13446455173428,-1.95186878159905
6312,7.00875,5.24545540806216,-1.76329459193784
6313,6.65975,5.41357931599188,-1.24617068400812
6314,6.30833333333333,5.58736958176328,-0.720963751570047
6315,5.93391666666667,5.67361731470333,-0.26029935196334
6316,5.52458333333333,5.65494862128261,0.130365287949282
6317,5.14125,5.59467646755792,0.453426467557917
6318,4.858,5.53220207657572,0.674202076575724
6319,4.62791666666667,5.48001391760258,0.852097250935913
6320,4.42458333333333,5.42711741928333,1.00253408595
6321,4.25533333333333,5.37311669703681,1.11778336370348
6322,4.13066666666667,5.31965329150159,1.18898662483492
6323,4.02958333333333,5.26672185705668,1.23713852372335
6324,3.90316666666667,5.21431710017839,1.31115043351172
6325,3.69216666666667,5.16243377944026,1.47026711277359
6326,3.64366666666667,5.1130857870836,1.46941912041693
6327,3.50958333333333,5.15722747416852,1.64764414083519
6328,3.67783333333333,5.29553460545621,1.61770127212288
6329,3.74491666666667,5.47194119768582,1.72702453101915
6330,4.14466666666667,5.64452427188712,1.49985760522045
6331,4.44441666666667,5.78550385338051,1.34108718671384
6332,4.35608333333333,5.88124297177698,1.52515963844365
6333,4.80491666666667,5.93224766097816,1.12733099431149
6334,5.21891666666667,5.9531669591763,0.734250292509634
6335,5.47675,5.97279290885428,0.496042908854276
6336,5.52241666666667,6.03291970512395,0.510503038457277
6337,5.36841666666667,6.14501786765207,0.7766012009854
6338,5.26366666666667,6.27479634940856,1.01112968274189
6339,4.95933333333333,6.39302245987578,1.43368912654245
6340,4.55491666666667,6.47907599966309,1.92415933299642
6341,4.02616666666667,6.5209492605068,2.49478259384013
6342,3.6135,6.5152470252702,2.9017470252702
6343,3.44125,6.46718656794357,3.02593656794357
6344,3.33466666666667,6.39059765364413,3.05593098697746
6345,3.30925,6.30792253861609,2.99867253861609
6346,3.38233333333333,6.24485140998659,2.86251807665326
6347,3.51541666666667,6.18823220565293,2.67281553898626
6348,4.04133333333333,6.12224548098832,2.08091214765499
6349,4.11325,6.0526181497534,1.9393681497534
6350,4.14883333333333,6.00609390609626,1.85726057276293
6351,4.16966666666667,6.03043322455249,1.86076655788582
6352,4.13066666666667,6.17623858103519,2.04557191436852
6353,4.23883333333333,6.34302546173355,2.10419212840022
6354,4.38883333333333,6.48712834062972,2.09829500729639
6355,4.65341666666667,6.60313871707156,1.94972205040489
6356,4.99383333333333,6.6979099221497,1.70407658881637
6357,5.14208333333333,6.79055711869758,1.64847378536425
6358,5.11991666666667,6.90877746851375,1.78886080184708
6359,5.18616666666667,7.02874149579403,1.84257482912736
6360,5.17916666666667,7.16526332018705,1.98609665352038
6361,5.09841666666667,7.32616912479877,2.2277524581321
6362,4.717,7.48337500770289,2.76637500770289
6363,4.43666666666667,7.57305497688647,3.1363883102198
6364,4.03341666666667,7.55065422066284,3.51723755399617
6365,3.58808333333333,7.471673768109,3.88359043477567
6366,3.35533333333333,7.38382777517869,4.02849444184536
6367,3.4965,7.30829051097827,3.81179051097827
6368,3.66025,7.23972384839433,3.57947384839433
6369,3.7445,7.16679133898806,3.42229133898806
6370,3.74225,7.09270746227164,3.35045746227164
6371,3.76,7.01862925117864,3.25862925117864
6372,3.73766666666667,6.94766472211826,3.20999805545159
6373,3.672,6.88487287497538,3.21287287497538
6374,3.641,6.8372636931105,3.1962636931105
6375,3.64625,6.82689129545498,3.18064129545498
6376,3.47525,6.92037009876878,3.44512009876878
6377,3.45683333333333,7.07484321353309,3.61800988019976
6378,3.6275,7.23881675334246,3.61131675334246
6379,3.78391666666667,7.37096484241774,3.58704817575107
6380,4.08183333333333,7.44012961560613,3.3582962822728
6381,4.40616666666667,7.42247490646759,3.01630823980092
6382,4.58158333333333,7.36152289052611,2.77993955719278
6383,4.64541666666667,7.33197041744912,2.68655375078245
6384,4.81483333333333,7.37348833427586,2.55865500094253
6385,4.744,7.48998995158243,2.74598995158243
6386,4.4305,7.64963104348185,3.21913104348185
6387,4.33766666666667,7.74108102355947,3.4034143568928
6388,3.9835,7.70416154119331,3.72066154119331
6389,3.66041666666667,7.61322008172099,3.95280341505432
6390,3.35733333333333,7.51756962361263,4.1602362902793
6391,3.12316666666667,7.43930863669093,4.31614197002426
6392,2.92675,7.3733210821312,4.4465710821312
6393,2.80125,7.30060025234356,4.49935025234356
6394,2.82675,7.22795806560563,4.40120806560563
6395,2.8755,7.15603868133039,4.28053868133039
6396,2.98183333333333,7.08483490724884,4.10300157391551
6397,3.15708333333333,7.01548858319445,3.85840524986112
6398,3.30075,7.00417747191847,3.70342747191847
6399,3.48558333333333,7.06240512823746,3.57682179490413
6400,3.78658333333333,7.1559996024804,3.36941626914707
6401,4.09891666666667,7.24204822695034,3.14313156028367
6402,4.20975,7.27581475470314,3.06606475470314
6403,4.57675,7.26651782744875,2.68976782744875
6404,5.16166666666667,7.23476493838686,2.07309827172019
6405,5.58091666666667,7.19564717675455,1.61473051008788
6406,5.90891666666667,7.16109188334888,1.25217521668221
6407,6.12558333333333,7.14288436249292,1.01730102915959
6408,6.26383333333333,7.20308711597531,0.939253782641977
6409,6.38983333333333,7.32289067924853,0.9330573459152
6410,6.23158333333333,7.45673580320253,1.2251524698692
6411,6.08375,7.57044711290917,1.48669711290917
6412,5.94075,7.64123310762227,1.70048310762227
6413,5.79308333333333,7.65768616077757,1.86460282744424
6414,5.66816666666667,7.61978251999275,1.95161585332608
6415,5.53525,7.53888230706743,2.00363230706743
6416,5.41475,7.43772951798316,2.02297951798316
6417,5.28166666666667,7.34996044744539,2.06829378077872
6418,5.18783333333333,7.27682711893464,2.08899378560131
6419,5.023,7.20442147936138,2.18142147936138
6420,4.88866666666667,7.13273628798829,2.24406962132162
6421,4.81566666666667,7.0436046293252,2.22793796265853
6422,4.63675,7.03875003582932,2.40200003582932
6423,4.86041666666667,7.17102708394317,2.3106104172765
6424,4.62816666666667,7.306973869879,2.67880720321233
6425,4.79483333333333,7.3647046633398,2.56987133000647
6426,5.07516666666667,7.36429935568186,2.28913268901519
6427,5.50475,7.32679467024572,1.82204467024572
6428,5.81008333333333,7.27230912420857,1.46222579087524
6429,6.29,7.21853480190139,0.928534801901393
6430,6.80075,7.17096357182455,0.370213571824553
6431,6.95091666666667,7.13922048708251,0.188303820415842
6432,7.11308333333333,7.13560942969259,0.0225260963592611
6433,7.36141666666667,7.17359866315148,-0.187818003515193
6434,7.27933333333333,7.26782083243522,-0.0115125008981058
6435,6.97975,7.39348622430062,0.413736224300616
6436,6.68741666666667,7.39076438819417,0.703347721527504
6437,6.39116666666667,7.31103749472888,0.919870828062211
6438,6.178,7.2124882959599,1.0344882959599
6439,5.97375,7.12729529394983,1.15354529394983
6440,5.84133333333333,7.06163274076869,1.22029940743536
6441,5.71516666666667,6.99673496401106,1.28156829734439
6442,5.666,6.92701664887562,1.26101664887562
6443,5.63216666666667,6.85792077330876,1.22575410664209
6444,5.606,6.78980701064638,1.18380701064638
6445,5.60108333333333,6.72337182310616,1.12228848977283
6446,5.57,6.73137391322549,1.16137391322549
6447,5.66758333333333,6.8601051207436,1.19252178741027
6448,5.60741666666667,6.99372898271665,1.38631231604998
6449,5.84925,7.0679185499405,1.2186685499405
6450,6.15441666666667,7.07429287008409,0.919876203417421
6451,6.53825,7.04296294422246,0.504712944222462
6452,6.72658333333333,6.99017815956184,0.263594826228507
6453,7.22666666666667,6.92926036773108,-0.297406298935591
6454,7.47208333333333,6.87376814047574,-0.598315192857592
6455,7.61658333333333,6.83749676965805,-0.779086563675284
6456,7.73375,6.83447826725693,-0.899271732743074
6457,7.71141666666667,6.87898136536798,-0.832435301298688
6458,7.51358333333333,6.95617710522845,-0.557406228104879
6459,7.254,6.95945659541043,-0.294543404589574
6460,6.90975,6.90730346294096,-0.00244653705904252
6461,6.54508333333333,6.82750288233434,0.282419549001013
6462,6.25066666666667,6.74045779335879,0.489791126692125
6463,5.984,6.65918890103645,0.675188901036447
6464,5.75541666666667,6.58933467564335,0.833918008976679
6465,5.61016666666667,6.52915135270947,0.918984686042799
6466,5.502,6.46951293301869,0.967512933018694
6467,5.42658333333333,6.37516529715718,0.948581963823854
6468,5.41941666666667,6.28263899222912,0.863222325562451
6469,5.44266666666667,6.26014481943833,0.817478152771657
6470,5.44658333333333,6.33354612790148,0.886962794568149
6471,5.54866666666667,6.48632668290027,0.937660016233601
6472,5.63833333333333,6.65959066588142,1.02125733254809
6473,5.75766666666667,6.75994607299427,1.0022794063276
6474,5.9075,6.78269565094972,0.875195650949718
6475,6.40783333333333,6.7620952018282,0.354261868494866
6476,6.70691666666667,6.72051506092381,0.0135983942571407
6477,7.31525,6.67675191309235,-0.63849808690765
6478,7.55083333333333,6.64602879275129,-0.90480454058204
6479,7.69341666666667,6.63999508387979,-1.05342158278688
6480,7.75941666666667,6.69941301038685,-1.06000365627982
6481,7.80275,6.84789797928927,-0.954852020710732
6482,7.72566666666667,7.01857807633479,-0.70708859033188
6483,7.57725,7.16108378618251,-0.416166213817492
6484,7.29066666666667,7.24396104900172,-0.046705617664955
6485,6.94458333333333,7.25467126047192,0.310087927138586
6486,6.55775,7.19959127178282,0.641841271782817
6487,6.23508333333333,7.10401338963434,0.86893005630101
6488,5.98116666666667,7.01214537623661,1.03097870956994
6489,5.77325,6.94237196944673,1.16912196944673
6490,5.61433333333333,6.87329421334299,1.25896088000966
6491,5.51266666666667,6.80490379333532,1.29223712666865
6492,5.41716666666667,6.73719387006451,1.32002720339784
6493,5.36808333333333,6.67015767165641,1.30207433832308
6494,5.29975,6.64968409393004,1.34993409393004
6495,5.34083333333333,6.75311349095588,1.41228015762255
6496,5.39225,6.87969731658101,1.48744731658101
6497,5.4835,6.96817358869112,1.48467358869112
6498,5.69333333333333,7.01056279854791,1.31722946521458
6499,5.85716666666667,7.04412573724797,1.1869590705813
6500,6.232,7.04224330156549,0.810243301565493
6501,6.53475,7.00739838377821,0.472648383778208
6502,6.58891666666667,6.96137186096949,0.37245519430282
6503,7.04275,6.92391240953592,-0.118837590464075
6504,7.19566666666667,6.92292680481278,-0.272739861853887
6505,7.18208333333333,7.03016195024566,-0.151921383087667
6506,7.23375,7.18341294272866,-0.0503370572713422
6507,7.15975,7.31536336954522,0.155613369545218
6508,6.99791666666667,7.38499803821349,0.387081371546818
6509,6.77333333333333,7.3776029764863,0.604269643152966
6510,6.47208333333333,7.30476543235116,0.832682099017832
6511,6.21325,7.2043738740303,0.991123874030296
6512,5.99875,7.12711884351784,1.12836884351784
6513,5.78166666666667,7.05640665876183,1.27473999209516
6514,5.55891666666667,6.98603189707259,1.42711523040592
6515,5.40416666666667,6.91591528706396,1.51174862039729
6516,5.34025,6.84648381161948,1.50623381161948
6517,5.28808333333333,6.77867070789235,1.49058737455902
6518,5.13,6.71415904565276,1.58415904565276
6519,5.12125,6.69901217893289,1.57776217893289
6520,5.33425,6.73921872872985,1.40496872872985
6521,5.61975,6.80161118532986,1.18186118532986
6522,6.00658333333333,6.86117794806549,0.854594614732159
6523,6.17858333333333,6.90106332531569,0.722479991982357
6524,6.69691666666667,6.91256753450578,0.215650867839107
6525,7.08533333333333,6.89514670210745,-0.190186631225879
6526,7.431,6.85641286363877,-0.574587136361229
6527,7.54666666666667,6.81213396366417,-0.734532703002497
6528,7.80683333333333,6.78623385579446,-1.02059947753887
6529,7.86383333333333,6.81079230268682,-1.05304103064651
6530,7.53566666666667,6.85525459311264,-0.680412073554031
6531,7.42616666666667,6.85099710468749,-0.575169561979177
6532,7.12741666666667,6.81139381885112,-0.316022847815545
6533,6.8145,6.74836082418895,-0.0661391758110499
6534,6.41541666666667,6.67188517644826,0.256468509781592
6535,6.1835,6.59002489853822,0.406524898538223
6536,5.90375,6.50890898052988,0.60515898052988
6537,5.67958333333333,6.43273737965614,0.753154046322813
6538,5.55658333333333,6.36378102031181,0.807197686978476
6539,5.35458333333333,6.30238179405353,0.947798460720203
6540,5.25091666666667,6.24695255959986,0.996035892933193
6541,5.39925,6.19397714283121,0.794727142831212
6542,5.3565,6.14370433083542,0.787204330835424
6543,5.53108333333333,6.13294359197823,0.601860258644902
6544,5.58825,6.14979515348761,0.561545153487608
6545,5.72225,6.1745970333358,0.452347033335805
6546,6.17666666666667,6.19316611392772,0.01649944726105
6547,6.35575,6.1967981421009,-0.158951857899098
6548,6.70683333333333,6.18226772912554,-0.524565604207786
6549,7.00208333333333,6.15182835070449,-0.850254982628837
6550,7.2125,6.11321234697324,-1.09928765302676
6551,7.67266666666667,6.07963092249992,-1.59303574416675
6552,7.69941666666667,6.06977414628533,-1.62964252038134
6553,7.6135,6.10781095176289,-1.50568904823711
6554,7.57083333333333,6.19746553239051,-1.37336780094282
6555,7.5215,6.26048994404779,-1.26101005595221
6556,7.20708333333333,6.28735579806109,-0.919727535272237
6557,6.823,6.27980239242281,-0.543197607577194
6558,6.43691666666667,6.24293467961321,-0.193981987053461
6559,6.219,6.18522326660045,-0.0337767333995522
6560,5.917,6.11850441484054,0.201504414840543
6561,5.70675,6.05602381418119,0.349273814181193
6562,5.59866666666667,5.99576537000797,0.397098703341295
6563,5.42241666666667,5.9361065077683,0.513689841101632
6564,5.31241666666667,5.87704126146289,0.564624594796222
6565,5.34858333333333,5.81874683692067,0.470163503587337
6566,5.45541666666667,5.84597389932072,0.390557232654048
6567,5.55425,5.95588343105481,0.401633431054812
6568,5.74558333333333,6.0672992524325,0.321715919099174
6569,5.89258333333333,6.13316704680111,0.240583713467783
6570,6.1095,6.14291831850182,0.0334183185018171
6571,6.4565,6.11787388868326,-0.338626111316738
6572,6.83041666666667,6.07362770742526,-0.756788959241407
6573,7.21141666666667,6.02319859609767,-1.188218070569
6574,7.4995,5.97802099025574,-1.52147900974426
6575,7.67325,5.94869998344832,-1.72455001655168
6576,7.813,5.99257190736123,-1.82042809263877
6577,7.68391666666667,6.09201867550666,-1.59189799116001
6578,7.81016666666667,6.19200092449663,-1.61816574217004
6579,7.3875,6.25598657416271,-1.13151342583729
6580,7.09491666666667,6.26595082755591,-0.828965839110761
6581,6.7565,6.22237617094675,-0.534123829053248
6582,6.49725,6.14425237382524,-0.352997626174757
6583,6.25383333333333,6.06892318557508,-0.184910147758254
6584,5.92033333333333,6.00853638993593,0.0882030566026026
6585,5.803,5.94875045293401,0.145750452934007
6586,5.648,5.88955939695355,0.241559396953547
6587,5.52158333333333,5.83095730266115,0.309373969327816
6588,5.43433333333333,5.77293830900575,0.338604975672421
6589,5.31958333333333,5.72643353620823,0.406850202874898
6590,5.2595,5.78521151354518,0.525711513545183
6591,5.57975,5.90030416115911,0.320554161159113
6592,5.66308333333333,6.00722004974223,0.344136716408904
6593,5.9465,6.07010454642503,0.123604546425033
6594,6.24975,6.08173981477628,-0.168010185223724
6595,6.51541666666667,6.05981093613063,-0.455605730536041
6596,6.83908333333333,6.01903442950961,-0.820048903823715
6597,7.23033333333333,5.97188222038795,-1.25845111294538
6598,7.39366666666667,5.9303247602252,-1.46334190644147
6599,7.39925,5.90536007990158,-1.49388992009842
6600,7.70183333333333,5.90757658690057,-1.79425674643276
6601,7.89475,5.95803260034147,-1.93671739965853
6602,7.725,6.0880703346767,-1.6369296653233
6603,7.55358333333333,6.21892127352298,-1.33466205981035
6604,7.27958333333333,6.22485002994026,-1.05473330339307
6605,6.934,6.16154714791168,-0.772452852088321
6606,6.60375,6.09921951781592,-0.504530482184081
6607,6.27858333333333,6.0388911824529,-0.239692150880429
6608,6.03658333333333,5.97880321097056,-0.0577801223627707
6609,5.80458333333333,5.91931312518747,0.114729791854145
6610,5.65275,5.86041497577001,0.207664975770011
6611,5.47191666666667,5.80078735527895,0.328870688612283
6612,5.34958333333333,5.73665268280883,0.387069349475505
6613,5.26158333333333,5.67259345023105,0.411010116897722
6614,5.16433333333333,5.61288073925226,0.448547405918928
6615,5.38741666666667,5.56040498070417,0.172988314037498
6616,5.58816666666667,5.51667595454355,-0.0714907121231168
6617,5.84433333333333,5.48182278985224,-0.362510543481092
6618,6.19166666666667,5.45459396483711,-0.737072701829562
6619,6.52675,5.4323573068301,-1.0943926931699
6620,6.69191666666667,5.41109999228822,-1.28081667437845
6621,7.07516666666667,5.38542854679351,-1.68973811987316
6622,7.4945,5.36356038439521,-2.13093961560479
6623,7.58841666666667,5.39469930988377,-2.1937173567829
6624,7.84666666666666,5.45792584546097,-2.38874082120569
6625,7.84866666666667,5.52905547187304,-2.31961119479363
6626,7.92991666666667,5.58962431083354,-2.34029235583313
6627,7.56833333333333,5.6268891250234,-1.94144420830993
6628,7.14233333333333,5.6338273180909,-1.50850601524243
6629,6.77708333333333,5.60913693465165,-1.16794639868168
6630,6.416,5.55723666028864,-0.858763339711357
6631,6.181,5.48826582155221,-0.692734178447785
6632,5.89625,5.41808438596005,-0.478165614039946
6633,5.64983333333333,5.36204530952065,-0.287788023812684
6634,5.52566666666667,5.3086920672196,-0.216974599447068
6635,5.35733333333333,5.25586969863019,-0.101463634703136
6636,5.25916666666667,5.20357292133164,-0.0555937453350319
6637,5.2,5.15179650567175,-0.0482034943282503
6638,5.42591666666667,5.1172982362333,-0.308618430433372
6639,5.42258333333333,5.22683343036109,-0.195749902972242
6640,5.25825,5.38882864540747,0.13057864540747
6641,5.57933333333333,5.46809419313512,-0.111239140198205
6642,6.07808333333333,5.48819933848812,-0.58988399484521
6643,6.37575,5.47417282125051,-0.901577178749486
6644,6.76966666666667,5.44232723339747,-1.3273394332692
6645,7.227,5.40273037547126,-1.82426962452874
6646,7.41075,5.3668268617341,-2.0439231382659
6647,7.565,5.3477250959691,-2.2172749040309
6648,7.65875,5.36019727148021,-2.29855272851979
6649,7.79991666666667,5.4188280716315,-2.38108859503517
6650,7.74541666666667,5.49523915971673,-2.25017750694994
6651,7.58358333333333,5.5586684105463,-2.02491492278703
6652,7.28225,5.59487870612782,-1.68737129387218
6653,6.9505,5.59718237043618,-1.35331762956382
6654,6.58583333333333,5.5664411694135,-1.01939216391983
6655,6.30483333333333,5.51106631096914,-0.793767022364193
6656,6.047,5.4470184449797,-0.599981555020303
6657,5.83533333333333,5.39151655119805,-0.443816782135279
6658,5.6585,5.33787006472002,-0.320629935279984
6659,5.49775,5.2847573701638,-0.212992629836197
6660,5.35408333333333,5.23217315611595,-0.121910177217382
6661,5.31975,5.18011216361917,-0.139637836380828
6662,5.241,5.19986328904701,-0.041136710952987
6663,5.20908333333333,5.32064590761302,0.111562574279689
6664,5.49166666666667,5.45603594761406,-0.0356307190526071
6665,5.55991666666667,5.55041697440714,-0.00949969225952785
6666,6.18625,5.58020330400263,-0.606046695997371
6667,6.48925,5.56773690739364,-0.921513092606357
6668,6.87558333333333,5.53515771594983,-1.3404256173835
6669,7.08041666666667,5.49552462005658,-1.58489204661009
6670,7.48808333333333,5.46160670940108,-2.02647662393225
6671,7.6485,5.44588327297232,-2.20261672702768
6672,7.75983333333333,5.46191078053759,-2.29792255279574
6673,7.88416666666667,5.58022938382283,-2.30393728284384
6674,7.86041666666667,5.74616830949046,-2.11424835717621
6675,7.71475,5.87079267887495,-1.84395732112505
6676,7.39083333333333,5.91011372944121,-1.48071960389212
6677,7.02033333333333,5.86508881478464,-1.15524451854869
6678,6.63641666666667,5.7816214046311,-0.854795262035569
6679,6.31275,5.7212903194869,-0.591459680513096
6680,5.98875,5.66436252777816,-0.32438747222184
6681,5.81783333333333,5.60800117794538,-0.209832155387946
6682,5.61916666666667,5.55220063436137,-0.0669660323053041
6683,5.45233333333333,5.49695531640896,0.0446219830756327
6684,5.31825,5.4422596984811,0.124009698481105
6685,5.26933333333333,5.38202005912461,0.112686725791281
6686,5.33158333333333,5.30728052217828,-0.0243028111550547
6687,5.47466666666667,5.36809919815981,-0.106567468506864
6688,5.59916666666667,5.54655331085361,-0.0526133558130581
6689,6.16008333333333,5.65618143435818,-0.503901898975155
6690,6.03808333333333,5.70816321681747,-0.32992011651586
6691,6.2165,5.74301423739683,-0.473485762603168
6692,6.65358333333333,5.74560059844819,-0.907982734885137
6693,6.98691666666667,5.7183984509348,-1.26851821573187
6694,7.40575,5.69929985261973,-1.70645014738027
6695,7.70483333333333,5.70466034477633,-2.000172988557
6696,7.8645,5.73585685056534,-2.12864314943466
6697,8.13708333333333,5.84837091850515,-2.28871241482818
6698,8.02066666666667,6.01978797377008,-2.00087869289659
6699,7.76341666666667,6.13687242953753,-1.62654423712914
6700,7.44475,6.1516246844502,-1.2931253155498
6701,7.11283333333333,6.08164804271736,-1.03118529061597
6702,6.72933333333333,6.00609181751004,-0.72324151582329
6703,6.38225,5.94633020482581,-0.435919795174193
6704,6.08308333333333,5.88716323045538,-0.195920102877949
6705,5.81183333333333,5.82858497789714,0.0167516445638123
6706,5.58841666666667,5.77058958882309,0.182172922156422
6707,5.41125,5.7089682908859,0.297718290885902
6708,5.30366666666667,5.62594432251239,0.322277655845717
6709,5.16441666666667,5.54906169098807,0.384645024321395
6710,5.07466666666667,5.50486876012967,0.430202093463
6711,5.36766666666667,5.5098081024156,0.142141435748932
6712,5.28891666666667,5.57021649898594,0.281299832319266
6713,5.4785,5.68232493964242,0.203824939642415
6714,5.7245,5.83225862284846,0.107758622848458
6715,5.99258333333333,5.99603695572914,0.00345362239581437
6716,6.26116666666667,6.1437933134178,-0.117373353248867
6717,6.51191666666667,6.25388925209441,-0.25802741457226
6718,6.72175,6.30638598236638,-0.415364017633619
6719,6.95225,6.31750303947616,-0.634746960523835
6720,7.13116666666667,6.34304956802089,-0.788117098645777
6721,7.2785,6.46667936122839,-0.811820638771611
6722,7.23191666666667,6.61604103922248,-0.615875627444185
6723,7.14925,6.67918354456322,-0.470066455436784
6724,6.97433333333333,6.63602666141357,-0.338306671919764
6725,6.72466666666667,6.55745721177709,-0.167209454889582
6726,6.42958333333333,6.49220942185882,0.0626260885254863
6727,6.17275,6.42761085857622,0.254860858576218
6728,5.96016666666667,6.36365506224438,0.403488395577705
6729,5.77708333333333,6.30033563677264,0.523252303439312
6730,5.55883333333333,6.25138411381386,0.692550780480532
6731,5.45275,6.25906474592479,0.80631474592479
6732,5.31433333333333,6.31569962626247,1.00136629292914
6733,5.20366666666667,6.41014053471055,1.20647386804388
6734,5.14916666666667,6.53216312879761,1.38299646213094
6735,5.1755,6.67246694369711,1.49696694369711
6736,5.38583333333333,6.82267539222743,1.4368420588941
6737,5.70683333333333,6.97533576485186,1.26850243151853
6738,5.935,7.12391922967857,1.18891922967857
6739,6.30258333333333,7.26282083246067,0.960237499127336
6740,6.73225,7.38735949659615,0.655109496596147
6741,6.94816666666667,7.49377802312791,0.545611356461244
6742,7.24583333333333,7.57924309074378,0.333409757410449
6743,7.48775,7.64184525577646,0.154095255776456
6744,7.668,7.68059895220357,0.0125989522035717
6745,7.78525,7.69544249164764,-0.0898075083523553
6746,7.618,7.68723806337612,0.069238063376118
6747,7.37008333333333,7.65777173430133,0.287688400968
6748,7.10941666666667,7.60975344898051,0.500336782313844
6749,6.79441666666667,7.54681702961583,0.752400362949155
6750,6.51625,7.47352017605432,0.957270176054324
6751,6.23616666666667,7.39534446578797,1.1591777991213
6752,5.95941666666667,7.31869535395363,1.35927868728696
6753,5.78883333333333,7.24586639256493,1.4570330592316
6754,5.63525,7.1737688162845,1.5385188162845
6755,5.55791666666667,7.10238862392011,1.54447195725344
6756,5.46908333333333,7.03171867721044,1.56263534387711
6757,5.4175,6.96175190822226,1.54425190822226
6758,5.30275,6.9017617519155,1.5990117519155
6759,5.64066666666667,6.90865930821416,1.26799264154749
6760,5.58266666666667,6.98225270049308,1.39958603382641
6761,6.12391666666667,7.10710676080835,0.983190094141685
6762,5.91891666666667,7.26375912782417,1.3448424611575
6763,5.86825,7.4287202334746,1.5604702334746
6764,5.125,7.55738771099591,2.43238771099591
6765,4.57641666666667,7.62621166078267,3.049794994116
6766,3.876,7.64800720003517,3.77200720003517
6767,3.322,7.64605520515404,4.32405520515404
6768,3.17875,7.65410231174022,4.47535231174022
6769,3.11225,7.72398420411427,4.61173420411427
6770,2.76358333333333,7.88568096902166,5.12209763568833
6771,3.01158333333333,8.02410224726299,5.01251891392966
6772,3.01625,8.06623258355946,5.04998258355946
6773,3.29591666666667,8.00564144797482,4.70972478130815
6774,3.87508333333333,7.9024832359153,4.02739990258197
6775,4.06725,7.82340040426379,3.75615040426379
6776,4.17183333333333,7.74555626884429,3.57372293551096
6777,4.1625,7.66848669639657,3.50598669639657
6778,4.24558333333333,7.59218397960747,3.34660064627414
6779,4.23658333333333,7.5166404873045,3.28005715397117
6780,4.25808333333333,7.45011156127687,3.19202822794354
6781,4.36266666666667,7.40353141299693,3.04086474633026
6782,4.291,7.37312281875979,3.08212281875979
6783,4.45366666666667,7.35521358049158,2.90154691382491
6784,4.6025,7.34643227619647,2.74393227619647
6785,5.088,7.34370825995673,2.25570825995673
6786,5.57366666666667,7.34427166193271,1.77060499526604
6787,5.83158333333333,7.34565338836282,1.51407005502949
6788,6.11258333333333,7.34568512156357,1.23310178823025
6789,6.29925,7.34249931992955,1.04324931992955
6790,6.5085,7.33452921793341,0.826029217933406
6791,6.58225,7.32050882612588,0.738258826125884
6792,6.68766666666667,7.2994729311358,0.611806264469132
6793,6.72183333333333,7.27075709567006,0.54892376233673
6794,6.90533333333333,7.23399765851363,0.328664325180302
6795,6.65708333333333,7.18913173452958,0.532048401196247
6796,6.43858333333333,7.13639721465902,0.697813881325692
6797,6.25833333333333,7.0763327659212,0.817999432587865
6798,6.092,7.00977783141338,0.917777831413376
6799,5.90891666666667,6.93787263031094,1.02895596364427
6800,5.68791666666667,6.86205815786735,1.17414149120068
6801,5.5115,6.78407618541412,1.27257618541412
6802,5.3675,6.70596926036087,1.33846926036087
6803,5.27775,6.63008070619529,1.35233070619529
6804,5.195,6.55905462248314,1.36405462248314
6805,5.16841666666667,6.50117739219302,1.33276072552635
6806,5.19533333333333,6.46901061986019,1.27367728652686
6807,5.27225,6.45757441077927,1.18532441077927
6808,5.30725,6.46152233566398,1.15427233566398
6809,5.46125,6.47600174617947,1.01475174617947
6810,5.74441666666667,6.49665377494223,0.752237108275563
6811,5.96,6.51961333552019,0.559613335520186
6812,6.25275,6.54150912243263,0.288759122432626
6813,6.7475,6.55946361115024,-0.188036388849762
6814,7.0595,6.5710930580951,-0.488406941904896
6815,7.37241666666667,6.57450750064069,-0.797909166025977
6816,7.49775,6.56831075711187,-0.929439242888134
6817,7.49808333333333,6.55160042678487,-0.946482906548455
6818,7.4735,6.52396788988736,-0.949532110112637
6819,7.1625,6.48549830759836,-0.677001692401636
6820,6.89316666666667,6.4367706220483,-0.456396044618368
6821,6.61808333333333,6.37885755631899,-0.239225777014338
6822,6.33658333333333,6.31332561444365,-0.023257718889683
6823,6.06266666666667,6.24223508140686,0.179568414740186
6824,5.8255,6.16814002314461,0.342640023144613
6825,5.618,6.09408828654429,0.476088286544293
6826,5.44566666666667,6.02362149944467,0.577954832778002
6827,5.31616666666667,5.96198393349609,0.645817266829416
6828,5.18616666666667,5.9547587777321,0.768592111065426
6829,5.13733333333333,6.01075665057145,0.873423317238119
6830,5.1185,6.11394102902423,0.995441029024232
6831,5.11333333333333,6.2497922448012,1.13645891146787
6832,5.22483333333333,6.40530748431377,1.18047415098044
6833,5.50883333333333,6.56900078867402,1.06016745534069
6834,5.57075,6.73090305369469,1.16015305369469
6835,5.68408333333333,6.88256202988921,1.19847869655588
6836,5.88841666666667,7.01704232247163,1.12862565580496
6837,6.09841666666667,7.1289253913567,1.03050872469003
6838,6.31491666666667,7.21430955115982,0.899392884493147
6839,6.46133333333333,7.27080997119704,0.809476637863714
6840,6.64483333333333,7.29755867548511,0.652725342151784
6841,6.64091666666667,7.29520454274141,0.654287876074744
6842,6.62375,7.26591330638401,0.642163306384007
6843,6.50741666666667,7.21336755453161,0.705950887864939
6844,6.32141666666667,7.14276673000361,0.821350063336939
6845,6.10766666666667,7.06082713032005,0.953160463653381
6846,5.92525,6.97578190770165,1.05053190770165
6847,5.71091666666667,6.89738106906978,1.18646440240311
6848,5.51358333333333,6.82857890701313,1.3149955736798
6849,5.38825,6.76063341126141,1.37238341126141
6850,5.24541666666667,6.6933639850423,1.44794731837563
6851,5.17133333333333,6.62676390103083,1.4554305676975
6852,5.128,6.55417070434029,1.42617070434029
6853,5.14858333333333,6.45826973417561,1.30968640084228
6854,5.09541666666667,6.45193138638543,1.35651471971876
6855,5.11033333333333,6.57332203178042,1.46298869844709
6856,5.10683333333333,6.7444557215376,1.63762238820427
6857,5.33866666666667,6.83234766596127,1.4936809992946
6858,5.66616666666667,6.85619494207731,1.19002827541064
6859,6.08475,6.84781934993755,0.763069349937551
6860,6.44308333333333,6.82522645648107,0.38214312314774
6861,6.50141666666667,6.79508749508862,0.293670828421955
6862,6.90058333333333,6.79694178306727,-0.103641550266057
6863,6.91333333333333,6.82934641763519,-0.0839869156981425
6864,7.03741666666667,6.87000819947611,-0.16740846719056
6865,7.33966666666667,6.90196327214566,-0.437703394521014
6866,7.0925,6.91357712207133,-0.178922877928675
6867,6.90733333333333,6.8985445785525,-0.00878875478083518
6868,6.68733333333333,6.85588981376042,0.168556480427092
6869,6.48708333333333,6.78996634273824,0.302883009404911
6870,6.2025,6.71045702340097,0.507957023400968
6871,5.916,6.6323740565355,0.716374056535496
6872,5.67083333333333,6.56588685802715,0.895053524693815
6873,5.50866666666667,6.50055518959058,0.991888522923909
6874,5.37775,6.43587358329827,1.05812358329827
6875,5.26558333333333,6.37183557168649,1.10625223835316
6876,5.22441666666667,6.30843475032009,1.08401808365342
6877,5.26566666666667,6.24566477779251,0.979998111125845
6878,5.40208333333333,6.18386016524878,0.781776831915446
6879,5.55958333333333,6.22119922775299,0.661615894419663
6880,5.52166666666667,6.35642134589983,0.834754679233157
6881,5.53566666666667,6.50212848911564,0.966461822448965
6882,6.05125,6.60636781740035,0.555117817400355
6883,6.34975,6.65263168132751,0.302881681327507
6884,6.61666666666667,6.6598576220442,0.0431909553775283
6885,6.8935,6.67830864145288,-0.215191358547115
6886,7.28558333333333,6.71065396812119,-0.574929365212141
6887,7.5045,6.7586297984011,-0.745870201598897
6888,7.53183333333333,6.83865969979069,-0.693173633542642
6889,7.50416666666667,6.96862892006994,-0.535537746596731
6890,7.37708333333333,7.07167668948662,-0.30540664384671
6891,7.10058333333333,7.0777480373832,-0.0228352959501308
6892,6.78908333333333,7.02873263093424,0.239649297600907
6893,6.51275,6.95815764996798,0.445407649967978
6894,6.21208333333333,6.88833261677096,0.676249283437628
6895,5.95941666666667,6.81979256006459,0.860375893397923
6896,5.75891666666667,6.75193448921807,0.993017822551402
6897,5.61333333333333,6.68475161904171,1.07141828570838
6898,5.48275,6.61823723060967,1.13548723060967
6899,5.40225,6.55238467126002,1.15013467126002
6900,5.34783333333333,6.4804911871328,1.13265785379947
6901,5.30966666666667,6.37860269938427,1.0689360327176
6902,5.26941666666667,6.32083495903694,1.05141829237027
6903,5.32483333333333,6.35555068904752,1.03071735571419
6904,5.36075,6.48079675046145,1.12004675046145
6905,5.60808333333333,6.64430414241285,1.03622080907952
6906,5.98716666666667,6.74625336579814,0.759086699131467
6907,6.3375,6.77517403264359,0.437674032643593
6908,6.48958333333333,6.78284822747673,0.293264894143404
6909,6.70933333333333,6.79074647526213,0.0814131419287998
6910,6.96341666666667,6.81156351731324,-0.151853149353432
6911,7.02883333333333,6.84921831129241,-0.179615022040921
6912,7.22441666666667,6.8988665567266,-0.325550109940072
6913,7.19258333333333,7.0240157561341,-0.168567577199233
6914,6.83141666666667,7.18995082547941,0.358534158812738
6915,6.61625,7.29228199353913,0.676031993539127
6916,6.42383333333333,7.2901405334241,0.866307200090768
6917,6.20825,7.20617876257941,0.997928762579408
6918,6.0105,7.12090440529545,1.11040440529545
6919,5.74016666666667,7.05005022178855,1.30988355512188
6920,5.54808333333333,6.97990104963731,1.43181771630398
6921,5.36866666666667,6.91044987420281,1.54178320753614
6922,5.25375,6.84168974975296,1.58793974975296
6923,5.22291666666667,6.77181602978155,1.54889936311488
6924,5.11575,6.68179378741254,1.56604378741254
6925,5.1725,6.59019025346659,1.41769025346658
6926,5.07641666666667,6.52138749408927,1.4449708274226
6927,5.37941666666667,6.49243656887785,1.11301990221118
6928,5.19125,6.51305753088125,1.32180753088125
6929,5.243,6.58563942660006,1.34263942660006
6930,5.50041666666667,6.70524029598654,1.20482362931987
6931,5.62933333333333,6.85958717244463,1.2302538391113
6932,5.95708333333333,7.02907608282992,1.07199274949659
6933,6.01325,7.19770898812349,1.18445898812349
6934,5.99658333333333,7.37641677334229,1.37983344000896
6935,6.20416666666667,7.54042816858232,1.33626150191565
6936,6.39041666666667,7.66834063141932,1.27792396475265
6937,6.3945,7.7467457063295,1.3522457063295
6938,6.33366666666667,7.77022902468958,1.43656235802291
6939,6.17883333333333,7.74137030477675,1.56253697144342
6940,6.03225,7.67074335176871,1.63849335176871
6941,5.88166666666667,7.57691605774365,1.69524939107698
6942,5.77725,7.48645040168023,1.70920040168023
6943,5.7165,7.41142145070795,1.69492145070795
6944,5.63125,7.33606255600183,1.70481255600184
6945,5.49158333333333,7.26041563817738,1.76883230484405
6946,5.41791666666667,7.18540874264529,1.76749207597862
6947,5.33241666666667,7.11272824248949,1.78031157582282
6948,5.19833333333333,7.04481883846706,1.84648550513373
6949,5.13075,6.98488355900827,1.85413355900827
6950,5.06166666666667,6.93688376021658,1.87521709354991
6951,5.0745,6.93189928338195,1.85739928338195
6952,4.98775,7.03710641497098,2.04935641497098
6953,5.14791666666667,7.17572310265322,2.02780643598655
6954,5.48608333333333,7.28501714016866,1.79893380683533
6955,5.82316666666667,7.33204111454636,1.50887444787969
6956,6.10075,7.31363240610442,1.21288240610442
6957,6.41366666666667,7.25641318844998,0.842746521783312
6958,6.49766666666667,7.22315109956095,0.725484432894281
6959,6.82691666666667,7.28804461865032,0.461127951983655
6960,6.89516666666667,7.38757485586909,0.492408189202417
6961,6.94775,7.46127702118235,0.513527021182354
6962,6.73941666666667,7.47626341358485,0.736846746918184
6963,6.36275,7.42722342110092,1.06447342110092
6964,5.67925,7.33642352078451,1.65717352078451
6965,4.11891666666667,7.25171190580898,3.13279523914231
6966,2.77191666666667,7.17955616479343,4.40763949812676
6967,2.226,7.10811838554483,4.88211838554483
6968,1.71975,7.03739142571231,5.31764142571231
6969,1.3785,6.9673682123921,5.5888682123921
6970,0.978583333333333,6.89804174212752,5.91945840879419
6971,0.757833333333333,6.82940508090894,6.0715717475756
6972,0.984,6.78229204345195,5.79829204345195
6973,0.96425,6.77359361240767,5.80934361240767
6974,0.788583333333333,6.78779019880376,5.99920686547042
6975,2.47158333333333,6.81208528052588,4.34050194719255
6976,2.65833333333333,6.83656463217459,4.17823129884126
6977,3.20375,6.8541963250653,3.6504463250653
6978,3.63091666666667,6.86083072722829,3.22991406056162
6979,4.13716666666667,6.85520050340872,2.71803383674205
6980,4.5835,6.83892061506658,2.25542061506658
6981,5.06891666666667,6.81648832037678,1.74757165371011
6982,5.47425,6.79528317422907,1.32103317422907
6983,5.8075,6.78556702822806,0.978067028228061
6984,5.84291666666667,6.79246353093255,0.94954686426588
6985,5.85908333333333,6.77668667774686,0.917603344413529
6986,5.83733333333333,6.73743236773594,0.900099034402613
6987,5.68883333333333,6.68189651453705,0.993063181203718
6988,5.40666666666667,6.61617671309501,1.20951004642834
6989,5.08033333333333,6.54527223966225,1.46493890632892
6990,4.70233333333333,6.47308405179879,1.77075071846546
6991,4.39758333333333,6.40241478837225,2.00483145503892
6992,4.12591666666667,6.33496876955782,2.20905210289115
6993,3.93441666666667,6.27135199683831,2.33693533017164
6994,3.85533333333333,6.21107215300409,2.35573881967076
6995,3.79191666666667,6.15253860215315,2.36062193548648
6996,3.756,6.09316766220848,2.33716766220848
6997,3.74158333333333,6.10484373925619,2.36326040592286
6998,3.83191666666667,6.21454645513713,2.38262978847046
6999,3.91616666666667,6.3751199705741,2.45895330390743
7000,4.00341666666667,6.54852509878144,2.54510843211477
7001,4.39591666666667,6.70583930546502,2.30992263879835
7002,4.73083333333333,6.82725670882227,2.09642337548894
7003,5.01675,6.90208807954219,1.88533807954219
7004,5.34158333333333,6.92876084080529,1.58717750747196
7005,5.62808333333333,6.91481906828366,1.28673573495033
7006,5.94175,6.87692349014092,0.935173490140915
7007,6.18916666666667,6.84085148703223,0.651684820365561
7008,6.30716666666667,6.84149709210433,0.534330425437661
7009,6.28466666666667,6.8937228730284,0.609056206361727
7010,6.185,6.89926441737111,0.714264417371108
7011,6.078,6.86120025595378,0.783200255953783
7012,5.90533333333333,6.79593673007876,0.890603396745434
7013,5.819,6.71676166522343,0.89776166522343
7014,5.652,6.63384437104019,0.981844371040189
7015,5.43825,6.55423564135649,1.11598564135649
7016,5.23975,6.48186775417481,1.24211775417481
7017,5.07116666666667,6.41755447167266,1.34638780500599
7018,4.93783333333333,6.35899104020259,1.42115770686926
7019,4.79066666666667,6.30075419029218,1.51008752362551
7020,4.70891666666667,6.2595481186853,1.55063145201863
7021,4.64625,6.27445399547088,1.62820399547088
7022,4.5575,6.32167200212931,1.76417200212931
7023,4.62716666666667,6.37986023085707,1.7526935641904
7024,4.63966666666667,6.43283115284947,1.7931644861828
7025,4.89841666666667,6.46955161830062,1.57113495163395
7026,5.11366666666667,6.48414285640347,1.3704761897368
7027,5.41866666666667,6.47588047534981,1.05721380868314
7028,5.788,6.44919446233022,0.66119446233022
7029,5.94908333333333,6.41366918353412,0.464585850200795
7030,6.17591666666667,6.38404338414976,0.208126717483094
7031,6.40866666666667,6.38698215367389,-0.0216845129927759
7032,6.56033333333333,6.44242189339729,-0.117911439936041
7033,6.65591666666667,6.53012057214367,-0.125796094523005
7034,6.45925,6.63113251518886,0.17188251518886
7035,6.33658333333333,6.72980556082961,0.393222227496284
7036,6.15425,6.81378106038358,0.659531060383579
7037,5.90658333333333,6.87399387818931,0.967410544855984
7038,5.71466666666667,6.90467239160628,1.19000572493961
7039,5.467,6.90333849101485,1.43633849101485
7040,5.18441666666667,6.8708075798163,1.68639091314963
7041,4.99475,6.81118857443282,1.81643857443282
7042,4.82283333333333,6.7318839043075,1.90905057097417
7043,4.71316666666667,6.64358951190432,1.93042284523766
7044,4.62675,6.56029485270821,1.93354485270821
7045,4.57775,6.51995891710327,1.94220891710327
7046,4.64833333333333,6.58862066916568,1.94028733583235
7047,4.74208333333333,6.72210486021989,1.98002152688656
7048,4.60941666666667,6.87646765152423,2.26705098485756
7049,4.83975,7.01842346334486,2.17867346334486
7050,5.25858333333333,7.12534497495578,1.86676164162245
7051,5.56133333333333,7.1852631246388,1.62392979130547
7052,5.97916666666667,7.19686710968357,1.2177004430169
7053,6.41308333333333,7.16950438638756,0.756421053054231
7054,6.88533333333333,7.12318067005609,0.237847336722758
7055,7.05883333333333,7.08855993500229,0.0297266016689575
7056,7.20533333333333,7.10522124958459,-0.100112083748745
7057,7.38666666666667,7.17224165413883,-0.214425012527844
7058,7.28,7.25581836632643,-0.0241816336735674
7059,7.13825,7.33097163178978,0.192721631789777
7060,6.89816666666667,7.38009740353106,0.48193073686439
7061,6.65633333333333,7.39296734191232,0.736634008578992
7062,6.39408333333333,7.36672881465543,0.972645481322103
7063,6.12758333333333,7.3059048968421,1.17832156350877
7064,5.86358333333333,7.22239437091386,1.35881103758053
7065,5.64583333333333,7.1354717266721,1.48963839333877
7066,5.4765,7.0628897642883,1.5863897642883
7067,5.34083333333334,6.99261283689317,1.65177950355983
7068,5.32025,6.92303517671458,1.60278517671458
7069,5.34616666666667,6.84709990172608,1.50093323505941
7070,5.31675,6.79699641274536,1.48024641274536
7071,5.35425,6.85234923077286,1.49809923077286
7072,5.40875,6.99901051982037,1.59026051982037
7073,5.6865,7.09500152144061,1.40850152144061
7074,5.94066666666667,7.12846210402195,1.18779543735528
7075,6.105,7.11996784915506,1.01496784915506
7076,6.461,7.08678281620028,0.625782816200275
7077,6.67758333333333,7.04709932834789,0.369515995014563
7078,6.83858333333333,7.01706178815439,0.178478454821059
7079,6.87833333333333,7.00908717502635,0.130753841693017
7080,7.04966666666667,7.04698320241882,-0.00268346424785015
7081,7.03891666666667,7.18793891001433,0.149022243347662
7082,6.94091666666667,7.33289909513242,0.391982428465749
7083,6.81108333333333,7.40528297642928,0.594199643095952
7084,6.63816666666667,7.38136804463167,0.743201377964997
7085,6.44916666666667,7.29029006253687,0.841123395870198
7086,6.21233333333333,7.20641516969317,0.994081836359841
7087,5.97,7.13471013962776,1.16471013962776
7088,5.76625,7.06371858707093,1.29746858707093
7089,5.63583333333333,6.99343341324273,1.3576000799094
7090,5.52666666666667,6.92384758898942,1.39718092232275
7091,5.48825,6.85505500023663,1.36680500023663
7092,5.48716666666667,6.81105372815062,1.32388706148395
7093,5.59366666666667,6.803427005113,1.20976033844633
7094,5.57441666666667,6.82289614975946,1.24847948309279
7095,5.66708333333333,6.86106917992343,1.1939858465901
7096,5.84175,6.91044081263608,1.06869081263608
7097,5.97991666666667,6.9643924641263,0.984475797459626
7098,6.28158333333333,7.01719224982071,0.735608916487376
7099,6.45983333333333,7.06399498434366,0.604161651010333
7100,6.81708333333333,7.10084218151725,0.283758848183925
7101,7.07583333333333,7.1246620543613,0.0488287210279665
7102,7.29408333333333,7.13326951509334,-0.160813818239994
7103,7.38591666666667,7.12536617512865,-0.260550491538019
7104,7.56016666666667,7.10054034508026,-0.459626321586414
7105,7.6515,7.05926703475889,-0.592232965241115
7106,7.58541666666667,7.00290795317302,-0.582508713493653
7107,7.3925,6.93371150852885,-0.458788491471149
7108,7.16108333333333,6.85481280823032,-0.30627052510301
7109,6.90166666666666,6.77023365887909,-0.131433007787567
7110,6.6645,6.68488256627456,0.0203825662745603
7111,6.45225,6.60455473541385,0.152304735413853
7112,6.27858333333333,6.53520433202372,0.256620998690386
7113,6.16966666666667,6.46978063598806,0.300113969321391
7114,6.0755,6.40448980850754,0.328989808507536
7115,6.00841666666667,6.33984113319354,0.331424466526866
7116,6.01366666666667,6.27694756194295,0.263280895276277
7117,6.04775,6.21752571493814,0.169775714938138
7118,6.04,6.16389588064697,0.123895880646972
7119,6.13583333333333,6.1887495701811,0.0529162368477696
7120,6.09658333333333,6.32767551737221,0.23109218403888
7121,6.17808333333333,6.47554422937027,0.297460896036945
7122,6.29266666666667,6.56862856244162,0.275961895774949
7123,6.65758333333333,6.58669215123087,-0.0708911821024607
7124,6.97258333333333,6.55298940876096,-0.419593924572375
7125,7.31575,6.525884293816,-0.789865706184
7126,7.57475,6.51207217544041,-1.06267782455959
7127,7.67825,6.52035172601234,-1.15789827398766
7128,7.91775,6.56853274040845,-1.34921725959155
7129,7.92066666666667,6.67988132204039,-1.24078534462628
7130,7.86191666666667,6.837772336102,-1.02414433056467
7131,7.62141666666667,6.90739955262859,-0.714017114038078
7132,7.42325,6.85636580844922,-0.56688419155078
7133,7.14675,6.7764057798406,-0.370344220159401
7134,6.87066666666667,6.7089794154746,-0.161687251192071
7135,6.63058333333333,6.64222395494536,0.0116406216120248
7136,6.44858333333333,6.5761327225509,0.127549389217569
7137,6.30008333333333,6.51069910861037,0.210615775277044
7138,6.19158333333333,6.44591656943719,0.254333236103863
7139,6.09525,6.38177862776214,0.286528627762137
7140,6.06366666666667,6.31827886985458,0.254612203187913
7141,6.02566666666667,6.25541094513955,0.22974427847288
7142,6.02766666666667,6.20612610662726,0.178459439960593
7143,6.186,6.22203529386741,0.0360352938674113
7144,6.11375,6.29417968967493,0.180429689674931
7145,6.24483333333334,6.39095232045111,0.146118987117773
7146,6.4785,6.46396685279051,-0.0145331472094865
7147,6.78533333333333,6.47688318372232,-0.308450149611012
7148,7.1935,6.46439121006394,-0.729108789936057
7149,7.49775,6.44192262762082,-1.05582737237918
7150,7.71383333333333,6.42454800808169,-1.28928532525164
7151,7.8715,6.42893764476888,-1.44256235523112
7152,7.98158333333333,6.52463301755044,-1.45695031578289
7153,8.05358333333333,6.68151803264075,-1.37206530069258
7154,7.946,6.82151145256229,-1.12448854743771
7155,7.76891666666667,6.89727426444749,-0.871642402219177
7156,7.51816666666667,6.89220968003873,-0.625956986627944
7157,7.25708333333333,6.82046313568831,-0.436620197645023
7158,6.96941666666666,6.72692229235851,-0.242494374308153
7159,6.72908333333333,6.65818771237416,-0.0708956209591731
7160,6.53233333333333,6.59193763599194,0.0596043026586051
7161,6.38483333333333,6.52634675991322,0.141513426579893
7162,6.2435,6.46140852534964,0.217908525349644
7163,6.17725,6.39711643771967,0.21986643771967
7164,6.13091666666667,6.33346406664862,0.20254739998195
7165,6.08025,6.30476424256499,0.224514242564987
7166,6.14491666666667,6.389611403886,0.244694737219334
7167,6.14758333333333,6.54067766852869,0.39309433519536
7168,6.33783333333333,6.71262966993229,0.374796336598958
7169,6.47516666666667,6.87122347598559,0.396056809318916
7170,6.65641666666667,6.99330458902691,0.336887922360242
7171,6.94266666666667,7.06680794584415,0.124141279177475
7172,7.26583333333333,7.09075791767471,-0.175075415658624
7173,7.58141666666667,7.07526831020556,-0.50614835646111
7174,7.79725,7.04154236357322,-0.755707636426778
7175,7.88616666666667,7.02187275236374,-0.864293914302927
7176,8.066,7.05124723250775,-1.01475276749225
7177,8.11291666666667,7.0576762381935,-1.05524042847317
7178,8.04741666666667,7.0240854496924,-1.02333121697427
7179,7.80108333333333,6.9640459705425,-0.837037362790829
7180,7.51158333333333,6.88881360313536,-0.622769730197969
7181,7.229,6.80732884871603,-0.421671151283967
7182,6.963,6.72621690738307,-0.23678309261693
7183,6.69233333333333,6.64978767808852,-0.0425456552448074
7184,6.50675,6.58003575863794,0.0732857586379403
7185,6.37933333333333,6.51664044569037,0.137307112357041
7186,6.29366666666667,6.45696573475836,0.163299068091689
7187,6.24016666666667,6.39606032020795,0.155893653541281
7188,6.1825,6.34522948853201,0.162729488532012
7189,6.22683333333333,6.31563166855025,0.0887983352169179
7190,6.21516666666667,6.2989683838051,0.0838017171384253
7191,6.22408333333333,6.28867107739689,0.0645877440635587
7192,6.35525,6.27991180248828,-0.0753381975117229
7193,6.51475,6.26960322230423,-0.245146777695775
7194,6.71966666666667,6.25639861013202,-0.463268056534652
7195,6.97491666666667,6.24069184932125,-0.734224817345416
7196,7.20366666666667,6.22461743328385,-0.97904923338282
7197,7.49708333333334,6.21205046549404,-1.2850328678393
7198,7.65158333333333,6.20860665948837,-1.44297667384496
7199,7.82316666666667,6.22714371015681,-1.59602295650986
7200,8.0245,6.29738088247924,-1.72711911752076
7201,8.10341666666667,6.39828077396982,-1.70513589269685
7202,7.99825,6.50557669098849,-1.49267330901151
7203,7.76175,6.60027624583528,-1.16147375416472
7204,7.51966666666667,6.66866135675038,-0.851005309916294
7205,7.28025,6.70228824791406,-0.577961752085941
7206,7.00091666666667,6.69798744944674,-0.302929217219931
7207,6.77808333333333,6.65786379740895,-0.120219535924382
7208,6.59733333333333,6.58929643380134,-0.00803689953198994
7209,6.4595,6.50493880656468,0.0454388065646834
7210,6.33391666666667,6.42271866957987,0.0888020029132042
7211,6.26708333333333,6.35712272230705,0.0900393889737172
7212,6.20158333333333,6.29386829427142,0.0922849609380849
7213,6.17383333333333,6.23124325848476,0.0574099251514317
7214,6.21683333333333,6.16756189394003,-0.0492714393933005
7215,6.38933333333333,6.10979999882966,-0.279533334503672
7216,6.25916666666667,6.12625948828482,-0.132907178381852
7217,6.30791666666667,6.24195675540505,-0.0659599112616185
7218,6.4325,6.40272552041068,-0.0297744795893227
7219,6.64691666666667,6.56517220515745,-0.0817444615092171
7220,6.78308333333333,6.72844188474837,-0.0546414485849649
7221,6.86516666666666,6.88629576103517,0.0211290943685141
7222,6.97316666666667,7.01570573935104,0.0425390726843711
7223,7.15933333333333,7.11286792032547,-0.0464654130078594
7224,7.29966666666666,7.24140334334817,-0.0582633233184868
7225,7.35083333333333,7.39624936246443,0.0454160291310997
7226,7.27833333333333,7.49475472798028,0.216421394646946
7227,7.17641666666667,7.46738290127223,0.290966234605561
7228,7.07925,7.38645496304773,0.307204963047734
7229,6.94441666666667,7.30478816558676,0.360371498920091
7230,6.7945,7.23519631506161,0.440696315061612
7231,6.64508333333333,7.16350449959367,0.518421166260342
7232,6.48583333333333,7.09222643745386,0.606393104120526
7233,6.34325,7.02165760495046,0.678407604950463
7234,6.26366666666667,6.95179094525778,0.688124278591109
7235,6.20566666666667,6.88261947083009,0.676952804163419
7236,6.1795,6.81414051691768,0.634640516917684
7237,6.16766666666667,6.75126047048407,0.5835938038174
7238,6.1655,6.70628423571877,0.540784235718772
7239,6.22191666666667,6.68622505333986,0.46430838667319
7240,6.3545,6.69191964276161,0.337419642761614
7241,6.46125,6.71802820209453,0.256778202094526
7242,6.70858333333333,6.75303440814529,0.0444510748119615
7243,7.02666666666667,6.77924541641682,-0.247421250249849
7244,7.31583333333333,6.7756955072091,-0.540137826124232
7245,7.56433333333333,6.75702925971312,-0.807304073620211
7246,7.74383333333333,6.74983418549029,-0.993999147843042
7247,7.97325,6.77301775481112,-1.20023224518888
7248,8.78475,6.8399433618438,-1.9448066381562
7249,8.96458333333333,6.9584303246542,-2.00615300867913
7250,8.92391666666667,7.07676132708875,-1.84715533957792
7251,8.76016666666667,7.05560518256873,-1.70456148409794
7252,8.57216666666667,6.96897154818953,-1.60319511847714
7253,8.36025,6.8765053049529,-1.4837446950471
7254,8.15183333333333,6.80434850191275,-1.34748483142058
7255,7.95066666666667,6.74514035617509,-1.20552631049158
7256,7.72283333333333,6.67751261172137,-1.04532072161196
7257,7.52708333333333,6.60787062678951,-0.919212706543822
7258,7.36125,6.53771731999096,-0.823532680009041
7259,7.21658333333333,6.47108124958195,-0.74550208375138
7260,7.11375,6.41477113510643,-0.698978864893565
7261,7.03866666666667,6.3783758573961,-0.660290809270569
7262,6.98466666666667,6.40378272145661,-0.580883945210058
7263,6.85525,6.55588867544598,-0.29936132455402
7264,6.67108333333333,6.7113975128783,0.0403141795449713
7265,6.833,6.79373589566308,-0.0392641043369188
7266,7.05425,6.79612432477141,-0.258125675228587
7267,7.30666666666667,6.77464089237692,-0.53202577428975
7268,7.59033333333333,6.75196217815487,-0.838371155178463
7269,7.88208333333333,6.73512556595111,-1.14695776738222
7270,8.0305,6.73883837999942,-1.29166162000058
7271,8.17333333333333,6.77998196974385,-1.39335136358948
7272,8.31191666666667,6.87761170983867,-1.434304956828
7273,8.46941666666667,6.96515241360199,-1.50426425306468
7274,8.37966666666667,6.95751313334778,-1.42215353331889
7275,8.15458333333333,6.89415040570876,-1.26043292762457
7276,7.90608333333333,6.80623294084971,-1.09985039248362
7277,7.63925,6.71579583657825,-0.923454163421746
7278,7.41233333333333,6.63574057834488,-0.776592754988453
7279,7.15016666666667,6.56983503924293,-0.580331627423743
7280,6.934,6.51271348000861,-0.421286519991393
7281,6.73991666666667,6.45118838759443,-0.288728279072242
7282,6.60325,6.38699799053609,-0.216252009463909
7283,6.492,6.3234462987478,-0.168553701252204
7284,6.449,6.25889857836934,-0.190101421630657
7285,6.41191666666667,6.18993584388702,-0.221980822779649
7286,6.37075,6.21676977181424,-0.153980228185763
7287,6.44108333333333,6.35921630115452,-0.0818670321788071
7288,6.45066666666667,6.49650725945315,0.0458405927864769
7289,6.60175,6.57004924491521,-0.0317007550847874
7290,6.86858333333333,6.58990229792773,-0.278681035405601
7291,7.11,6.58143326962935,-0.528566730370647
7292,7.49133333333333,6.56572952984208,-0.925603803491247
7293,7.807,6.55658619047702,-1.25041380952298
7294,8.03733333333333,6.57093447019233,-1.466398863141
7295,8.19408333333333,6.62911026846014,-1.56497306487319
7296,8.24933333333333,6.74524328902457,-1.50409004430876
7297,8.44166666666667,6.78683211649539,-1.65483455017128
7298,8.34725,6.74522505691673,-1.60202494308327
7299,8.07675,6.66409673657161,-1.41265326342839
7300,7.81141666666667,6.57446341074889,-1.23695325591778
7301,7.55483333333333,6.49468296374325,-1.06015036959008
7302,7.31133333333333,6.43045490885521,-0.880878424478118
7303,7.0455,6.37482038839113,-0.670679611608874
7304,6.84491666666667,6.3130172651939,-0.531899401472772
7305,6.70883333333333,6.25020169347101,-0.458631639862318
7306,6.63066666666667,6.18801114757027,-0.442655519096398
7307,6.57266666666667,6.12643940823757,-0.446227258429098
7308,6.53683333333333,6.06402209594606,-0.472811237387269
7309,6.53875,5.98251201969271,-0.556237980307292
7310,6.64208333333333,5.97544009737731,-0.666643235956023
7311,6.70658333333333,6.08746350836914,-0.619119824964192
7312,6.81491666666667,6.25326417241996,-0.561652494246712
7313,7.0455,6.34765942493186,-0.697840575068144
7314,7.29191666666667,6.38281485793363,-0.909101808733038
7315,7.58441666666667,6.38409008112076,-1.20032658554591
7316,7.87075,6.37302795028964,-1.49772204971036
7317,8.12525,6.38509734219983,-1.74015265780017
7318,8.317,6.4461450206312,-1.8708549793688
7319,8.4125,6.51753348270383,-1.89496651729617
7320,8.556,6.57012333427685,-1.98587666572315
7321,8.59825,6.58729647680374,-2.01095352319626
7322,8.44941666666667,6.56495610733239,-1.88446055933428
7323,8.23975,6.51152671850511,-1.72822328149489
7324,7.97291666666667,6.44695721886415,-1.52595944780252
7325,7.69508333333333,6.38280892017812,-1.31227441315521
7326,7.42025,6.31929890881014,-1.10095109118986
7327,7.2145,6.25642083450648,-0.958079165493519
7328,7.04333333333333,6.19416840887922,-0.849164924454113
7329,6.94058333333333,6.13253540540619,-0.80804792792714
7330,6.87841666666667,6.07152466505428,-0.806892001612392
7331,6.81383333333333,6.0240316160033,-0.789801717330028
7332,6.7975,5.99532729463363,-0.802172705366371
7333,6.81675,5.9775093425285,-0.839240657471495
7334,6.85625,5.96461181013487,-0.891638189865128
7335,6.9135,5.95260515676337,-0.960894843236625
7336,7.1015,5.93939625058835,-1.16210374941165
7337,7.23958333333333,5.92482836864784,-1.31475496468549
7338,7.40933333333333,5.91068119684358,-1.49865213648975
7339,7.72041666666667,5.90067082994101,-1.81974583672566
7340,7.91516666666667,5.90044977156926,-2.01471689509741
7341,8.21508333333333,5.91760693422116,-2.29747639911217
7342,8.38166666666667,5.96166763925325,-2.41999902741342
7343,8.51983333333333,6.03218882271758,-2.48764451061575
7344,8.63941666666667,6.06042852406206,-2.5789881426046
7345,8.68466666666667,6.04559312872126,-2.63907353794541
7346,8.60691666666667,6.00093569111784,-2.60598097554883
7347,8.37675,5.93768573624966,-2.43906426375034
7348,8.10291666666667,5.86504925968974,-2.23786740697693
7349,7.81266666666667,5.79020872758631,-2.02245793908036
7350,7.52208333333333,5.71832307666276,-1.80376025667057
7351,7.28008333333333,5.65252771421768,-1.62755561911565
7352,7.097,5.59393451812483,-1.50306548187517
7353,6.93475,5.54163183683315,-1.39311816316685
7354,6.86383333333333,5.49268448936679,-1.37114884396654
7355,6.84541666666667,5.44213376532504,-1.40328290134163
7356,6.82508333333333,5.37086314274826,-1.45422019058507
7357,6.819,5.32952766732426,-1.48947233267574
7358,6.8455,5.38499985627996,-1.46050014372004
7359,6.87758333333333,5.53179677442928,-1.34578655890405
7360,6.98991666666667,5.69528605710266,-1.29463060956401
7361,7.20675,5.81004592145628,-1.39670407854372
7362,7.47958333333333,5.86962005272532,-1.60996328060801
7363,7.76333333333333,5.89216465030224,-1.87116868303109
7364,8.1235,5.91718704645774,-2.20631295354226
7365,8.385,5.95988644553281,-2.42511355446719
7366,8.61275,6.02620448855888,-2.58654551144112
7367,8.7875,6.12919313747093,-2.65830686252906
7368,8.88091666666667,6.2792531868606,-2.60166347980607
7369,8.85383333333333,6.38780851765886,-2.46602481567447
7370,8.63783333333333,6.408308494438,-2.22952483889533
7371,8.4225,6.36222169166581,-2.06027830833419
7372,8.14575,6.29364955095884,-1.85210044904116
7373,7.82808333333333,6.23102669105764,-1.59705664227569
7374,7.53258333333333,6.1690269392113,-1.36355639412203
7375,7.26333333333333,6.10764409582408,-1.15568923750925
7376,7.07583333333333,6.04687202216521,-1.02896131116812
7377,6.94208333333333,5.98741795458512,-0.954665378748214
7378,6.83308333333333,5.93896413283494,-0.894119200498395
7379,6.756,5.89970615137683,-0.856293848623165
7380,6.73975,5.86450252343904,-0.875247476560958
7381,6.69558333333333,5.8296394669901,-0.865943866343231
7382,6.74908333333333,5.79283090473886,-0.956252428594469
7383,6.70033333333333,5.7532184641345,-0.947114869198831
7384,6.82075,5.7113714773665,-1.1093785226335
7385,7.00733333333333,5.66928698136467,-1.33804635196866
7386,7.30075,5.63038971779912,-1.67036028220088
7387,7.60683333333333,5.59953213308027,-2.00730120025306
7388,7.95291666666667,5.58299437835889,-2.36992228830778
7389,8.25091666666667,5.58848430952603,-2.66243235714064
7390,8.401,5.62513748721306,-2.77586251278694
7391,8.5585,5.70351717679168,-2.85498282320832
7392,8.64775,5.83561434837389,-2.81213565162611
7393,8.6385,5.96277732841023,-2.67572267158977
7394,8.46141666666667,5.97188747105368,-2.48952919561299
7395,8.21366666666667,5.91369832997885,-2.29996833668782
7396,7.93358333333333,5.83029062140238,-2.10329271193095
7397,7.65566666666667,5.74943246340964,-1.90623420325703
7398,7.417,5.68457937595477,-1.73242062404523
7399,7.23491666666667,5.63487428086065,-1.60004238580602
7400,7.12466666666667,5.58526185546616,-1.53940481120051
7401,7.07275,5.52968757105317,-1.54306242894683
7402,7.05016666666667,5.47466626018035,-1.57550040648632
7403,7.07766666666667,5.42019242095741,-1.65747424570926
7404,7.12516666666667,5.36626060559642,-1.75890606107025
7405,7.18533333333334,5.30123085213319,-1.88410248120015
7406,7.2435,5.2258502902122,-2.0176497097878
7407,7.25716666666667,5.24412041973105,-2.01304624693562
7408,7.32241666666667,5.38426283454318,-1.93815383212349
7409,7.41733333333333,5.58034089494692,-1.83699243838641
7410,7.56658333333333,5.73645199998581,-1.83013133334752
7411,7.76316666666667,5.8392504111911,-1.92391625547557
7412,7.98775,5.88837066715542,-2.09937933284458
7413,8.21233333333333,5.91596638859221,-2.29636694474112
7414,8.39758333333333,5.98728050338233,-2.410302829951
7415,8.57108333333333,6.10620251444198,-2.46488081889135
7416,8.64908333333334,6.2067280920542,-2.44235524127914
7417,8.57716666666667,6.24907745806124,-2.32808920860543
7418,8.382,6.22272151413819,-2.15927848586181
7419,8.13891666666667,6.16107494495825,-1.97784172170842
7420,7.86325,6.09977122106337,-1.76347877893663
7421,7.59475,6.03907748078223,-1.55567251921777
7422,7.36825,5.97898765586913,-1.38926234413087
7423,7.18266666666667,5.91949573692674,-1.26317092973992
7424,7.05891666666667,5.86059577340612,-1.19832089326056
7425,6.98108333333333,5.80228187360667,-1.17880145972666
7426,6.98991666666667,5.73971512540704,-1.25020154125963
7427,7.00316666666667,5.64379018093143,-1.35937648573524
7428,7.05125,5.56349285710431,-1.48775714289569
7429,7.07233333333333,5.54417561571579,-1.52815771761754
7430,7.08325,5.60600519983716,-1.47724480016284
7431,7.141,5.74396263382082,-1.39703736617918
7432,7.12175,5.92784322330029,-1.1939067766997
7433,7.28166666666667,6.10225655519026,-1.17941011147641
7434,7.4875,6.21292778033105,-1.27457221966895
7435,7.69333333333333,6.29362012675195,-1.39971320658138
7436,7.94258333333333,6.35566653321607,-1.58691680011726
7437,8.18491666666667,6.41385984963661,-1.77105681703006
7438,8.35816666666667,6.49099170549531,-1.86717496117136
7439,8.436,6.62424540925538,-1.81175459074462
7440,8.48933333333333,6.81247510246357,-1.67685823086976
7441,8.45083333333333,6.94371370226542,-1.50711963106791
7442,8.2575,6.96314738830876,-1.29435261169124
7443,8.0125,6.88940144434037,-1.12309855565963
7444,7.75816666666667,6.8081809215776,-0.94998574508907
7445,7.50408333333333,6.74043838896202,-0.763644944371314
7446,7.28791666666667,6.67336990621984,-0.614546760446828
7447,7.1245,6.60696876658491,-0.51753123341509
7448,6.9965,6.5412283293527,-0.455271670647301
7449,6.90883333333333,6.47614201991746,-0.432691313415869
7450,6.8495,6.41170333001932,-0.437796669980679
7451,6.81508333333333,6.34790581605911,-0.467177517274216
7452,6.82158333333333,6.2847430979652,-0.536840235368127
7453,6.83966666666667,6.19910988926866,-0.640556777398007
7454,6.85391666666667,6.19245398111012,-0.661462685556555
7455,6.91441666666667,6.32640611515441,-0.588010551512263
7456,6.94741666666667,6.49396539998657,-0.453451266680102
7457,7.10633333333333,6.61302877211108,-0.493304561222252
7458,7.339,6.67703229649221,-0.66196770350779
7459,7.51441666666667,6.6915821405545,-0.822834526112172
7460,7.76,6.68784213301201,-1.07215786698799
7461,7.90341666666667,6.70238921970483,-1.20102744696184
7462,7.95133333333333,6.77682067291637,-1.17451266041696
7463,8.06716666666667,6.9173697150991,-1.14979695156757
7464,8.22341666666667,7.08057693241349,-1.14283973425318
7465,8.27575,7.15178699672083,-1.12396300327917
7466,8.11425,7.13505358552097,-0.979196414479027
7467,7.91433333333333,7.07183390401401,-0.842499429319321
7468,7.61375,6.99918956815236,-0.614560431847635
7469,7.383,6.92954646717648,-0.453453532823525
7470,7.15708333333333,6.86059632697107,-0.296487006362264
7471,6.88625,6.79233225322481,-0.0939177467751913
7472,6.6855,6.7247474190486,0.0392474190485972
7473,6.527,6.65783506497553,0.130835064975535
7474,6.42125,6.60138090796219,0.180130907962188
7475,6.3405,6.57966890150015,0.239168901500148
7476,6.26866666666667,6.5879393581617,0.319272691495026
7477,6.26275,6.6201127386054,0.357362738605404
7478,6.24408333333333,6.67055042793339,0.426467094600065
7479,6.20766666666667,6.73405473569136,0.526388069024686
7480,6.267,6.80586889586853,0.538868895868531
7481,6.54975,6.88167706689772,0.331927066897723
7482,6.75083333333333,6.9576043316553,0.206770998321966
7483,7.12483333333333,7.03021669746117,-0.0946166358721605
7484,7.39583333333333,7.09652109607882,-0.299312237254509
7485,7.65608333333333,7.15396538371529,-0.502117949618037
7486,7.86725,7.20043834102118,-0.666811658978819
7487,8.1285,7.23426967309064,-0.89423032690936
7488,8.194,7.25423000946139,-0.939769990538612
7489,8.26191666666667,7.2595309041147,-1.00238576255197
7490,8.20516666666667,7.2498248354754,-0.955341831191268
7491,8.01391666666667,7.22520520641189,-0.788711460254776
7492,7.821,7.18620634423612,-0.634793655763875
7493,7.62633333333333,7.1338035007036,-0.492529832629731
7494,7.4335,7.06941285201339,-0.364087147986609
7495,7.21533333333333,6.99489149880812,-0.220441834525205
7496,7.00933333333333,6.91253746617399,-0.0967958671593419
7497,6.84133333333333,6.82508970364072,-0.0162436296926058
7498,6.73066666666667,6.73572808518164,0.00506141851496889
7499,6.6315,6.64807340921359,0.0165734092135921
7500,6.70725,6.56618739859701,-0.141062601402993
7501,6.79483333333333,6.49457298487787,-0.300260348455464
7502,6.83166666666667,6.44617647291406,-0.385490193752611
7503,6.92966666666667,6.42628327158306,-0.503383395083607
7504,7.07633333333333,6.42891175017115,-0.647421583162179
7505,7.25208333333333,6.44855978457762,-0.803523548755713
7506,7.42766666666667,6.48020475731478,-0.947461909351892
7507,7.64941666666667,6.51930355750798,-1.13011310915869
7508,7.87558333333333,6.56179258089558,-1.31379075243775
7509,8.04558333333333,6.60408772982899,-1.44149560350434
7510,8.25641666666666,6.6430844132726,-1.61333225339406
7511,8.42958333333333,6.67615754680387,-1.75342578652946
7512,8.54433333333333,6.70116155261324,-1.84317178072009
7513,8.57166666666667,6.71643035950422,-1.85523630716245
7514,8.52,6.72077740289331,-1.79922259710669
7515,8.35358333333333,6.71349562481005,-1.64008770852328
7516,8.14358333333333,6.69435747389699,-1.44922585943634
7517,7.91066666666667,6.66361490540973,-1.24705176125694
7518,7.6515,6.62199938121686,-1.02950061878314
7519,7.4005,6.57072186980003,-0.829778130199974
7520,7.21075,6.51147284625387,-0.699277153746128
7521,7.08333333333333,6.44642229228608,-0.636911041047246
7522,7.01008333333333,6.37821969621736,-0.631863637115965
7523,6.982,6.30999405298144,-0.672005947018559
7524,7.02108333333333,6.24535386412507,-0.775729469208263
7525,7.06416666666667,6.18838713780802,-0.875779528858653
7526,7.10666666666667,6.14375301084081,-0.962913655825855
7527,7.13675,6.11791955883031,-1.01883044116969
7528,7.23758333333333,6.10893017478973,-1.1286531585436
7529,7.36983333333333,6.11201215161568,-1.25782118171765
7530,7.54358333333333,6.12286440879568,-1.42071892453765
7531,7.72675,6.13765749240813,-1.58909250759187
7532,7.96525,6.15303357512237,-1.81221642487763
7533,8.0695,6.16610645619862,-1.90339354380138
7534,8.36325,6.17446156148803,-2.18878843851197
7535,8.38541666666667,6.17615594343265,-2.20926072323402
7536,8.37533333333334,6.16971828106542,-2.20561505226792
7537,8.56666666666667,6.15414888001023,-2.41251778665644
7538,8.56841666666667,6.12891967248184,-2.43949699418483
7539,8.55033333333333,6.09397421728593,-2.4563591160474
7540,8.38783333333333,6.04972769981909,-2.33810563351424
7541,8.14941666666667,5.99706693206882,-2.15234973459785
7542,7.84625,5.93735035261353,-1.90889964738647
7543,7.59233333333333,5.87240802662254,-1.71992530671079
7544,7.37708333333333,5.80454164585605,-1.57254168747728
7545,7.27691666666667,5.7365245286652,-1.54039213800147
7546,7.22375,5.67160161999204,-1.55214838000796
7547,7.2405,5.61198138474045,-1.62851861525955
7548,7.3295,5.54492930388215,-1.78457069611785
7549,7.37166666666667,5.49195597649004,-1.87971069017663
7550,7.40033333333333,5.47751603129632,-1.92281730203701
7551,7.46433333333333,5.51614506110508,-1.94818827222825
7552,7.5155,5.61245962279233,-1.90304037720767
7553,7.66166666666667,5.76058057447653,-1.90108609219014
7554,7.79508333333333,5.92723018254662,-1.86785315078671
7555,7.98341666666667,6.10451853200161,-1.87889813466506
7556,8.07925,6.28901831877637,-1.79023168122363
7557,8.18416666666667,6.46253580297154,-1.72163086369513
7558,8.20825,6.59211080885354,-1.61613919114645
7559,8.19858333333333,6.63013164273856,-1.56845169059477
7560,8.12016666666667,6.58793930433255,-1.53222736233412
7561,8.00691666666667,6.52303934101982,-1.48387732564685
7562,7.86316666666667,6.45323107840042,-1.40993558826625
7563,7.75658333333333,6.38738096563094,-1.36920236770239
7564,7.60616666666667,6.32542257542452,-1.28074409124215
7565,7.48083333333333,6.26256730305432,-1.21826603027901
7566,7.34475,6.20025371218593,-1.14449628781407
7567,7.25425,6.13856015313025,-1.11568984686975
7568,7.18958333333333,6.07748045824166,-1.11210287509167
7569,7.1215,6.0170085194513,-1.1044914805487
7570,7.04925,5.95713828826705,-1.09211171173295
7571,7.07616666666667,5.89786377577359,-1.17830289089308
7572,7.08725,5.83917905263234,-1.24807094736766
7573,7.09625,5.80767887646445,-1.28857112353555
7574,7.16275,5.84389974147285,-1.31885025852715
7575,7.222,5.93771164361221,-1.28428835638779
7576,7.23866666666667,6.07765101422796,-1.16101565243871
7577,7.35441666666667,6.25182653871397,-1.1025901279527
7578,7.47541666666667,6.44791915651256,-1.02749751015411
7579,7.54875,6.65318206111449,-0.895567938885507
7580,7.68125,6.85444070005896,-0.826809299941043
7581,7.84241666666667,7.0380927749336,-0.804323891733074
7582,7.94883333333333,7.19010824137449,-0.758725091958844
7583,8.03208333333333,7.29602930906615,-0.73605402426718
7584,8.03166666666667,7.34097044174155,-0.690696224925123
7585,7.95325,7.3101050190168,-0.643144980983196
7586,7.7865,7.24340582512612,-0.543094174873878
7587,7.54083333333333,7.17471660320606,-0.366116730127273
7588,7.30666666666667,7.10479216163256,-0.201874505034112
7589,7.09275,7.03427924539239,-0.0584707546076082
7590,6.95316666666667,6.96371653608314,0.0105498694164723
7591,6.86958333333333,6.89353465191321,0.0239513185798836
7592,6.86566666666667,6.82405614770183,-0.041610518964843
7593,6.83766666666667,6.75549551487902,-0.082171151787648
7594,6.82108333333333,6.68795918148565,-0.133124151847676
7595,6.80216666666667,6.6214455121734,-0.180721154493271
7596,6.79566666666667,6.55584480820475,-0.239821858461918
7597,6.80341666666667,6.49093930745302,-0.312477359213648
7598,6.79516666666667,6.42858713679949,-0.366579529867185
7599,6.69683333333333,6.41763191201062,-0.279201421322707
7600,6.71683333333333,6.50447702977662,-0.212356303556709
7601,6.85191666666667,6.66109334724111,-0.190823319425558
7602,6.97033333333333,6.83202356081445,-0.138309772518885
7603,7.09225,6.99268770210665,-0.0995622978933541
7604,7.28033333333333,7.14156415938477,-0.138769173948562
7605,7.38591666666667,7.30862531950894,-0.0772913471577308
7606,7.478,7.46836879488232,-0.00963120511768079
7607,7.54066666666667,7.58756175479972,0.0468950881330521
7608,7.68925,7.67240944683302,-0.0168405531669835
7609,7.61383333333333,7.68460133787756,0.0707680045442247
7610,7.50925,7.60703784684013,0.0977878468401281
7611,7.31283333333333,7.51608973040149,0.203256397068157
7612,6.99816666666667,7.44178636407395,0.443619697407278
7613,6.56016666666667,7.37058655777468,0.810419891108006
7614,6.17258333333333,7.29724799471009,1.12466466137676
7615,5.83016666666667,7.22463916314985,1.39447249648318
7616,5.46575,7.15275280281369,1.68700280281369
7617,5.321,7.08158172445108,1.76058172445108
7618,5.19366666666667,7.01111880984118,1.81745214317451
7619,5.22183333333333,6.94486061354998,1.72302728021665
7620,5.35858333333333,6.88975568117727,1.53117234784394
7621,5.478,6.84145835008546,1.36345835008546
7622,5.617,6.79664929501805,1.17964929501805
7623,5.77291666666667,6.75373585166624,0.98081918499957
7624,5.63375,6.71285201666889,1.07910201666889
7625,5.85325,6.67585844761253,0.822608447612527
7626,6.07458333333333,6.64634246303137,0.571759129698036
7627,6.10425,6.62961804240728,0.525368042407283
7628,6.2295,6.63272582616983,0.403225826169827
7629,6.51233333333333,6.66443311569622,0.152099782362889
7630,6.83383333333333,6.73523387331135,-0.0985994600219771
7631,7.17658333333333,6.85734872228779,-0.319234611045535
7632,7.45216666666667,6.9728625155077,-0.479304151158972
7633,7.63875,7.00963926396027,-0.629110736039733
7634,7.48925,6.98905764644331,-0.500192353556685
7635,7.42183333333333,6.92986105917858,-0.491972274154747
7636,7.31133333333333,6.84778796754702,-0.463545365786314
7637,7.21525,6.75557190608876,-0.45967809391124
7638,7.052,6.66294147850316,-0.389058521496837
7639,6.90266666666667,6.57662035764878,-0.326046309017895
7640,6.78408333333333,6.50032728554335,-0.283756047789978
7641,6.73791666666667,6.43477607336385,-0.303140593302822
7642,6.70475,6.37767560144642,-0.327074398553577
7643,6.73633333333333,6.32372981928644,-0.412603514046895
7644,6.795,6.26405173264276,-0.530948267357242
7645,6.8725,6.17787519852772,-0.694624801472278
7646,6.92133333333333,6.10214989572184,-0.81918343761149
7647,7.01691666666667,6.07460565697953,-0.942311009687137
7648,7.06391666666667,6.10606065455737,-0.9578560121093
7649,7.15433333333333,6.18042140021408,-0.973911933119252
7650,7.33175,6.25468274521053,-1.07706725478947
7651,7.51075,6.2774040335221,-1.2333459664779
7652,7.59208333333333,6.28150272917497,-1.31058060415836
7653,7.65816666666667,6.28958268405669,-1.36858398260998
7654,7.77783333333333,6.32495915691372,-1.45287417641961
7655,7.77758333333333,6.41750019570876,-1.36008313762457
7656,7.92925,6.57661038035895,-1.35263961964105
7657,7.87008333333333,6.69982621880255,-1.17025711453078
7658,7.8615,6.71885740852024,-1.14264259147976
7659,7.74775,6.64891922497903,-1.09883077502097
7660,7.58391666666667,6.57519947056686,-1.00871719609981
7661,7.42441666666667,6.50977514229443,-0.914641524372239
7662,7.18991666666667,6.44500179738497,-0.744914869281695
7663,7.03158333333333,6.3808729583566,-0.65071037497673
7664,6.98991666666667,6.3173822117636,-0.672534454903071
7665,6.94241666666667,6.25452320831173,-0.687893458354941
7666,6.90508333333333,6.19228966256918,-0.71279367076415
7667,6.91666666666667,6.13067535110309,-0.785991315563578
7668,6.97383333333333,6.06611322953543,-0.907720103797895
7669,7.026,6.00935239555313,-1.01664760444687
7670,7.08008333333333,6.01905288292974,-1.06103045040359
7671,7.11316666666667,6.12996268686869,-0.983203979797983
7672,7.1695,6.28692196882092,-0.882578031179083
7673,7.31983333333333,6.38994114914614,-0.929892184187188
7674,7.408,6.43902949108573,-0.96897050891427
7675,7.4885,6.45857091127866,-1.02992908872134
7676,7.65416666666667,6.47401851721406,-1.18014814945261
7677,7.85258333333333,6.51700641283186,-1.33557692050147
7678,7.94658333333333,6.60543270474718,-1.34115062858615
7679,8.06316666666667,6.74119698671314,-1.32196967995353
7680,8.15058333333334,6.85322299849532,-1.29736033483802
7681,8.15033333333333,6.86219866548798,-1.28813466784535
7682,8.09108333333333,6.80759732162876,-1.28348601170457
7683,7.96258333333333,6.72203648985422,-1.24054684347911
7684,7.77033333333333,6.62942059871139,-1.14091273462194
7685,7.54075,6.54494098235778,-0.995809017642222
7686,7.35141666666667,6.47507588056137,-0.876340786105295
7687,7.19333333333333,6.41759043870065,-0.775742894632678
7688,7.05675,6.36153670776456,-0.695213292235437
7689,7.00275,6.29839361370081,-0.70435638629919
7690,7.00116666666667,6.23572354699671,-0.765443119669963
7691,7.03675,6.17367705919367,-0.86307294080633
7692,7.02691666666667,6.11224794646902,-0.914668720197649
7693,7.01175,6.05143006534011,-0.960319934659893
7694,6.98191666666667,5.99121733266429,-0.990699334002382
7695,6.91208333333333,5.93160372563894,-0.980479607694388
7696,6.85625,5.88319644092685,-0.973053559073145
7697,7.069,5.87669521875844,-1.19230478124156
7698,6.99725,5.92011398623875,-1.07713601376125
7699,6.84633333333333,6.01385966225365,-0.832473671079678
7700,6.42283333333333,6.1516162794133,-0.271217053920028
7701,6.20458333333333,6.32034498405208,0.115761650718751
7702,6.23408333333333,6.50028403622863,0.266200702895297
7703,6.05466666666667,6.64213937325935,0.587472706592682
7704,5.89683333333333,6.67600403548717,0.779170702153842
7705,5.73775,6.64195493946994,0.904204939469939
7706,5.64,6.57658065540458,0.936580655404582
7707,5.56983333333333,6.50452013622757,0.934686802894237
7708,5.50441666666667,6.4384627176149,0.934046050948227
7709,5.46041666666667,6.37914811798211,0.918731451315443
7710,5.435,6.31729957140236,0.882299571402361
7711,5.39933333333333,6.25406427211974,0.854730938786405
7712,5.29883333333333,6.19101147271778,0.892178139384452
7713,5.20241666666667,6.12833407159239,0.925917404925722
7714,5.11775,6.06649186041073,0.948741860410728
7715,5.07633333333333,6.00621152411122,0.929878190777891
7716,5.07816666666667,5.94848664090358,0.870319974236907
7717,5.0905,5.89457768226877,0.80407768226877
7718,5.061,5.84601201295905,0.785012012959046
7719,5.06025,5.86115938470229,0.800909384702293
7720,5.11316666666667,5.97152033527609,0.85835366860942
7721,5.25883333333333,6.12973301324821,0.870899679914885
7722,5.38425,6.3007405542123,0.9164905542123
7723,5.63283333333333,6.46192627369144,0.829092940358112
7724,5.7765,6.60311366713821,0.826613667138206
7725,5.852,6.72656640993462,0.874566409934623
7726,5.80983333333333,6.84698835739219,1.03715502405886
7727,5.74758333333333,6.97954542724162,1.23196209390829
7728,5.73575,7.02833323278246,1.29258323278246
7729,5.63658333333333,6.99784852043871,1.36126518710538
7730,5.57566666666667,6.92319227186929,1.34752560520262
7731,5.53516666666667,6.83124479440682,1.29607812774015
7732,5.515,6.7406657210576,1.2256657210576
7733,5.465,6.66189401050164,1.19689401050164
7734,5.36216666666667,6.59714794709263,1.23498128042596
7735,5.28191666666667,6.54042514085795,1.25850847419128
7736,5.2205,6.47875015729375,1.25825015729375
7737,5.14275,6.41428551595804,1.27153551595804
7738,5.12708333333333,6.35046230874858,1.22337897541525
7739,5.07358333333333,6.28727415314845,1.21369081981512
7740,5.08208333333333,6.22392356923089,1.14184023589756
7741,5.00508333333333,6.16022883939046,1.15514550605713
7742,4.88158333333333,6.11149518433852,1.22991185100519
7743,4.85483333333333,6.1917233567918,1.33689002345847
7744,4.87016666666667,6.36080324489083,1.49063657822416
7745,4.79758333333333,6.49662197174627,1.69903863841294
7746,5.02475,6.60569915058522,1.58094915058522
7747,4.97083333333333,6.71265935839938,1.74182602506605
7748,4.99916666666667,6.83760386837475,1.83843720170808
7749,4.99108333333333,6.98939643824457,1.99831310491124
7750,5.18341666666667,7.18119044785678,1.99777378119011
7751,5.34183333333333,7.36362910959921,2.02179577626588
7752,5.46675,7.47763586205667,2.01088586205667
7753,5.42916666666667,7.49914750566243,2.06998083899576
7754,5.40958333333333,7.43911420269819,2.02953086936486
7755,5.43308333333333,7.34349947729408,1.91041614396075
7756,5.42175,7.26800235507884,1.84625235507884
7757,5.50316666666667,7.19568452196592,1.69251785529925
7758,5.48991666666667,7.12408626427234,1.63416959760567
7759,5.53983333333333,7.05320042230341,1.51336708897008
7760,5.52033333333333,6.98301990664172,1.46268657330839
7761,5.56291666666667,6.91353538056755,1.35061871390088
7762,5.42658333333333,6.84355976431764,1.41697643098431
7763,4.794,6.77212476427151,1.97812476427151
7764,4.16758333333333,6.70218477989518,2.53460144656185
7765,4.0875,6.6405288958686,2.5530288958686
7766,4.281,6.5977808820857,2.3167808820857
7767,4.59066666666667,6.59500449008002,2.00433782341335
7768,4.774,6.63418736669878,1.86018736669878
7769,4.95508333333333,6.68052794646651,1.72544461313318
7770,5.04683333333333,6.7132718195577,1.66643848622437
7771,5.21383333333333,6.72737853868485,1.51354520535152
7772,5.17408333333333,6.73849023362613,1.5644069002928
7773,5.21558333333333,6.78572604643964,1.57014271310631
7774,5.307,6.8377895218073,1.5307895218073
7775,5.35075,6.86428582884209,1.51353582884209
7776,5.37433333333333,6.8502551675445,1.47592183421117
7777,5.30458333333333,6.79617276880253,1.4915894354692
7778,5.19525,6.71794889439171,1.52269889439171
7779,5.13783333333333,6.64502830700249,1.50719497366916
7780,5.1215,6.57890916807482,1.45740916807482
7781,5.12441666666667,6.51344792564583,1.38903125897916
7782,5.076,6.44863803532317,1.37263803532317
7783,5.05125,6.3844730161289,1.3332230161289
7784,5.09208333333333,6.32094645049949,1.22886311716616
7785,5.1195,6.2580519842858,1.1385519842858
7786,5.13075,6.18930625854749,1.05855625854749
7787,5.17133333333333,6.09357704177199,0.922243708438662
7788,5.13966666666667,6.02689978382445,0.887233117157784
7789,5.157,6.03110716354511,0.874107163545107
7790,5.19858333333333,6.11757994770514,0.918996614371813
7791,5.24258333333333,6.26724699100672,1.02466365767339
7792,5.23483333333333,6.43058523608294,1.19575190274961
7793,5.38625,6.53864120047538,1.15239120047538
7794,5.3775,6.59196916445219,1.21446916445219
7795,5.47291666666667,6.61177698306501,1.13886031639834
7796,5.54175,6.61791264548024,1.07616264548024
7797,5.6155,6.6318522865354,1.0163522865354
7798,5.61466666666667,6.67670018673913,1.06203352007246
7799,5.59958333333333,6.77718877227117,1.17760543893784
7800,5.61075,6.89506279257804,1.28431279257804
7801,5.59083333333333,6.88234500751991,1.29151167418658
7802,5.46875,6.8023387467947,1.3335887467947
7803,5.3205,6.7094501699152,1.3889501699152
7804,5.28908333333333,6.63216107403506,1.34307774070173
7805,5.26541666666667,6.57302889394882,1.30761222728215
7806,5.28325,6.51152697033222,1.22827697033222
7807,5.31266666666667,6.44673619207282,1.13406952540615
7808,5.32133333333333,6.38259009318305,1.06125675984972
7809,5.3945,6.31908226041806,0.924582260418063
7810,5.56066666666667,6.25620634280642,0.695539676139753
7811,5.67041666666667,6.19395605165004,0.523539384983372
7812,5.7545,6.1323251605242,0.377825160524202
7813,5.80566666666667,6.07935363782449,0.273686971157818
7814,5.86641666666667,6.05769780991027,0.191281143243605
7815,5.92075,6.06640392661222,0.145653926612217
7816,6.02283333333333,6.10295983898934,0.0801265056560068
7817,6.05833333333333,6.16492070929375,0.106587375960415
7818,6.168,6.24990901097063,0.0819090109706337
7819,6.22941666666667,6.35561452865828,0.126197861991612
7820,6.32941666666667,6.47979435818805,0.150377691521382
7821,6.42033333333333,6.62027290658439,0.19993957325106
7822,6.46408333333333,6.77494189206483,0.310858558731498
7823,6.51066666666667,6.94176034403999,0.431093677373315
7824,6.54308333333333,7.11875460311356,0.575671269780231
7825,6.51208333333333,7.30401832108234,0.791934987749011
7826,6.51983333333333,7.4957124609362,0.975879127602866
7827,6.46691666666667,7.69206529685808,1.22514863019141
7828,6.39575,7.89137241422404,1.49562241422404
7829,6.357,8.09199670960319,1.73499670960318
7830,6.33908333333333,8.29236839075774,1.95328505742441
7831,6.31633333333333,8.49098497664299,2.17465164330966
7832,6.27575,8.68641129740731,2.41066129740731
7833,6.20225,8.87727949439217,2.67502949439217
7834,6.16183333333333,9.06228902013213,2.90045568679879
7835,6.19191666666667,9.24020663835479,3.04828997168812
7836,6.20141666666667,9.4098664239809,3.20844975731423
7837,6.21166666666667,9.57016976312424,3.35850309645757
7838,6.20025,9.7200853530917,3.5198353530917
7839,6.205,9.85864920238325,3.65364920238325
7840,6.225,9.98496463069195,3.75996463069195
7841,6.45116666666667,10.0982022689039,3.64703560223728
7842,6.59475,10.1976000590985,3.60285005909846
7843,6.61616666666667,10.2824632545478,3.66629658788112
7844,6.62441666666667,10.3521644197173,3.72774775305067
7845,6.25575,10.4061434302656,4.15039343026558
7846,5.60116666666667,10.4437944295273,4.8426277628606
7847,4.82983333333333,10.4621412220149,5.63230788868159
7848,4.29833333333333,10.4614535136376,6.16312018030429
7849,4.05833333333333,10.4435833153411,6.38524998200778
7850,4.18566666666667,10.4103019394326,6.22463527276589
7851,4.49591666666667,10.3632999995805,5.86738333291386
7852,4.74166666666667,10.304187410815,5.56252074414832
7853,5.05658333333333,10.2344933895273,5.17791005619397
7854,5.47566666666667,10.1556664534702,4.67999978680355
7855,5.81433333333333,10.0690744217579,4.25474108842461
7856,5.93208333333333,9.97600441486601,4.04392108153268
7857,5.5325,9.8776628546314,4.3451628546314
7858,4.72658333333333,9.77517546425249,5.04859213091916
7859,4.02225,9.66958726828905,5.64733726828905
7860,3.57608333333333,9.56186259266225,5.98577925932893
7861,3.48866666666667,9.45288506465467,5.964218397988
7862,3.62325,9.34345761291028,5.72020761291028
7863,3.86475,9.23430246743446,5.36955246743446
7864,4.07066666666667,9.12606115959399,5.05539449292732
7865,4.24691666666667,9.01929452211704,4.77237785545037
7866,4.54683333333333,8.9144826890932,4.36764935575987
7867,4.55216666666667,8.81202509597344,4.25985842930677
7868,4.54008333333333,8.71224047957016,4.17215714623683
7869,4.65266666666667,8.61536687805712,3.96270021139045
7870,4.75691666666667,8.52156163096953,3.76464496430286
7871,4.92958333333333,8.43090137920396,3.50131804587063
7872,4.98325,8.34338206501839,3.36013206501839
7873,4.6715,8.25891893203222,3.58741893203222
7874,4.7495,8.17734652522624,3.42784652522624
7875,4.74133333333333,8.09841869094264,3.35708535760931
7876,4.6415,8.02180857688501,3.38030857688501
7877,4.54891666666667,7.94710863211833,3.39819196545166
7878,4.45383333333333,7.87383060706901,3.41999727373568
7879,4.27616666666667,7.80140555352484,3.52523888685817
7880,4.17508333333333,7.72918382463501,3.55410049130168
7881,4.06725,7.65643507491012,3.58918507491012
7882,4.15958333333333,7.58234826022217,3.42276492688884
7883,3.92758333333333,7.49790668538824,3.57032335205491
7884,3.87641666666667,7.40114091496717,3.5247242483005
7885,3.63125,7.32063274701694,3.68938274701694
7886,3.58541666666667,7.27636463719974,3.69094797053307
7887,3.52991666666667,7.27836338780897,3.7484467211423
7888,3.50383333333333,7.32670014776936,3.82286681443603
7889,3.44433333333333,7.41149041263685,3.96715707930352
7890,3.35425,7.51289402459869,4.15864402459869
7891,3.3755,7.63470923811207,4.25920923811207
7892,3.06841666666667,7.79367163187468,4.72525496520801
7893,3.0125,7.9373475415233,4.9248475415233
7894,2.73183333333333,8.02967041549987,5.29783708216654
7895,3.04183333333333,8.05329513024514,5.01146179691181
7896,2.94658333333333,8.00959799019875,5.06301465686542
7897,3.32033333333333,7.91867672779917,4.59834339446584
7898,3.13291666666667,7.81935050348374,4.68643383681707
7899,3.05408333333333,7.74095883968988,4.68687550635655
7900,3.01333333333333,7.6639350088548,4.65060167552147
7901,2.92108333333333,7.58767757947759,4.66659424614426
7902,2.93258333333333,7.51217892669636,4.57959559336303
7903,2.87908333333333,7.4374314998974,4.55834816656407
7904,2.77816666666667,7.3634278227152,4.58526115604853
7905,2.64033333333333,7.29016049303246,4.64982715969913
7906,2.51008333333333,7.22393506828915,4.71385173495582
7907,2.36783333333333,7.15997056426298,4.79213723092965
7908,2.39866666666667,7.08823588887401,4.68956922220734
7909,2.25725,7.01400451580752,4.75675451580752
7910,2.14575,6.95791588313107,4.81216588313107
7911,2.1275,6.95597539329452,4.82847539329452
7912,2.02383333333333,7.05767122153742,5.03383788820408
7913,1.94366666666667,7.22085246883295,5.27718580216628
7914,1.82866666666667,7.38621450624205,5.55754783957538
7915,1.85966666666667,7.53364511148718,5.67397844482051
7916,1.99366666666667,7.64704077925147,5.6533741125848
7917,1.83816666666667,7.71430672117874,5.87614005451207
7918,1.98716666666667,7.72735686587352,5.74019019920685
7919,1.88333333333333,7.68595743400589,5.80262410067256
7920,1.642,7.62505936856059,5.98305936856059
7921,1.49775,7.55620623160041,6.05845623160041
7922,0.752333333333333,7.48244711320759,6.73011377987425
7923,0.484333333333333,7.4062807855177,6.92194745218437
7924,0.385166666666667,7.32965570271975,6.94448903605309
7925,0.389083333333333,7.2539700010561,6.86488666772277
7926,0.531833333333333,7.18007149882249,6.64823816548916
7927,0.666916666666667,7.10825769636807,6.4413410297014
7928,0.489583333333333,7.03827577609536,6.54869244276202
7929,0.32425,6.96932260246025,6.64507260246025
7930,0.365333333333333,6.90024858809884,6.53491525476551
7931,0.404083333333333,6.8315899674487,6.42750663411537
7932,0.615083333333333,6.76361451155721,6.14853117822388
7933,0.280333333333333,6.67623997758529,6.39590664425196
7934,0.286166666666667,6.70983002787951,6.42366336121284
7935,0.348666666666667,6.87735362836388,6.52868696169722
7936,0.382416666666667,7.02442921441899,6.64201254775232
7937,0.386333333333333,7.18381561014391,6.79748227681058
7938,0.41075,7.34495990243263,6.93420990243263
7939,0.404666666666667,7.50107312140306,7.09640645473639
7940,0.537083333333333,7.63663905600422,7.09955572267089
7941,0.518333333333333,7.74427356856787,7.22594023523454
7942,0.418916666666667,7.83854426185416,7.41962759518749
7943,0.408916666666667,7.95319558590388,7.54427891923721
7944,0.526666666666667,7.956930406032,7.43026373936533
7945,0.494833333333333,7.86363712553544,7.36880379220211
7946,0.411833333333333,7.76984194129852,7.35800860796518
7947,0.427583333333333,7.69855143976361,7.27096810643028
7948,0.388166666666667,7.62261739083005,7.23445072416338
7949,0.39025,7.54677107961076,7.15652107961076
7950,0.3635,7.47167945269153,7.10817945269153
7951,0.303166666666667,7.39733500070832,7.09416833404166
7952,0.27575,7.32373028832902,7.04798028832902
7953,0.26225,7.25884966695497,6.99659966695497
7954,0.264083333333333,7.22977078743364,6.96568745410031
7955,0.23575,7.23228190286826,6.99653190286826
7956,0.225083333333333,7.25954602449253,7.0344626911592
7957,0.210916666666667,7.30525844281075,7.09434177614408
7958,0.18475,7.36364672759772,7.17889672759772
7959,0.172666666666667,7.4294707278988,7.25680406123213
7960,0.165333333333333,7.4980225720299,7.33268923869657
7961,0.160666666666667,7.56512666757747,7.40446000091081
7962,0.188416666666667,7.6271397013985,7.43872303473184
7963,0.178666666666667,7.68095063962053,7.50228397295387
7964,0.175333333333333,7.72398072764164,7.54864739430831
7965,0.139083333333333,7.75418349013045,7.61510015679712
7966,0.0984166666666667,7.77004473102613,7.67162806435947
7967,0.1815,7.7705825335384,7.5890825335384
7968,0.135166666666667,7.7553472601475,7.62018059348084
7969,0.144666666666667,7.72442155260425,7.57975488593758
7970,0.147166666666667,7.67842033192998,7.53125366526332
7971,0.151,7.61849079841659,7.46749079841659
7972,0.129166666666667,7.54631243162651,7.41714576495984
7973,0.149916666666667,7.46409699039271,7.31418032372604
7974,0.185583333333333,7.37458851281871,7.18900517948538
7975,0.189833333333333,7.28106331627858,7.09122998294525
7976,0.215083333333333,7.18732999741693,6.9722466640836
7977,0.14925,7.09772943214891,6.94847943214891
7978,0.191916666666667,7.01713477566022,6.82521810899355
7979,0.18775,6.95634853644481,6.76859853644481
7980,0.142166666666667,6.92918314369184,6.78701647702517
7981,0.158833333333333,6.92872063129108,6.76988729795774
7982,0.153,6.94766922072299,6.79466922072299
7983,0.170583333333333,6.97944635855126,6.80886302521792
7984,0.14425,7.01817871642278,6.87392871642278
7985,0.188333333333333,7.05870219106767,6.87036885773434
7986,0.269666666666667,7.09656190429927,6.82689523763261
7987,0.362583333333333,7.12801220301414,6.7654288696808
7988,0.528666666666667,7.15001665919204,6.62134999252537
7989,0.637333333333333,7.16024806989597,6.52291473656264
7990,0.510083333333333,7.15708845727214,6.64700512393881
7991,0.746166666666667,7.13962906854997,6.3934624018833
7992,0.824,7.10767037604212,6.28367037604212
7993,0.82525,7.06172207714444,6.23647207714444
7994,0.712666666666667,7.00300309433602,6.29033642766935
7995,0.78,6.93344157517916,6.15344157517916
7996,0.884,6.85567489231938,5.97167489231937
7997,0.681,6.77304964348541,6.09204964348541
7998,0.536916666666667,6.68962165148922,6.15270498482255
7999,0.61325,6.61015596422597,5.99690596422597
8000,0.52525,6.53932595569273,6.01407595569273
8001,0.494666666666667,6.44818872555025,5.95352205888358
8002,0.409333333333333,6.35874375862107,5.94941042528774
8003,0.364666666666667,6.31088071193827,5.94621404527161
8004,0.308666666666667,6.32634312330634,6.01767645663968
8005,0.253083333333333,6.40872841130121,6.15564507796787
8006,0.25375,6.54348787527021,6.28973787527021
8007,0.224666666666667,6.69792669533214,6.47326002866547
8008,0.199333333333333,6.82171552897234,6.62238219563901
8009,0.19025,6.8886053183931,6.6983553183931
8010,0.18275,6.92064304572246,6.73789304572246
8011,0.169333333333333,6.94083306980271,6.77149973646937
8012,0.155083333333333,6.97162521668711,6.81654188335377
8013,0.1235,7.03491477963995,6.91141477963995
8014,0.121833333333333,7.14797354429463,7.0261402109613
8015,0.111916666666667,7.2464538694117,7.13453720274503
8016,0.0949166666666666,7.29354451617533,7.19862784950867
8017,0.0720833333333333,7.28738250823891,7.21529917490557
8018,0.0578333333333333,7.236522194485,7.17868886115167
8019,0.0539166666666667,7.15993524902547,7.1060185823588
8020,0.0525833333333333,7.08500569407141,7.03242236073808
8021,0.0533333333333333,7.01450870719506,6.96117537386173
8022,0.0550833333333333,6.94471317740996,6.88962984407663
8023,0.0594166666666667,6.87561212656565,6.81619545989898
8024,0.0785,6.80719864432104,6.72869864432104
8025,0.193666666666667,6.73946588814445,6.54579922147779
8026,0.368416666666667,6.67240708331363,6.30399041664696
8027,0.40175,6.60389043935411,6.20214043935411
8028,0.709666666666667,6.53302853256494,5.82336186589827
8029,1.12091666666667,6.48861059193817,5.3676939252715
8030,1.39075,6.55245412368792,5.16170412368792
8031,1.34191666666667,6.71290924147433,5.37099257480766
8032,1.90458333333333,6.83370233092115,4.92911899758782
8033,2.46625,6.89813198292392,4.43188198292392
8034,2.87425,6.92736694364958,4.05311694364958
8035,2.90383333333333,6.94415708073575,4.04032374740242
8036,2.88958333333333,6.97154916867315,4.08196583533983
8037,3.03641666666667,7.03132103226472,3.99490436559805
8038,3.54966666666667,7.14139639715954,3.59172973049287
8039,4.26075,7.20750333435857,2.94675333435857
8040,4.31825,7.19721237523674,2.87896237523674
8041,4.2525,7.13841573168935,2.88591573168935
8042,4.28958333333333,7.05373618628529,2.76415285295196
8043,4.23025,6.96052709226702,2.73027709226702
8044,4.16158333333333,6.87087237355058,2.70928904021725
8045,4.08816666666667,6.7915865247256,2.70341985805893
8046,3.94625,6.72421461105531,2.77796461105531
8047,3.75758333333333,6.6650322684765,2.90744893514317
8048,3.66933333333333,6.60504570359955,2.93571237026622
8049,3.50166666666667,6.53938136347167,3.037714696805
8050,3.426,6.47431343164638,3.04831343164638
8051,3.38991666666667,6.40989293680881,3.01997627014214
8052,3.27941666666667,6.34383371513862,3.06441704847195
8053,3.35691666666667,6.25074748995221,2.89383082328554
8054,3.45591666666667,6.2682593129706,2.81234264630393
8055,3.56541666666667,6.42471750441892,2.85930083775225
8056,3.6935,6.56346061008808,2.86996061008808
8057,3.74041666666667,6.63645793166638,2.89604126499971
8058,3.91716666666667,6.67367790775023,2.75651124108356
8059,4.10575,6.69647989229848,2.59072989229848
8060,4.56733333333333,6.70833412407469,2.14100079074136
8061,4.6825,6.76796387257627,2.08546387257627
8062,4.6035,6.92171382568748,2.31821382568748
8063,4.76,7.10793272233006,2.34793272233006
8064,4.808,7.16672020199502,2.35872020199502
8065,4.88775,7.1161053818735,2.2283553818735
8066,4.85741666666667,7.04061082378198,2.18319415711531
8067,4.90325,6.96536995961797,2.06211995961797
8068,4.97475,6.89752137663916,1.92277137663916
8069,5.1225,6.82952500189623,1.70702500189623
8070,5.22208333333333,6.76157008978645,1.53948675645312
8071,5.274,6.69429134121895,1.42029134121895
8072,5.21708333333333,6.62768202949314,1.41059869615981
8073,5.12666666666667,6.56173549328098,1.43506882661431
8074,5.0315,6.49644513662703,1.46494513662703
8075,4.92158333333333,6.43180442894838,1.51022109561505
8076,4.85566666666667,6.38466521307055,1.52899854640388
8077,4.82091666666667,6.39020945170549,1.56929278503882
8078,4.769,6.4359420657178,1.6669420657178
8079,4.76325,6.5085580561661,1.7453080561661
8080,4.816,6.59628882545544,1.78028882545544
8081,4.87758333333333,6.6889021773373,1.81131884400397
8082,4.93625,6.77770231690961,1.84145231690961
8083,4.98575,6.85552985061674,1.86977985061674
8084,5.14833333333333,6.9167617862495,1.76842845291617
8085,5.33158333333333,6.95731153294513,1.6257281996118
8086,5.36525,6.97462890118731,1.60937890118731
8087,5.3625,6.96770010280616,1.60520010280616
8088,5.47841666666667,6.93704775097825,1.45863108431158
8089,5.46875,6.88473086022659,1.41598086022659
8090,5.35816666666667,6.8143448464206,1.45617817975393
8091,5.59041666666667,6.73102152677618,1.14060486010951
8092,5.74675,6.64142911985563,0.894679119855628
8093,5.90533333333333,6.55377224556771,0.648438912234383
8094,5.99491666666667,6.47779192516763,0.482875258500963
8095,6.03241666666667,6.41327065325245,0.380853986585785
8096,5.95158333333333,6.34945754278003,0.397874209446697
8097,5.83325,6.2862793844053,0.453029384405298
8098,5.6805,6.22372986026194,0.543229860261937
8099,5.54316666666667,6.16180271455682,0.61863604789015
8100,5.38491666666667,6.10000838865647,0.715091721989797
8101,5.22125,6.0181862614692,0.796936261469197
8102,4.77241666666667,5.96882635919867,1.196409692532
8103,3.17375,6.00534820160468,2.83159820160468
8104,2.00358333333333,6.13647348784451,4.13289015451118
8105,1.40908333333333,6.32622609647299,4.91714276313966
8106,1.00166666666667,6.49809717508455,5.49643050841788
8107,1.024,6.64156307349953,5.61756307349953
8108,1.04141666666667,6.78817861101775,5.74676194435108
8109,1.13458333333333,6.94399212994368,5.80940879661035
8110,1.24808333333333,7.09693528010794,5.84885194677461
8111,1.73125,7.19774670045573,5.46649670045573
8112,2.18225,7.16495708892242,4.98270708892242
8113,2.33566666666667,7.07971330945746,4.74404664279079
8114,2.53675,6.99971145817035,4.46296145817035
8115,2.69833333333333,6.93555321104788,4.23721987771455
8116,2.831,6.86708360234389,4.03608360234389
8117,3.03116666666667,6.79875497751495,3.76758831084828
8118,3.25058333333333,6.73110623485115,3.48052290151782
8119,3.37866666666667,6.66413060953675,3.28546394287008
8120,3.51591666666667,6.59782140317841,3.08190473651174
8121,3.47133333333333,6.53231886163273,3.0609855282994
8122,3.40266666666667,6.49735416920356,3.09468750253689
8123,3.33033333333333,6.50906658437498,3.17873325104165
8124,3.26916666666667,6.55892854134922,3.28976187468255
8125,3.23783333333333,6.63899272392672,3.40115939059339
8126,3.31525,6.7418920655061,3.4266420655061
8127,3.23066666666667,6.86083974908416,3.63017308241749
8128,3.21216666666667,6.98962920725588,3.77746254058921
8129,3.35383333333333,7.12263412221442,3.76880078888109
8130,3.52166666666667,7.25480842575114,3.73314175908447
8131,3.6845,7.38168629925556,3.69718629925556
8132,3.77741666666667,7.49938217371541,3.72196550704874
8133,3.9635,7.60459072971658,3.64109072971658
8134,4.03016666666667,7.69458689744315,3.66442023077648
8135,4.00825,7.76722585667739,3.75897585667739
8136,4.32416666666667,7.82094303679975,3.49677637013308
8137,4.33483333333333,7.85475411678887,3.51992078345554
8138,4.41666666666667,7.86825502522154,3.45158835855487
8139,4.661,7.86162194027278,3.20062194027278
8140,4.82875,7.83561128971577,3.00686128971577
8141,4.94658333333333,7.79155975092187,2.84497641758854
8142,5.025,7.73138425086063,2.70638425086063
8143,4.997,7.65758196609977,2.66058196609977
8144,4.96158333333333,7.57323032280522,2.61164698947189
8145,4.884,7.48198699674108,2.59798699674108
8146,4.8035,7.38808991326961,2.58458991326961
8147,4.75858333333333,7.2963572473513,2.53777391401797
8148,4.71641666666667,7.21218742354478,2.49577075687811
8149,4.6545,7.14155911600688,2.48705911600688
8150,4.52975,7.09826013798937,2.56851013798937
8151,4.43291666666667,7.12629215039974,2.69337548373307
8152,4.42008333333333,7.20655866472578,2.78647533139245
8153,4.41191666666667,7.31244049166071,2.90052382499404
8154,4.49975,7.42193868449074,2.92218868449074
8155,4.58666666666667,7.51767453909511,2.93100787242844
8156,4.64425,7.5868895939461,2.9426395939461
8157,4.62575,7.62144563010901,2.99569563010901
8158,4.61075,7.61782467124213,3.00707467124213
8159,4.66308333333333,7.57712898359682,2.91404565026349
8160,4.643,7.50508107601743,2.86208107601743
8161,4.68375,7.41202369994134,2.72827369994134
8162,4.7785,7.31291984939897,2.53441984939897
8163,4.8255,7.2273343340348,2.4018343340348
8164,4.9555,7.15542115406337,2.19992115406337
8165,4.97016666666667,7.08422352159244,2.11405685492577
8166,4.98466666666667,7.01373431897865,2.02906765231198
8167,4.96941666666667,6.94394649752574,1.97452983085907
8168,4.93483333333333,6.87485307748454,1.94001974415121
8169,4.87866666666667,6.80644714805297,1.9277804813863
8170,4.81425,6.72996669190052,1.91571669190052
8171,4.73116666666667,6.62547733591236,1.89431066924569
8172,4.707,6.5604581304511,1.8534581304511
8173,4.64933333333333,6.57966591903377,1.93033258570044
8174,4.61366666666667,6.68928437528375,2.07561770861708
8175,4.61191666666667,6.85692400293068,2.24500733626401
8176,4.68175,7.01162213581054,2.32987213581054
8177,4.77225,7.08325963400863,2.31100963400863
8178,4.92525,7.1190324269154,2.1937824269154
8179,5.07625,7.17161094043331,2.09536094043331
8180,5.25116666666667,7.26618311295774,2.01501644629107
8181,5.39183333333333,7.40049984723722,2.00866651390389
8182,5.51641666666667,7.5448750103735,2.02845834370684
8183,5.57208333333333,7.63935888833401,2.06727555500068
8184,5.55766666666667,7.62315291147833,2.06548624481166
8185,5.54391666666667,7.5448984794544,2.00098181278773
8186,5.56041666666667,7.45195250514666,1.89153583847999
8187,5.59508333333333,7.36959937594072,1.77451604260739
8188,5.65891666666667,7.30105095372329,1.64213428705662
8189,5.64433333333333,7.23069118410268,1.58635785076935
8190,5.65375,7.15874460141237,1.50499460141237
8191,5.61808333333333,7.08751389967365,1.46943056634032
8192,5.55591666666667,7.01699195755559,1.46107529088892
8193,5.47333333333333,6.94717172274534,1.47383838941201
8194,5.36508333333333,6.87804621194809,1.51296287861476
8195,5.2505,6.80960851088713,1.55910851088713
8196,5.13866666666667,6.73802617152668,1.59935950486001
8197,4.96125,6.64717307650958,1.68592307650958
8198,4.84625,6.57196680010873,1.72571680010873
8199,4.77608333333333,6.54405912481253,1.7679757914792
8200,4.72575,6.5804574996584,1.8547074996584
8201,4.796,6.6835250402328,1.8875250402328
8202,5.00841666666667,6.84098052867118,1.83256386200451
8203,5.16308333333333,7.02589841365803,1.8628150803247
8204,5.31358333333333,7.19959601957393,1.8860126862406
8205,5.38591666666667,7.35901052608252,1.97309385941585
8206,5.50908333333333,7.48989041485552,1.98080708152219
8207,5.58425,7.57457995446404,1.99032995446404
8208,5.5785,7.60485598414117,2.02635598414117
8209,5.516,7.58192791378196,2.06592791378196
8210,5.49375,7.51643772394345,2.02268772394345
8211,5.43933333333333,7.42845996584463,1.9891266325113
8212,5.464,7.34668999911987,1.88268999911987
8213,5.5175,7.27358920854404,1.75608920854404
8214,5.557,7.20121578218002,1.64421578218002
8215,5.53308333333333,7.12956248574723,1.5964791524139
8216,5.47558333333333,7.05862215463867,1.58303882130534
8217,5.35566666666667,6.98838769392093,1.63272102725426
8218,5.17016666666667,6.9188520783342,1.74868541166753
8219,5.11083333333333,6.85000835229226,1.73917501895893
8220,5.00025,6.79835244640099,1.79810244640099
8221,4.848,6.81240966063013,1.96440966063013
8222,4.88758333333333,6.87610213504942,1.98851880171609
8223,4.95683333333333,6.97020343764625,2.01337010431292
8224,4.963,7.0781260642976,2.1151260642976
8225,5.01175,7.18592143877002,2.17417143877002
8226,5.02508333333333,7.28227991271964,2.25719657938631
8227,5.13525,7.3585307656922,2.2232807656922
8228,5.32141666666667,7.40864220512297,2.0872255384563
8229,5.45541666666667,7.42922136633685,1.97380469967018
8230,5.58175,7.41951431254829,1.83776431254829
8231,5.68075,7.38140603486133,1.70065603486133
8232,5.72766666666667,7.31942045226959,1.59175378560292
8233,5.71333333333333,7.24072041165627,1.52738707832294
8234,5.67108333333333,7.15510768779415,1.48402435446082
8235,5.68483333333333,7.0750229833456,1.39018965001227
8236,5.71108333333333,7.00454885734954,1.29346552401621
8237,5.72266666666667,6.93485242468233,1.21218575801566
8238,5.78033333333333,6.86584948464636,1.08551615131303
8239,5.78783333333333,6.79753313921241,1.00969980587908
8240,5.72675,6.72989655681691,1.00314655681691
8241,5.654,6.66293297236189,1.00893297236189
8242,5.54091666666667,6.59663568721502,1.05571902054835
8243,5.42691666666667,6.53099806920958,1.10408140254291
8244,5.28333333333333,6.46712438098288,1.18379104764955
8245,5.15241666666667,6.41843779571481,1.26602112904814
8246,5.06066666666667,6.39941599959029,1.33874933292362
8247,5.03425,6.4174893770107,1.3832393770107
8248,5.01041666666667,6.47334060564646,1.46292393897979
8249,5.04883333333333,6.56090465643707,1.51207132310374
8250,5.04041666666667,6.66736879359108,1.62695212692441
8251,5.20716666666667,6.78196557947715,1.57479891281048
8252,5.37875,6.88896335343733,1.51021335343733
8253,5.54975,6.96865673318747,1.41890673318747
8254,5.728,7.00924407862647,1.28124407862647
8255,5.90566666666667,7.00682777567926,1.10116110901259
8256,5.91633333333333,6.96541423629678,1.04908090296345
8257,5.873,6.89891580590491,1.02591580590491
8258,5.86241666666667,6.83027044387071,0.967853777204038
8259,5.84675,6.76230811522193,0.915558115221926
8260,5.89891666666667,6.69502202508774,0.796105358421074
8261,6.0065,6.62840544458131,0.621905444581308
8262,6.11025,6.56245171079973,0.452201710799732
8263,6.11925,6.4971542268241,0.377904226824104
8264,6.08266666666667,6.43250646204919,0.349839795382516
8265,6.0065,6.36850195303309,0.362001953033086
8266,5.8895,6.30513429994377,0.415634299943771
8267,5.74766666666667,6.24239716573064,0.494730499063966
8268,5.63183333333333,6.17083184676786,0.53899851343453
8269,5.48983333333333,6.08383229583789,0.593998962504561
8270,5.35408333333333,6.10514214016309,0.75105880682976
8271,5.29391666666667,6.25561448598317,0.961697819316501
8272,5.19683333333333,6.42009923415937,1.22326590082604
8273,5.22875,6.51325546599006,1.28450546599006
8274,5.28408333333333,6.56810404362938,1.28402071029605
8275,5.37175,6.60753006346756,1.23578006346756
8276,5.43991666666667,6.65738717708794,1.21747051042127
8277,5.61258333333333,6.78352807865857,1.17094474532524
8278,5.71933333333333,6.93373470121848,1.21440136788515
8279,5.80375,7.02332264062694,1.21957264062694
8280,5.83033333333333,7.01957900154522,1.18924566821189
8281,5.80125,6.94176239743657,1.14051239743657
8282,5.785,6.85851009329954,1.07351009329954
8283,5.81533333333333,6.79026677676585,0.974933443432525
8284,5.8585,6.72270249291931,0.864202492919305
8285,5.94966666666667,6.65581048580257,0.706143819135904
8286,6.02841666666667,6.58958406568807,0.561167399021405
8287,6.07158333333333,6.52405278781066,0.452469454477329
8288,6.0495,6.47173225170618,0.42223225170618
8289,6.00033333333333,6.42216199159575,0.421828658262423
8290,5.92441666666667,6.35686361175704,0.432446945090366
8291,5.8365,6.2725240544123,0.436024054412305
8292,5.7525,6.18099559972846,0.428495599728457
8293,5.65116666666667,6.10929586581701,0.458129199150339
8294,5.55633333333333,6.0996078087341,0.543274475400769
8295,5.46116666666667,6.2076990615278,0.746532394861128
8296,5.41708333333333,6.34197364083578,0.924890307502455
8297,5.41275,6.42717284972281,1.01442284972281
8298,5.46083333333333,6.48068511663615,1.01985178330282
8299,5.57016666666667,6.52228877813615,0.952122111469482
8300,5.72233333333333,6.57415207889615,0.85181874556282
8301,5.831,6.67542035198214,0.844420351982142
8302,5.94825,6.8515601035358,0.9033101035358
8303,6.05208333333333,6.99243856598582,0.940355232652492
8304,6.06641666666667,7.03417333959926,0.967756672932587
8305,6.02333333333333,6.97706264938661,0.953729316053277
8306,6.05225,6.88558534510184,0.833335345101845
8307,6.0615,6.81704423657234,0.755544236572341
8308,6.09158333333333,6.74921351254191,0.657630179208582
8309,6.14841666666667,6.68205771622594,0.533641049559266
8310,6.23108333333333,6.61557013165293,0.384486798319597
8311,6.31291666666667,6.54981083768226,0.236894171015592
8312,6.33475,6.50083470199482,0.166084701994816
8313,6.37008333333333,6.45409535680295,0.0840120234696249
8314,6.34866666666667,6.38450171728519,0.035835050618517
8315,6.28016666666667,6.28537077394681,0.00520410728014387
8316,6.17225,6.16842759261993,-0.00382240738006967
8317,6.01483333333333,6.06380531446343,0.0489719811301015
8318,5.956,6.020045155963,0.0640451559630035
8319,5.82591666666667,6.10409640893113,0.278179742264462
8320,5.74816666666667,6.25783164104547,0.509664974378803
8321,5.64841666666667,6.36739318794118,0.718976521274505
8322,5.64883333333333,6.43893187409949,0.790098540766165
8323,5.7085,6.49028397788035,0.781783977880353
8324,5.79458333333333,6.55097122014838,0.756387886815046
8325,5.932,6.68540359814799,0.753403598147988
8326,6.03883333333333,6.83638665515596,0.797553321822634
8327,6.112,6.90320541356179,0.791205413561785
8328,6.08266666666667,6.86386524463566,0.781198577968993
8329,6.08825,6.77520004090728,0.686950040907282
8330,6.11775,6.70750253378167,0.58975253378167
8331,6.17008333333333,6.6407617680643,0.470678434730966
8332,6.24425,6.5746850846418,0.330435084641798
8333,6.33075,6.50926587544726,0.178515875447264
8334,6.45441666666667,6.44449758676733,-0.00991907989933516
8335,6.51058333333333,6.38037360622043,-0.130209727112901
8336,6.558,6.31688753213548,-0.241112467864523
8337,6.51508333333333,6.25403307270711,-0.261050260626219
8338,6.46775,6.191803989954,-0.275946010046
8339,6.39075,6.13019409971885,-0.260555900281146
8340,6.24875,6.06919727166842,-0.179552728331584
8341,6.14066666666667,6.00880742929347,-0.131859237373199
8342,6.04066666666667,5.94901854990884,-0.0916481167578347
8343,5.94591666666667,5.88982466465337,-0.0560920020133038
8344,5.86283333333333,5.83121985848996,-0.0316134748433718
8345,5.84733333333333,5.77319827020554,-0.0741350631277884
8346,5.86225,5.71575409241109,-0.146495907588915
8347,5.91641666666667,5.65888157154159,-0.257535095125077
8348,6,5.60257500785611,-0.397424992143891
8349,6.12041666666667,5.54682875543771,-0.57358791122896
8350,6.35641666666667,5.49163722219352,-0.864779444473154
8351,6.34283333333333,5.43699486985468,-0.90583846347865
8352,6.37741666666667,5.38289621397639,-0.994520452690277
8353,6.45941666666667,5.32933582393788,-1.13008084272879
8354,6.48,5.27630832294242,-1.20369167705758
8355,6.446,5.22380838801729,-1.22219161198271
8356,6.48058333333333,5.17183075001386,-1.30875258331947
8357,6.54175,5.12037018626577,-1.42137981373423
8358,6.56766666666667,5.06942146053121,-1.49824520613546
8359,6.69033333333333,5.01897950906032,-1.67135382427301
8360,6.76441666666667,4.96903934873863,-1.79537731792804
8361,6.79308333333333,4.91959603800558,-1.87348729532775
8362,6.83558333333333,4.87064467685445,-1.96493865647887
8363,6.775,4.82218040683244,-1.95281959316756
8364,6.62,4.7741984110406,-1.8458015889594
8365,6.50616666666667,4.72669391413389,-1.77947275253278
8366,6.33358333333333,4.67966218232113,-1.6539211510122
8367,6.20616666666667,4.63309852336503,-1.57306814330164
8368,6.076,4.58699828658219,-1.48900171341781
8369,5.9515,4.54135686284309,-1.41014313715691
8370,5.93866666666667,4.49616968457207,-1.4424969820946
8371,5.92216666666667,4.45143222574739,-1.47073444091928
8372,5.82675,4.40714000190116,-1.41960999809884
8373,5.84958333333333,4.36328857011938,-1.48629476321395
8374,5.89708333333333,4.31987352904194,-1.57720980429139
8375,5.96516666666667,4.27689051886262,-1.68827614780405
8376,5.97683333333333,4.23433522132905,-1.74249811200428
8377,5.99266666666667,4.19220335974277,-1.8004633069239
8378,5.91583333333333,4.1504906989592,-1.76534263437413
8379,5.87558333333333,4.10919304538763,-1.7663902879457
8380,5.88416666666667,4.06830624699124,-1.81586041967543
8381,5.90341666666667,4.02782619328709,-1.87559047337958
8382,5.89841666666667,3.98774881534612,-1.91066785132055
8383,5.93116666666667,3.94807009033303,-1.98309657633364
8384,5.94175,3.9087861364323,-2.0329638635677
8385,5.9965,3.86989306454811,-2.12660693545189
8386,6.01733333333333,3.83138698529405,-2.18594634803928
8387,6.08383333333333,3.79309652819726,-2.29073680513607
8388,6.04833333333333,3.754310991533,-2.29402234180033
8389,6.02958333333333,3.72070894392293,-2.3088743894104
8390,5.95425,3.72173456678668,-2.23251543321332
8391,5.863,3.83678850801622,-2.02621149198378
8392,5.80525,4.01098827045503,-1.79426172954497
8393,5.72466666666667,4.12408613228033,-1.60058053438634
8394,5.66775,4.20280595813594,-1.46494404186406
8395,5.63516666666667,4.27138158560703,-1.36378508105964
8396,5.65233333333333,4.35042722205488,-1.30190611127845
8397,5.73158333333333,4.4604376174086,-1.27114571592473
8398,5.72925,4.61856800617238,-1.11068199382762
8399,5.90125,4.76053704074837,-1.14071295925163
8400,6.002,4.79243360287988,-1.20956639712012
8401,5.96208333333333,4.74362008481156,-1.21846324852177
8402,5.91366666666667,4.69579000381283,-1.21787666285384
8403,5.90675,4.64906611256049,-1.25768388743951
8404,5.87958333333333,4.60280713192116,-1.27677620141217
8405,5.91633333333333,4.55700843567322,-1.35932489766011
8406,6.02133333333333,4.51166544357751,-1.50966788975582
8407,6.15291666666667,4.4667736221263,-1.68614304454037
8408,6.33191666666667,4.42232848228046,-1.90958818438621
8409,6.46383333333333,4.37832557911009,-2.08550775422324
8410,6.47908333333333,4.33476051180791,-2.14432282152542
8411,6.47291666666667,4.29162892397924,-2.18128774268743
8412,6.41133333333333,4.24892650273863,-2.1624068305947
8413,6.33325,4.20664901566372,-2.12660098433628
8414,6.22816666666667,4.19711166003354,-2.03105500663313
8415,6.13966666666667,4.2903622474047,-1.84930441926197
8416,6.10508333333333,4.45111588314202,-1.65396745019131
8417,6.09766666666667,4.56307989153049,-1.53458677513618
8418,6.10275,4.63928844304893,-1.46346155695107
8419,6.18025,4.70587575235436,-1.47437424764564
8420,6.336,4.78601222228346,-1.54998777771654
8421,6.55025,4.8971553010126,-1.6530946989874
8422,6.67366666666667,5.01015575314936,-1.66351091351731
8423,6.76916666666667,5.09072443992462,-1.67844222674205
8424,6.786,5.10327579578854,-1.68272420421146
8425,6.74975,5.05389439756021,-1.69585560243979
8426,6.69525,5.0036073076608,-1.6916426923392
8427,6.70725,4.95382058317913,-1.75342941682087
8428,6.72125,4.90452924521889,-1.81672075478111
8429,6.78958333333333,4.85572836409864,-1.93385496923469
8430,6.99041666666667,4.80741297365971,-2.18300369300696
8431,7.14275,4.75957818298911,-2.38317181701089
8432,7.18,4.71221926024442,-2.46778073975558
8433,7.163,4.66533151358876,-2.49766848641124
8434,7.09575,4.61891029109591,-2.47683970890409
8435,6.9975,4.57295098075027,-2.42454901924973
8436,6.88358333333333,4.52744901044688,-2.35613432288645
8437,6.75183333333333,4.48239984799142,-2.26943348534191
8438,6.61166666666667,4.43779900110021,-2.17386766556646
8439,6.52058333333333,4.39364201740022,-2.12694131593311
8440,6.46616666666667,4.34992448442903,-2.11624218223764
8441,6.43508333333333,4.3066420296349,-2.12844130369843
8442,6.46941666666667,4.2637903203767,-2.20562634628997
8443,6.55316666666667,4.22136506392395,-2.33180160274272
8444,6.63408333333333,4.1793620074568,-2.45472132587653
8445,6.74108333333333,4.13777693806605,-2.60330639526728
8446,6.90133333333333,4.09660568275314,-2.80472765058019
8447,6.99566666666667,4.05584410843014,-2.93982255823653
8448,7.02341666666667,4.01548812191977,-3.0079285447469
8449,6.98158333333333,3.97553366995537,-3.00604966337796
8450,6.968,3.93597673918095,-3.03202326081905
8451,6.95391666666667,3.89681335615113,-3.05710331051554
8452,7.07275,3.85803958733119,-3.21471041266881
8453,7.13633333333333,3.81965153909703,-3.3166817942363
8454,7.2635,3.77283057198225,-3.49066942801775
8455,7.37141666666667,3.69952585109698,-3.67189081556969
8456,7.43283333333333,3.62714745300807,-3.80568588032526
8457,7.51,3.57982289805066,-3.93017710194934
8458,7.48466666666667,3.57412597301701,-3.91054069364966
8459,7.39525,3.61907673115648,-3.77617326884352
8460,7.25316666666667,3.71614149217556,-3.53702517449111
8461,7.087,3.85923284223783,-3.22776715776217
8462,6.95741666666667,4.03470963396397,-2.9227070327027
8463,6.80766666666667,4.22137698643178,-2.58628968023489
8464,6.68383333333334,4.39048628517618,-2.29334704815716
8465,6.56125,4.50815026138727,-2.05309973861273
8466,6.53008333333333,4.6140902299459,-1.91599310338743
8467,6.48483333333333,4.72486275075862,-1.75997058257471
8468,6.51266666666667,4.82670179335664,-1.68596487331003
8469,6.57633333333333,4.90922719861587,-1.66710613471746
8470,6.71575,4.96544467875695,-1.75030532124305
8471,6.81766666666667,4.99174581734526,-1.82592084932141
8472,6.84733333333333,4.98790806929085,-1.85942526404247
8473,6.81991666666667,4.95709476084854,-1.86282190581813
8474,6.87216666666667,4.90585508961783,-1.96631157704884
8475,6.93258333333333,4.84412412454294,-2.08845920879039
8476,6.97191666666667,4.78522280591284,-2.18669386075383
8477,7.074,4.73694174887681,-2.33705825112319
8478,7.156,4.68883191985895,-2.46716808014105
8479,7.2975,4.64039534321491,-2.65710465678509
8480,7.36733333333333,4.59201905563831,-2.77531427769502
8481,7.41291666666667,4.5444931358722,-2.86842353079447
8482,7.4315,4.49901070470903,-2.93248929529097
8483,7.39141666666667,4.45716792499068,-2.93424874167599
8484,7.27241666666667,4.42096400160843,-2.85145266505824
8485,7.15866666666667,4.39280118150299,-2.76586548516368
8486,7.05191666666667,4.38687763326951,-2.66503903339716
8487,6.9335,4.47341331926384,-2.46008668073616
8488,6.80241666666667,4.60947285182566,-2.19294381484101
8489,6.71591666666667,4.74704772501031,-1.96886894165636
8490,6.6425,4.85948142291646,-1.78301857708354
8491,6.583,4.94146941968619,-1.64153058031381
8492,6.59083333333333,5.00905917950491,-1.58177415382842
8493,6.65858333333333,5.09965015660143,-1.5589331767319
8494,6.78233333333333,5.2067589251441,-1.57557440818923
8495,6.84516666666667,5.24664150027642,-1.59852516639025
8496,6.81475,5.2401187365554,-1.5746312634446
8497,6.75016666666667,5.20640100041642,-1.54376566625025
8498,6.79683333333333,5.15966431548204,-1.63716901785129
8499,6.84408333333333,5.10905036256207,-1.73503297077126
8500,6.90541666666667,5.05866647965354,-1.84675018701313
8501,6.99058333333333,5.00840752336874,-1.98217580996459
8502,7.06166666666667,4.95857303185617,-2.1030936348105
8503,7.16466666666667,4.90923440243112,-2.25543226423555
8504,7.29708333333333,4.86038670287702,-2.43669663045631
8505,7.39933333333333,4.81202504854233,-2.587308284791
8506,7.50083333333333,4.76414460234044,-2.73668873099289
8507,7.548,4.71674057474976,-2.83125942525024
8508,7.50966666666667,4.66980822381364,-2.83985844285302
8509,7.43775,4.63692282484623,-2.80082717515377
8510,7.32391666666667,4.65559943355291,-2.66831723311376
8511,7.16433333333333,4.71752073604911,-2.44681259728422
8512,7.03758333333333,4.81282045480863,-2.2247628785247
8513,6.9495,4.93361990251714,-2.01588009748286
8514,6.9195,5.07402798207228,-1.84547201792772
8515,6.89916666666667,5.23014118658357,-1.6690254800831
8516,6.95391666666667,5.40004359937246,-1.55387306729421
8517,6.99141666666667,5.55305937783997,-1.4383572888267
8518,7.00116666666667,5.60457610250985,-1.39659056415682
8519,6.97116666666667,5.58593590190644,-1.38523076476023
8520,7.01466666666667,5.52997304335736,-1.48469362330931
8521,7.06766666666667,5.46101231425012,-1.60665435241655
8522,7.07008333333333,5.39486902203211,-1.67521431130122
8523,7.07816666666667,5.33884899421063,-1.73931767245604
8524,7.12825,5.29174857835286,-1.83650142164714
8525,7.23858333333333,5.24389502247962,-1.99468831085371
8526,7.41,5.19171739147102,-2.21828260852898
8527,7.60258333333333,5.14005893418464,-2.46252439914869
8528,7.76641666666667,5.08891448865617,-2.6775021780105
8529,7.90583333333333,5.03827894213912,-2.86755439119421
8530,7.9405,4.98814723110482,-2.95235276889518
8531,7.91216666666667,4.93851434124242,-2.97365232542425
8532,7.78916666666667,4.88937530745889,-2.89979135920778
8533,7.67383333333333,4.84072521387903,-2.8331081194543
8534,7.5015,4.80036051314498,-2.70113948685502
8535,7.34783333333333,4.85349594173808,-2.49433739159525
8536,7.19241666666667,4.96961954312476,-2.22279712354191
8537,7.09225,5.09749508057254,-1.99475491942746
8538,7.04733333333333,5.2072153000376,-1.84011803329573
8539,7.026,5.29310882394217,-1.73289117605783
8540,6.99091666666667,5.39481953577619,-1.59609713089048
8541,7.01233333333333,5.52166249651151,-1.49067083682182
8542,7.05608333333333,5.6844888059523,-1.37159452738103
8543,7.10025,5.82578770973887,-1.27446229026113
8544,7.12058333333333,5.83665809939853,-1.2839252339348
8545,7.097,5.770252927334,-1.326747072666
8546,7.04633333333333,5.71283795129365,-1.33349538203968
8547,7.07033333333333,5.65599426394508,-1.41433906938825
8548,7.15291666666667,5.59971618078255,-1.55320048588412
8549,7.2495,5.54399807323218,-1.70550192676782
8550,7.3375,5.4888343698757,-1.8486656301243
8551,7.44991666666667,5.43421955531528,-2.01569711135139
8552,7.415,5.38014816793981,-2.03485183206019
8553,7.48091666666667,5.32661479991146,-2.15430186675521
8554,7.45275,5.27361409721879,-2.17913590278121
8555,7.44708333333333,5.22114076014313,-2.2259425731902
8556,7.43225,5.16918954161728,-2.26306045838272
8557,7.42441666666667,5.11528356569559,-2.30913310097108
8558,7.42566666666667,5.08215841970759,-2.34350824695908
8559,7.3545,5.18975987061519,-2.16474012938481
8560,7.39408333333333,5.36882734758879,-2.02525598574454
8561,7.4225,5.48669924415659,-1.93580075584341
8562,7.49666666666667,5.59129770181443,-1.90536896485224
8563,7.53833333333333,5.6920874732339,-1.84624586009943
8564,7.49633333333333,5.77363427296986,-1.72269906036346
8565,7.8525,5.90931962323199,-1.94318037676801
8566,7.82408333333333,6.10562671429585,-1.71845661903748
8567,7.95,6.24991488926535,-1.70008511073465
8568,7.8655,6.22972906690666,-1.63577093309334
8569,8.10425,6.18511578993967,-1.91913421006033
8570,8.20491666666667,6.1300941347952,-2.07482253187147
8571,8.25591666666667,6.06891926015889,-2.18699740650778
8572,8.27283333333333,6.00500586163929,-2.26782747169403
8573,8.22533333333333,5.94092817176785,-2.28440516156548
8574,8.15733333333333,5.8784199599989,-2.27891337333443
8575,8.06241666666667,5.81837453270969,-2.24404213395698
8576,7.95491666666667,5.76084473320035,-2.19407193346632
8577,7.894,5.70504294169392,-2.18895705830608
8578,7.79075,5.64934107533635,-2.14140892466365
8579,7.59841666666667,5.59313051618411,-2.00528615048256
8580,7.41591666666667,5.53747788187658,-1.87843878479009
8581,7.30141666666667,5.48237898749984,-1.81903767916683
8582,7.25016666666667,5.42782833825602,-1.82233832841065
8583,7.17183333333333,5.37382048955041,-1.79801284378292
8584,7.14975,5.32035004699137,-1.82939995300863
8585,7.08608333333333,5.26741166639037,-1.81867166694297
8586,7.07908333333333,5.21500005376197,-1.86408327957136
8587,6.88633333333333,5.16310996532388,-1.72322336800945
8588,6.61491666666667,5.11173620749686,-1.50318045916981
8589,6.44983333333333,5.06087363690482,-1.38895969642851
8590,6.16425,5.01051716037473,-1.15373283962527
8591,5.74725,4.96066173493671,-0.786588265063292
8592,5.5125,4.91130236782395,-0.601197632176053
8593,5.24025,4.86243411647276,-0.377815883527242
8594,5.12866666666667,4.81405203242567,-0.314614634240999
8595,5.08191666666667,4.76615097497285,-0.315765691693816
8596,4.96133333333333,4.71872619698674,-0.242607136346592
8597,4.87566666666667,4.67177305082943,-0.203893615837239
8598,4.84858333333333,4.62528692558919,-0.22329640774414
8599,4.77983333333333,4.57926324708041,-0.200570086252922
8600,4.90966666666667,4.53369747784362,-0.375969188823046
8601,4.80891666666667,4.48858511714552,-0.32033154952115
8602,4.65891666666667,4.44392170097892,-0.214994965687748
8603,4.18775,4.3997028020628,0.211952802062795
8604,3.32908333333333,4.35592402984225,1.02684069650892
8605,2.56141666666667,4.31258103048854,1.75116436382187
8606,1.715,4.26966948689906,2.55466948689906
8607,1.15175,4.22718511869735,3.07543511869735
8608,0.356583333333333,4.1851236822331,3.82854034889976
8609,0.240666666666667,4.14348097058212,3.90281430391545
8610,0.16825,4.10225281354638,3.93400281354638
8611,0.17275,4.061435077654,3.888685077654
8612,0.172833333333333,4.02102366615922,3.84819033282588
8613,0.181666666666667,3.98101451904244,3.79934785237578
8614,0.180666666666667,3.94140361301021,3.76073694634354
8615,0.20375,3.9021869614952,3.6984369614952
8616,0.204833333333333,3.86336061465624,3.6585272813229
8617,0.241,3.82492065937829,3.58392065937829
8618,0.258583333333333,3.78686321927246,3.52827988593913
8619,0.296583333333333,3.74918445467602,3.45260112134268
8620,0.502,3.71188056265234,3.20988056265234
8621,1.26091666666667,3.67494777699098,2.41403111032431
8622,2.19916666666667,3.63838236820761,1.43921570154094
8623,2.90683333333333,3.60218064354406,0.695347310210735
8624,3.28075,3.5663389469683,0.285588946968302
8625,3.62783333333333,3.53085365917444,-0.0969796741588946
8626,4.026,3.49584656792028,-0.530153432079722
8627,4.204,3.47403513791448,-0.729964862085515
8628,4.29966666666667,3.44033942056453,-0.85932724610214
8629,4.43925,3.38199921080334,-1.05725078919666
8630,4.51025,3.33220340635321,-1.17804659364679
8631,4.52508333333333,3.37009000772576,-1.15499332560757
8632,4.55516666666667,3.53840379954905,-1.01676286711762
8633,4.66225,3.69858687953383,-0.963663120466175
8634,4.7375,3.8248364630401,-0.912663536959898
8635,4.84991666666667,3.92710903969671,-0.922807626969959
8636,4.91425,4.06807161096125,-0.846178389038754
8637,5.384,4.25681037247878,-1.12718962752122
8638,5.51466666666667,4.40013812905524,-1.11452853761143
8639,5.62316666666667,4.4395232980781,-1.18364336858857
8640,5.65025,4.39716187694915,-1.25308812305085
8641,5.92683333333333,4.35340938508746,-1.57342394824587
8642,6.08625,4.31009223806712,-1.77615776193288
8643,6.26216666666667,4.2672061039194,-1.99496056274727
8644,6.45775,4.22474669265933,-2.23300330734067
8645,6.515,4.18270975688308,-2.33229024311692
8646,6.46725,4.14109109596343,-2.32615890403657
8647,6.363,4.09988654969402,-2.26311345030598
8648,6.24516666666667,4.05909199789317,-2.1860746687735
8649,6.14383333333333,4.01870336040382,-2.12512997292951
8650,6.02508333333333,3.97871659709358,-2.04636673623975
8651,5.89775,3.93912770785471,-1.95862229214529
8652,5.795,3.90408836633215,-1.89091163366785
8653,5.66883333333333,3.91321586540698,-1.75561746792635
8654,5.48791666666667,3.96019373188697,-1.5277229347797
8655,5.39866666666667,4.02851179521669,-1.37015487144998
8656,5.28016666666667,4.10629687464163,-1.17386979202504
8657,5.26033333333333,4.18631277920824,-1.07402055412509
8658,5.2695,4.2659603077639,-1.0035396922361
8659,5.23291666666667,4.34727724895694,-0.885639417709728
8660,5.22983333333333,4.43678494212199,-0.793048391211343
8661,5.182,4.5405081921945,-0.641491807805498
8662,5.0865,4.7266366327501,-0.359863367249899
8663,5.0655,4.89451576779964,-0.170984232200357
8664,4.98241666666667,4.87360017614704,-0.108816490519629
8665,5.08808333333333,4.82244678531239,-0.265636548020936
8666,5.15316666666667,4.7736912962043,-0.379475370462373
8667,5.25158333333333,4.72669521497223,-0.524888118361102
8668,5.52508333333333,4.67966381108749,-0.84541952224584
8669,5.76491666666667,4.63310037796774,-1.13181628869893
8670,5.8405,4.58700025934514,-1.25349974065486
8671,5.85258333333333,4.54135884471553,-1.3112244886178
8672,5.8575,4.49617156934468,-1.36132843065532
8673,5.8225,4.45143391457016,-1.37106608542984
8674,5.80316666666667,4.40714140707833,-1.39602525958834
8675,5.84233333333333,4.36328961752807,-1.47904371580526
8676,5.80591666666667,4.31605678767508,-1.48985987899159
8677,5.816,4.26864139718654,-1.54735860281346
8678,5.82983333333333,4.2837368261269,-1.54609650720643
8679,5.8295,4.39007517934066,-1.43942482065934
8680,5.94,4.56555841221106,-1.37444158778894
8681,6.04583333333333,4.75492900084408,-1.29090433248925
8682,6.17591666666667,4.94029443953321,-1.23562222713347
8683,6.3625,5.12075240436312,-1.24174759563688
8684,6.548,5.32052155186014,-1.22747844813986
8685,6.73208333333333,5.52036995794465,-1.21171337538868
8686,6.87558333333333,5.63497980943168,-1.24060352390165
8687,6.91675,5.63826602078495,-1.27848397921505
8688,7.11625,5.56804929389113,-1.54820070610887
8689,7.37025,5.50684451966051,-1.86340548033949
8690,7.55408333333333,5.45205050077959,-2.10203283255374
8691,7.66616666666667,5.39780169190676,-2.26836497475991
8692,7.73891666666667,5.34409266801796,-2.39482399864871
8693,7.75283333333333,5.29091805758794,-2.46191527574539
8694,7.68841666666667,5.23827245920817,-2.45014420745849
8695,7.552,5.18615057248173,-2.36584942751827
8696,7.45616666666667,5.13454723237327,-2.3216194342934
8697,7.38058333333333,5.08345731804208,-2.29712601529125
8698,7.233,5.0328757528421,-2.2001242471579
8699,7.08825,4.98279750432192,-2.10545249567808
8700,6.95833333333333,4.93321758422474,-2.02511574910859
8701,6.836,4.88413104848844,-1.95186895151156
8702,6.72083333333333,4.8355329972455,-1.88530033608783
8703,6.584,4.78741857482307,-1.79658142517693
8704,6.549,4.73978296974293,-1.80921703025707
8705,6.55191666666667,4.69262141472151,-1.85929525194516
8706,6.47658333333333,4.64592918666985,-1.83065414666348
8707,6.30841666666667,4.59970160669368,-1.70871505997299
8708,6.09633333333333,4.55393404009332,-1.54239929324001
8709,5.80233333333333,4.50862189636376,-1.29371143696957
8710,5.67058333333333,4.46376062919463,-1.2068227041387
8711,5.65875,4.41934573647019,-1.23940426352981
8712,5.70183333333333,4.37537276026935,-1.32646057306398
8713,5.85833333333333,4.33183728686565,-1.52649604646768
8714,5.933,4.28873494672728,-1.64426505327272
8715,6.10441666666667,4.24606141451706,-1.85835525214961
8716,6.25041666666667,4.20381239959541,-2.04660426707126
8717,6.29175,4.16198358390132,-2.12976641609868
8718,6.45925,4.12057081205408,-2.33867918794592
8719,6.56925,4.07956999694592,-2.48968000305408
8720,6.66508333333333,4.03897708530066,-2.62610624803267
8721,6.70458333333333,3.99878805767379,-2.70579527565955
8722,6.69033333333333,3.95899892845241,-2.73133440488092
8723,6.78841666666667,3.91960574585526,-2.86881092081141
8724,6.63608333333333,3.88060459193271,-2.75547874140062
8725,6.61725,3.84199158256678,-2.77525841743322
8726,6.52491666666667,3.80376286747108,-2.72115379919559
8727,6.532,3.7659146301909,-2.7660853698091
8728,6.54933333333333,3.72844308810313,-2.8208902452302
8729,6.57066666666667,3.69134449241629,-2.87932217425038
8730,6.60058333333333,3.65461512817057,-2.94596820516276
8731,6.74808333333333,3.61825131423775,-3.12983201909558
8732,6.913,3.58224940332126,-3.33075059667874
8733,6.942,3.54660578195616,-3.39539421804384
8734,6.99775,3.51131687050914,-3.48643312949086
8735,7.27641666666667,3.47637912317854,-3.80003754348813
8736,7.29275,3.4417890279943,-3.8509609720057
8737,7.30208333333333,3.40754310681802,-3.89454022651531
8738,7.35125,3.37363791534291,-3.97761208465709
8739,7.31533333333333,3.34007004309383,-3.9752632902395
8740,7.50708333333333,3.30683611342727,-4.20024721990606
8741,7.76233333333333,3.27393278353135,-4.48840054980198
8742,7.99933333333333,3.2413567444258,-4.75797658890753
8743,8.14783333333333,3.20910473065175,-4.93872860268158
8744,8.0925,3.17717360495977,-4.91532639504023
8745,7.95841666666667,3.14556019941018,-4.81285646725649
8746,7.84941666666667,3.11426135256443,-4.73515531410224
8747,7.68383333333333,3.08327393435703,-4.6005593989763
8748,7.54516666666667,3.05259484611018,-4.49257182055649
8749,7.43483333333333,3.02222101991082,-4.41261231342251
8750,7.30266666666667,2.97553943672528,-4.32712722994139
8751,7.22475,3.09260221913555,-4.13214778086445
8752,7.148,3.29295696862294,-3.85504303137706
8753,7.14033333333333,3.44016244953675,-3.70017088379658
8754,7.22,3.55784508027236,-3.66215491972764
8755,7.29991666666667,3.63804531093812,-3.66187135572855
8756,7.31008333333333,3.7365051572319,-3.57357817610143
8757,7.36683333333333,3.9081771411852,-3.45865619214813
8758,7.35233333333333,4.12928294845328,-3.22305038488005
8759,7.39866666666667,4.29726099722653,-3.10140566944014
8760,7.51908333333333,4.29972394478765,-3.21935938854568
8761,7.5715,4.26113517048676,-3.31036482951324
8762,7.70475,4.21513085754137,-3.48961914245863
8763,7.83341666666667,4.1715255847807,-3.66189108188597
8764,7.94683333333333,4.13118671639023,-3.8156466169431
8765,8.098,4.09012347650105,-4.00787652349895
8766,8.21083333333333,4.04942606580404,-4.16140726752929
8767,8.26308333333333,4.00913360197121,-4.25394973136212
8768,8.25933333333333,3.96924205632862,-4.29009127700471
8769,8.17158333333333,3.92974743936663,-4.24183589396671
8770,8.03841666666667,3.89064580073982,-4.14777086592685
8771,7.90541666666667,3.85193322926707,-4.0534834373996
8772,7.71358333333333,3.8097460789261,-3.90383725440723
8773,7.52058333333333,3.76428376569463,-3.7562995676387
8774,7.339,3.73514891833513,-3.60385108166487
8775,7.15233333333333,3.73743824595995,-3.41489508737338
8776,7.01333333333333,3.78058414296306,-3.23274919037027
8777,6.93766666666667,3.86835468902009,-3.06931197764658
8778,6.9225,3.99885364908836,-2.92364635091164
8779,6.97891666666667,4.16452047340681,-2.81439619325986
8780,7.14925,4.35213029749604,-2.79711970250396
8781,7.25958333333333,4.54279394215833,-2.71678939117499
8782,7.37191666666667,4.69364824483878,-2.67826842182789
8783,7.43791666666667,4.74830321135337,-2.6896134553133
8784,7.41483333333333,4.73539468112682,-2.67943865220651
8785,7.37875,4.68321255159611,-2.69553744840389
8786,7.35975,4.61394981543727,-2.74580018456273
8787,7.36525,4.54370256056528,-2.82154743943472
8788,7.40833333333333,4.48246997013419,-2.92586336319914
8789,7.53425,4.43415432253702,-3.10009567746298
8790,7.70716666666667,4.39656099140581,-3.31060567526086
8791,7.85358333333333,4.36139844561162,-3.49218488772171
8792,7.95716666666667,4.31902171546433,-3.63814495120234
8793,7.92741666666667,4.27604673030009,-3.65136993636658
8794,7.84141666666667,4.23349935394686,-3.60791731271981
8795,7.69825,4.19137533193129,-3.50687466806871
8796,7.51883333333333,4.14967045140912,-3.36916288192421
8797,7.352,4.10838054116522,-3.24361945883478
8798,7.17291666666667,4.10305836133052,-3.06985830533615
8799,7.03483333333333,4.21750422860852,-2.81732910472481
8800,6.90916666666667,4.39146491003311,-2.51770175663356
8801,6.81675,4.57290195753999,-2.24384804246001
8802,6.88333333333333,4.73012006527399,-2.15321326805934
8803,6.98475,4.85176706958904,-2.13298293041096
8804,6.96558333333333,4.9774572948084,-1.98812603852493
8805,7.0265,5.16201405591231,-1.86448594408769
8806,7.15966666666667,5.31507785354248,-1.84458881312419
8807,7.25516666666667,5.38241433799616,-1.87275232867051
8808,7.19983333333333,5.3576815497624,-1.84215178357093
8809,7.27291666666667,5.28242991952206,-1.99048674714461
8810,7.34933333333333,5.22515244177889,-2.12418089155444
8811,7.52058333333333,5.17316130570615,-2.34742202762718
8812,7.74891666666667,5.12168749058643,-2.62722917608024
8813,7.81141666666667,5.07072584899488,-2.74069081767179
8814,8.02716666666667,5.02027128421802,-3.00689538244865
8815,8.15508333333333,4.97031871241796,-3.18476462091537
8816,8.32075,4.92086300509293,-3.39988699490707
8817,8.29691666666667,4.87189925722673,-3.42501740943994
8818,8.24608333333333,4.82342262466918,-3.42266070866414
8819,8.08883333333333,4.77542830407714,-3.31340502925619
8820,7.95841666666667,4.72791153291449,-3.23050513375218
8821,7.78583333333333,4.6808675894522,-3.10496574388113
8822,7.58,4.63429179276823,-2.94570820723177
8823,7.446,4.58817950274763,-2.85782049725237
8824,7.30475,4.54252612008246,-2.76222387991754
8825,7.20216666666667,4.49732708627184,-2.70483958039483
8826,7.14308333333333,4.45257788362193,-2.6905054497114
8827,7.16941666666667,4.40827403524592,-2.76114263142075
8828,7.20933333333333,4.36441110506407,-2.84492222826926
8829,7.207,4.32098469780366,-2.88601530219634
8830,7.21125,4.27799045899902,-2.93325954100098
8831,7.20483333333333,4.23542407499153,-2.9694092583418
8832,7.23183333333333,4.19328127292959,-3.03855206040374
8833,7.19058333333333,4.15155782076868,-3.03902551256465
8834,7.34966666666667,4.11024952727129,-3.23941713939538
8835,7.43758333333333,4.06935224200697,-3.36823109132636
8836,7.54908333333333,4.02886185535231,-3.52022147798102
8837,7.70033333333333,3.98877429849094,-3.71155903484239
8838,7.87866666666667,3.94908554341354,-3.92958112325313
8839,7.98125,3.90979160291782,-4.07145839708218
8840,8.032,3.87079357229518,-4.16120642770482
8841,8.03633333333333,3.83120390655067,-4.20512942678266
8842,7.94891666666667,3.7909359298354,-4.15798073683127
8843,7.81891666666667,3.75119173549314,-4.06772493117353
8844,7.69066666666667,3.71438933024473,-3.97627733642194
8845,7.5,3.68416263418808,-3.81583736581192
8846,7.32083333333333,3.66536148079816,-3.65547185253517
8847,7.18875,3.69055118569813,-3.49819881430186
8848,7.06725,3.81004449476747,-3.25720550523253
8849,7.04841666666667,3.99073283948728,-3.05768382717939
8850,7.05158333333333,4.18796914568079,-2.86361418765254
8851,7.08608333333333,4.35286064756198,-2.73322268577135
8852,7.12183333333333,4.5244919629743,-2.59734137035903
8853,7.15516666666667,4.71391462322085,-2.44125204344582
8854,7.20266666666667,4.89226507842473,-2.31040158824194
8855,7.21341666666667,4.97891050634239,-2.23450616032428
8856,7.27458333333333,4.95314237520498,-2.32144095812835
8857,7.4255,4.89443922288753,-2.53106077711247
8858,7.4445,4.84386987268349,-2.60063012731651
8859,7.45841666666667,4.79778943714039,-2.66062722952628
8860,7.57016666666667,4.75005063401049,-2.82011603265618
8861,7.71683333333333,4.70278684025192,-3.01404649308141
8862,7.87716666666667,4.65599332965788,-3.22117333700879
8863,7.84983333333333,4.60966542244579,-3.24016791088754
8864,7.81408333333333,4.56379848525956,-3.25028484807377
8865,7.67983333333333,4.51838793141877,-3.16144540191456
8866,7.52825,4.47342922032232,-3.05482077967768
8867,7.35391666666667,4.42891785601758,-2.92499881064909
8868,7.20716666666667,4.38376966911692,-2.82339699754975
8869,7.07216666666667,4.33814237444947,-2.7340242922172
8870,6.94366666666667,4.32102389250447,-2.6226427741622
8871,6.83008333333333,4.36650136834479,-2.46358196498854
8872,6.74075,4.50368843676654,-2.23706156323346
8873,6.78483333333333,4.69129103373869,-2.09354229959464
8874,6.86358333333333,4.86655351704551,-1.99702981628782
8875,7.03466666666667,5.00736617504373,-2.02730049162294
8876,7.2655,5.13434560522312,-2.13115439477688
8877,7.42933333333333,5.32013550811484,-2.10919782521849
8878,7.62458333333333,5.48678686185797,-2.13779647147536
8879,7.78916666666667,5.55621003520643,-2.23295663146024
8880,8.03025,5.521393184029,-2.508856815971
8881,8.32108333333333,5.44640225130924,-2.87468108202409
8882,8.46091666666667,5.39219736795364,-3.06871929871303
8883,8.5375,5.33854410744695,-3.19895589255305
8884,8.50225,5.28542470623092,-3.21682529376908
8885,8.37675,5.23283385201015,-3.14391614798985
8886,8.16191666666666,5.1807662660902,-2.98115040057646
8887,7.89866666666667,5.12921664198147,-2.7694500246852
8888,7.56833333333333,5.07817985119176,-2.49015348214157
8889,7.3435,5.02765083198379,-2.31584916801621
8890,7.18058333333333,4.97762456617323,-2.2029587671601
8891,7.06616666666667,4.92809607912868,-2.13807058753799
8892,6.93983333333333,4.87906043977165,-2.06077289356168
8893,6.8995,4.83051276057662,-2.06898723942338
8894,6.86925,4.78244819757095,-2.08680180242905
8895,6.8545,4.73486195033497,-2.11963804966503
8896,6.8935,4.68774926200192,-2.20575073799808
8897,6.94291666666667,4.64110541925798,-2.30181124740869
8898,7.04425,4.59492575234225,-2.44932424765775
8899,7.19208333333333,4.54920563504676,-2.64287769828657
8900,7.30516666666667,4.50394048471648,-2.80122618195019
8901,7.44725,4.4591257622493,-2.9881242377507
8902,7.49808333333333,4.41475697209604,-3.08332636123729
8903,7.2235,4.37082966226047,-2.85267033773953
8904,7.10075,4.32733942429926,-2.77341057570074
8905,6.61766666666667,4.28428189332203,-2.33338477334464
8906,4.95916666666667,4.24165274799132,-0.717513918675349
8907,4.14816666666667,4.19944771052261,0.0512810438559352
8908,3.57566666666667,4.15766254664455,0.581995879977877
8909,3.434,4.11629300603659,0.682293006036588
8910,2.68,4.07533493425744,1.39533493425744
8911,2.51791666666667,4.03478428893879,1.51686762227212
8912,2.39225,3.99463706122782,1.60238706122782
8913,2.0135,3.95488927578727,1.94138927578727
8914,2.27491666666667,3.91553699079534,1.64062032412867
8915,2.11558333333333,3.87657629794578,1.76099296461245
8916,2.13966666666667,3.83800332244785,1.69833665578118
8917,2.43041666666667,3.79981422302629,1.36939755635962
8918,2.70533333333333,3.76200519192141,1.05667185858808
8919,3.23858333333333,3.72457245488897,0.485989121555645
8920,3.73183333333333,3.68751227120031,-0.0443210621330246
8921,3.98383333333333,3.65082093364222,-0.333012399691113
8922,4.30083333333333,3.61449476851704,-0.686338564816288
8923,4.58266666666667,3.57853013564263,-1.00413653102404
8924,4.54983333333333,3.54292342835233,-1.006909904981
8925,4.78316666666667,3.50767107349502,-1.27549559317165
8926,4.99291666666667,3.4727695314351,-1.52014713523157
8927,5.26408333333333,3.43821529605244,-1.82586803728089
8928,5.49216666666667,3.40400489474248,-2.08816177192419
8929,5.69491666666667,3.37013488841614,-2.32478177825053
8930,5.75275,3.33660187149985,-2.41614812850015
8931,5.78458333333333,3.30340247193557,-2.48118086139776
8932,5.74533333333333,3.27053335118077,-2.47479998215256
8933,5.59541666666667,3.23799120420842,-2.35742546245825
8934,5.35666666666667,3.20577275950702,-2.15089390715965
8935,5.15308333333333,3.17387479888423,-1.9792085344491
8936,5.02708333333333,3.14229421686606,-1.88478911646727
8937,4.933,3.11102786704806,-1.82197213295194
8938,4.88083333333333,3.08007262266208,-1.80076071067125
8939,4.88366666666667,3.04942538799919,-1.83424127866748
8940,4.938,3.01908309841743,-1.91891690158257
8941,4.96191666666667,2.98897550969297,-1.9729411569737
8942,4.94075,2.94654671476929,-1.99420328523072
8943,4.94791666666667,3.05398916060168,-1.89392750606499
8944,4.99075,3.25934850217101,-1.73140149782899
8945,5.02025,3.43246840504763,-1.58778159495237
8946,5.08941666666667,3.56344123622646,-1.52597543044021
8947,5.13425,3.66571570877213,-1.46853429122787
8948,5.14091666666667,3.77313384406818,-1.36778282259849
8949,5.12233333333333,3.90602325509231,-1.21631007824102
8950,5.11891666666667,4.08673922065688,-1.03217744600979
8951,5.02891666666667,4.25407891833555,-0.774837748331124
8952,5.02616666666667,4.31278112392913,-0.713385542737544
8953,5.01775,4.2700407215551,-0.747709278444901
8954,4.951,4.22083795873124,-0.730162041268763
8955,4.88925,4.1788399192106,-0.7104100807894
8956,4.77116666666667,4.13725976734213,-0.633906899324535
8957,4.58866666666667,4.09609334493305,-0.492573321733619
8958,4.33375,4.05533653399014,-0.278413466009861
8959,4.15766666666667,4.01498525853933,-0.14268140812734
8960,4.01183333333333,3.97503548576383,-0.0367978475694977
8961,3.86525,3.93548322160067,0.0702332216006734
8962,3.78541666666667,3.89632451065655,0.11090784398988
8963,3.69908333333333,3.85755543620782,0.158472102874494
8964,3.60966666666667,3.81917212020052,0.209505453533854
8965,3.53466666666667,3.78394788982743,0.249281223160761
8966,3.52575,3.85916500822717,0.333415008227173
8967,3.58741666666667,4.03096628974864,0.44354962308197
8968,3.61466666666667,4.22527703398197,0.610610367315297
8969,3.74508333333333,4.39457149800539,0.649488164672062
8970,3.85708333333333,4.51787289638527,0.660789563051942
8971,3.96383333333333,4.60075340117607,0.636920067842741
8972,4.07466666666667,4.67533414192037,0.600667475253696
8973,4.33825,4.80072154242331,0.462471542423307
8974,4.50441666666667,4.98685825613339,0.482441589466719
8975,4.733,5.15478105261761,0.421781052617608
8976,4.83091666666667,5.25240417483806,0.421487508171386
8977,4.98891666666667,5.26316262400566,0.274245957338993
8978,5.09133333333333,5.20601215958021,0.114678826246877
8979,5.1765,5.13542104809368,-0.0410789519063242
8980,5.40208333333333,5.08432275428374,-0.317760579049589
8981,5.52825,5.03373289697257,-0.494517103027428
8982,5.65541666666667,4.9836464178634,-0.671770248803268
8983,5.62316666666667,4.93405830807353,-0.689108358593139
8984,5.5945,4.88496360813434,-0.709536391865663
8985,5.43916666666667,4.83635740804608,-0.602809258620586
8986,5.29341666666667,4.78823484760862,-0.505181819058055
8987,5.18108333333333,4.7405911149153,-0.440492218418035
8988,5.14083333333333,4.69342144537005,-0.447411887963284
8989,5.10333333333333,4.62863100755286,-0.474702325780465
8990,5.09291666666667,4.57406333852102,-0.518853328145646
8991,5.10466666666667,4.65315973072789,-0.45150693593878
8992,5.20358333333333,4.84072092255826,-0.362862410775065
8993,5.30583333333333,4.98454535880943,-0.3212879745239
8994,5.48425,5.08082122093899,-0.403428779061008
8995,5.7025,5.15982884667839,-0.542671153321611
8996,5.90275,5.24717558941038,-0.655574410589624
8997,6.03766666666667,5.40641636075818,-0.631250305908488
8998,6.23775,5.56061371213535,-0.67713628786465
8999,6.30816666666667,5.62717453791639,-0.68099212875028
9000,6.354,5.59367819781949,-0.760321802180514
9001,6.46683333333333,5.51787651690648,-0.948956816426851
9002,6.48933333333333,5.46282370088471,-1.02650963244862
9003,6.65025,5.40846769658265,-1.24178230341735
9004,6.82608333333333,5.35465254401519,-1.47143078931814
9005,6.93108333333333,5.30137286132841,-1.62971047200492
9006,6.9745,5.24862332001059,-1.72587667998941
9007,6.87325,5.1963986450156,-1.6768513549844
9008,6.73625,5.14469361454284,-1.59155638545716
9009,6.57,5.09350305805239,-1.47649694194761
9010,6.36466666666667,5.04282185603595,-1.32184481063072
9011,6.17466666666667,4.99264494009965,-1.18202172656702
9012,6.00175,4.94296729289276,-1.05878270710724
9013,5.86841666666667,4.89378394665229,-0.974632720014379
9014,5.772,4.86571400479901,-0.906285995200987
9015,5.7095,4.9593334441705,-0.750166555829498
9016,5.73441666666667,5.12611930892139,-0.608297357745276
9017,5.88108333333333,5.29527064899989,-0.585812684333436
9018,6.0045,5.42718891950033,-0.577311080499666
9019,6.20783333333333,5.53420871858932,-0.673624614744014
9020,6.506,5.63577136859026,-0.87022863140974
9022,7.76416666666667,5.89634292232269,-1.86782374434398
9023,7.96475,5.93635391557108,-2.02839608442892
9024,8.33066666666667,5.91245540165295,-2.41821126501372
9025,8.65941666666667,5.86097179918268,-2.79844486748399
9026,8.9805,5.80316080902297,-3.17733919097702
9027,9.25475,5.74561197417862,-3.50913802582138
9028,9.26075,5.68844216514318,-3.57230783485682
9029,9.166,5.63184119977779,-3.53415880022221
9030,9.03025,5.57580342578192,-3.45444657421808
9031,8.91225,5.52032324386449,-3.39192675613551
9032,8.81575,5.46539510774388,-3.35035489225612
9033,8.75608333333333,5.41101352414794,-3.34506980918539
9034,8.74658333333333,5.35717305281397,-3.38941028051936
9035,8.71841666666667,5.30386830648873,-3.41454836017794
9036,8.76083333333333,5.25109395092843,-3.5097393824049
9037,8.75675,5.19884470489877,-3.55790529510123
9038,8.86425,5.14715746050613,-3.71709253949387
9039,8.86383333333333,5.22168738983535,-3.64214594349798
9040,8.87358333333333,5.40524586431765,-3.46833746901568
9041,8.91966666666667,5.56641759565681,-3.35324907100986
9042,9.07816666666667,5.6636259603413,-3.41454070632537
9043,9.20841666666666,5.73397292319095,-3.47444374347571
9044,9.45658333333333,5.80675339621636,-3.64982993711697
9045,9.64025,5.93818585888018,-3.70206414111982
9046,9.82758333333333,6.11207434651411,-3.71550898681922
9047,9.94125,6.2207267391479,-3.7205232608521
9048,10.0325,6.18521859535108,-3.84728140464892
9049,9.9605,6.12158850241545,-3.83891149758455
9050,9.92058333333333,6.05804220049275,-3.86254113284058
9051,9.83841666666667,5.99892871974162,-3.83948794692505
9052,9.6955,5.93923838039617,-3.75626161960383
9053,9.53758333333333,5.88014196974406,-3.65744136358927
9054,9.32825,5.8216335793809,-3.50661642061911
9055,9.1115,5.76370735836074,-3.34779264163926
9056,8.90833333333333,5.70635751319617,-3.20197582013716
9057,8.74141666666667,5.64957830785822,-3.09183835880845
9058,8.63883333333333,5.59336406431154,-3.04546926902179
9059,8.487,5.53770916194688,-2.94929083805313
9060,8.36316666666667,5.48260803526273,-2.88055863140394
9061,8.262,5.42031931037029,-2.84168068962971
9062,8.09891666666667,5.36020651254743,-2.73871015411924
9063,8.02008333333333,5.41325284679741,-2.60683048653592
9064,7.956,5.57731706671052,-2.37868293328948
9065,7.84483333333333,5.75183916168602,-2.09299417164731
9066,7.91683333333333,5.92216577395648,-1.99466755937685
9067,8.06625,6.09640961302991,-1.96984038697009
9068,8.3335,6.26978501654023,-2.06371498345977
9069,8.48058333333333,6.39991132360101,-2.08067200973232
9070,8.52508333333333,6.44691477287196,-2.07816856046137
9071,8.66441666666667,6.4337249615417,-2.23069170512496
9072,8.77125,6.38085125136578,-2.39039874863423
9073,8.83383333333333,6.30530459343639,-2.52852873989694
9074,8.83958333333333,6.22059752818245,-2.61898580515088
9075,8.92475,6.13674418536953,-2.78800581463047
9076,8.9905,6.0602602840999,-2.9302397159001
9077,9.00725,5.99416313281252,-3.01308686718748
9078,9.03408333333333,5.93797162928301,-3.09611170405032
9079,9.10291666666667,5.8877062606237,-3.21521040604297
9080,9.03233333333333,5.83588910328358,-3.19644423004975
9081,8.84141666666667,5.7780312963103,-3.06338537035637
9082,8.66166666666667,5.72053892412564,-2.94112774254103
9083,8.48216666666667,5.66361861094143,-2.81854805572524
9084,8.28725,5.607264664392,-2.679985335608
9085,8.1345,5.53015691124265,-2.60434308875735
9086,7.97683333333333,5.47627565770267,-2.50055767563066
9087,7.85016666666667,5.55509521662108,-2.29507145004559
9088,7.7845,5.73741404544335,-2.04708595455666
9089,7.76791666666667,5.87892122525485,-1.88899544141182
9090,7.91716666666667,5.98472468970189,-1.93244197696478
9091,7.89191666666667,6.11842539655316,-1.77349127011351
9092,8.19208333333333,6.28881753478076,-1.90326579855257
9093,8.37941666666667,6.47467442267146,-1.90474224399521
9094,8.45975,6.65323257120861,-1.80651742879139
9095,8.76283333333333,6.74886940450314,-2.01396392883019
9096,8.85358333333333,6.73871415241211,-2.11486918092122
9097,8.83375,6.65890363161114,-2.17484636838886
9098,8.9865,6.58711481199099,-2.39938518800901
9099,9.07508333333333,6.52157192391135,-2.55351140942198
9100,9.25075,6.456681199008,-2.794068800992
9101,9.24083333333333,6.39243614810616,-2.84839718522716
9102,9.229,6.32883034605566,-2.90016965394434
9103,9.42741666666667,6.26585735819295,-3.16155930847372
9104,9.40808333333333,6.20351078086553,-3.2045725524678
9105,9.249,6.14178444016926,-3.10721555983074
9106,9.02283333333333,6.08067221881664,-2.94216111451669
9107,8.74591666666667,6.02016805174089,-2.72574861492578
9108,8.50166666666666,5.96026592609597,-2.54140074057069
9109,8.26591666666667,5.90095988125657,-2.3649567854101
9110,8.039,5.84224400881812,-2.19675599118188
9111,7.86958333333333,5.78411245259679,-2.08547088073654
9112,7.72866666666667,5.72655940862948,-2.00210725803719
9113,7.67483333333333,5.66957912517382,-2.00525420815951
9114,7.65741666666667,5.61316590270818,-2.04425076395849
9115,7.74383333333333,5.55731409393168,-2.18651923940165
9116,7.84258333333333,5.50201810376415,-2.34056522956918
9117,8.05008333333333,5.44727238934617,-2.60281094398716
9118,8.0755,5.39307146003906,-2.68242853996094
9119,8.25925,5.33940987742487,-2.91984012257513
9120,8.34416666666666,5.28628225530637,-3.05788441136029
9121,8.408,5.23368325970709,-3.17431674029291
9122,8.46516666666667,5.18160760887128,-3.28355905779539
9123,8.64991666666667,5.13005007326394,-3.51986659340273
9124,8.76308333333333,5.07900547557079,-3.68407785776254
9125,8.83791666666667,5.02846869069829,-3.80944797596838
9126,9.11158333333333,4.97843464567936,-4.13314868765397
9127,9.15133333333333,4.92889829273772,-4.22243504059561
9128,8.98791666666667,4.87985469155794,-4.10806197510873
9129,8.7395,4.83129898956475,-3.90820101043525
9130,8.52166666666667,4.78322637518356,-3.73844029148311
9131,8.32866666666667,4.73563207784049,-3.59303458882618
9132,8.14491666666667,4.68851136796233,-3.45640529870434
9133,8.01933333333333,4.64185955697656,-3.37747377635677
9134,7.94083333333333,4.59567199731138,-3.34516133602195
9135,7.8675,4.54994408239564,-3.31755591760436
9136,7.81708333333333,4.50467124665891,-3.31241208667442
9137,7.87758333333333,4.45984896553144,-3.41773436780189
9138,7.98158333333333,4.41547275544418,-3.56611057788915
9139,8.08191666666667,4.37153817382876,-3.71037849283791
9140,8.30341666666667,4.32804081911751,-3.97537584754916
9141,8.55433333333333,4.28497633074344,-4.26935700258989
9142,8.71333333333333,4.24234038914027,-4.47099294419306
9143,8.85358333333333,4.20012871574238,-4.65345461759095
9144,8.93933333333333,4.15833707298488,-4.78099626034845
9145,9.0575,4.11696126430354,-4.94053873569646
9146,9.148,4.07599713413483,-5.07200286586517
9147,9.19716666666667,4.03544056791592,-5.16172609875075
9148,9.36183333333333,3.99528749208466,-5.36654584124867
9149,9.53816666666667,3.9555338740796,-5.58263279258707
9150,9.55383333333333,3.91617572233997,-5.63765761099336
9151,9.59391666666667,3.87720907404739,-5.71670759261928
9152,9.50666666666667,3.83863002923308,-5.66803663743359
9153,9.32616666666667,3.80043477120402,-5.52573189546265
9154,9.02866666666667,3.76261951629241,-5.26604715037426
9155,8.79966666666667,3.72518051301112,-5.07448615365555
9156,8.61983333333333,3.68811404205365,-4.93171929127968
9157,8.39641666666667,3.65141641629416,-4.74500025037251
9158,8.25758333333333,3.61508398078746,-4.64249935254587
9159,8.1885,3.579113112769,-4.609386887231
9160,8.09333333333333,3.54350022165488,-4.54983311167845
9161,8.1035,3.50824174904188,-4.59525825095812
9162,8.24258333333333,3.47333416870738,-4.76924916462595
9163,8.4885,3.43877398660945,-5.04972601339055
9164,8.7285,3.40455774088679,-5.32394225911321
9165,8.84275,3.37068200185876,-5.47206799814125
9166,8.993,3.33714337202535,-5.65585662797465
9167,9.27216666666667,3.30393848606723,-5.96822818059944
9168,9.46533333333333,3.2710640108457,-6.19426932248763
9169,9.59491666666667,3.2385166454027,-6.35640002126397
9170,9.70933333333334,3.20629312096086,-6.50304021237249
9171,9.95508333333333,3.1743902009234,-6.78069313240993
9172,10.0873333333333,3.14280468087425,-6.94452865245905
9173,10.26575,3.11153338857795,-7.15421661142205
9174,10.3711666666667,3.0805731839797,-7.290593482687
9175,10.3601666666667,3.04992095599069,-7.31024571067601
9176,10.1978333333333,3.01957363469714,-7.17825969863616
9177,9.95641666666667,2.98952821396004,-6.96688845270663
9178,9.65233333333333,2.95978171570862,-6.69255161762471
9179,9.35266666666667,2.9303311873504,-6.42233547931627
9180,9.09,2.90117370177119,-6.18882629822881
9181,8.82241666666667,2.87230635733504,-5.95011030933163
9182,8.60366666666667,2.84372627788433,-5.75994038878235
9183,8.40108333333333,2.81543061273966,-5.58565272059367
9184,8.27975,2.78741653669995,-5.49233346330005
9185,8.28391666666667,2.75968125004239,-5.52423541662428
9186,8.337,2.73222197852242,-5.60477802147758
9187,8.49183333333333,2.70503597337379,-5.78679735995954
9188,8.73825,2.67812051130852,-6.06012948869148
9189,8.92058333333333,2.65147289451689,-6.26911043881644
9190,9.24008333333333,2.62509045066748,-6.61499288266585
9191,9.4695,2.59897053290713,-6.87052946709287
9192,9.58925,2.57311051986097,-7.01613948013903
9193,9.717,2.54750781563241,-7.16949218436759
9194,9.87991666666667,2.52215984980311,-7.35775681686356
9195,10.0686666666667,2.49706407743304,-7.57160258923366
9196,10.2951666666667,2.47221797906044,-7.82294868760626
9197,10.4694166666667,2.44761906070181,-8.02179760596489
9198,10.5375833333333,2.42326485247343,-8.11431848085987
9199,10.3784166666667,2.39915290225338,-7.97926376441332
9200,10.1230833333333,2.3752808157101,-7.7478025176232
9201,9.79725,2.35164622764074,-7.44560377235926
9202,9.4595,2.32824679302859,-7.13125320697141
9203,9.12008333333333,2.30508018704304,-6.81500314629029
9204,8.8285,2.28214410503959,-6.54635589496041
9205,8.5595,2.25943626255986,-6.30006373744014
9206,8.38875,2.23695439533159,-6.15179560466841
9207,8.28425,2.21469625926862,-6.06955374073138
9208,8.13583333333333,2.19265963047091,-5.94317370286242
9209,8.05,2.17084230522454,-5.87915769477546
9210,7.99158333333333,2.14924210000169,-5.84234123333164
9211,8.07125,2.12785685146067,-5.94339314853933
9212,8.54383333333333,2.1066844164459,-6.43714891688743
9213,9.19008333333333,2.0857226719879,-7.10436066134543
9214,9.22058333333333,2.06496951530332,-7.15561381803001
9215,9.20858333333333,2.04442286379492,-7.16416046953841
9216,9.12441666666667,2.02408065505158,-7.10033601161509
9217,9.13933333333333,2.00394084684827,-7.13539248648506
9218,9.11583333333333,1.98400141714609,-7.13183191618723
9219,9.14858333333333,1.96426036409227,-7.18432296924106
9220,9.11041666666667,1.94471570602013,-7.16570096064654
9221,9.13533333333333,1.92536548148306,-7.20996785185027
9222,9.12291666666667,1.90620777451286,-7.21670889215381
9223,9.23441666666667,1.88724068986146,-7.34717597680521
9224,9.18008333333333,1.86846233119789,-7.31162100213544
9225,9.01133333333333,1.84987082064753,-7.16146251268579
9226,8.8295,1.83146429879212,-6.99803570120788
9227,8.699,1.8132689894803,-6.8857310105197
9228,8.46625,1.79604196814715,-6.67020803185285
9229,8.35391666666666,1.77723189095521,-6.57668477571145
9230,8.20608333333333,1.7575799391752,-6.44850339415813
9231,8.137,1.7471198609993,-6.3898801390007
9232,8.06525,1.84912192592055,-6.21612807407945
9233,7.92625,2.03835963105293,-5.88789036894707
9234,7.99491666666667,2.25103434870631,-5.74388231796036
9235,8.15108333333333,2.46463360382713,-5.6864497295062
9236,8.29991666666667,2.69419637247082,-5.60572029419585
9237,8.53325,2.89985892686627,-5.63339107313374
9238,8.67558333333333,3.04433217202061,-5.63125116131272
9239,8.83975,3.11380480733484,-5.72594519266516
9240,8.89983333333333,3.11794332660379,-5.78189000672954
9241,9.00358333333333,3.08949473432898,-5.91408859900435
9242,9.16066666666667,3.05875374770154,-6.10191291896512
9243,9.40441666666667,3.02831863923288,-6.37609802743379
9244,9.4635,2.9981863655168,-6.4653136344832
9245,9.43616666666667,2.9683539130434,-6.46781275362327
9246,9.52725,2.9388182930197,-6.58843170698031
9247,9.48291666666667,2.90957646495721,-6.57334020170946
9248,9.41191666666667,2.88062550262439,-6.53129116404228
9249,9.22291666666667,2.85196254475142,-6.37095412191525
9250,9.003,2.82358475401082,-6.17941524598918
9251,8.76616666666667,2.79548931701745,-5.97067734964922
9252,8.54125,2.76767344432853,-5.77357655567146
9253,8.34275,2.74013437044363,-5.60261562955637
9254,8.10375,2.71286935380466,-5.39088064619534
9255,7.95141666666667,2.68587567679586,-5.26554098987081
9256,7.86058333333333,2.65915064574385,-5.20143268758948
9257,7.73883333333333,2.63269159091758,-5.10614174241575
9258,7.65608333333333,2.60649586652834,-5.04958746680499
9259,7.69766666666667,2.58056085072977,-5.1171058159369
9260,7.8575,2.55488394561787,-5.30261605438213
9261,8.0555,2.52946257723098,-5.52603742276902
9262,8.392,2.50429419554977,-5.88770580445023
9263,8.612,2.47937627449729,-6.13262372550271
9264,8.67366666666667,2.4547063119389,-6.21896035472777
9265,8.93008333333333,2.43028182968234,-6.49980150365099
9266,9.10408333333333,2.40610037347768,-6.69798295985565
9267,9.23908333333333,2.38215951301733,-6.856923820316
9268,9.23791666666667,2.35845684193606,-6.87945982473061
9269,9.6655,2.33498997781099,-7.33051002218901
9270,9.5945,2.31175656216157,-7.28274343783843
9271,9.49083333333333,2.2887542604496,-7.20207907288373
9272,9.32625,2.26598077914861,-7.06026922085139
9273,9.09116666666667,2.24343389294676,-6.84773277371991
9274,8.851,2.2211113523312,-6.6298886476688
9275,8.6015,2.19901092527401,-6.40248907472599
9276,8.32616666666667,2.17713040152569,-6.14903626514098
9277,8.035,2.15546759261518,-5.87953240738482
9278,7.75266666666667,2.13826967296138,-5.61439699370529
9279,7.592,2.19943451227343,-5.39256548772657
9280,7.54216666666667,2.33588644837773,-5.20628021828894
9281,7.38158333333333,2.51536045097626,-4.86622288235707
9282,7.32816666666667,2.71450181802106,-4.61366484864561
9283,7.53041666666667,2.91886617571426,-4.61155049095241
9284,7.52133333333333,3.12291947850807,-4.39841385482526
9285,7.881,3.29814456277301,-4.58285543722699
9286,8.00866666666667,3.40535229014994,-4.60331437651673
9287,8.24908333333333,3.45980150780918,-4.78928182552415
9288,8.38208333333333,3.47563544972463,-4.9064478836087
9289,8.49625,3.46506585004868,-5.03118414995132
9290,8.62591666666667,3.43837294311229,-5.18754372355438
9291,8.71775,3.40390546342491,-5.31384453657509
9292,8.956,3.36808064567453,-5.58791935432547
9293,8.89891666666667,3.33436499778142,-5.56455166888525
9294,8.71641666666667,3.30118750650257,-5.4152291601641
9295,8.49333333333333,3.2683401365241,-5.22499319680923
9296,8.35225,3.23581960537484,-5.11643039462516
9297,8.17225,3.20362266186242,-4.96862733813758
9298,8.04658333333333,3.17174608607328,-4.87483724726005
9299,7.88683333333333,3.14018668937264,-4.74664664396069
9300,7.82125,3.10894131440451,-4.71230868559549
9301,7.77725,3.07800683509171,-4.69924316490829
9302,7.78458333333333,3.04791268606938,-4.73667064726395
9303,7.7875,3.11199661780153,-4.67550338219847
9304,7.82,3.28173477630402,-4.53826522369598
9305,7.84566666666667,3.49168121500167,-4.353985451665
9306,8.153,3.69861172304129,-4.45438827695871
9307,8.42991666666667,3.88152382529167,-4.548392841375
9308,8.53741666666667,4.04163678234363,-4.49577988432305
9309,8.70325,4.21445883584865,-4.48879116415135
9310,9.02375,4.42378559083693,-4.59996440916307
9311,9.24841666666667,4.59815484188336,-4.6502618247833
9312,9.424,4.69292872752035,-4.73107127247965
9313,9.65466666666667,4.69864793821702,-4.95601872844965
9314,9.76325,4.64103171637926,-5.12221828362074
9315,9.72066666666666,4.57987462671198,-5.14079203995468
9316,9.6075,4.53430411219632,-5.07319588780368
9317,9.45825,4.48918703204295,-4.96906296795705
9318,9.25833333333333,4.4445188749331,-4.81381445840023
9319,9.00241666666667,4.40029517373412,-4.60212149293255
9320,8.747,4.35651150549942,-4.39048849450058
9321,8.49241666666667,4.32471489566515,-4.16770177100152
9322,8.2715,4.2959282208465,-3.9755717791535
9323,8.061,4.24720681437411,-3.81379318562589
9324,7.84408333333333,4.17436891635476,-3.66971441697857
9325,7.72375,4.09205303697528,-3.63169696302472
9326,7.68125,4.03371795650256,-3.64753204349744
9327,7.57441666666667,4.05164272528353,-3.52277394138314
9328,7.55466666666667,4.2017257962628,-3.35294087040387
9329,7.60275,4.38866993209122,-3.21408006790878
9330,7.9075,4.57764446849647,-3.32985553150353
9331,8.19691666666667,4.76658013577014,-3.43033653089653
9332,8.4,4.95228433114796,-3.44771566885204
9333,8.64041666666667,5.11165789213465,-3.52875877453202
9334,8.81691666666667,5.17365738605317,-3.6432592806135
9335,9.01866666666667,5.1674403062266,-3.85122636044007
9336,9.24958333333333,5.12602115303905,-4.12356218029428
9337,9.33016666666667,5.07355288114429,-4.25661378552238
9338,9.41975,5.02288280861733,-4.39686719138267
9339,9.404,4.97290428766146,-4.43109571233854
9340,9.25216666666667,4.92342306214228,-4.32874360452439
9341,9.08841666666667,4.8744341845003,-4.21398248216637
9342,8.892,4.82593275538698,-4.06606724461302
9343,8.6525,4.77791392366477,-3.87458607633523
9344,8.47016666666667,4.73037288640827,-3.7397937802584
9345,8.24975,4.68330488956349,-3.56644511043651
9346,8.07125,4.63670522723945,-3.43454477276055
9347,7.89041666666667,4.59056923953035,-3.29984742713632
9348,7.70816666666667,4.54491719844843,-3.16324946821824
9349,7.58283333333333,4.50843282173402,-3.07440051159931
9350,7.52491666666667,4.45922609596637,-3.0656905707003
9351,7.41591666666667,4.40245665207484,-3.01346001459183
9352,7.35433333333333,4.40582390009954,-2.94850943323379
9353,7.27041666666667,4.55046543891722,-2.71995122774945
9354,7.31375,4.74287392033129,-2.57087607966871
9355,7.55241666666667,4.91082832013391,-2.64158834653276
9356,7.85891666666667,5.07265339076053,-2.78626327590614
9357,8.23666666666667,5.24469749066729,-2.99196917599938
9358,8.6785,5.42849984121846,-3.25000015878154
9359,8.88458333333333,5.58599323370875,-3.29859009962458
9360,9.29608333333333,5.63156400699013,-3.6645193263432
9361,9.51616666666667,5.57955452862593,-3.93661213804074
9362,9.59566666666666,5.52375213161664,-4.07191453505002
9363,9.574,5.46805659351654,-4.10594340648346
9364,9.37933333333333,5.41377567518202,-3.96555765815131
9365,9.093,5.36000271238238,-3.73299728761762
9366,8.81591666666667,5.30666978642147,-3.5092468802452
9367,8.51858333333333,5.25386753111679,-3.26471580221654
9368,8.30258333333333,5.2015906700415,-3.10099266329182
9369,8.14083333333333,5.14983397702474,-2.99099935630859
9370,7.99958333333333,5.09859227615159,-2.90099105718174
9371,7.88925,5.04786044176309,-2.84138955823691
9372,7.79291666666667,4.99763339845626,-2.79528326821041
9373,7.69758333333333,4.94790612108408,-2.74967721224925
9374,7.63475,4.89876570999495,-2.73598429000505
9375,7.62441666666667,4.91224497208954,-2.71217169457713
9376,7.64758333333333,5.01262456976638,-2.63495876356695
9377,7.72566666666667,5.16225159998796,-2.56341506667871
9378,7.87983333333333,5.32973205008402,-2.55010128324931
9379,8.04758333333333,5.48993079775153,-2.5576525355818
9380,8.33658333333333,5.62397161105471,-2.71261172227862
9381,8.62508333333333,5.71923714842501,-2.90584618490832
9382,8.93583333333333,5.76936895866116,-3.16646437467217
9383,9.15108333333333,5.77426748092909,-3.37681585240424
9384,9.315,5.74009204476202,-3.57490795523798
9385,9.37925,5.67926087006036,-3.69998912993964
9386,9.40266666666667,5.61045106709181,-3.79221559957486
9387,9.40758333333333,5.55265119958348,-3.85493213374985
9388,9.49083333333333,5.49740137566403,-3.9934319576693
9389,9.27141666666667,5.44270129018172,-3.82871537648495
9390,9.01883333333333,5.3885454822105,-3.63028785112283
9391,8.78758333333333,5.33492854171582,-3.45265479161751
9392,8.53091666666667,5.28184510955461,-3.24907155711206
9393,8.31833333333333,5.22928987747533,-3.089043455858
9394,8.14491666666667,5.17725758811793,-2.96765907854874
9395,7.98725,5.12574303501385,-2.86150696498615
9396,7.86516666666667,5.07474106258605,-2.79042560408061
9397,7.78891666666667,5.02424656614899,-2.76467010051768
9398,7.6665,4.97425449190862,-2.69224550809138
9399,7.594,4.92579084126594,-2.66820915873406
9400,7.54891666666667,4.93699024733459,-2.61192641933208
9401,7.60966666666667,5.02697308507377,-2.5826935815929
9402,7.78891666666667,5.1736518561388,-2.61526481052787
9403,8.12266666666667,5.35254110733538,-2.77012555933129
9404,8.42441666666667,5.53697323062867,-2.887443436038
9405,8.61175,5.72409447010703,-2.88765552989298
9406,8.80358333333333,5.88857464004749,-2.91500869328584
9407,8.98891666666667,5.99601451947714,-2.99290214718953
9408,9.13333333333333,6.03129743058135,-3.10203590275197
9409,9.23508333333333,5.99861482247965,-3.23646851085368
9410,9.37491666666667,5.93947187240831,-3.43544479425835
9411,9.51766666666667,5.88037347036335,-3.63729319630332
9412,9.59925,5.82175190651979,-3.77749809348021
9413,9.45375,5.7638027381279,-3.6899472618721
9414,9.25075,5.70648507320471,-3.54426492679529
9415,8.98025,5.64970459710911,-3.33054540289089
9416,8.65466666666667,5.59348909613306,-3.06117757053361
9417,8.32008333333333,5.53783294968643,-2.7822503836469
9418,7.93225,5.48273059196296,-2.44951940803704
9419,7.64933333333333,5.42817651194027,-2.22115682139306
9420,7.4505,5.3754927857934,-2.0750072142066
9421,7.30383333333333,5.32918878502752,-1.97464454830581
9422,7.17891666666667,5.26849481903751,-1.91042184762916
9423,7.06758333333333,5.20231639344677,-1.86526693988656
9424,7.0365,5.1806761495971,-1.8558238504029
9425,7.11741666666667,5.27720905487382,-1.84020761179285
9426,7.26475,5.45233764987178,-1.81241235012822
9427,7.39516666666667,5.64160523946811,-1.75356142719856
9428,7.5995,5.8119692669034,-1.7875307330966
9429,7.82866666666667,5.97343331519955,-1.85523335146712
9430,8.0555,6.13840816206732,-1.91709183793268
9431,8.19383333333333,6.26023249620771,-1.93360083712562
9432,8.30325,6.31249346644747,-1.99075653355253
9433,8.377,6.2928161431813,-2.0841838568187
9434,8.45558333333334,6.22286351837187,-2.23271981496147
9435,8.58258333333333,6.14804474236819,-2.43453859096514
9436,8.71916666666667,6.08687067391802,-2.63229599274865
9437,8.71191666666667,6.02630529758835,-2.68561136907832
9438,8.66383333333333,5.96634255793996,-2.69749077539337
9439,8.4035,5.90697645850881,-2.49652354149119
9440,8.19666666666667,5.84820106180607,-2.3484656048606
9441,7.98433333333333,5.79034865522442,-2.19398467810891
9442,7.85533333333333,5.74054592592627,-2.11478740740706
9443,7.73558333333333,5.69038932284867,-2.04519401048466
9444,7.62416666666667,5.63108488568723,-1.99308178097944
9445,7.53741666666667,5.5618190948784,-1.97559757178827
9446,7.55166666666667,5.48975887159944,-2.06190779506723
9447,7.53866666666667,5.43005157776845,-2.10861508889822
9448,7.58125,5.40582501604435,-2.17542498395565
9449,7.6525,5.44818742982689,-2.20431257017311
9450,7.79116666666667,5.5878474336116,-2.20331923305507
9451,8.03658333333333,5.78419791935715,-2.25238541397618
9452,8.28316666666667,5.98079026262783,-2.30237640403884
9453,8.48908333333333,6.13852516718,-2.35055816615333
9454,8.63316666666667,6.23376713991154,-2.39939952675513
9455,8.74258333333333,6.25834449086193,-2.4842388424714
9456,8.84441666666667,6.21954933321216,-2.62486733345451
9457,9.06575,6.1401375832848,-2.9256124167152
9458,9.20608333333333,6.05832896054399,-3.14775437278934
9459,9.22758333333333,5.99772305032869,-3.22986028300464
9460,9.14841666666667,5.93804470614157,-3.2103719605251
9461,9.05616666666667,5.87896017265611,-3.17720649401056
9462,8.87483333333333,5.82046354206605,-3.05436979126728
9463,8.458,5.7625489641007,-2.6954510358993
9464,8.29366666666666,5.70521064602494,-2.58845602064172
9465,7.935,5.6484428526392,-2.2865571473608
9466,7.234,5.59228271287663,-1.64171728712337
9467,6.67108333333333,5.53660629745695,-1.13447703587638
9468,6.43858333333333,5.48126654226927,-0.957316791064062
9469,6.32708333333333,5.42630589366482,-0.900777439668515
9470,6.54591666666667,5.37195679243256,-1.17395987423411
9471,6.68058333333333,5.31864167379921,-1.36194165953412
9472,7.03291666666667,5.26697296742919,-1.76594369923748
9473,7.23025,5.21778459647198,-2.01246540352802
9474,7.52225,5.21745746460427,-2.30479253539573
9475,7.93466666666667,5.28580417562709,-2.64886249103958
9476,7.9,5.39325248457278,-2.50674751542722
9477,7.821,5.51294734799683,-2.30805265200317
9478,7.59716666666667,5.62075092397785,-1.97641574268882
9479,7.30141666666667,5.67757455850813,-1.62384210815854
9480,7.15025,5.67480857140719,-1.47544142859281
9481,7.19316666666667,5.63758372841164,-1.55558293825503
9482,7.1715,5.58464274081452,-1.58685725918548
9483,7.06883333333333,5.52829780226353,-1.5405355310698
9484,6.98016666666667,5.47327639984515,-1.50689026682152
9485,6.785,5.41881638479221,-1.36618361520779
9486,6.712,5.36489825713281,-1.34710174286719
9487,6.80875,5.31151662664573,-1.49723337335427
9488,6.67858333333333,5.25866615512184,-1.41991717821149
9489,6.5775,5.20634155636413,-1.37115844363587
9490,6.39766666666667,5.15453759618768,-1.24312907047899
9491,6.24116666666667,5.10324909241968,-1.13791757424699
9492,6.00916666666667,5.05714498221352,-0.952021684453146
9493,5.69166666666667,5.02771076108588,-0.663955905580788
9494,5.1525,5.01081597815015,-0.141684021849852
9495,4.79483333333333,5.00187148189639,0.207038148563057
9496,4.60683333333333,4.99688659443778,0.390053261104446
9497,4.38983333333333,4.99246911151059,0.60263577817726
9498,4.24225,4.98582530247421,0.74357530247421
9499,4.01433333333333,4.97475991031112,0.960426576977792
9500,3.93541666666667,4.95767615162691,1.02225948496024
9501,3.90275,4.93357571665028,1.03082571665028
9502,3.93016666666667,4.90205876923302,0.971892102566348
9503,3.93616666666667,4.86332394685003,0.927157280183356
9504,3.9655,4.81816836059931,0.852668360599311
9505,3.8435,4.76798759520198,0.92448759520198
9506,3.88175,4.71477570900225,0.833025709002249
9507,3.80691666666667,4.66112523396743,0.85420856730076
9508,3.70075,4.61022717568795,0.909477175687949
9509,3.62325,4.56398227239971,0.940732272399711
9510,3.56983333333333,4.51856988569743,0.948736552364099
9511,3.54508333333333,4.47360936017444,0.928526026841109
9512,3.48633333333333,4.42909620163815,0.942762868304823
9513,3.491,4.38502595910756,0.894025959107565
9514,3.42216666666667,4.34139422481325,0.919227558146575
9515,3.33983333333333,4.29819663419735,0.95836330086402
9516,3.20033333333333,4.25542886591361,1.05509553258028
9517,3.06533333333333,4.21296158099405,1.14762824766072
9518,2.9185,4.17269655631447,1.25419655631447
9519,2.789,4.14622350931173,1.35722350931173
9520,2.62925,4.14349932314167,1.51424932314167
9521,2.48225,4.17043791797674,1.68818791797674
9522,2.26191666666667,4.22891025100594,1.96699358433927
9523,2.11616666666667,4.31674431643489,2.20057764976822
9524,2.06466666666667,4.42772514548579,2.36305847881912
9525,1.84616666666667,4.55159480639746,2.70542813973079
9526,1.636,4.71580905543933,3.07980905543933
9527,1.48241666666667,4.92000783955313,3.43759117288646
9528,1.35525,5.0882196520104,3.7329696520104
9529,1.35458333333333,5.17729692861014,3.82271359527681
9530,1.5995,5.17794793642097,3.57844793642097
9531,2.318,5.11473677378105,2.79673677378105
9532,3.83983333333333,5.04577653204231,1.20594319870898
9533,4.96866666666667,4.99557021598689,0.0269035493202177
9534,5.58941666666667,4.94586346118305,-0.643553205483621
9535,5.96433333333333,4.89665129759723,-1.0676820357361
9536,6.09191666666667,4.84792880375205,-1.24398786291462
9537,6.13183333333333,4.79969110672631,-1.33214222660702
9538,6.123,4.75193338220946,-1.37106661779054
9539,6.2125,4.70465085485273,-1.50784914514727
9540,6.29783333333333,4.65783879677659,-1.63999453655674
9541,6.27325,4.61149252656461,-1.66175747343539
9542,6.26116666666667,4.55023762674854,-1.71092903991813
9543,6.32516666666667,4.48970695216614,-1.83545971450053
9544,6.48608333333333,4.55681382034923,-1.9292695129841
9545,6.71116666666667,4.74014109445178,-1.97102557221489
9546,6.90758333333333,4.89085367052648,-2.01672966280685
9547,7.11216666666667,4.98690286821825,-2.12526379844842
9548,7.3125,5.06327006234524,-2.24922993765476
9549,7.47333333333333,5.14154431051205,-2.33178902282128
9550,7.58916666666666,5.2843735113714,-2.30479315529526
9551,7.69875,5.44926123393715,-2.24948876606285
9552,7.8415,5.54540321965713,-2.29609678034287
9553,7.86958333333333,5.54274588112618,-2.32683745220715
9554,7.82225,5.47198630208612,-2.35026369791388
9555,7.74408333333333,5.41015180708888,-2.33393152624445
9556,7.66916666666667,5.35631989668569,-2.31284676998098
9557,7.57208333333333,5.30302362316034,-2.26905971017299
9558,7.46891666666667,5.25025765683655,-2.21865900983012
9559,7.39566666666667,5.19801672060167,-2.197649946065
9560,7.35475,5.14629553518844,-2.20845446481156
9561,7.35283333333333,5.09508883739621,-2.25774449593712
9562,7.42191666666667,5.04439155473999,-2.37752511192668
9563,7.4985,4.99419866265195,-2.50430133734805
9564,7.57433333333333,4.94450517948476,-2.62982815384857
9565,7.65416666666667,4.89530616651161,-2.75886050015506
9566,7.70425,4.84659672792616,-2.85765327207384
9567,7.76525,4.7983720108426,-2.9668779891574
9568,7.879,4.75062720529561,-3.12837279470439
9569,7.99458333333333,4.70335754424035,-3.29122578909298
9570,8.17,4.65655830355251,-3.51344169644749
9571,8.3275,4.61022480202826,-3.71727519797174
9572,8.46,4.56435240138429,-3.89564759861572
9573,8.59733333333334,4.51893650625776,-4.07839682707558
9574,8.69058333333333,4.47397256420635,-4.21661076912698
9575,8.8005,4.42945606570826,-4.37104393429174
9576,8.82941666666667,4.38538254416214,-4.44403412250453
9577,8.87566666666667,4.34174757588719,-4.53391909077948
9578,8.75925,4.29854678012307,-4.46070321987693
9579,8.64708333333333,4.25577581902998,-4.39130751430335
9580,8.45333333333333,4.21343039768858,-4.23990293564475
9581,8.22566666666667,4.17150626410006,-4.05416040256661
9582,8.05066666666667,4.1299992091861,-3.92066745748057
9583,7.90433333333333,4.0889050662154,-3.81542826711793
9584,7.83666666666667,4.0482196837463,-3.78844698292037
9585,7.78883333333333,4.00793900857368,-3.78089432475965
9586,7.74133333333333,3.96805905584312,-3.77327427749021
9587,7.73766666666667,3.92857587431349,-3.80909079235318
9588,7.72475,3.88948554635695,-3.83526445364305
9589,7.71008333333333,3.85078418795894,-3.85929914537439
9590,7.72341666666667,3.81246794871817,-3.9109487179485
9591,7.74333333333333,3.77453301184664,-3.96880032148669
9592,7.80108333333333,3.73697559416963,-4.0641077391637
9593,7.84025,3.69979194612572,-4.14045805387428
9594,7.92725,3.66297835176674,-4.26427164823327
9595,8.02425,3.62653112875782,-4.39771887124218
9596,8.14375,3.59044662837738,-4.55330337162262
9597,8.24533333333333,3.55472123551711,-4.69061209781622
9598,8.3815,3.51935136868198,-4.86214863131802
9599,8.48241666666667,3.48433347999026,-4.99808318667641
9600,8.57466666666667,3.44966405517349,-5.12500261149318
9601,8.63216666666667,3.41533961357648,-5.21682705309019
9602,8.71583333333333,3.38135670815735,-5.33447662517598
9603,8.72025,3.34771192548749,-5.37253807451251
9604,8.66708333333333,3.31440188575155,-5.35268144758178
9605,8.546,3.2814232427475,-5.2645767572525
9606,8.40916666666667,3.24877268388657,-5.1603939827801
9607,8.23008333333333,3.21644693019328,-5.01363640314005
9608,8.06058333333333,3.1844427297665,-4.87614060356683
9609,7.92758333333333,3.1527568684084,-4.77482646492493
9610,7.80983333333333,3.12138621042029,-4.68844712291304
9611,7.70391666666667,3.09032765001091,-4.61358901665576
9612,7.66108333333333,3.05957810769728,-4.60150522563605
9613,7.62175,3.02913453030467,-4.59261546969533
9614,7.63275,2.99899389096663,-4.63375610903337
9615,7.63683333333333,2.96915318912501,-4.66768014420832
9616,7.6915,2.9396094505299,-4.7518905494701
9617,7.78416666666667,2.91035972723968,-4.87380693942699
9618,7.90358333333333,2.88140109762099,-5.02218223571234
9619,8.05991666666667,2.85273066634876,-5.20718600031791
9620,8.17266666666667,2.82434556440617,-5.3483211022605
9621,8.33033333333333,2.79624294908471,-5.53409038424862
9622,8.47983333333333,2.76842000398411,-5.71141332934922
9623,8.59266666666667,2.74087393901238,-5.85179272765429
9624,8.67583333333333,2.71360199038581,-5.96223134294752
9625,8.76158333333333,2.68660142062897,-6.07498191270436
9626,8.88933333333333,2.65986951857467,-6.22946381475866
9627,8.93733333333333,2.63340359936404,-6.30392973396929
9628,8.95066666666667,2.60720100444644,-6.34346566222023
9629,8.85633333333333,2.58125910157954,-6.27507423175379
9630,8.70208333333333,2.55557528482926,-6.14650804850407
9631,8.52066666666667,2.53014697456979,-5.99051969209688
9632,8.35033333333333,2.50497161740329,-5.84536171593004
9633,8.18983333333333,2.48004668727839,-5.70978664605494
9634,8.06391666666667,2.45536970859058,-5.60854695807609
9635,7.96925,2.4309382358026,-5.5383117641974
9636,7.89858333333333,2.40674984430771,-5.49183348902562
9637,7.85166666666667,2.38280213042967,-5.468864536237
9638,7.8785,2.35909271142275,-5.51940728857724
9639,7.91766666666667,2.33561922547175,-5.58204744119492
9640,7.98108333333333,2.31237933169194,-5.66870400164139
9641,8.12016666666667,2.28937071012915,-5.83079595653752
9642,8.29816666666667,2.26659106175967,-6.031575604907
9643,8.49283333333333,2.24403810849034,-6.24879522484299
9644,8.689,2.22170959315849,-6.46729040684151
9645,8.81166666666667,2.19960327953196,-6.61206338713471
9646,8.98216666666667,2.17771695230911,-6.80444971435756
9647,9.12133333333333,2.1560484171188,-6.96528491621453
9648,9.18033333333333,2.13459550052042,-7.04573783281291
9649,9.261,2.11335605000383,-7.14764394999617
9650,9.35391666666666,2.09232793398944,-7.26158873267722
9651,9.40333333333333,2.07150904182815,-7.33182429150518
9652,9.33441666666667,2.05089728380137,-7.2835193828653
9653,9.25083333333333,2.03049059112104,-7.22034274221229
9654,9.04666666666667,2.01028691592959,-7.03637975073708
9655,8.85316666666667,1.99028423459325,-6.86288243207342
9656,8.64866666666667,1.97048057501414,-6.67818609165253
9657,8.47058333333333,1.95087396528027,-6.51970936805306
9658,8.32975,1.93146244502916,-6.39828755497084
9659,8.21966666666667,1.91224407299515,-6.30742259367152
9660,8.12666666666667,1.89321692700937,-6.2334497396573
9661,8.10675,1.87437910400363,-6.23237089599637
9662,8.04133333333333,1.8557287202983,-6.18560461303503
9663,8.108,1.83739587870668,-6.27060412129332
9664,8.14658333333333,1.90739038387432,-6.23919294945901
9665,8.2705,2.1112611796731,-6.1592388203269
9666,8.422,2.29398198388313,-6.12801801611687
9667,8.61641666666667,2.43364445744714,-6.18277220921953
9668,8.83633333333333,2.56251002923468,-6.27382330409865
9669,8.98175,2.7190362603228,-6.2627137396772
9670,9.13083333333333,2.91373199255621,-6.21710134077712
9671,9.27825,3.11348142514246,-6.16476857485754
9672,9.41216666666667,3.21141712690039,-6.20074953976628
9673,9.5225,3.21942696873781,-6.30307303126219
9674,9.54841666666667,3.19347115592864,-6.35494551073803
9675,9.52425,3.16249949779844,-6.36175050220156
9676,9.4175,3.13123130710513,-6.28626869289487
9677,9.27358333333333,3.1000750334302,-6.17350829990312
9678,9.10958333333333,3.06922877032883,-6.0403545630045
9679,8.886,3.0386894337698,-5.84731056623019
9680,8.66666666666667,3.00845396965272,-5.65821269701395
9681,8.49966666666667,2.97851935380794,-5.52114731285873
9682,8.32166666666667,2.94888259199662,-5.37278407467005
9683,8.16991666666667,2.91592079435829,-5.25399587230838
9684,8.09325,2.87212218276302,-5.22112781723698
9685,8.00641666666667,2.84064462515153,-5.16577204151514
9686,7.99083333333333,2.84176079397437,-5.14907253935896
9687,8.01566666666667,2.88864277447185,-5.12702389219482
9688,8.04116666666667,2.98736206467399,-5.05380460199268
9689,8.17408333333333,3.13688957540057,-5.03719375793276
9690,8.31175,3.32826312505102,-4.98348687494898
9691,8.55941666666667,3.51804925397858,-5.04136741268809
9692,8.7745,3.68803317254334,-5.08646682745666
9693,9.02608333333333,3.84429041491173,-5.1817929184216
9694,9.22,3.99952920407849,-5.22047079592151
9695,9.37791666666667,4.16865785488646,-5.20925881178021
9696,9.4495,4.30911311357663,-5.14038688642337
9697,9.4745,4.3792721887549,-5.0952278112451
9698,9.4895,4.37507729835089,-5.11442270164911
9699,9.46233333333333,4.32530081286134,-5.13703252047199
9700,9.43133333333333,4.27956826060863,-5.1517650727247
9701,9.30575,4.23698584459134,-5.06876415540866
9702,9.06608333333333,4.19482713104099,-4.87125620229234
9703,8.86191666666667,4.15308790398045,-4.70882876268622
9704,8.63275,4.11176398907278,-4.52098601092722
9705,8.41408333333333,4.07484735256567,-4.33923598076766
9706,8.24175,4.04614610302501,-4.19560389697499
9707,8.13883333333333,4.02390933320625,-4.11492400012708
9708,8.0725,4.00651706700754,-4.06598293299246
9709,8.057,3.99249624135708,-4.06450375864292
9710,8.02875,3.98052070621315,-4.04822929378685
9711,8.04,3.96941122456411,-4.07058877543589
9712,8.11366666666667,3.95813547242837,-4.1555311942383
9713,8.2545,3.94580803885442,-4.30869196114558
9714,8.44833333333333,3.93169042592081,-4.51664290741252
9715,8.587,3.91519104873617,-4.67180895126383
9716,8.90383333333333,3.89586523543917,-5.00796809789416
9717,9.06275,3.87341522719859,-5.18933477280141
9718,9.28725,3.84769017821325,-5.43955982178675
9719,9.43083333333333,3.81868615571205,-5.61214717762128
9720,9.52983333333333,3.78654613995394,-5.74328719337939
9721,9.61775,3.75156002422797,-5.86618997577203
9722,9.64316666666667,3.71416461485322,-5.92900205181344
9723,9.64691666666667,3.67494363117888,-5.97197303548779
9724,9.59708333333333,3.63462770558417,-5.96245562774916
9725,9.47533333333334,3.59409438347841,-5.88123894985493
9726,9.2985,3.55436812330096,-5.74413187669904
9727,9.04275,3.51662029652127,-5.52612970347873
9728,8.7785,3.47752850814668,-5.30097149185332
9729,8.54008333333333,3.4260660088537,-5.11401732447963
9730,8.34575,3.3709364584841,-4.9748135415159
9731,8.19983333333333,3.32099436677526,-4.87883896655807
9732,8.0725,3.28346073181207,-4.78903926818793
9733,8.00483333333333,3.26392304002695,-4.74091029330638
9734,7.95841666666667,3.26633526619989,-4.69208140046678
9735,7.93966666666667,3.29301787345841,-4.64664879320826
9736,7.9135,3.34465781327757,-4.56884218672243
9737,8.02983333333333,3.42030852547996,-4.60952480785337
9738,8.2185,3.51738993823574,-4.70111006176426
9739,8.4165,3.63168846806258,-4.78481153193742
9740,8.58766666666667,3.75735701982572,-4.83030964684095
9741,8.69283333333333,3.88691498673792,-4.80591834659541
9742,8.74675,4.01124825035948,-4.73550174964052
9743,8.71983333333333,4.10287020727976,-4.61696312605357
9744,8.7475,4.14476954028305,-4.60273045971696
9745,8.66125,4.14868514632396,-4.51256485367604
9746,8.51575,4.12504331227523,-4.39070668772477
9747,8.43866666666667,4.08288505811182,-4.35578160855485
9748,8.2875,4.02986613691095,-4.25763386308905
9749,8.02833333333333,3.97225703485211,-4.05607629848122
9750,7.6455,3.91494297121704,-3.73055702878296
9751,7.38166666666667,3.86142389838974,-3.52024276827693
9752,7.18141666666667,3.81381450185645,-3.36760216481022
9753,7.15866666666667,3.77284420020569,-3.38582246646098
9754,7.15233333333333,3.73785714512823,-3.4144761882051
9755,7.29283333333333,3.70681222141709,-3.58602111191624
9756,7.39808333333333,3.67628304696753,-3.72180028636579
9757,7.47858333333333,3.64509421016328,-3.83348912317005
9758,7.431,3.67902069473841,-3.75197930526159
9759,7.48716666666667,3.78317896136796,-3.70398770529871
9760,7.495,3.93222091284246,-3.56277908715754
9761,7.31266666666667,4.10422360325286,-3.20844306341381
9762,7.08966666666667,4.28068923799054,-2.80897742867613
9763,7.02533333333333,4.44654517374729,-2.57878815958604
9764,7.06491666666667,4.59014391851534,-2.47477274815133
9765,7.16308333333333,4.70326313158732,-2.45982020174601
9766,7.25641666666667,4.7811056235563,-2.47531104311037
9767,7.42775,4.82229935631576,-2.60545064368424
9768,7.48775,4.82889744305961,-2.65885255694039
9769,7.57775,4.80637814828218,-2.77137185171782
9770,7.54341666666667,4.76364488777821,-2.77977177888846
9771,7.63091666666667,4.71302622864288,-2.91789043802379
9772,7.64408333333333,4.6657715162388,-2.97831181709453
9773,7.6785,4.61927760949697,-3.05922239050303
9774,7.53025,4.5731814243984,-2.9570685756016
9775,7.45591666666667,4.52748804088976,-2.92842862577691
9776,7.38408333333333,4.48221966466012,-2.90186366867321
9777,7.31916666666667,4.437415627141,-2.88175103952567
9778,7.20275,4.39313238550631,-2.80961761449369
9779,7.18016666666667,4.34944352267241,-2.83072314399426
9780,7.13633333333333,4.30643974729805,-2.82989358603528
9781,7.0915,4.26422889378445,-2.82727110621555
9782,7.182,4.22293592227519,-2.95906407772481
9783,7.18975,4.18270291865633,-3.00704708134367
9784,7.17825,4.14187296518601,-3.03637703481399
9785,7.20483333333333,4.1124076576043,-3.09242567572903
9786,7.32825,4.14928920418392,-3.17896079581608
9787,7.59483333333333,4.27431366145918,-3.32051967187415
9788,7.83958333333333,4.46611633443311,-3.37346699890022
9789,8.04175,4.66935837672718,-3.37239162327282
9790,8.13608333333333,4.88959724782171,-3.24648608551162
9791,8.148,5.04869407186418,-3.09930592813582
9792,8.1305,5.09541191676258,-3.03508808323742
9793,8.1365,5.04642962676889,-3.09007037323111
9794,8.01991666666667,4.98274469062127,-3.0371719760454
9795,7.85425,4.9331655522408,-2.9210844477592
9796,7.72425,4.88407973477504,-2.84017026522496
9797,7.59525,4.83548232966768,-2.75976767033232
9798,7.486,4.78736847677914,-2.69863152322086
9799,7.36358333333333,4.73973336427022,-2.62384996906311
9800,7.29583333333333,4.69257222903548,-2.60326110429785
9801,7.217,4.64588035534252,-2.57111964465748
9802,7.18766666666667,4.59965307373674,-2.58801359292993
9803,7.20941666666667,4.55388576104425,-2.65553090562242
9804,7.26616666666667,4.508573840583,-2.75759282608367
9805,7.26808333333333,4.46371278135338,-2.80437055197995
9806,7.30625,4.41297834022799,-2.89327165977201
9807,7.3455,4.36144454043807,-2.98405545956193
9808,7.42525,4.48088672124305,-2.94436327875695
9809,7.56958333333333,4.66290159679018,-2.90668173654315
9810,7.72025,4.77384121846213,-2.94640878153787
9811,7.90358333333333,4.84335362395573,-3.0602297093776
9812,8.09391666666667,4.89432509088699,-3.19959157577968
9813,8.25083333333333,4.94525800317143,-3.30557533016191
9814,8.35341666666667,5.03133942180426,-3.32207724486241
9815,8.39616666666667,5.16190969321527,-3.2342569734514
9816,8.415,5.31423915557626,-3.10076084442374
9817,8.45133333333333,5.3920496388895,-3.05928369444383
9818,8.47583333333333,5.33936768503699,-3.13646564829634
9819,8.51258333333334,5.2695595155664,-3.24302381776694
9820,8.433,5.22115265607676,-3.21184734392324
9821,8.31775,5.1700340621874,-3.1477159378126
9822,8.18458333333333,5.11859136340339,-3.06599196992994
9823,7.98141666666667,5.06766052846158,-2.91375613820508
9824,7.80683333333333,5.01723646404347,-2.78959686928986
9825,7.73925,4.96729972430677,-2.77195027569323
9826,7.6905,4.91719702929164,-2.77330297070836
9827,7.55516666666667,4.86668923933015,-2.68847742733652
9828,7.486,4.81639450016049,-2.66960549983951
9829,7.40858333333333,4.76751518611366,-2.64106814721967
9830,7.39975,4.72183790011344,-2.67791209988656
9831,7.38616666666667,4.68173347367641,-2.70443319299026
9832,7.40733333333333,4.65015696691192,-2.75717636642141
9833,7.52908333333334,4.6306476685221,-2.89843566481124
9834,7.66483333333333,4.62732909580188,-3.03750423753145
9835,7.87716666666667,4.64490899463898,-3.23225767202769
9836,8.14033333333333,4.68867933951388,-3.45165399381945
9837,8.31008333333333,4.76451633349987,-3.54556699983346
9838,8.49916666666667,4.87888040826302,-3.62028625840365
9839,8.65366666666667,5.03709642370779,-3.61657024295888
9840,8.74191666666667,5.15824147272034,-3.58367519394633
9841,8.77883333333333,5.20900168111306,-3.56983165222027
9842,8.93141666666667,5.2074316169527,-3.72398504971397
9843,9.12091666666667,5.16928962961953,-3.95162703704714
9844,9.17883333333333,5.10803784980741,-4.07079548352592
9845,9.16675,5.03484218952369,-4.13190781047631
9846,9.16066666666667,4.9585723420893,-4.20209432457737
9847,9.16075,4.8858017821387,-4.2749482178613
9848,8.95366666666667,4.82080776561987,-4.1328589010468
9849,8.988,4.76557132979437,-4.22242867020563
9850,8.69241666666667,4.71977729323728,-3.97263937342939
9851,8.66408333333333,4.68081425583723,-3.9832690774961
9852,8.35816666666667,4.64377459879637,-3.7143920678703
9853,8.18558333333333,4.60064936326153,-3.5849339700718
9854,8.06766666666667,4.53799504513308,-3.52967162153359
9855,8.027,4.56505159969518,-3.46194840030482
9856,7.81791666666667,4.71606294791725,-3.10185371874942
9857,7.75158333333333,4.8880772244154,-2.86350610891793
9858,7.67841666666667,5.00910702888492,-2.66930963778175
9859,7.74375,5.09928909614339,-2.64446090385661
9860,7.8455,5.19718949310031,-2.64831050689969
9861,7.84408333333333,5.29168193622291,-2.55240139711042
9862,7.81291666666667,5.41682760107701,-2.39608906558966
9863,7.82666666666667,5.5848563289127,-2.24181033775397
9864,7.74933333333333,5.7452580232343,-2.00407531009903
9865,7.83591666666667,5.79434651522925,-2.04157015143742
9866,7.66725,5.74205475438045,-1.92519524561955
9867,7.42175,5.66927651693949,-1.75247348306051
9868,7.14075,5.61154683538839,-1.52920316461161
9869,6.98683333333333,5.55914532951391,-1.42768800381941
9870,6.829,5.50383090843328,-1.32516909156672
9871,6.75866666666667,5.44906687538765,-1.30959979127902
9872,6.70225,5.3948477543707,-1.3074022456293
9873,6.78066666666667,5.34116812302358,-1.43949854364309
9874,6.87758333333333,5.28802261263498,-1.58956072069835
9875,7.04825,5.25185442968453,-1.79639557031547
9876,7.11416666666667,5.24985260857055,-1.86431405809612
9877,7.16033333333333,5.2756129536307,-1.88472037970263
9878,7.26841666666667,5.32309531114023,-1.94532135552644
9879,7.31416666666667,5.38672026291066,-1.92744640375601
9880,7.35058333333333,5.46136912628975,-1.88921420704358
9881,7.44866666666667,5.54238395416155,-1.90628271250512
9882,7.629,5.62556753494634,-2.00343246505366
9883,7.8355,5.7071833926007,-2.1283166073993
9884,8.00575,5.78395578661743,-2.22179421338257
9885,8.30816666666667,5.85306971202563,-2.45509695464104
9886,8.67166666666667,5.91217089939064,-2.75949576727603
9887,8.64683333333334,5.95936581481408,-2.68746751851926
9888,8.75416666666667,5.99322165993381,-2.76094500673286
9889,8.7475,6.01276637192397,-2.73473362807603
9890,8.81358333333333,6.01748862349495,-2.79609470983838
9891,8.82991666666667,6.00733782289341,-2.82257884377326
9892,8.90458333333333,5.98272411390227,-2.92185921943106
9893,9.1355,5.94451837584072,-3.19098162415928
9894,9.17941666666667,5.8940522235642,-3.28536444310247
9895,9.10233333333333,5.83311800746442,-3.26921532586891
9896,9.21116666666667,5.76396881346935,-3.44719785319732
9897,9.13466666666667,5.68931846304321,-3.44534820362346
9898,8.99475,5.61234151318652,-3.38240848681348
9899,8.80983333333333,5.53667325643601,-3.27316007689732
9900,8.63475,5.46640972086472,-3.16834027913528
9901,8.44925,5.40605853514584,-3.04319146485416
9902,8.2795,5.32123225293677,-2.95826774706323
9903,8.13791666666667,5.28642267792211,-2.85149398874456
9904,8.04458333333333,5.37693215189885,-2.66765118143448
9905,8.09433333333333,5.55883936884508,-2.53549396448825
9906,8.303,5.71577934570479,-2.58722065429521
9907,8.39983333333333,5.85045187894089,-2.54938145439244
9908,8.697,5.9470881692874,-2.7499118307126
9909,8.82983333333333,6.01514171120908,-2.81469162212425
9910,9.11583333333333,6.10932693348478,-3.00650639984855
9911,9.3145,6.29236231477515,-3.02213768522485
9912,9.40133333333334,6.45672610180249,-2.94460723153085
9913,9.70633333333333,6.50669599713365,-3.19963733619968
9914,9.86358333333333,6.44593683283685,-3.41764650049648
9915,9.9385,6.36943505353568,-3.56906494646432
9916,9.9175,6.3060581154771,-3.6114418845229
9917,9.79158333333333,6.24331178882381,-3.54827154450952
9918,9.595,6.18118979885466,-3.41381020114534
9919,9.35608333333333,6.11968593286015,-3.23639740047318
9920,9.08258333333333,6.05879403997868,-3.02378929335466
9921,8.88891666666667,5.99850803177668,-2.89040863488999
9922,8.72741666666666,5.93882187987472,-2.78859478679194
9923,8.50933333333333,5.87972961519847,-2.62960371813486
9924,8.32416666666667,5.8212253280259,-2.50294133864077
9925,8.22775,5.7633031681806,-2.4644468318194
9926,8.14583333333333,5.70595734357251,-2.43987598976082
9927,8.1565,5.67205413783918,-2.48444586216082
9928,8.2855,5.77295756434795,-2.51254243565205
9929,8.38075,5.9297776415083,-2.4509723584917
9930,8.47175,6.05588779137236,-2.41586220862764
9931,8.74625,6.1348400728963,-2.6114099271037
9932,8.90583333333333,6.18936593524141,-2.71646739809192
9933,9.14033333333334,6.24164013625645,-2.89869319707689
9934,9.23325,6.31573673253344,-2.91751326746656
9935,9.38941666666667,6.4736063685967,-2.91581029806996
9936,9.50875,6.65216921482085,-2.85658078517915
9937,9.57091666666667,6.7679230825439,-2.80299358412277
9938,9.70908333333333,6.78584140657876,-2.92324192675457
9939,9.87025,6.71937324521319,-3.15087675478681
9940,9.95441666666667,6.63044328020986,-3.32397338645681
9941,9.95391666666667,6.56446217207832,-3.38945449458835
9942,9.90333333333333,6.49914468135621,-3.40418865197712
9943,9.8095,6.43447711139539,-3.37502288860461
9944,9.66425,6.37045299513434,-3.29379700486566
9945,9.4745,6.30706592933604,-3.16743407066396
9946,9.25033333333333,6.23347173855138,-3.01686159478195
9947,9.00625,6.13050302856293,-2.87574697143707
9948,8.79358333333333,6.0180071970888,-2.77557613624453
9949,8.58541666666667,5.91432141795304,-2.67109524871363
9950,8.41541666666667,5.83396943824853,-2.58144722841814
9951,8.29875,5.78766157833707,-2.51108842166293
9952,8.2605,5.78229473184931,-2.47820526815069
9953,8.37066666666667,5.82095236568478,-2.54971430098189
9954,8.56083333333333,5.90290452001188,-2.65792881332145
9955,8.7915,6.02360780826791,-2.76789219173209
9956,9.02541666666667,6.17470541715903,-2.85071124950764
9957,9.24833333333333,6.34402710666026,-2.90430622667307
9958,9.39041666666667,6.51558921001554,-2.87482745665113
9959,9.50583333333333,6.66959463373763,-2.8362386995957
9960,9.51733333333333,6.78243285760822,-2.73490047572511
9961,9.55908333333333,6.82667993467784,-2.73240339865549
9962,9.52625,6.78031137233604,-2.74593862766395
9963,9.63491666666667,6.71284613929091,-2.92207052737576
9964,9.683,6.64605219484544,-3.03694780515456
9965,9.69875,6.57992286431618,-3.11882713568382
9966,9.58366666666667,6.51445153666834,-3.06921512999833
9967,9.4355,6.44963166451579,-2.98586833548421
9968,9.22408333333333,6.38545676412105,-2.83862656921228
9969,8.99875,6.32192041539528,-2.67682958460472
9970,8.792,6.25901626189832,-2.53298373810168
9971,8.59866666666667,6.19573200638446,-2.40293466028221
9972,8.43708333333333,6.11922083107823,-2.3178625022551
9973,8.26483333333333,6.05020821972026,-2.21462511361307
9974,8.13683333333333,6.01351010105136,-2.12332323228197
9975,8.09525,6.02476089969482,-2.07048910030518
9976,8.10816666666667,6.09041353615635,-2.01775313051032
9977,8.21325,6.20773942682415,-2.00551057317585
9978,8.38583333333333,6.36482848396884,-2.02100484936449
9979,8.67558333333333,6.53170148606168,-2.14388184727165
9980,8.92633333333333,6.69736366198394,-2.22896967134939
9981,9.17516666666667,6.86789983063242,-2.30726683603425
9982,9.31783333333333,7.03769807842354,-2.28013525490979
9983,9.41008333333333,7.18940474108909,-2.22067859224424
9984,9.41866666666667,7.28832749134614,-2.13033917532053
9985,9.37175,7.27328362988351,-2.09846637011649
9986,9.3375,7.19520821565015,-2.14229178434985
9987,9.31725,7.10575333747392,-2.21149666252608
9988,9.343,7.02991094579413,-2.31308905420587
9989,9.33058333333333,6.96601285266153,-2.3645704806718
9990,9.28833333333333,6.89725306898572,-2.39108026434761
9991,9.17591666666667,6.82862425171442,-2.34729241495225
9992,8.98491666666667,6.76067830376991,-2.22423836289676
9993,8.77208333333333,6.69340843123875,-2.07867490209458
9994,8.58133333333333,6.62680790645769,-1.95452542687564
9995,8.40616666666667,6.56087006801361,-1.84529659865306
9996,8.24825,6.4947178565029,-1.7535321434971
9997,8.10933333333333,6.39993469678715,-1.70939863654618
9998,8.01891666666667,6.32504371118038,-1.69387295548629
9999,7.95741666666667,6.3256878010896,-1.63172886557707
10000,8.00358333333333,6.41901732221104,-1.58456601112229
10001,8.117,6.58369008453014,-1.53330991546986
10002,8.306,6.75987167348535,-1.54612832651465
10003,8.50991666666667,6.87952423323938,-1.63039243342729
10004,8.67141666666667,6.95912730168615,-1.71228936498052
10005,8.80516666666667,7.02978207000792,-1.77538459665875
10006,8.93075,7.11312510110131,-1.81762489889869
10007,9.04766666666667,7.22132832957728,-1.82633833708939
10008,9.06733333333333,7.35709906176114,-1.71023427157219
10009,9.22083333333333,7.42892830158833,-1.791905031745
10010,9.29675,7.37391090214948,-1.92283909785052
10011,9.33016666666667,7.27773162848752,-2.05243503817915
10012,9.3665,7.19011905293372,-2.17638094706628
10013,9.40425,7.12340048529432,-2.28084951470568
10014,9.32958333333333,7.05624618549141,-2.27333714784192
10015,9.20925,6.98603536090968,-2.22321463909032
10016,8.96558333333333,6.91652314625965,-2.04906018707368
10017,8.84958333333333,6.84770259128597,-2.00188074204736
10018,8.65225,6.77956681348277,-1.87268318651723
10019,8.42783333333333,6.71210899809369,-1.71572433523964
10020,8.23091666666667,6.64346398998059,-1.58745267668608
10021,8.05833333333333,6.54191448818839,-1.51641884514494
10022,7.9195,6.45672933667933,-1.46277066332067
10023,7.8315,6.4418109896371,-1.3896890103629
10024,7.84891666666667,6.51735984471583,-1.33155682195084
10025,7.99075,6.66987424304006,-1.32087575695994
10026,8.15583333333333,6.85215046920473,-1.3036828641286
10027,8.3965,6.98338074471696,-1.41311925528304
10028,8.57225,7.03412847102404,-1.53812152897596
10029,8.6805,7.08858699198821,-1.59191300801179
10030,8.76608333333333,7.19790922970998,-1.56817410362335
10031,8.81641666666667,7.36536131295591,-1.45105535371076
10032,8.85941666666667,7.54632257715864,-1.31309408950803
10033,8.95683333333333,7.64828556441687,-1.30854776891646
10034,9.04725,7.59145151421218,-1.45579848578782
10035,9.12883333333333,7.515915302484,-1.61291803084933
10036,9.23116666666667,7.44113068897996,-1.79003597768671
10037,9.34316666666667,7.36709019850343,-1.97607646816324
10038,9.34708333333334,7.29378642769048,-2.05329690564286
10039,9.24541666666667,7.22121204500987,-2.0242046216568
10040,9.097,7.14935979076304,-1.94764020923696
10041,8.90891666666666,7.07822247708413,-1.83069418958253
10042,8.69791666666667,7.0061972781006,-1.69171938856606
10043,8.49475,6.9044263969659,-1.5903236030341
10044,8.29175,6.80681886993594,-1.48493113006406
10045,8.13275,6.75672052913214,-1.37602947086786
10046,7.97291666666667,6.77727629526203,-1.19564037140464
10047,7.88283333333333,6.87143017761923,-1.0114031557141
10048,7.86775,7.02192527408344,-0.845824725916562
10049,7.97591666666667,7.19130377112045,-0.784612895546216
10050,8.18733333333333,7.32284612678916,-0.864487206544168
10051,8.41858333333333,7.39404803470886,-1.02453529862447
10052,8.6065,7.43144476112491,-1.17505523887509
10053,8.76083333333333,7.46024470132704,-1.30058863200629
10054,8.87466666666667,7.50577750847375,-1.36888915819292
10055,8.92325,7.60558120372491,-1.31766879627509
10056,8.99983333333333,7.77503207387547,-1.22480125945786
10057,9.07741666666667,7.8801879371109,-1.19722872955577
10058,9.1545,7.86259623394352,-1.29190376605648
10059,9.26566666666667,7.76536134171852,-1.50030532494815
10060,9.41858333333333,7.6854697373459,-1.73311359598743
10061,9.53516666666667,7.60899803532193,-1.92616863134474
10062,9.56766666666667,7.53328724002657,-2.0343794266401
10063,9.51741666666667,7.45832978000843,-2.05908688665824
10064,9.36741666666667,7.38411814693009,-1.98329851973658
10065,9.17241666666667,7.31064478257777,-1.8617718840889
10066,8.96891666666667,7.23790235408613,-1.73101431258054
10067,8.78275,7.16588364644151,-1.61686635355849
10068,8.53883333333333,7.09458150679176,-1.44425182654157
10069,8.38083333333333,7.02398884444627,-1.35684448888706
10070,8.19291666666667,6.95409863087595,-1.23881803579072
10071,8.09575,6.88490389971322,-1.21084610028678
10072,8.06875,6.81639774675203,-1.25235225324797
10073,8.01775,6.74857332994785,-1.26917667005215
10074,8.15616666666667,6.68142386941769,-1.47474279724898
10075,8.39083333333333,6.61494264744006,-1.77589068589327
10076,8.65425,6.549123008455,-2.105126991545
10077,8.88483333333333,6.48395835906407,-2.40087497426926
10078,8.99408333333333,6.41944216803037,-2.57464116530296
10079,9.16783333333333,6.3555679662785,-2.81226536705483
10080,9.27925,6.29232934689459,-2.98692065310541
10081,9.31191666666667,6.22971996512629,-3.08219670154038
10082,9.34183333333333,6.16773353838279,-3.17409979495054
10083,9.40766666666667,6.10636384623478,-3.30130282043189
10084,9.44458333333333,6.04560473041448,-3.39897860291885
10085,9.60225,5.98545009481564,-3.61679990518436
10086,9.74608333333333,5.92589390175698,-3.82018943157635
10087,9.64941666666667,5.86693007240274,-3.78248659426393
10088,9.34758333333333,5.80855271864246,-3.53903061469087
10089,9.127,5.75075607768534,-3.37624392231466
10090,8.8365,5.69353443456111,-3.14296556543889
10091,8.66258333333333,5.63688212212001,-3.02570121121332
10092,8.56533333333333,5.58079352103281,-2.98453981230052
10093,8.36791666666667,5.52526305979078,-2.84265360687589
10094,8.19025,5.47028521470573,-2.71996478529427
10095,8.00616666666667,5.41585450990997,-2.5903121567567
10096,8.11908333333333,5.36196551735633,-2.757117815977
10097,8.285,5.30861285681818,-2.97638714318182
10098,8.44025,5.25579119588937,-3.18445880411063
10099,8.72008333333333,5.20349524998429,-3.51658808334903
10100,8.93041666666667,5.15171978233786,-3.77869688432881
10101,9.04433333333333,5.1004596040055,-3.94387372932783
10102,9.14616666666667,5.04970957386314,-4.09645709280353
10103,9.18691666666667,4.99946459860726,-4.18745206805941
10104,9.13041666666667,4.94971963275481,-4.18069703391186
10105,9.11816666666667,4.90046967864331,-4.21769698802336
10106,9.234,4.85170978643077,-4.38229021356923
10107,9.28116666666667,4.80343505409572,-4.47773161257095
10108,9.33075,4.7556406274372,-4.5751093725628
10109,9.34366666666667,4.70832170007479,-4.63534496659188
10110,9.28625,4.66147351344856,-4.62477648655144
10111,9.19483333333333,4.61509135681914,-4.57974197651419
10112,9.10166666666667,4.56917056726763,-4.53249609939904
10113,8.95883333333333,4.52370656991765,-4.43512676341568
10114,8.79658333333333,4.47869493735313,-4.3178883959802
10115,8.63883333333333,4.43413117822974,-4.20470215510359
10116,8.43191666666666,4.39001083594793,-4.04190583071873
10117,8.24916666666667,4.34359541500604,-3.90557125166063
10118,8.14333333333333,4.29926692198789,-3.84406641134544
10119,8.04916666666667,4.30707127240004,-3.74209539426663
10120,8.098,4.44391437988619,-3.65408562011381
10121,8.10741666666667,4.63473278146326,-3.47268388520341
10122,8.25391666666667,4.78138001021248,-3.47253665645419
10123,8.49675,4.86865708447202,-3.62809291552798
10124,8.67033333333333,4.91622916758371,-3.75410416574962
10125,8.82175,4.96344149540601,-3.85830850459399
10126,9.06158333333333,5.03559696882192,-4.02598636451141
10127,9.27075,5.18587171820363,-4.08487828179637
10128,9.37491666666667,5.37446344653608,-4.00045322013059
10129,9.36783333333334,5.53248264385834,-3.835350689475
10130,9.42258333333333,5.61969322907288,-3.80289010426045
10131,9.50475,5.62451254994556,-3.88023745005444
10132,9.60508333333333,5.56401138310564,-4.04107195022769
10133,9.64825,5.48391393404577,-4.16433606595423
10134,9.66866666666667,5.42798412428256,-4.24068254238411
10135,9.57791666666667,5.37397477864522,-4.20394188802145
10136,9.43616666666667,5.32050283579561,-4.11566383087106
10137,9.25333333333333,5.26756294865682,-3.98577038467651
10138,8.98858333333333,5.21514982258976,-3.77343351074357
10139,8.81783333333333,5.16325821539315,-3.65457511794018
10140,8.58391666666667,5.11048965805092,-3.47342700861576
10141,8.06458333333333,5.05578780500153,-3.0087955283318
10142,7.838,5.0010480400124,-2.8369519599876
10143,7.80233333333333,4.94873580508908,-2.85359752824425
10144,7.82475,4.9018702693732,-2.9228797306268
10145,8.29083333333333,4.86402432914246,-3.42680900419086
10146,8.15416666666667,4.83932460781067,-3.314842058856
10147,8.43933333333333,4.83245145592771,-3.60688187740562
10148,8.64558333333333,4.84863895117953,-3.79694438215379
10149,8.86233333333333,4.8936748983882,-3.96865843494513
10150,9.008,4.97390082951185,-4.03409917048815
10151,9.12358333333333,5.09621200364469,-4.02737132968864
10152,9.09841666666667,5.26039732646648,-3.83801934020019
10153,9.22466666666667,5.36519925230396,-3.85946741436271
10154,9.35825,5.39591337426623,-3.96233662573377
10155,9.46341666666667,5.37446645274275,-4.08895021392392
10156,9.611,5.3195340366185,-4.2914659633815
10157,9.698,5.246540463274,-4.451459536726
10158,9.7595,5.16765885858527,-4.59184114141473
10159,9.71933333333333,5.09181113692389,-4.62752219640944
10160,9.55808333333333,5.02466800115694,-4.53341533217639
10161,9.33366666666666,4.96864894264705,-4.36501772401961
10162,9.05158333333333,4.92292224125236,-4.12866109208097
10163,8.81083333333333,4.88340496532653,-3.9274283680068
10164,8.563,4.84276297171877,-3.72023702828123
10165,8.36575,4.78735026666863,-3.57839973333137
10166,8.19233333333333,4.7453509301979,-3.44698240313543
10167,7.97225,4.7771889462705,-3.1950610537295
10168,8.02833333333333,4.90274214231502,-3.12559119101831
10169,8.08216666666667,5.08388082530494,-2.99828584136173
10170,8.26683333333333,5.23506508997917,-3.03176824335416
10171,8.39016666666667,5.33678396082295,-3.05338270584372
10172,8.68691666666667,5.4116335051903,-3.27528316147637
10173,8.92575,5.51321946357696,-3.41253053642304
10174,9.17008333333333,5.64409088257494,-3.52599245075839
10175,9.35408333333333,5.78996877656153,-3.5641145567718
10176,9.47791666666667,5.95443061897971,-3.52348604768696
10177,9.54783333333333,6.04592628086747,-3.50190705246586
10178,9.51583333333333,6.0235358315122,-3.49229750182113
10179,9.53491666666667,5.9568148913156,-3.57810177535107
10180,9.623,5.89754359265899,-3.72545640734101
10181,9.66091666666667,5.83886205347751,-3.82205461318916
10182,9.67816666666666,5.78076440546356,-3.8974022612031
10183,9.52825,5.72289365647464,-3.80535634352536
10184,9.39925,5.66431524853079,-3.73493475146921
10185,9.22866666666666,5.60541807210282,-3.62324859456384
10186,8.84,5.54688281390945,-3.29311718609055
10187,8.73816666666667,5.4895988425726,-3.24856782409407
10188,8.56883333333333,5.43466420861746,-3.13416912471587
10189,8.34016666666667,5.38338564447244,-2.95678102219424
10190,8.142,5.33727856446916,-2.80472143553084
10191,7.95691666666667,5.29806706484251,-2.65884960182416
10192,7.8965,5.26768392373059,-2.62881607626941
10193,7.9455,5.24827060117476,-2.69722939882524
10194,8.0715,5.24217723911957,-2.82932276088043
10195,8.39508333333333,5.25196266141285,-3.14312067192048
10196,8.66108333333333,5.28039437380563,-3.3806889595277
10197,8.87683333333333,5.3304485639522,-3.54638476938113
10198,9.01775,5.40531010141005,-3.61243989858995
10199,9.08658333333334,5.50837253763994,-3.5782107956934
10200,9.18883333333333,5.64323810600585,-3.54559522732748
10201,9.33633333333333,5.77875757221794,-3.55757576111539
10202,9.30875,5.83649771509572,-3.47225228490428
10203,9.43141666666667,5.83379163014032,-3.59762503652635
10204,9.58183333333333,5.79009810576888,-3.79173522756445
10205,9.62733333333333,5.72177038521852,-3.90556294811481
10206,9.56016666666667,5.64205616654633,-3.91811050012034
10207,9.45133333333333,5.56109760262939,-3.89023573070394
10208,9.25425,5.48593130116474,-3.76831869883526
10209,9.02966666666667,5.42048832466942,-3.60917834199725
10210,8.77241666666667,5.36559419048044,-3.40682247618623
10211,8.57266666666666,5.31896887075478,-3.25369779591188
10212,8.356,5.27522679246941,-3.08077320753059
10213,8.09466666666667,5.2265860457553,-2.86808062091137
10214,7.74716666666667,5.18876686380208,-2.55839980286459
10215,7.55858333333333,5.1819544165771,-2.37662891675623
10216,7.46433333333333,5.21550425921231,-2.24882907412102
10217,7.42058333333333,5.29400486765978,-2.12657846567355
10218,7.54775,5.4172776386917,-2.1304723613083
10219,7.71641666666667,5.58037688990039,-2.13603977676628
10220,7.91891666666667,5.77358985969828,-2.14532680696839
10221,8.08566666666667,5.98243670731793,-2.10322995934874
10222,8.2705,6.18767051281201,-2.08282948718799
10223,8.35191666666667,6.36527727705331,-1.98663938961336
10224,8.31608333333333,6.48647592173476,-1.82960741159857
10225,8.25733333333334,6.51771828936939,-1.73961504396395
10226,8.23175,6.4585832948183,-1.7731667051817
10227,8.1825,6.39431930142337,-1.78818069857663
10228,8.18216666666667,6.33069474345335,-1.85147192321332
10229,8.18275,6.26770326487196,-1.91504673512804
10230,8.18241666666667,6.20533856968687,-1.9770780969798
10231,8.17091666666667,6.14359442194977,-2.0273222447169
10232,8.07225,6.08246464575629,-1.98978535424371
10233,7.962,6.02194312524605,-1.94005687475395
10234,7.8025,5.96202380460266,-1.84047619539735
10235,7.68166666666667,5.90270068805368,-1.77896597861299
10236,7.50166666666667,5.84396783987068,-1.65769882679599
10237,7.33683333333333,5.78428865408007,-1.55254467925326
10238,7.18691666666667,5.72900791585065,-1.45790875081602
10239,7.15291666666667,5.69477840299545,-1.45813826367122
10240,7.10291666666667,5.70442212842611,-1.39849453824056
10241,7.12883333333333,5.78599377911118,-1.34283955422215
10242,7.276,5.93249080571911,-1.34350919428089
10243,7.38866666666667,6.10492638527499,-1.28374028139168
10244,7.65658333333333,6.27954330763312,-1.37704002570021
10245,7.75691666666667,6.44762820454637,-1.3092884621203
10246,7.929,6.62022360653369,-1.30877639346631
10247,8.00675,6.80414321886667,-1.20260678113333
10248,8.08458333333333,6.95791581405112,-1.12666751928221
10249,8.04116666666667,7.05259299864284,-0.988573668023832
10250,8.02075,7.07660866286999,-0.944141337130007
10251,8.04841666666667,7.03577898063311,-1.01263768603356
10252,7.96208333333333,6.95330240950506,-1.00878092382827
10253,7.90133333333333,6.86970181989267,-1.03163151344066
10254,7.84441666666667,6.80134714286299,-1.04306952380368
10255,7.78775,6.73367260565174,-1.05407739434826
10256,7.68008333333333,6.66667144288863,-1.0134118904447
10257,7.5385,6.60033695470506,-0.938163045294942
10258,7.41308333333333,6.53466250673406,-0.878420826599272
10259,7.33816666666667,6.46964153011033,-0.868525136556344
10260,7.153,6.3990034601212,-0.753996539878801
10261,7.093,6.29640155242194,-0.796598447578059
10262,6.89083333333333,6.21969920699791,-0.67113412633542
10263,6.83008333333333,6.21575773280841,-0.614325600524916
10264,6.80125,6.30065809757968,-0.500591902420315
10265,6.9115,6.45970092780488,-0.451799072195121
10266,7.12741666666667,6.64740650874407,-0.480010157922595
10267,7.46166666666667,6.7913693410443,-0.670297325622372
10268,7.65383333333333,6.88409019456677,-0.769743138766559
10269,7.96808333333333,6.97541999943837,-0.992663333894957
10270,8.17733333333333,7.09073759480355,-1.08659573852978
10271,8.22141666666666,7.22995740829192,-0.991459258374742
10272,8.17041666666667,7.3461309341783,-0.824285732488368
10273,8.188,7.31918480175684,-0.868815198243165
10274,8.1615,7.22874020319286,-0.932759796807137
10275,8.18083333333333,7.14161728767192,-1.03921604566141
10276,8.19808333333333,7.07545489361031,-1.12262843972302
10277,8.20266666666667,7.00728485705752,-1.19538180960915
10278,8.21091666666666,6.9375612063885,-1.27335546027816
10279,8.15441666666667,6.86853131842189,-1.28588534824478
10280,8.00633333333333,6.80018829049492,-1.20614504283841
10281,7.78816666666667,6.73252528759381,-1.05564137907286
10282,7.51558333333333,6.66553554235373,-0.850047790979596
10283,7.27783333333333,6.5899716032751,-0.687861730058226
10284,7.0785,6.50662567914663,-0.571874320853369
10285,6.83383333333333,6.43634776897385,-0.397485564359479
10286,6.72816666666667,6.39494722749606,-0.333219439170612
10287,6.57058333333333,6.39299953175549,-0.177583801577843
10288,6.52983333333333,6.43584628109731,-0.0939870522360229
10289,6.68766666666667,6.52359519716963,-0.164071469497043
10290,6.78191666666667,6.65112012392349,-0.130796542743177
10291,6.97083333333333,6.80806102761289,-0.16277230572044
10292,7.1305,6.99383855439893,-0.136661445601066
10293,7.26766666666667,7.19116854262833,-0.076498124038336
10294,7.3465,7.36283775856912,0.0163377585691187
10295,7.36441666666667,7.48363171514005,0.119215048473383
10296,7.44766666666667,7.54040002208364,0.0927333554169651
10297,7.19591666666667,7.5320563859661,0.336139719299428
10298,7.25533333333333,7.46957861017741,0.21424527684408
10299,7.28625,7.37600859493127,0.0897585949312729
10300,7.22333333333333,7.28645232613916,0.0631189928058298
10301,7.17783333333333,7.21395091129196,0.0361175779586338
10302,7.08616666666667,7.14217089583394,0.0560042291672715
10303,6.97041666666667,7.0711051053199,0.100688438653227
10304,6.8575,7.00074643427808,0.143246434278081
10305,6.7775,6.9310878462102,0.1535878462102
10306,6.61291666666667,6.8621223735914,0.249205706924731
10307,6.47175,6.79384311787029,0.322093117870287
10308,6.30041666666667,6.72720997658022,0.426793309913555
10309,6.18,6.66452259720839,0.48452259720839
10310,6.00225,6.60515659172557,0.602906591725573
10311,5.9305,6.56649527865404,0.63599527865404
10312,5.92225,6.5864119853996,0.664161985399597
10313,6.07358333333333,6.7068620876429,0.633278754309571
10314,6.32616666666667,6.86976285375143,0.543596187084765
10315,6.52883333333333,7.0307575130008,0.501924179667466
10316,6.76858333333333,7.17336600917252,0.40478267583919
10317,6.93433333333333,7.3024409515546,0.368107618221266
10318,7.07491666666667,7.44531871511402,0.370402048447346
10319,7.18216666666666,7.58527202598452,0.403105359317858
10320,7.24475,7.65672633086611,0.411976330866111
10321,7.16891666666667,7.63780217093974,0.468885504273072
10322,7.0265,7.55439038939107,0.527890389391074
10323,6.76225,7.47205824693279,0.709808246932786
10324,6.50825,7.39771002421806,0.88946002421806
10325,6.131,7.32410157927395,1.19310157927395
10326,5.75616666666667,7.25122555144162,1.49505888477495
10327,5.45858333333333,7.17907465241224,1.72049131907891
10328,5.3245,7.10764166619603,1.78314166619603
10329,5.22608333333333,7.03691944937158,1.81083611603825
10330,5.30825,6.96690093079563,1.65865093079563
10331,5.53,6.89757910868339,1.36757910868339
10332,5.59375,6.82894705023448,1.23519705023448
10333,5.47658333333333,6.75295855092261,1.27637521758928
10334,5.186,6.68271835052525,1.49671835052525
10335,4.95291666666667,6.67175989061352,1.71884322394685
10336,4.98183333333333,6.74306039912139,1.76122706578806
10337,5.05075,6.88600280065186,1.83525280065186
10338,5.31808333333333,7.03857889252847,1.72049555919514
10339,5.61058333333333,7.17181002492729,1.56122669159396
10340,5.75783333333333,7.29500166288554,1.53716832955222
10341,5.83791666666667,7.42233474390956,1.58441807724289
10342,5.8335,7.57817412130254,1.74467412130254
10343,5.77541666666667,7.74578923115283,1.97037256448616
10344,5.67033333333333,7.86081719662182,2.19048386328849
10345,5.49341666666667,7.89109394628539,2.39767727961872
10346,5.29266666666667,7.83935669874721,2.54669003208054
10347,5.09958333333333,7.74324396263876,2.64366062930543
10348,4.95358333333333,7.661303625039,2.70772029170567
10349,4.78433333333333,7.58507237876621,2.80073904543288
10350,4.41025,7.50959964691241,3.09934964691241
10351,4.1335,7.4348778825806,3.3013778825806
10352,3.93533333333333,7.36089961282664,3.42556627949331
10353,3.83225,7.28765743865923,3.45540743865923
10354,4.10475,7.21514403523701,3.11039403523701
10355,4.23408333333333,7.14335215223804,2.90926881890471
10356,4.252,7.07227461094454,2.82027461094454
10357,4.35841666666667,7.00190430317656,2.64348763650989
10358,4.40525,6.9209286565819,2.5156786565819
10359,4.51441666666667,6.83186313069417,2.3174464640275
10360,4.60041666666667,6.85022623354402,2.24980956687735
10361,4.7415,6.99128463498467,2.24978463498467
10362,5.03,7.14714311771685,2.11714311771685
10363,5.27783333333333,7.27918848508795,2.00135515175462
10364,5.53616666666667,7.39071039153331,1.85454372486664
10365,5.71525,7.45021623978601,1.73496623978601
10366,5.8425,7.47717487798715,1.63467487798715
10367,5.91791666666667,7.54761919984809,1.62970253318142
10368,6.00241666666667,7.69577935079059,1.69336268412392
10369,6.05658333333333,7.84221769731964,1.78563436398631
10370,6.07625,7.93113622626487,1.85488622626487
10371,5.98291666666667,7.93829231700165,1.95537565033498
10372,5.89583333333333,7.87099874145115,1.97516540811782
10373,5.76933333333333,7.76812366408027,1.99879033074694
10374,5.72841666666667,7.6854332848516,1.95701661818493
10375,5.7005,7.60896194387855,1.90846194387855
10376,5.62441666666667,7.5332515063596,1.90883483969293
10377,5.62158333333333,7.4582944019717,1.83671106863837
10378,5.64791666666667,7.38408313432772,1.73616646766105
10379,5.66141666666667,7.31061028097643,1.64919361430976
10380,5.65116666666667,7.23524375981244,1.58407709314577
10381,5.67691666666667,7.14682006934669,1.46990340268002
10382,5.74391666666667,7.06578738324782,1.32187071658115
10383,5.8345,7.01012321598071,1.17562321598071
10384,5.86875,6.98842145613018,1.11967145613018
10385,5.92875,6.99989236640096,1.07114236640096
10386,6.15116666666667,7.03436258361768,0.88319591695101
10387,6.33541666666667,7.07227511872488,0.736858452058209
10388,6.55858333333333,7.08666326760079,0.528079934267463
10389,6.52766666666667,7.11870820215745,0.59104153549078
10390,6.5845,7.17093010509129,0.586430105091285
10391,6.54783333333333,7.21405500731941,0.666221673986085
10392,6.49133333333333,7.22910020399443,0.737766870661104
10393,6.51891666666667,7.20737425450442,0.68845758783775
10394,6.66208333333333,7.15047698247293,0.488393649139599
10395,6.64891666666667,7.070299475759,0.421382809092328
10396,6.49841666666667,6.98902408645714,0.490607419790472
10397,6.38366666666667,6.91941953855662,0.535752871889948
10398,6.28775,6.85057015876572,0.562820158765724
10399,6.29666666666667,6.78240584340165,0.485739176734983
10400,6.23283333333333,6.71491977747145,0.48208644413812
10401,6.24341666666667,6.64810521197629,0.404688545309623
10402,6.2435,6.5819554639115,0.338455463911496
10403,6.282,6.51646391626651,0.234463916266509
10404,6.30241666666667,6.4515383387349,0.14912167206823
10405,6.36116666666667,6.38674197343461,0.0255753067679354
10406,6.37975,6.33371833426633,-0.0460316657336648
10407,6.43325,6.30330327045275,-0.129946729547249
10408,6.50108333333333,6.30027805448921,-0.200805278844117
10409,6.58825,6.32336938214378,-0.264880617856222
10410,6.74766666666667,6.3652493724572,-0.38241729420947
10411,7.01225,6.41253556774293,-0.599714432257072
10412,7.12466666666667,6.44579093358711,-0.678875733079559
10413,7.20191666666667,6.48495704758313,-0.716959619083545
10414,7.3205,6.56778813352951,-0.752711866470494
10415,7.37633333333333,6.6531197231222,-0.723213610211126
10416,7.43566666666667,6.71135392109679,-0.72431274556988
10417,7.64258333333333,6.72603585286121,-0.916547480472122
10418,7.578,6.69385366449576,-0.884146335504236
10419,7.56341666666667,6.62463852275313,-0.93877814391354
10420,7.39341666666667,6.54136461505835,-0.852052051608321
10421,7.22766666666667,6.47274673094403,-0.754919935722637
10422,7.06333333333333,6.4083418213737,-0.654991511959632
10423,6.92358333333333,6.34457775192706,-0.579005581406273
10424,6.72575,6.28144814787489,-0.444301852125113
10425,6.60541666666667,6.21894669619366,-0.386469970473013
10426,6.52283333333333,6.15706714556553,-0.365766187767802
10427,6.39566666666667,6.09580330637835,-0.299863360288318
10428,6.33208333333333,6.03498757141527,-0.297095761918055
10429,6.262,5.97433562987893,-0.287664370121072
10430,6.33975,5.92511857476601,-0.414631425233988
10431,6.41708333333333,5.89760167999689,-0.519481653336435
10432,6.48175,5.89698225456151,-0.584767745438489
10433,6.58425,5.92338964251937,-0.660860357480629
10434,6.91991666666667,5.97188522299956,-0.948031443667115
10435,7.08491666666667,6.03246241020072,-1.05245425646595
10436,7.172,6.09004665339108,-1.08195334660892
10437,7.21058333333333,6.13049913434866,-1.08008419898467
10438,7.26625,6.23531449109379,-1.03093550890621
10439,7.19291666666667,6.38793804974745,-0.804978616919217
10440,7.28275,6.53649109456026,-0.746258905439745
10441,7.13741666666667,6.64504761388853,-0.492369052778141
10442,7.17883333333333,6.69363430019432,-0.485199033139013
10443,7.40108333333334,6.67823055004538,-0.72285278328796
10444,7.43875,6.61076846411519,-0.827981535884811
10445,7.35858333333333,6.51913284718294,-0.839450486150395
10446,7.18666666666667,6.44407419441061,-0.742592472256062
10447,6.87566666666667,6.37995458192096,-0.495712084745711
10448,6.71475,6.31647297016876,-0.398277029831242
10449,6.62466666666667,6.25362301299929,-0.371043653667376
10450,6.50633333333333,6.19139842560995,-0.314934907723377
10451,6.39166666666667,6.12979298455023,-0.261873682116437
10452,6.19458333333333,6.06880052772173,-0.125782805611601
10453,6.24083333333333,6.00927977475625,-0.231553558577076
10454,6.14366666666667,6.01340036635858,-0.130266300308094
10455,6.0535,6.08955239107254,0.0360523910725448
10456,6.073,6.20236148595855,0.129361485958551
10457,6.29091666666667,6.32519327914791,0.0342766124812401
10458,6.58491666666667,6.44015338984285,-0.144763276823816
10459,6.87041666666667,6.53808742831654,-0.33232923835013
10460,7.08658333333333,6.61858099591305,-0.468002337420282
10461,7.2415,6.68995968504737,-0.551540314952629
10462,7.281,6.76928907920543,-0.511710920794565
10463,7.28958333333333,6.85589848176223,-0.433684851571101
10464,7.2955,6.92406447530935,-0.371435524690646
10465,7.27175,6.96722348777708,-0.304526512222925
10466,7.35225,6.98187479719676,-0.370375202803238
10467,7.31908333333333,6.967543661126,-0.351539672207333
10468,7.16591666666667,6.92678131664859,-0.239135350018082
10469,7.17483333333333,6.86516498037456,-0.309668352958769
10470,7.00625,6.79129784844016,-0.214952151559838
10471,6.96375,6.71680909650786,-0.246940903492143
10472,6.78958333333333,6.64966240736059,-0.139920925972743
10473,6.694,6.58349715995598,-0.11050284004402
10474,6.50566666666667,6.51799026860062,0.0123236019339528
10475,6.37366666666667,6.45313518249863,0.0794685158319623
10476,6.16041666666667,6.38892541534985,0.228508748683177
10477,6.08241666666667,6.31854695724086,0.236130290574193
10478,6.01691666666667,6.2316833763163,0.214766709649632
10479,6.02175,6.20491246227689,0.183162462276893
10480,5.96491666666667,6.27917408720417,0.314257420537495
10481,6.01516666666667,6.4412170231547,0.426050356488031
10482,6.26716666666667,6.62394692918098,0.356780262514314
10483,6.53533333333333,6.78391715481421,0.248583821480884
10484,6.79516666666667,6.91804654861052,0.122879881943846
10485,7.0945,7.01746250817842,-0.0770374918215779
10486,6.94566666666667,7.09424447159835,0.148577804931681
10487,7.095,7.18142391742261,0.0864239174226116
10488,7.32483333333333,7.32828253928137,0.00344920594803799
10489,7.28808333333333,7.47992537328021,0.191842039946881
10490,7.23116666666667,7.56313601918171,0.331969352515038
10491,7.41291666666667,7.55244282013069,0.139526153464016
10492,7.39858333333333,7.47012105313611,0.0715377198027838
10493,7.28941666666667,7.38321555926973,0.0937988926030568
10494,6.90158333333333,7.30975133597667,0.408168002643338
10495,6.75416666666667,7.23701809431553,0.482851427648861
10496,6.58358333333333,7.16500856149323,0.581425228159905
10497,6.3725,7.09371553598498,0.721215535984977
10498,6.15075,7.02313188753424,0.872381887534244
10499,5.93883333333333,6.97276110193337,1.03392776860004
10500,5.92925,6.95862352351683,1.02937352351683
10501,5.87233333333333,6.97368432145648,1.10135098812315
10502,5.68341666666667,7.01141392234709,1.32799725568042
10503,5.50125,7.06579438783748,1.56454438783748
10504,5.3725,7.1313194146305,1.7588194146305
10505,5.34733333333333,7.20299433448306,1.85566100114973
10506,5.81691666666667,7.2763361142061,1.45941944753943
10507,6.43708333333333,7.34737335566461,0.910290022331275
10508,6.7085,7.41264629577761,0.704146295777612
10509,6.80458333333333,7.46920680651819,0.664623473184862
10510,6.75383333333333,7.51461839491346,0.760785061580134
10511,6.86391666666667,7.54695620304459,0.683039536377921
10512,6.935,7.56480700804678,0.629807008046776
10513,6.89508333333333,7.56726922210927,0.672185888775939
10514,7.17275,7.55395289247536,0.381202892475362
10515,7.293,7.52497970144239,0.231979701442389
10516,7.238,7.48098296636173,0.242982966361728
10517,7.05941666666667,7.4231076396388,0.363690972972131
10518,6.81475,7.35301030873308,0.538260308733076
10519,6.70866666666667,7.27285919615806,0.564192529491389
10520,6.40125,7.1853341594813,0.784084159481302
10521,6.4275,7.0936266913244,0.666126691324404
10522,6.11566666666667,7.001439919363,0.88577325269633
10523,5.83808333333333,6.91298860632677,1.07490527299344
10524,5.68425,6.83299914999945,1.14874914999945
10525,5.64208333333333,6.76789799040827,1.12581465707494
10526,5.41375,6.7238915721615,1.3101415721615
10527,5.34391666666667,6.69726628671444,1.35334962004777
10528,5.41791666666667,6.68382590827026,1.26590924160358
10529,5.91583333333333,6.67974440339593,0.763911070062605
10530,6.33625,6.68156593102232,0.345315931022321
10531,6.683,6.6862048424441,0.00320484244409869
10532,6.86475,6.6909456813198,-0.173804318680197
10533,6.67866666666667,6.69344318367181,0.0147765170051377
10534,6.7355,6.69172227788634,-0.0437777221136617
10535,6.87441666666667,6.68417808471346,-0.190238581953208
10536,6.896,6.66957591726709,-0.226424082732906
10537,6.89058333333333,6.64705128102499,-0.24353205230834
10538,6.82633333333333,6.61610987382876,-0.210223459504571
10539,7.23525,6.57662758588385,-0.658622414116154
10540,7.15491666666667,6.52885049975955,-0.626066166907119
10541,7.1985,6.47339489038902,-0.725105109610984
10542,7.07816666666667,6.41124722506922,-0.666919441597448
10543,6.70858333333333,6.343764163461,-0.364819169872325
10544,6.5625,6.27267255758904,-0.289827442410961
10545,6.50008333333333,6.20006945184185,-0.300013881491478
10546,5.9985,6.12842208297181,0.129922082971809
10547,5.87125,6.06056788009512,0.189317880095123
10548,5.68683333333333,6.0049763100496,0.31814297671627
10549,5.55575,6.00019945583055,0.44444945583055
10550,5.5135,6.03292425537211,0.519424255372113
10551,5.61625,6.08251331915269,0.466263319152685
10552,5.50508333333333,6.1335343570834,0.628451023750075
10553,5.70983333333333,6.17576017850814,0.465926845174811
10554,6.19516666666667,6.20416869220351,0.00900202553683549
10555,5.75066666666667,6.21894290637885,0.468276239712175
10556,6.41591666666667,6.22547092867624,-0.190445737990426
10557,6.38941666666667,6.23434596617052,-0.155070700496146
10558,6.40766666666667,6.26136632536925,-0.146300341297424
10559,6.3675,6.32706657543283,-0.04043342456717
10560,6.35866666666667,6.37543288796531,0.0167662212986368
10561,6.78333333333333,6.36867400123035,-0.414659332102979
10562,6.09383333333333,6.32454945852531,0.23071612519198
10563,6.196,6.25790909752836,0.0619090975283569
10564,6.05158333333333,6.18069305029848,0.12910971696515
10565,6.14941666666667,6.10193174327549,-0.047484923391182
10566,5.72516666666667,6.02774589728001,0.302579230613341
10567,5.39933333333333,5.9613465275135,0.562013194180173
10568,5.12633333333333,5.90303494355823,0.776701610224901
10569,4.97408333333333,5.85020274937728,0.876119416043954
10570,4.85566666666667,5.79733184331458,0.941665176647907
10571,4.48491666666667,5.73997273198058,1.25505606531391
10572,4.4645,5.68285904900472,1.21835904900472
10573,4.69483333333333,5.62631365675427,0.931480323420941
10574,4.48591666666667,5.57166410069051,1.08574743402384
10575,4.658,5.60961837935317,0.951618379353172
10576,5.01725,5.77532726817266,0.758077268172658
10577,5.2515,5.9127404322482,0.661240432248204
10578,5.49641666666667,5.98395521063965,0.487538543972975
10579,5.53390909090909,6.01357833037651,0.479669239467423
