Time_hours,DO_observed,DO_simulated,Residuals
0,8.41272727272727,8.41272727272727,0
1,8.50116666666667,8.39223377851331,-0.108932888153364
2,8.47166666666667,8.37238309588007,-0.0992835707865947
3,8.44191666666667,8.35309954600468,-0.0888171206619894
4,8.33975,8.33454159426217,-0.00520840573783232
5,8.23633333333333,8.31686045292807,0.0805271195947377
6,8.13991666666667,8.3002000811784,0.160283414511728
7,8.122,8.28471854361187,0.162718543611874
8,8.10583333333333,8.27040750496043,0.164574171627097
9,8.09366666666667,8.25715958040055,0.163492913733876
10,8.05358333333333,8.24487231260912,0.191288979275789
11,8.00283333333333,8.23344817176344,0.230614838430109
12,7.991,8.22279455554118,0.231794555541178
13,8.01258333333333,8.21282378912042,0.200240455787087
14,8.06516666666667,8.20345312517963,0.138286458512962
15,8.15458333333333,8.19460474389769,0.0400214105643588
16,8.26366666666667,8.18620575295385,-0.0774609137128142
17,8.27583333333333,8.17818818752779,-0.0976451458055383
18,8.338,8.17048901029956,-0.167510989700441
19,8.37933333333334,8.16305011144961,-0.216283221883733
20,8.45775,8.15581830865879,-0.30193169134121
21,8.53125,8.14874534710835,-0.382504652891646
22,8.59616666666667,8.14178789947994,-0.454378767186729
23,8.64016666666667,8.13490756595559,-0.505259100711077
24,8.7,8.12807087421774,-0.57192912578226
25,8.79466666666667,8.12136991044807,-0.673296756218598
26,8.83208333333333,8.11493506622936,-0.717148267103974
27,8.82566666666667,8.10876211564581,-0.716904551020857
28,8.78141666666667,8.10284600156534,-0.678570665101333
29,8.68025,8.09718106832842,-0.583068931671583
30,8.55425,8.09176106174813,-0.462488938251871
31,8.48383333333333,8.08657912911015,-0.397254204223177
32,8.41575,8.08162781917276,-0.334122180827242
33,8.38116666666667,8.07689908216681,-0.304267584499861
34,8.36425,8.07238426979576,-0.291865730204236
35,8.34516666666667,8.06807413523567,-0.277092531430995
36,8.322,8.06395883313519,-0.25804116686481
37,8.27391666666667,8.06002791961555,-0.213888747051122
38,8.16441666666667,8.05627035227059,-0.108146314396082
39,8.04966666666667,8.05267449016674,0.00300782350006479
40,7.97516666666667,8.04922809384302,0.0740614271763462
41,7.79525,8.04591832531105,0.250668325311049
42,7.64683333333333,8.04273174805505,0.395898414721715
43,7.65566666666667,8.03965432703181,0.383987660365142
44,7.69925,8.03667142867075,0.337421428670749
45,7.71208333333333,8.03376782087385,0.321684487540522
46,7.72016666666667,8.03092767301571,0.310761006349039
47,7.65908333333333,8.0281345559435,0.369051222610175
48,7.61066666666667,8.02537144197702,0.414704775310347
49,7.60633333333333,8.02262070490861,0.416287371575285
50,7.63258333333333,8.01986412000327,0.387280786669938
51,7.60941666666667,8.01726973564547,0.407853068978795
52,7.60166666666667,8.01501796539757,0.413351298730904
53,7.62258333333333,8.01306105014905,0.390477716815716
54,7.67791666666667,8.01135374850922,0.333437081842552
55,7.72525,8.00985369279439,0.284603692794389
56,7.75216666666667,8.00852138902778,0.256354722361109
57,7.73691666666667,8.00732021693958,0.270403550272913
58,7.65416666666667,8.00621642996693,0.352049763300259
59,7.56358333333333,8.00517915525391,0.441595821920576
60,7.52325,8.00418039365154,0.480930393651541
61,7.46725,8.00319501971782,0.535945019717818
62,7.507,8.00220078171767,0.495200781717667
63,7.50625,8.00117830162297,0.494928301622966
64,7.55583333333333,8.00011107511254,0.444277741779213
65,7.65141666666667,7.99898547157218,0.347568804905506
66,7.78758333333333,7.99779073409459,0.210207400761259
67,7.93508333333333,7.99651897947946,0.0614356461461307
68,8.06291666666667,7.99516519823341,-0.067751468433257
69,8.177,7.99372725457002,-0.183272745429981
70,8.21266666666667,7.9922058864098,-0.220460780256872
71,8.234,7.99060470538023,-0.243395294619773
72,8.30041666666667,7.98893019681572,-0.311486469850949
73,8.35375,7.98719171975765,-0.366558280242346
74,8.32833333333333,7.98540150695434,-0.342931826378991
75,8.27108333333333,7.98357466486104,-0.287508668472285
76,8.20325,7.98172917363999,-0.221520826360012
77,8.10725,7.97988588716033,-0.127364112839667
78,8.052,7.9780685329982,-0.0739314670018034
79,8.0285,7.97630371243664,-0.0521962875633619
80,7.95866666666667,7.97462090046567,0.0159542337989995
81,7.89233333333333,7.97305244578226,0.0807191124489259
82,7.79283333333333,7.9716335707903,0.178800237456973
83,7.69008333333333,7.97040237160067,0.280319038267343
84,7.58108333333333,7.96939981803117,0.388316484697842
85,7.42583333333333,7.9686638685164,0.542830535183065
86,7.41091666666667,7.96818793552303,0.557271268856363
87,7.46033333333333,7.96794571545577,0.507612382122438
88,7.49891666666667,7.96791210824579,0.468995441579123
89,7.52916666666667,7.9680632150363,0.438896548369629
90,7.57558333333333,7.96837633818248,0.392793004849148
91,7.67533333333333,7.96882998125152,0.293496647918185
92,7.9085,7.9694038490226,0.0609038490226004
93,8.07375,7.97007884748692,-0.103671152513083
94,8.083,7.97083708384765,-0.112162916152352
95,8.07841666666667,7.97166186651998,-0.106754800146692
96,8.07333333333333,7.97253770513109,-0.100795628202246
97,7.79891666666667,7.97345031052015,0.174533643853479
98,7.41825,7.97438659473835,0.556136594738346
99,7.27266666666667,7.97533467104885,0.702668004382182
100,7.28966666666667,7.97628385392684,0.686617187260172
101,7.28933333333333,7.97722465905949,0.687891325726158
102,7.2675,7.97814880334596,0.71064880334596
103,7.25641666666667,7.97904920489743,0.722632538230759
104,7.20791666666667,7.97991998303706,0.77200331637039
105,7.11933333333333,7.98075645830002,0.861423124966691
106,6.93783333333333,7.98155515243348,1.04372181910015
107,6.78166666666667,7.98231378839659,1.20064712172992
108,6.76191666666667,7.98303129036052,1.22111462369385
109,6.75383333333333,7.98370778370843,1.2298744503751
110,6.787,7.98434459503548,1.19734459503548
111,6.83783333333333,7.98494425214881,1.14711091881548
112,6.929,7.9855104840676,1.0565104840676
113,7.04341666666667,7.98604822102299,0.942631554356317
114,7.11191666666667,7.98656359445813,0.874646927791456
115,7.20908333333333,7.98706393702817,0.777980603694839
116,7.33025,7.98755778260027,0.657307782600265
117,7.45633333333333,7.98805486625356,0.531721532920229
118,7.5965,7.9885661242792,0.392066124279197
119,7.74091666666667,7.98910369418032,0.248187027513653
120,7.83008333333333,7.98968091467208,0.159597581338749
121,7.868,7.99031232568161,0.122312325681606
122,7.83408333333333,7.99101366834804,0.156930335014713
123,7.76941666666667,7.99180188502253,0.222385218355859
124,7.69316666666667,7.9926951192682,0.299528452601526
125,7.63641666666667,7.99371271586018,0.357296049193513
126,7.58625,7.99487522078562,0.40862522078562
127,7.52358333333333,7.99620438124364,0.472621047910307
128,7.47833333333333,7.99772314564537,0.519389812312037
129,7.43858333333333,7.99945566361393,0.560872330280604
130,7.42508333333334,8.00142728598447,0.576343952651129
131,7.44208333333333,8.00366456480409,0.561581231470762
132,7.52116666666667,8.00619525333193,0.485028586665261
133,7.62041666666667,8.0090483060391,0.388631639372433
134,7.70775,8.01225387860873,0.304503878608732
135,7.74966666666667,8.01584332793593,0.266176661269263
136,7.77825,8.01981146804625,0.241561468046253
137,7.79466666666667,8.02372056911466,0.229053902447989
138,7.83858333333333,8.02744499188267,0.188861658549338
139,7.84783333333333,8.03099516436924,0.18316183103591
140,7.8665,8.03438125704785,0.167881257047847
141,7.87825,8.03761318284645,0.159363182846454
142,7.92616666666666,8.04070059714754,0.114533930480876
143,7.90516666666667,8.04365289778807,0.1384862311214
144,7.90233333333333,8.04647922505953,0.144145891726203
145,7.85775,8.04918846170791,0.191438461707913
146,7.80116666666667,8.0517892329337,0.250622566267027
147,7.71425,8.05428990639187,0.340039906391871
148,7.64291666666667,8.05669859219193,0.413781925525262
149,7.578,8.05902314289788,0.481023142897878
150,7.54016666666667,8.06127115352821,0.521104486861539
151,7.55975,8.06344996155593,0.503699961555928
152,7.56158333333333,8.06556664690854,0.503983313575215
153,7.54366666666667,8.06762803196807,0.5239613653014
154,7.57983333333333,8.06964068157102,0.489807348237688
155,7.59825,8.07161090300841,0.473360903008405
156,7.6005,8.07354474602576,0.473044746025758
157,7.63658333333333,8.0754480028231,0.438864669489766
158,7.64375,8.07732620805495,0.433576208054952
159,7.68833333333333,8.07918463883036,0.390851305497026
160,7.73616666666667,8.08102831471284,0.34486164804617
161,7.8395,8.08286199772045,0.24336199772045
162,7.96533333333333,8.08469019232572,0.119356858992392
163,8.094,8.0865171454557,-0.00748285454429443
164,8.19041666666667,8.08834684649195,-0.102069820174721
165,8.25016666666667,8.0901830272705,-0.159983639396168
166,8.29283333333333,8.09202916208192,-0.200804171251406
167,8.29316666666667,8.09388846767128,-0.199278198995394
168,8.3045,8.09576390323812,-0.208736096761884
169,8.33808333333333,8.09765817043652,-0.240425162896814
170,8.37725,8.09957371337504,-0.27767628662496
171,8.4,8.10151271861677,-0.298487281383235
172,8.37266666666667,8.10347711517927,-0.269189551487401
173,8.28808333333333,8.10546857453463,-0.182614758798699
174,8.1845,8.10765201078594,-0.0768479892140572
175,8.05291666666667,8.11017043443454,0.0572537677678664
176,7.95958333333333,8.112982362952,0.153399029618673
177,7.87783333333333,8.11604783970136,0.238214506368026
178,7.82333333333333,8.11932845453123,0.295995121197902
179,7.812,8.12278734377589,0.310787343775892
180,7.81225,8.12638919025522,0.314139190255223
181,7.82858333333333,8.13010022327474,0.301516889941406
182,7.86458333333333,8.13388821862557,0.269304885292236
183,7.94833333333333,8.13772249858447,0.189389165251144
184,8.03716666666667,8.14157393191384,0.104407265247172
185,8.1725,8.14541493386168,-0.0270850661383193
186,8.33991666666667,8.14921946616162,-0.190697200505047
187,8.462,8.15296303703293,-0.309036962967072
188,8.52166666666667,8.15662270118048,-0.365043965486191
189,8.5505,8.16017705979478,-0.390322940205216
190,8.54575,8.16360626055197,-0.382143739448029
191,8.58716666666667,8.1668919976138,-0.420274669052869
192,8.74616666666667,8.17001751162765,-0.576149155039017
193,8.81125,8.17296758972653,-0.638282410273465
194,8.94616666666666,8.17572856552907,-0.770438101137588
195,9.01783333333333,8.17828831913952,-0.839545014193806
196,8.94566666666667,8.18063627714777,-0.7650303895189
197,8.4515,8.18276341262931,-0.268736587370688
198,7.90241666666667,8.18466224514528,0.28224557847861
199,7.49808333333333,8.18632684074243,0.688243507409096
200,7.52616666666667,8.18775281195313,0.661586145286458
201,7.74075,8.18893731779539,0.448187317795391
202,7.99241666666667,8.18987906377284,0.197462397106169
203,8.08991666666667,8.19057830187472,0.100661635208054
204,7.9995,8.19103683057592,0.191536830575923
205,7.79941666666667,8.19125799483694,0.391841328170266
206,7.74141666666667,8.19124668610389,0.449830019437218
207,7.84816666666667,8.19100934230853,0.342842675641861
208,7.944,8.19055394786824,0.246553947868237
209,7.979,8.18989003368601,0.210890033686005
210,7.95858333333333,8.18902867715046,0.230445343817129
211,7.89366666666667,8.1880440100967,0.294377343430027
212,7.913,8.18714959056404,0.274149590564038
213,7.98925,8.18632947688087,0.197079476880871
214,8.00733333333333,8.18554877760026,0.178215444266929
215,7.9545,8.18477520557438,0.230275205574377
216,7.81766666666667,8.18397907795451,0.366312411287843
217,7.72133333333333,8.18313331619107,0.461799982857741
218,7.56833333333333,8.18221344603357,0.613880112700237
219,7.42375,8.18119759753063,0.757447597530627
220,7.29225,8.18006650503,0.887816505029998
221,7.25733333333333,8.17880350717854,0.921470173845208
222,7.24,8.17739454692221,0.937394546922212
223,7.24375,8.17582817150611,0.932078171506108
224,7.27983333333333,8.17409553247442,0.894262199141093
225,7.34491666666667,8.17219038567047,0.827273719003797
226,7.39141666666667,8.17010909123666,0.778692424569995
227,7.41008333333333,8.16785061361455,0.757767280281223
228,7.43016666666667,8.16541652154478,0.735249854878115
229,7.43091666666667,8.16281098806713,0.731894321400455
230,7.43391666666667,8.16004079052045,0.726124123853785
231,7.441,8.15711531054276,0.716115310542762
232,7.4685,8.15404653407116,0.685546534071157
233,7.50208333333333,8.15084905134185,0.648765718008525
234,7.56041666666667,8.14754005689019,0.587123390223521
235,7.65066666666667,8.14413934955061,0.493472682883942
236,7.72841666666667,8.14066933245668,0.412252665790009
237,7.80233333333333,8.13715501304106,0.334821679707733
238,7.9115,8.13362400303555,0.222124003035551
239,7.9615,8.13010651847105,0.168606518471049
240,8.03341666666667,8.12663537967757,0.0932187130108968
241,8.06025,8.12324601128423,0.0629960112842323
242,8.05283333333333,8.11997644221929,0.0671431088859595
243,8.00391666666667,8.11686730571009,0.112950639043421
244,7.94641666666667,8.11396183928311,0.167545172616437
245,7.89816666666667,8.11130588476392,0.213139218097249
246,7.8275,8.10894788827722,0.281447888277223
247,7.76108333333333,8.10693890024683,0.345855566913498
248,7.75025,8.10533257539566,0.355082575395657
249,7.754,8.10418517274575,0.350185172745748
250,7.76266666666667,8.10355555561825,0.340888888951579
251,7.75775,8.10350519163342,0.345755191633422
252,7.74158333333333,8.10409815271065,0.362514819377318
253,7.69891666666667,8.10540111506842,0.406484448401746
254,7.6375,8.10700020864554,0.469500208645537
255,7.62658333333333,8.10835450345279,0.481771170119461
256,7.65675,8.10948788360028,0.452737883600283
257,7.73691666666667,8.11042426698287,0.373507600316203
258,7.77125,8.11118635931311,0.339936359313111
259,7.82158333333333,8.11179565412123,0.290212320787897
260,7.84816666666667,8.11227243275514,0.264105766088472
261,7.87158333333333,8.11263576438047,0.241052431047136
262,7.90575,8.11290350598049,0.207153505980489
263,7.94816666666667,8.11309230235619,0.164925635689523
264,8.03075,8.11321758612624,0.0824675861262438
265,8.07966666666667,8.11329357772699,0.033626911060324
266,8.08325,8.11333328541248,0.0300832854124842
267,8.02541666666667,8.11334850525444,0.087931838587771
268,7.9485,8.11334982114228,0.164849821142277
269,7.84583333333333,8.11334660478309,0.267513271449763
270,7.7595,8.11334701570168,0.353847015701676
271,7.66191666666667,8.1133580012405,0.451441334573826
272,7.59491666666667,8.11338529655971,0.518468629893045
273,7.535,8.11343342463718,0.578433424637177
274,7.48983333333333,8.11350569626842,0.623672362935089
275,7.44775,8.11360421006666,0.665854210066656
276,7.43008333333333,8.1137298524628,0.683646519129467
277,7.41383333333333,8.11388229770543,0.700048964372104
278,7.42591666666667,8.11406000786084,0.688143341194174
279,7.45708333333333,8.114260232813,0.657176899479666
280,7.55275,8.11447901026354,0.561729010263541
281,7.67225,8.11471116573182,0.442461165731817
282,7.83608333333333,8.11495031255485,0.278866979221523
283,8.01341666666667,8.11518885188736,0.101772185220689
284,8.11791666666667,8.11541797270174,-0.00249869396493452
285,8.15175,8.11562765178806,-0.0361223482119364
286,8.18566666666667,8.11580665375412,-0.0698600129125477
287,8.18466666666667,8.11594253102536,-0.0687241356413058
288,8.22916666666667,8.11602162384494,-0.113145042821731
289,8.27841666666666,8.11602906027368,-0.162387606392983
290,8.34658333333334,8.1159487561901,-0.230634577143244
291,8.36858333333333,8.1157634152904,-0.252819918042926
292,8.31,8.11545452908849,-0.19454547091151
293,8.19408333333333,8.11501321170883,-0.0790701216244951
294,8.0375,8.11451321846639,0.0770132184663943
295,7.88241666666667,8.11397771847572,0.23156105180905
296,7.775,8.11341300449411,0.338413004494114
297,7.67325,8.11282514085411,0.439575140854115
298,7.58491666666667,8.1122199634635,0.527303296796825
299,7.521,8.11160307980527,0.590603079805265
300,7.51,8.11097986893768,0.600979868937676
301,7.59983333333333,8.11035548149421,0.510522148160882
302,7.71633333333333,8.10973483968359,0.393401506350261
303,7.84616666666667,8.10912263728978,0.262955970623106
304,7.9995,8.10852333967196,0.10902333967196
305,8.1355,8.10794118376457,-0.0275588162354268
306,8.2715,8.10738017807729,-0.164119821922712
307,8.37108333333333,8.10684410269501,-0.264239230638324
308,8.46466666666667,8.10633650927787,-0.358330157388799
309,8.55475,8.10586072106126,-0.44888927893874
310,8.60458333333333,8.10541983285579,-0.499163500477538
311,8.62433333333333,8.10501671104732,-0.519316622286013
312,8.64541666666667,8.10465399359693,-0.540762673069743
313,8.6775,8.10433409004094,-0.573165909959057
314,8.748,8.10405918149093,-0.643940818509069
315,8.78033333333333,8.10383122063369,-0.676502112699641
316,8.76783333333333,8.10365193173125,-0.664181401602077
317,8.66141666666667,8.1035228106209,-0.557893856045771
318,8.56025,8.10344512471513,-0.456804875284869
319,8.43041666666667,8.1034199130017,-0.326996753664968
320,8.30075,8.10344798604359,-0.197302013956412
321,8.18741666666667,8.10352992597902,-0.0838867406876531
322,8.10316666666667,8.10366608652144,0.000499419854769201
323,8.02475,8.10385659295955,0.0791065929595511
324,7.98566666666667,8.10410134215728,0.118434675490612
325,7.95483333333333,8.1044000025538,0.149566669220469
326,7.93916666666667,8.10475201416351,0.165585347496836
327,7.97058333333333,8.10515658857604,0.134573255242712
328,7.97916666666667,8.10561270895629,0.126446042289617
329,8.04308333333333,8.10611913004435,0.0630357967110236
330,8.1575,8.10667437815559,-0.0508256218444085
331,8.25041666666667,8.10727675118059,-0.14313991548608
332,8.33816666666667,8.10792431858517,-0.230242348081497
333,8.3925,8.1086149214104,-0.283885078589599
334,8.3925,8.10934617227257,-0.283153827727428
335,8.41491666666667,8.11011545536322,-0.304801211303449
336,8.41375,8.11091992644912,-0.302830073550883
337,8.54791666666667,8.11175651287227,-0.436160153794397
338,8.6555,8.11262191354993,-0.542878086450072
339,8.67841666666667,8.11351259897457,-0.564904067692103
340,8.65858333333333,8.11442481121391,-0.544158522119423
341,8.56333333333333,8.11535456391091,-0.447978769422424
342,8.4495,8.11629764228375,-0.333202357716248
343,8.3415,8.11724960312588,-0.224250396874123
344,8.25858333333333,8.11820577480594,-0.140377558527387
345,8.21825,8.11916125726786,-0.0990887427321443
346,8.15875,8.12011092203075,-0.0386390779692487
347,8.11716666666667,8.121049412189,0.00388274552233447
348,8.08566666666667,8.12197114241223,0.0363044757455597
349,8.05775,8.12287029894528,0.0651202989452777
350,8.08816666666667,8.12374083960823,0.035574172941562
351,8.05625,8.12457649379641,0.0683264937964143
352,8.06791666666667,8.12537076248039,0.057454095813716
353,8.164,8.12611691820594,-0.037883081794055
354,8.261,8.12680800509412,-0.134191994905878
355,8.36683333333333,8.12743683884118,-0.239396494492146
356,8.46633333333333,8.12799600671864,-0.338337326614687
357,8.51258333333333,8.12847786757324,-0.384105465760092
358,8.56708333333333,8.12887455182695,-0.438208781506377
359,8.62766666666667,8.129177961477,-0.49848870518967
360,8.66441666666667,8.12937977009583,-0.535036896570835
361,8.71608333333333,8.12947142283115,-0.586611910502182
362,8.74775,8.12944413640587,-0.618305863594133
363,8.75383333333333,8.12928889911815,-0.624544434215174
364,8.72308333333334,8.12899647084141,-0.594086862491929
365,8.62916666666667,8.12855738302428,-0.500609283642394
366,8.50883333333333,8.12796193869062,-0.38087139464271
367,8.40541666666667,8.12720021243956,-0.278216454227113
368,8.30266666666667,8.1264778007727,-0.176188865893973
369,8.25225,8.12614363988491,-0.126106360115093
370,8.13766666666667,8.12608127089404,-0.0115853957726308
371,8.0375,8.12617476475799,0.0886747647579949
372,7.96741666666667,8.12632125747477,0.158904590808104
373,7.97375,8.12643095008249,0.152680950082492
374,7.997,8.12642710865936,0.129427108659357
375,8.03533333333333,8.12624606432368,0.0909127309903539
376,8.14158333333333,8.12583721323389,-0.015746120099438
377,8.25925,8.1251630165885,-0.134086983411498
378,8.39358333333333,8.12419900062614,-0.269384332707192
379,8.49175,8.12293375662553,-0.368816243374468
380,8.57666666666667,8.12136894090551,-0.455297725761158
381,8.65208333333333,8.11951927482501,-0.532564058508315
382,8.69858333333333,8.11741254478308,-0.581170788550251
383,8.77716666666667,8.11508960221885,-0.662077064447823
384,8.82858333333333,8.11260436361156,-0.715978969721768
385,8.8965,8.11002381048058,-0.786476189519425
386,8.9125,8.10742798938534,-0.805072010614664
387,8.90825,8.1049100119254,-0.803339988074601
388,8.84108333333333,8.10257605474043,-0.738507278592902
389,8.71158333333333,8.10054595947019,-0.611037373863144
390,8.55283333333333,8.09898225737711,-0.453851075956218
391,8.41733333333333,8.09783729107997,-0.319496042253361
392,8.28725,8.09697302893028,-0.190276971069718
393,8.2055,8.09626654365229,-0.109233456347711
394,8.158,8.09561001234295,-0.0623899876570544
395,8.11575,8.09491071647192,-0.0208392835280851
396,8.08491666666667,8.09409104188158,0.0091743752149096
397,8.08366666666667,8.09308847878703,0.00942181212036353
398,8.08833333333333,8.09185562177608,0.0035222884427526
399,8.10733333333333,8.09036016980925,-0.0169731635240815
400,8.16783333333333,8.08858492621976,-0.0792484071135657
401,8.2455,8.08652779871358,-0.158972201286419
402,8.33516666666667,8.08420179936936,-0.250964867297313
403,8.42966666666667,8.08163504463847,-0.348031622028202
404,8.517,8.078870755345,-0.438129244654997
405,8.57441666666667,8.07596725668576,-0.498449409980907
406,8.60475,8.07299797823026,-0.531752021769737
407,8.61508333333333,8.07005145392073,-0.545031879412596
408,8.6435,8.06723132207212,-0.576268677927883
409,8.70116666666667,8.06465632537207,-0.636510341294601
410,8.7645,8.06246031088096,-0.70203968911904
411,8.792,8.06076495085584,-0.731235049144157
412,8.80716666666667,8.05936335280316,-0.747803313863509
413,8.73191666666667,8.05813009883278,-0.673786567833892
414,8.63741666666667,8.05701081215535,-0.580405854511325
415,8.48258333333333,8.05595543193158,-0.42662790140175
416,8.34583333333333,8.05491821327227,-0.290915120061056
417,8.25608333333333,8.05385772723828,-0.202225606095052
418,8.16833333333333,8.05273686084051,-0.115596472492815
419,8.12275,8.05152281703997,-0.0712271829600279
420,8.07816666666667,8.05018711474771,-0.0279795519189605
421,8.04408333333333,8.04870558882485,0.00462225549151896
422,8.00975,8.04705839008258,0.0373083900825772
423,8.00008333333333,8.04522998528216,0.0451466519488282
424,8.035,8.04320915713492,0.00820915713491743
425,8.081,8.04098900430224,-0.0400109956977577
426,8.16833333333333,8.0385669413956,-0.129766391937734
427,8.27325,8.0359446989765,-0.237305301023497
428,8.34175,8.03312832355656,-0.308621676443437
429,8.45658333333333,8.03012817759743,-0.426455155735898
430,8.55566666666667,8.02695893951084,-0.52870772715583
431,8.65383333333333,8.02363960365859,-0.630193729674742
432,8.764,8.02019348035253,-0.743806519647469
433,8.85875,8.01664819585461,-0.842101804145395
434,8.91975,8.01303569237681,-0.906714307623194
435,8.91616666666667,8.0093922280812,-0.906774438585469
436,8.87208333333333,8.00575837707992,-0.866324956253408
437,8.77008333333333,8.00217902943517,-0.767904303898163
438,8.64308333333333,7.9987033911592,-0.644379942174126
439,8.5275,7.99538498421437,-0.532115015785634
440,8.42025,7.99228164651306,-0.427968353486944
441,8.33516666666667,7.98945553191774,-0.345711134748929
442,8.25766666666667,7.98696438711961,-0.270702279547064
443,8.18116666666667,7.98441939273773,-0.19674727392894
444,8.106,7.98160984579835,-0.124390154201647
445,8.11008333333333,7.97857470818668,-0.131508625146648
446,8.07758333333333,7.97535100280124,-0.102232330532085
447,8.09133333333333,7.97197381355389,-0.119359519779439
448,8.13275,7.96847628536979,-0.164273714630212
449,8.194,7.96488962418743,-0.229110375812573
450,8.27325,7.96124309695862,-0.312006903041378
451,8.36708333333333,7.95756403164851,-0.409519301684824
452,8.44833333333333,7.95387781723553,-0.494455516097799
453,8.47733333333333,7.95020790371147,-0.527125429621857
454,8.52533333333333,7.94657580208143,-0.578757531251902
455,8.54058333333333,7.94300108436382,-0.597582248969514
456,8.5525,7.93950138359037,-0.612998616409627
457,8.60266666666667,7.93609239380616,-0.666574272860509
458,8.61091666666667,7.93278787006956,-0.678128796597112
459,8.60325,7.92959962845227,-0.673650371547731
460,8.53575,7.92653754603931,-0.609212453960686
461,8.43033333333334,7.92360956092904,-0.506723772404301
462,8.31308333333333,7.92082167223311,-0.392261661100219
463,8.20583333333333,7.91817794007651,-0.287655393256818
464,8.0835,7.91568048559756,-0.167819514402446
465,8.01158333333333,7.91332949094787,-0.0982538423854651
466,7.96275,7.91112319929239,-0.0516268007076066
467,7.9045,7.90905791480941,0.00455791480941059
468,7.89816666666667,7.90712800269051,0.00896133602383831
469,7.89633333333333,7.9053258891406,0.00899255580727054
470,7.90125,7.90364206137792,0.00239206137792181
471,7.917,7.90206506763403,-0.0149349323659731
472,7.97683333333333,7.90058151715379,-0.0762518161795382
473,8.1075,7.89917608019542,-0.208323919804585
474,8.20108333333333,7.89783148803042,-0.303251845302913
475,8.28675,7.89652853294363,-0.390221467056366
476,8.34933333333333,7.89524606823323,-0.4540872651001
477,8.40475,7.89396100821069,-0.510788991789314
478,8.47516666666667,7.89264832820081,-0.582518338465865
479,8.53916666666666,7.89128106454171,-0.647885602124947
480,8.64333333333333,7.88983031458485,-0.753503018748478
481,8.73,7.88826523669499,-0.841734763305007
482,8.80291666666667,7.88655305025022,-0.916363616416447
483,8.83883333333333,7.88465903564195,-0.954174297691382
484,8.7965,7.88254696833971,-0.913953031660289
485,8.65875,7.88035129042745,-0.778398709572551
486,8.48941666666667,7.87820959027123,-0.61120707639544
487,8.30291666666667,7.87613381029102,-0.426782856375651
488,8.17133333333333,7.87413472415439,-0.297198609178944
489,8.01666666666667,7.87222193677651,-0.144444729890155
490,7.95766666666667,7.8704038843202,-0.0872627823464667
491,7.85316666666667,7.86868783419586,0.015521167529192
492,7.82891666666667,7.86707988506151,0.0381632183948417
493,7.78725,7.86558496682278,0.0783349668227844
494,7.84466666666667,7.86420684063293,0.0195401739662593
495,7.85675,7.8629480988928,0.00619809889280187
496,7.9115,7.86181016525087,-0.0496898347491266
497,8.08975,7.86079329460323,-0.228956705396775
498,8.21883333333333,7.85989657309355,-0.358936760239777
499,8.32758333333333,7.85911791811317,-0.468465415220164
500,8.38008333333333,7.85845407830098,-0.521629255032351
501,8.45491666666667,7.85790063354353,-0.597016033123144
502,8.5685,7.85745199497495,-0.711048005025051
503,8.651,7.857101404977,-0.793898595022995
504,8.71875,7.85684093717906,-0.861909062820938
505,8.87525,7.8566614964581,-1.0185885035419
506,8.95483333333333,7.85655281893871,-1.09828051439462
507,8.93916666666667,7.8565034719931,-1.08266319467357
508,8.88208333333333,7.85650085424108,-1.02558247909225
509,8.75975,7.85653119555009,-0.903218804449913
510,8.54291666666667,7.85657955703516,-0.686337109631512
511,8.36458333333333,7.85662983105895,-0.507953502274383
512,8.2105,7.85666474123172,-0.353835258768278
513,8.09841666666667,7.85666584241136,-0.241750824255314
514,7.99108333333333,7.85661352070334,-0.134469812629987
515,7.93633333333333,7.85648699346078,-0.079846339872546
516,7.9245,7.85626430928439,-0.0682356907156061
517,7.92183333333333,7.8559223480225,-0.0659109853108317
518,7.94683333333333,7.85543682077104,-0.0913965125622926
519,7.98558333333333,7.85478226987356,-0.130801063459768
520,8.049,7.85393206892123,-0.195067931078765
521,8.1385,7.85285842275283,-0.285641577247169
522,8.27216666666667,7.85153236745474,-0.420634299211931
523,8.3925,7.84992377036096,-0.54257622963904
524,8.49266666666667,7.8480013300531,-0.644665336613565
525,8.52291666666667,7.8457325763604,-0.677184090306273
526,8.5825,7.84308387035968,-0.739416129640324
527,8.5895,7.84038370727775,-0.749116292722248
528,8.64708333333333,7.83802690324185,-0.809056430091484
529,8.72775,7.83596998837601,-0.89178001162399
530,8.75916666666667,7.83417109509258,-0.924995571574093
531,8.7445,7.83259087627307,-0.91190912372693
532,8.61858333333333,7.8311925052682,-0.78739082806513
533,8.48116666666666,7.82994167589787,-0.651224990768789
534,8.32133333333333,7.82880660245118,-0.492526730882152
535,8.19141666666667,7.82775801968641,-0.363658646980263
536,8.11033333333333,7.82676918283104,-0.283564150502293
537,8.01716666666667,7.82581586758173,-0.191350799084937
538,7.92666666666667,7.82487637010436,-0.101790296562315
539,7.85483333333333,7.82393150703396,-0.0309018262993748
540,7.79333333333333,7.82296461547477,0.029631282141442
541,7.82875,7.82196155300024,-0.006788446999761
542,7.85933333333333,7.82091069765298,-0.0384226356803516
543,7.90908333333333,7.81980294794481,-0.0892803853885242
544,7.95041666666667,7.81863172285672,-0.131784943809945
545,8.02258333333333,7.81739296183893,-0.205190371494397
546,8.1315,7.81608512481082,-0.315414875189185
547,8.28608333333333,7.81470919216095,-0.471374141172377
548,8.3575,7.81326866474711,-0.544231335252886
549,8.41616666666667,7.81176956389626,-0.604397102770413
550,8.42916666666667,7.81022043140454,-0.618946235262134
551,8.43508333333333,7.80863232953729,-0.626451003796037
552,8.46775,7.80701884102906,-0.660731158970941
553,8.532,7.80539606908356,-0.726603930916439
554,8.54491666666667,7.80378263737371,-0.741134029292956
555,8.56116666666667,7.80219969004162,-0.758966976625049
556,8.5265,7.80067089169858,-0.725829108301417
557,8.41741666666667,7.79922242742509,-0.618194239241581
558,8.28683333333334,7.79788300277082,-0.488950330562524
559,8.16608333333333,7.79668384375463,-0.369399489578695
560,8.0415,7.79565869686461,-0.245841303135391
561,7.95116666666667,7.79484382905799,-0.156322837608682
562,7.88866666666667,7.79427802776122,-0.0943886389054516
563,7.84416666666667,7.79400260086993,-0.0501640657967375
564,7.84491666666667,7.79406137674896,-0.0508552899177133
565,7.827,7.79450070423231,-0.0324992957676917
566,7.83358333333333,7.79536936046174,-0.0382139728715885
567,7.84758333333333,7.79634395473358,-0.0512393785997469
568,7.96441666666667,7.79709277914351,-0.167323887523162
569,8.07858333333333,7.79762052935927,-0.280962803974059
570,8.20758333333333,7.79793233616591,-0.409650997167421
571,8.33258333333333,7.79803376546574,-0.53454956786759
572,8.41316666666667,7.79793081827836,-0.615235848388307
573,8.462,7.79762993074066,-0.664370069259342
574,8.519,7.79713797410678,-0.721862025893216
575,8.577,7.79646225474819,-0.780537745251815
576,8.62658333333333,7.79561051415359,-0.830972819179745
577,8.664,7.79459092892899,-0.869409071071011
578,8.6785,7.79341211079768,-0.88508788920232
579,8.65991666666667,7.79208310660023,-0.867833560066444
580,8.59325,7.79061339829447,-0.802636601705525
581,8.456,7.78901290295556,-0.666987097044444
582,8.3235,7.78729197277588,-0.53620802722412
583,8.17066666666667,7.78546139506514,-0.385205271601533
584,8.03991666666667,7.7835323922503,-0.256384274416372
585,7.93958333333333,7.78151662187562,-0.158066711457709
586,7.85083333333333,7.77942617660264,-0.0714071567306949
587,7.84216666666666,7.77727358421016,-0.0648930824564991
588,7.82841666666667,7.77507180759429,-0.0533448590723768
589,7.84208333333333,7.77283424476841,-0.06924908856492
590,7.8545,7.77057472886317,-0.0839252711368283
591,7.89608333333333,7.76830752812652,-0.127775805206813
592,8.00458333333333,7.76604734592367,-0.238535987409662
593,8.15616666666667,7.76380932073713,-0.392357345929543
594,8.3,7.76160902616668,-0.538390973833325
595,8.41041666666667,7.75946247092938,-0.650954195737286
596,8.48908333333333,7.75738609885959,-0.731697234473737
597,8.58216666666667,7.75539678890893,-0.826769877757737
598,8.71041666666667,7.75351185514631,-0.956904811520362
599,8.81333333333333,7.75174904675791,-1.06158428657542
600,8.91158333333333,7.75012654804721,-1.16145678528612
601,8.97775,7.74866297843497,-1.22908702156503
602,8.94541666666667,7.7473773924592,-1.19803927420747
603,8.89416666666667,7.74628927977523,-1.14787738689144
604,8.82133333333333,7.74541856515564,-1.07591476817769
605,8.67125,7.74478560849033,-0.92646439150967
606,8.50041666666667,7.74441046589551,-0.756006200771162
607,8.33075,7.74417560349188,-0.58657439650812
608,8.18366666666667,7.74397731131515,-0.439689355351518
609,8.05483333333333,7.74380555493792,-0.311027778395411
610,7.98316666666667,7.74365072554773,-0.239515941118941
611,7.92116666666667,7.7435036399471,-0.177663026719569
612,7.88275,7.74335554055352,-0.139394459446484
613,7.87066666666667,7.74319809539942,-0.127468571267255
614,7.88566666666667,7.74302339813221,-0.142643268534463
615,7.911,7.74282396801426,-0.168176031985739
616,7.93058333333333,7.74259274992291,-0.187990583410421
617,7.96533333333333,7.74232311435045,-0.223010218982882
618,7.9685,7.74200885740414,-0.226491142595862
619,8.01183333333333,7.7416442008062,-0.270189132527129
620,8.07175,7.74122379189382,-0.330526208106176
621,8.06733333333334,7.74074270361915,-0.326590629714184
622,8.04641666666667,7.74019643454931,-0.306220232117361
623,8.04633333333333,7.73958090886636,-0.306752424466973
624,8.058,7.73889247636734,-0.319107523632658
625,8.10625,7.73812791246426,-0.368122087535735
626,8.16475,7.73728441818409,-0.427465581815908
627,8.14858333333333,7.73635962016875,-0.412223713164579
628,8.12791666666667,7.73535157067513,-0.392565095991536
629,8.08058333333333,7.7342587475751,-0.346324585758234
630,8.08425,7.73308005435546,-0.351169945644545
631,8.06275,7.73181482011799,-0.330935179882005
632,8.07741666666667,7.73046279957946,-0.346953867087211
633,8.07075,7.72902417307156,-0.341725826928445
634,8.04483333333333,7.72749954654096,-0.317333786792374
635,8.02208333333333,7.72588995154929,-0.296193381784035
636,8.03075,7.72419684527317,-0.30655315472683
637,8.03716666666667,7.72242211050414,-0.314744556162527
638,8.04741666666667,7.72056805564874,-0.326848611017933
639,8.07208333333333,7.71863741472844,-0.353445918604888
640,8.10625,7.71663334737971,-0.389616652620292
641,8.17575,7.71455943885395,-0.461190561146054
642,8.25775,7.71241970001754,-0.545330299982462
643,8.38683333333333,7.71022755369546,-0.676605779637874
644,8.50758333333333,7.70810865765865,-0.799474675674678
645,8.60925,7.70609045641285,-0.903159543587146
646,8.7195,7.70415877957761,-1.01534122042239
647,8.878,7.70230049180291,-1.17569950819709
648,9.01333333333333,7.70050349276917,-1.31282984056416
649,9.08733333333334,7.69875671718724,-1.3885766161461
650,9.07083333333333,7.6970501347984,-1.37378319853493
651,9.014,7.69537475037435,-1.31862524962565
652,8.87166666666667,7.69372260371725,-1.17794406294942
653,8.70383333333333,7.69208676965968,-1.01174656367365
654,8.56291666666667,7.69046135806464,-0.872455308602032
655,8.46158333333334,7.68884151382557,-0.772741819507769
656,8.38633333333333,7.68722341686635,-0.699109916466975
657,8.3445,7.68560428214129,-0.658895717858707
658,8.34675,7.68398235963513,-0.662767640364873
659,8.35141666666667,7.68235693436303,-0.669059732303644
660,8.37633333333333,7.68072832637059,-0.695605006962735
661,8.3765,7.67909789073387,-0.697402109266132
662,8.41425,7.67746801755931,-0.736781982440687
663,8.44366666666667,7.67584213198383,-0.767824534682841
664,8.52633333333334,7.67422469417475,-0.852108639158589
665,8.5695,7.67262119932984,-0.896878800670159
666,8.62533333333333,7.6710381776773,-0.954295155656033
667,8.67608333333333,7.66948319447575,-1.00660013885758
668,8.73658333333333,7.66796485001425,-1.06861848331908
669,8.83775,7.66649277961231,-1.17125722038769
670,8.9425,7.66507765361984,-1.27742234638016
671,9.03833333333333,7.6637311774172,-1.37460215591613
672,9.09441666666667,7.66246609141519,-1.43195057525148
673,9.11991666666667,7.66129617105502,-1.45862049561165
674,9.07808333333333,7.66023622680835,-1.41784710652498
675,8.96116666666667,7.65930210417727,-1.3018645624894
676,8.80258333333333,7.6585106836943,-1.14407264963903
677,8.5905,7.65787988092238,-0.932620119077617
678,8.42916666666667,7.65742864645491,-0.771738020211762
679,8.31258333333333,7.65717696591569,-0.65540636741764
680,8.23816666666667,7.65714585995898,-0.58102080670769
681,8.18966666666667,7.6570836859983,-0.532582980668365
682,8.18691666666667,7.65650227598806,-0.530414390678614
683,8.179,7.65548656008724,-0.523513439912765
684,8.2055,7.65413193778973,-0.551368062210271
685,8.22883333333333,7.65252756844946,-0.57630576488387
686,8.256,7.65075637128038,-0.605243628719623
687,8.32041666666667,7.64889502535646,-0.671521641310212
688,8.39541666666667,7.64701396961171,-0.748402697054958
689,8.48183333333333,7.64517740284018,-0.836655930493155
690,8.56433333333333,7.64344328369592,-0.920890049637411
691,8.63933333333333,7.64186333069304,-0.997470002640289
692,8.71525,7.64048302220567,-1.07476697779433
693,8.813,7.63934159646795,-1.17365840353205
694,8.92716666666667,7.63847205157409,-1.28869461509258
695,8.99825,7.63790114547829,-1.36034885452171
696,9.09708333333333,7.6376493959948,-1.45943393733853
697,9.09433333333333,7.6377310807979,-1.45660225253543
698,9.06758333333334,7.63815423742189,-1.42942909591145
699,9.0075,7.63892066326112,-1.36857933673889
700,8.86175,7.64002591556993,-1.22172408443007
701,8.70725,7.64145931146273,-1.06579068853727
702,8.54133333333333,7.64320392791395,-0.898129405419381
703,8.43258333333333,7.64523660175803,-0.787346731575297
704,8.32741666666667,7.64752792968947,-0.679888736977201
705,8.27933333333333,7.65004226826277,-0.629291065070563
706,8.24566666666667,7.65273773389248,-0.592928932774194
707,8.25775,7.65556620285316,-0.602183797146835
708,8.27075,7.65847331127944,-0.612276688720561
709,8.30675,7.66139845516593,-0.645351544834071
710,8.3615,7.6642747903673,-0.697225209632703
711,8.38366666666666,7.66702923259824,-0.716637434068423
712,8.44616666666667,7.66958245743347,-0.776584209233204
713,8.50175,7.67184890030774,-0.829901099692258
714,8.55983333333333,7.67373675651584,-0.886096576817489
715,8.61116666666667,7.67514798121258,-0.936018685454094
716,8.71075,7.67597828941279,-1.03477171058721
717,8.81075,7.67611715599134,-1.13463284400866
718,8.91166666666667,7.67549877554393,-1.23616789112275
719,8.99325,7.67487748086965,-1.31837251913035
720,9.089,7.67450835384985,-1.41449164615015
721,9.1325,7.67435087446177,-1.45814912553823
722,9.09841666666667,7.67436728901111,-1.42404937765556
723,9.02016666666667,7.67452261013203,-1.34564405653464
724,8.87966666666667,7.67478461678712,-1.20488204987955
725,8.73666666666667,7.67512385426746,-1.06154281239921
726,8.61758333333333,7.67551363419255,-0.942069699140785
727,8.55758333333333,7.67593003451036,-0.881653298822968
728,8.47266666666667,7.67635189949733,-0.796314767169342
729,8.41708333333334,7.67676083975832,-0.740322493575015
730,8.433,7.67714123222668,-0.755858767773315
731,8.41891666666667,7.6774802201642,-0.741436446502474
732,8.45125,7.6777677131611,-0.773482286838901
733,8.43625,7.67799638713609,-0.758253612863905
734,8.45541666666667,7.67816168433633,-0.777254982330339
735,8.49625,7.67826181333741,-0.817988186662586
736,8.54875,7.67829774904341,-0.870452250956594
737,8.63875,7.67827323268682,-0.96047676731318
738,8.70916666666667,7.67819477182863,-1.03097189483804
739,8.78958333333333,7.67807164035825,-1.11151169297508
740,8.92366666666667,7.67791587849356,-1.24575078817311
741,9.06166666666667,7.6777422927809,-1.38392437388577
742,9.28483333333333,7.67756845609505,-1.60726487723828
743,9.376,7.67741470763926,-1.69858529236074
744,9.51025,7.67730415294521,-1.83294584705479
745,9.53375,7.67726266387307,-1.85648733612693
746,9.50658333333333,7.67731887861143,-1.8292644547219
747,9.3855,7.67750420167735,-1.70799579832265
748,9.20691666666667,7.67785280391635,-1.52906386275032
749,9.02133333333333,7.6784016225024,-1.34293171083093
750,8.86991666666667,7.67919036093792,-1.19072630572875
751,8.75491666666667,7.68026148905378,-1.07465517761289
752,8.69075,7.68166024301349,-1.00908975698651
753,8.67183333333333,7.68341920233501,-0.988414130998318
754,8.67816666666666,7.68550757609797,-0.992659090568687
755,8.67958333333333,7.68787904873542,-0.991704284597906
756,8.70733333333334,7.69048919343145,-1.01684413990189
757,8.71583333333333,7.69329547212118,-1.02253786121215
758,8.7795,7.69625723549078,-1.08324276450923
759,8.826,7.69933572297745,-1.12666427702255
760,8.88091666666667,7.70249406276945,-1.17842260389722
761,8.93541666666667,7.70569727180605,-1.22971939486062
762,8.95258333333333,7.70891225577759,-1.24367107755574
763,8.99383333333333,7.71210780912543,-1.2817255242079
764,9.019,7.71525461504198,-1.30374538495802
765,9.05558333333333,7.71832524547068,-1.33725808786265
766,9.06233333333333,7.72129416110602,-1.34103917222731
767,9.04891666666667,7.72413771139352,-1.32477895527315
768,9.01683333333333,7.72683413452975,-1.28999919880358
769,9.0005,7.72936355746231,-1.27113644253769
770,8.95733333333333,7.73170799588985,-1.22562533744348
771,8.91708333333333,7.73385135426205,-1.18323197907128
772,8.88941666666667,7.73577942577963,-1.15363724088703
773,8.85658333333333,7.73747989239437,-1.11910344093896
774,8.83575,7.73894232480906,-1.09680767519094
775,8.8445,7.74015818247755,-1.10434181752245
776,8.91391666666667,7.74112081360472,-1.17279585306195
777,8.78725,7.7418254551465,-1.0454245448535
778,8.58408333333333,7.74226923280984,-0.841814100523489
779,7.772,7.74245116105276,-0.0295488389472451
780,6.93708333333333,7.74237214308428,0.805288809750953
781,6.81725,7.74203497086451,0.92478497086451
782,7.11908333333333,7.74144432510455,0.622360991771223
783,7.51158333333333,7.74060677526658,0.229023441933248
784,7.58666666666667,7.73953077956379,0.152864112897118
785,7.71716666666667,7.73822668496042,0.0210600182937508
786,8.06133333333333,7.73670672717176,-0.324626606161568
787,8.31816666666667,7.73498503066413,-0.583181636002538
788,8.41016666666667,7.73307760865489,-0.677089058011779
789,8.432,7.73100236311244,-0.700997636887558
790,8.47208333333333,7.72877908475623,-0.743304248577105
791,8.48133333333333,7.72642945305672,-0.754903880276608
792,8.33033333333333,7.72397703623545,-0.606356297097879
793,8.15525,7.72144729126498,-0.433802708735024
794,8.042,7.71886756386889,-0.323132436131106
795,7.921,7.71626708852185,-0.204732911478153
796,7.83558333333333,7.71367698844951,-0.121906344883815
797,7.79175,7.71113027562862,-0.0806197243713846
798,7.76566666666667,7.70866185078691,-0.0570048158797585
799,7.75408333333333,7.7063085034032,-0.0477748299301304
800,7.82091666666667,7.70410891170732,-0.11680775495935
801,7.87425,7.70210364268015,-0.172146357319848
802,7.89716666666667,7.70033515205361,-0.196831514613056
803,7.97533333333333,7.69884778431066,-0.276485549022666
804,7.97733333333333,7.6976877726853,-0.279645560648028
805,8.00933333333333,7.69690323916257,-0.312430094170765
806,8.05375,7.69654419447853,-0.357205805521469
807,8.0535,7.69666253812032,-0.35683746187968
808,8.02966666666667,7.69731205832609,-0.332354608340582
809,8.01225,7.69854843208503,-0.313701567914968
810,8.01358333333333,7.70042922513739,-0.31315410819594
811,8.03658333333333,7.70301389197444,-0.333569441358891
812,8.07266666666667,7.70635001280184,-0.366316653864828
813,8.137,7.70996485732139,-0.427035142678609
814,8.24258333333333,7.71359339013831,-0.52898994319502
815,8.35758333333333,7.7172272206986,-0.640356112634732
816,8.3795,7.720858963467,-0.658641036533004
817,8.2785,7.724482237927,-0.554017762073004
818,8.153,7.72809166858084,-0.424908331419162
819,8.03808333333333,7.73168288494951,-0.306400448383818
820,7.94533333333333,7.73525252157275,-0.210080811760579
821,7.84908333333333,7.73879821800904,-0.110285115324289
822,7.76783333333333,7.74231861883561,-0.0255147144977164
823,7.7,7.74581337364845,0.0458133736484516
824,7.6365,7.74928313706228,0.112783137062282
825,7.58183333333333,7.75272956871058,0.17089623537725
826,7.53191666666667,7.75615533324557,0.224238666578905
827,7.50866666666667,7.75956410033824,0.250897433671565
828,7.47158333333333,7.76296054467829,0.291377211344956
829,7.49391666666667,7.76635034597419,0.272433679307524
830,7.493,7.76974018895318,0.276740188953178
831,7.55366666666667,7.7731377633612,0.219471096694534
832,7.62741666666667,7.77655176396298,0.149135097296315
833,7.72725,7.77999189054198,0.0527418905419825
834,7.81025,7.78346884790041,-0.0267811520995922
835,7.90091666666667,7.78699434585922,-0.113922320807451
836,8.06625,7.79058109925812,-0.275668900741879
837,8.18916666666667,7.79424282795557,-0.3949238387111
838,8.31616666666667,7.79799425682877,-0.5181724098379
839,8.42058333333333,7.80185111577367,-0.618732217559663
840,8.48175,7.80583013970496,-0.675919860295036
841,8.46266666666667,7.80994906855611,-0.652717598110566
842,8.42633333333333,7.81422664727929,-0.612106686054042
843,8.35533333333333,7.81868262584546,-0.536650707487874
844,8.27433333333333,7.8233377592443,-0.45099557408903
845,8.20966666666667,7.82821380748426,-0.381452859182413
846,8.1805,7.83333287339125,-0.347167126608754
847,8.16483333333333,7.83866370259631,-0.326169630737023
848,8.15383333333333,7.84414596708088,-0.309687366252454
849,8.17233333333333,7.84973663859193,-0.322596694741406
850,8.18408333333333,7.85539572703727,-0.328687606296058
851,8.18866666666667,7.86108628048556,-0.327580386181109
852,8.15908333333333,7.86677438516627,-0.29230894816706
853,8.15066666666667,7.87242916546971,-0.278237501196958
854,8.14383333333334,7.87802278394703,-0.265810549386309
855,8.14566666666667,7.88353044131021,-0.262136225356464
856,8.15266666666667,7.88893037643205,-0.263736290234622
857,8.18125,7.8942038663462,-0.287046133653799
858,8.23941666666667,7.89933522624714,-0.340081440419529
859,8.294125,7.90431180949018,-0.389813190509818
860,8.47316666666667,7.90912400759146,-0.564042659075206
861,8.60275,7.91376525022796,-0.688984749772036
862,8.70141666666667,7.91823200523749,-0.783184661429178
863,8.80783333333333,7.92252377861869,-0.885309554714635
864,8.86408333333333,7.92664311453104,-0.937440218802289
865,8.862,7.93059559529485,-0.931404404705154
866,8.81925,7.93438984139125,-0.884860158608753
867,8.74133333333333,7.93803751146222,-0.803295821871106
868,8.63541666666667,7.94155330231058,-0.693863364356088
869,8.52316666666667,7.94495494889996,-0.578211717766708
870,8.43208333333333,7.94826322435484,-0.483820108978488
871,8.37783333333333,7.95150193996052,-0.426331393372805
872,8.35858333333333,7.95469794516316,-0.403885388170175
873,8.3435,7.9578811275697,-0.385618872430296
874,8.35983333333333,7.96108441294798,-0.39874892038535
875,8.39508333333333,7.96434376522662,-0.430739568106707
876,8.40325,7.96769818649511,-0.435551813504894
877,8.44875,7.97118971700373,-0.477560282996267
878,8.52483333333333,7.97486343516365,-0.549969898169683
879,8.60291666666667,7.97876745754682,-0.624149209119855
880,8.70633333333333,7.98294651497441,-0.723386818358921
881,8.83491666666667,7.98676874041927,-0.848147926247396
882,8.98533333333333,7.98990385928692,-0.995429474046407
883,9.08775,7.99250662622893,-1.09524337377107
884,9.22558333333333,7.99472016386346,-1.23086316946987
885,9.38941666666667,7.9966759627753,-1.39274070389137
886,9.48666666666667,7.99849388151583,-1.48817278515084
887,9.51575,8.00028214660304,-1.51546785339696
888,9.4835,8.00213735252151,-1.48136264747849
889,9.41541666666667,8.00414446172244,-1.41127220494423
890,9.34641666666667,8.00637680462363,-1.34003986204304
891,9.26208333333333,8.00889607960947,-1.25318725372386
892,9.17633333333333,8.01175235303097,-1.16458098030236
893,9.08625,8.01498405920574,-1.07126594079426
894,9.06066666666667,8.01861800041798,-1.04204866624869
895,9.01541666666667,8.02266934691852,-0.992747319748148
896,9.04983333333333,8.02714163692478,-1.02269169640855
897,9.07408333333333,8.03202677662077,-1.04205655671256
898,9.12166666666667,8.03730504015712,-1.08436162650955
899,9.16458333333333,8.04294506965106,-1.12163826368227
900,9.20125,8.04890387518643,-1.15234612481357
901,9.24483333333333,8.05512683481367,-1.18970649851966
902,9.29458333333333,8.0615476945498,-1.23303563878353
903,9.31925,8.06808856837849,-1.25116143162151
904,9.36116666666667,8.07465993824997,-1.2865067284167
905,9.42575,8.0811606540811,-1.3445893459189
906,9.50325,8.08747793375534,-1.41577206624466
907,9.62175,8.09348736312274,-1.52826263687726
908,9.79358333333333,8.09905289599997,-1.69453043733336
909,9.93641666666667,8.10402685417029,-1.83238981249638
910,10.0978333333333,8.10824992738358,-1.98958340594972
911,10.20525,8.11155117335631,-2.09369882664369
912,10.24225,8.11374801777155,-2.12850198222845
913,10.1775833333333,8.11502713691247,-2.06255619642083
914,10.044,8.11656630870965,-1.92743369129036
915,9.87933333333333,8.11841393479398,-1.76091939853934
916,9.71891666666667,8.12051333215572,-1.59840333451095
917,9.57866666666667,8.1228112300599,-1.45585543660678
918,9.48783333333333,8.12525777004632,-1.36257556328701
919,9.41233333333333,8.12780650592962,-1.28452682740371
920,9.36825,8.1304144037992,-1.2378355962008
921,9.37108333333333,8.13304184201927,-1.23804149131406
922,9.428,8.13565261122883,-1.29234738877117
923,9.473,8.13821391434167,-1.33478608565833
924,9.48516666666667,8.1406963665464,-1.34447030012027
925,9.46666666666667,8.14307399530637,-1.3235926713603
926,9.42991666666667,8.14532424035978,-1.28459242630689
927,9.40258333333333,8.1474279537196,-1.25515537961373
928,9.40041666666666,8.14936939967359,-1.25104726699307
929,9.42816666666667,8.15113625478432,-1.27703041188235
930,9.48366666666667,8.15271960788913,-1.33094705877754
931,9.57183333333334,8.15411396010018,-1.41771937323316
932,9.66025,8.1553172248044,-1.5049327751956
933,9.73058333333333,8.15633072766355,-1.57425260566978
934,9.837,8.15715920661414,-1.67984079338586
935,9.90525,8.1578108118675,-1.7474391881325
936,9.92433333333334,8.15829710590976,-1.76603622742358
937,9.87216666666667,8.15863306350183,-1.71353360316484
938,9.8025,8.15883707167942,-1.64366292832058
939,9.69541666666667,8.15893092975302,-1.53648573691365
940,9.63108333333333,8.15893984930795,-1.47214348402538
941,9.60516666666667,8.15889245420428,-1.44627421246239
942,9.53166666666666,8.1588207805769,-1.37284588608975
943,9.33466666666667,8.1587602768355,-1.17590638983117
944,9.024,8.15874980366455,-0.865250196335445
945,8.79891666666667,8.15883020523641,-0.640086461430256
946,8.57641666666667,8.15898293045268,-0.41743373621399
947,8.36791666666666,8.15917674886353,-0.208739917803134
948,8.37783333333333,8.15939914974693,-0.2184341835864
949,8.5185,8.15963828237534,-0.358861717624656
950,8.70241666666667,8.1598829560157,-0.542533710650973
951,8.88341666666667,8.16012263992939,-0.723294026737278
952,9.02816666666667,8.16034746337231,-0.867819203294355
953,9.21666666666667,8.16054821559482,-1.05611845107185
954,9.36475,8.16071634584174,-1.20403365415826
955,9.51058333333333,8.16084396335238,-1.34973936998095
956,9.62858333333333,8.16092383736054,-1.46765949597279
957,9.62,8.16094939709447,-1.45905060290553
958,9.62225,8.1609147317769,-1.4613352682231
959,9.59766666666667,8.16081459062506,-1.43685207604161
960,9.5075,8.16064438285063,-1.34685561714937
961,9.45,8.16040017765978,-1.28959982234022
962,9.35441666666667,8.16007870425315,-1.19433796241352
963,9.15258333333333,8.15967735182585,-0.992905981507477
964,8.79158333333333,8.15919416956749,-0.632389163765838
965,8.62191666666667,8.15862786666213,-0.463288800004536
966,8.45166666666667,8.15797781228832,-0.293688854378349
967,8.27291666666667,8.15724403561908,-0.115672631047593
968,8.26833333333334,8.1564272258219,-0.111906107511436
969,8.356,8.15552873205877,-0.200471267941227
970,8.4875,8.15455056348613,-0.332949436513866
971,8.60841666666667,8.15349538925492,-0.454921277411755
972,8.65333333333333,8.15236653851052,-0.500966794822812
973,8.64708333333333,8.15116800039282,-0.495915332940505
974,8.63133333333333,8.14990442403618,-0.481428909297149
975,8.6575,8.14858111856943,-0.508918881430573
976,8.73416666666667,8.14720405311587,-0.586962613550805
977,8.82358333333333,8.14577985679328,-0.677803476540049
978,8.89358333333333,8.14431581871393,-0.749267514619401
979,8.93158333333333,8.14281988798455,-0.788763445348781
980,8.92141666666667,8.14130067370635,-0.780115992960319
981,8.89275,8.13976744497502,-0.75298255502498
982,8.77291666666667,8.13823013088072,-0.634686535785951
983,8.65766666666667,8.13669932050809,-0.520967346158578
984,8.49666666666667,8.13518626293625,-0.36148040373042
985,8.24816666666667,8.13370286723879,-0.114463799427883
986,8.116,8.13226170248377,0.016261702483769
987,8.10083333333333,8.13087599773374,0.0300426644004101
988,8.10041666666667,8.12955964204572,0.0291429753790506
989,8.12241666666667,8.12832718447121,0.00591051780453533
990,8.13925,8.12719383405617,-0.0120561659438323
991,8.11275,8.12617545984106,0.0134254598410557
992,8.1265,8.12528859086079,-0.00121140913920925
993,8.18766666666667,8.12455041614478,-0.0631162505218938
994,8.2385,8.12397878471689,-0.114521215283114
995,8.30158333333334,8.12359220559547,-0.177991127737867
996,8.34016666666667,8.12340984779337,-0.216756818873304
997,8.32275,8.12345154031787,-0.199298459682129
998,8.26883333333333,8.12369824360668,-0.145135089726653
999,8.21025,8.12379510677729,-0.0864548932227116
1000,8.21975,8.12367344010505,-0.09607655989495
1001,8.27966666666667,8.12335813272592,-0.156308533940754
1002,8.32516666666666,8.12287328449545,-0.202293382171215
1003,8.35241666666667,8.1222422059888,-0.230174460677869
1004,8.40791666666667,8.12148741850075,-0.286429248165918
1005,8.50033333333333,8.12063065404567,-0.379702679287655
1006,8.5535,8.11969285535754,-0.433807144642456
1007,8.52441666666667,8.11869417588994,-0.405722490776727
1008,8.47091666666667,8.11765397981607,-0.353262686850604
1009,8.39483333333334,8.1165908420287,-0.278242491304638
1010,8.30466666666667,8.11552254814025,-0.189144118526418
1011,8.21025,8.11446609448272,-0.0957839055172833
1012,8.13916666666667,8.11343768810771,-0.0257289785589592
1013,8.10241666666667,8.11245274678644,0.0100360801197734
1014,8.06266666666667,8.11152589900973,0.0488592323430641
1015,8.04366666666666,8.11067098398801,0.0670043173213486
1016,8.03183333333333,8.10990105165129,0.0780677183179641
1017,8.03216666666667,8.10922836264922,0.0770616959825539
1018,8.01475,8.10866438835104,0.09391438835104
1019,7.99916666666667,8.10821981084558,0.109053144178913
1020,7.96891666666667,8.1079045229413,0.138987856274634
1021,7.98441666666666,8.10772762816626,0.123310961499596
1022,7.9795,8.1076974407681,0.128197440768098
1023,7.96866666666667,8.10782148571409,0.139154819047424
1024,8.003,8.10810649869111,0.105106498691113
1025,8.045,8.10855842610563,0.0635584261056295
1026,8.09058333333333,8.10918242508372,0.0185990917503922
1027,8.09866666666667,8.10998286347107,0.0113161968044047
1028,8.32258333333333,8.11096331983298,-0.211620013500355
1029,8.20025,8.11212658345432,-0.0881234165456792
1030,8.33125,8.11347465433961,-0.217775345660392
1031,7.91675,8.11500874321294,0.198258743212943
1032,7.48433333333333,8.11672927151803,0.632395938184702
1033,7.31475,8.11863587141819,0.80388587141819
1034,7.41866666666667,8.12072738579634,0.702060719129667
1035,7.59225,8.12300737036413,0.53075737036413
1036,7.76991666666667,8.12553595454948,0.355619287882811
1037,7.88241666666667,8.12829124252973,0.245874575863058
1038,7.91983333333333,8.13122601101685,0.211392677683521
1039,7.94508333333333,8.13429644180714,0.189213108473811
1040,8.04341666666667,8.1374621217812,0.0940454551145287
1041,8.1545,8.14068604290395,-0.0138139570960547
1042,8.2225,8.14393460222461,-0.0785653977753906
1043,8.28908333333333,8.14717760187673,-0.141905731456596
1044,8.31441666666667,8.15038824907817,-0.164028417588495
1045,8.25883333333333,8.1535431561311,-0.105290177202228
1046,8.14591666666667,8.156622340422,0.0107056737553251
1047,8.09666666666667,8.15960922442165,0.0629425577549814
1048,8.15833333333333,8.16249063568518,0.00415730235184597
1049,8.1685,8.16525680685199,-0.00324319314800725
1050,8.18541666666667,8.16790137564583,-0.0175152910208354
1051,8.31108333333333,8.17042138487475,-0.140661948458582
1052,8.43966666666667,8.17281728243109,-0.266849384235575
1053,8.52908333333333,8.17509292129155,-0.353990412041785
1054,8.60216666666667,8.17725555951709,-0.424911107149583
1055,8.60716666666667,8.17931586025302,-0.427850806413652
1056,8.56591666666667,8.18128789172895,-0.384628774937719
1057,8.521,8.18318912725881,-0.337810872741189
1058,8.45125,8.18504044524084,-0.266209554759163
1059,8.4015,8.18686612915758,-0.214633870842425
1060,8.3885,8.18869386757589,-0.199806132424106
1061,8.40133333333334,8.19055475414697,-0.210778579186369
1062,8.45191666666667,8.19248328760629,-0.259433379060377
1063,8.53666666666667,8.19451737177366,-0.342149294893009
1064,8.58858333333333,8.1966983155532,-0.391885017780133
1065,8.61816666666667,8.19907083293332,-0.419095833733346
1066,8.65891666666667,8.20168304298679,-0.457233623679882
1067,8.68583333333333,8.20458646987064,-0.481246863462687
1068,8.7375,8.20783604282626,-0.529663957173744
1069,8.76291666666667,8.21149009617931,-0.551426570487362
1070,8.77833333333333,8.21561036933979,-0.56272296399354
1071,8.80425,8.22026200680201,-0.583987993197985
1072,8.806,8.2254614108592,-0.580538589140803
1073,8.82166666666667,8.23012845567304,-0.591538210993628
1074,8.87483333333333,8.23392045186917,-0.640912881464155
1075,8.934,8.23697757292394,-0.697022427076055
1076,9.00925,8.23942998396498,-0.769820016035018
1077,9.10766666666667,8.24139784177119,-0.86626882489548
1078,9.1675,8.24299129477274,-0.924508705227257
1079,9.1755,8.24431048305108,-0.931189516948915
1080,9.15591666666667,8.24544553833893,-0.910471128327737
1081,9.064,8.24647658402028,-0.817523415979721
1082,8.9375,8.24747373513039,-0.690026264869614
1083,8.83341666666667,8.24849709835579,-0.584919568310882
1084,8.77041666666667,8.24959677203429,-0.520819894632377
1085,8.73066666666667,8.25081284615498,-0.479853820511689
1086,8.72525,8.2521754023582,-0.4730745976418
1087,8.766,8.25370451393558,-0.512295486064421
1088,8.79391666666667,8.25541024583001,-0.538506420836658
1089,8.82866666666667,8.25729265463567,-0.571374012031004
1090,8.85683333333333,8.25934178859799,-0.597491544735345
1091,8.87241666666666,8.26153768761368,-0.610878979052979
1092,8.86641666666666,8.26385038323074,-0.602566283435921
1093,8.87616666666667,8.26623989864842,-0.609926768018251
1094,8.87316666666667,8.26865624871725,-0.604510417949422
1095,8.88408333333333,8.27103943993903,-0.613043893394302
1096,8.89458333333334,8.27331947046684,-0.621263862866504
1097,8.89766666666667,8.27541633010502,-0.622250336561651
1098,8.94541666666667,8.27724000030919,-0.668176666357477
1099,9.00383333333333,8.27869045418625,-0.725142879147075
1100,9.11158333333333,8.27965765649436,-0.831925676838969
1101,9.19091666666667,8.28002156364295,-0.910895103023716
1102,9.2665,8.27965212369274,-0.986847876307261
1103,9.2945,8.27921858740477,-1.01528141259523
1104,9.23433333333333,8.27943846390819,-0.954894869425138
1105,9.0785,8.28021945672116,-0.798280543278837
1106,8.93991666666667,8.28147437520996,-0.658442291456709
1107,8.84616666666667,8.28312116782775,-0.563045498838919
1108,8.76208333333333,8.28508292211457,-0.477000411218755
1109,8.68983333333333,8.28728786469735,-0.402545468635976
1110,8.65566666666667,8.2896693612899,-0.365997305376773
1111,8.67541666666667,8.29216591669288,-0.383250749973786
1112,8.71025,8.29472117479388,-0.415528825206117
1113,8.69891666666667,8.29728391856734,-0.401632748099335
1114,8.72808333333333,8.29980807007457,-0.42827526325876
1115,8.81425,8.30225269046379,-0.511997309536207
1116,8.88608333333333,8.30458197997008,-0.581501353363246
1117,8.933,8.30676527791542,-0.626234722084584
1118,8.93116666666666,8.30877706270863,-0.622389603958027
1119,8.92266666666667,8.31059695184546,-0.612069714821205
1120,8.99191666666667,8.31220970190852,-0.679706964758154
1121,8.98533333333333,8.31360520856728,-0.671728124766053
1122,8.958,8.31477850657811,-0.643221493421887
1123,8.94883333333333,8.31572976978428,-0.633103563549053
1124,8.86025,8.31646431111589,-0.543785688884107
1125,8.81683333333333,8.31699258258998,-0.499840750743354
1126,8.85641666666667,8.31733017531041,-0.53908649135626
1127,8.84941666666667,8.31749781946797,-0.5319188471987
1128,8.72508333333333,8.3175213843403,-0.407561948993026
1129,8.48658333333333,8.31743187829195,-0.169151455041384
1130,8.406,8.3172654487743,-0.0887345512256967
1131,8.54875,8.31706338232567,-0.231686617674328
1132,8.66975,8.31687210457122,-0.352877895428781
1133,8.75883333333333,8.31683325234949,-0.442000080983842
1134,8.80741666666667,8.31715932006563,-0.490257346601043
1135,8.82466666666667,8.31778264647726,-0.506884020189407
1136,8.81033333333333,8.31862818778437,-0.491705145548964
1137,8.68075,8.31962621440674,-0.361123785593264
1138,8.783,8.32071231098399,-0.462287689016009
1139,8.86775,8.32182737637558,-0.545922623624421
1140,8.8895,8.32291762366077,-0.56658237633923
1141,8.83675,8.32393458013866,-0.512815419861342
1142,8.78816666666667,8.32483508732816,-0.463331579338508
1143,8.74675,8.32558130096803,-0.421168699031973
1144,8.76658333333333,8.32614069101682,-0.440442642316512
1145,8.6985,8.32648604165293,-0.372013958347074
1146,8.8165,8.32659545127457,-0.489904548725432
1147,9.01466666666667,8.32645233249978,-0.688214334166888
1148,9.16666666666667,8.32604541216644,-0.840621254500233
1149,9.32633333333333,8.32536873133222,-1.00096460200111
1150,9.47858333333333,8.32442164527464,-1.15416168805869
1151,9.47925,8.32320882349103,-1.15604117650897
1152,9.40266666666667,8.32174024969857,-1.0809264169681
1153,9.23083333333333,8.32003122183423,-0.910802111499098
1154,9.10758333333333,8.31810235205483,-0.789480981278505
1155,8.93858333333333,8.31597956673699,-0.622603766596342
1156,8.77725,8.31369410647718,-0.463555893522823
1157,8.69566666666667,8.31128252609168,-0.384384140574992
1158,8.72283333333333,8.30878669461659,-0.414046638716737
1159,8.733,8.30625379530786,-0.426746204692142
1160,8.74733333333333,8.30373632564123,-0.443597007692103
1161,8.73916666666667,8.30129209731228,-0.43787456935439
1162,8.72366666666667,8.29898423623642,-0.424682430430249
1163,8.7135,8.29688118254888,-0.416618817451122
1164,8.73258333333333,8.29505669060471,-0.437526642728624
1165,8.75775,8.29357743085868,-0.46417256914132
1166,8.79183333333333,8.29162871203161,-0.500204621301716
1167,8.79183333333333,8.28881654009403,-0.503016793239297
1168,8.8305,8.28532203352349,-0.545177966476512
1169,8.85333333333333,8.28131343778822,-0.572019895545111
1170,8.88866666666667,8.27694612534714,-0.611720541319528
1171,8.93766666666667,8.27236259564986,-0.665304071016809
1172,8.98125,8.26769247513666,-0.713557524863335
1173,9.10433333333333,8.26305251723853,-0.841280816094804
1174,9.21575,8.2585466023771,-0.957203397622903
1175,9.2385,8.25426573796472,-0.984234262035283
1176,9.15525,8.25028805840441,-0.904961941595589
1177,9.01925,8.24667882508989,-0.772571174910112
1178,8.9095,8.24349042640553,-0.666009573594469
1179,8.77516666666667,8.24076237772642,-0.53440428894025
1180,8.68408333333333,8.23852132141831,-0.445562011915017
1181,8.64641666666667,8.23678102683765,-0.40963563982902
1182,8.62091666666667,8.23554239033156,-0.38537427633511
1183,8.61633333333334,8.23479343523785,-0.38153989809549
1184,8.63258333333333,8.23450931188501,-0.398074021448314
1185,8.61233333333333,8.23465229759223,-0.377681035741098
1186,8.62808333333333,8.23517179666936,-0.392911536663966
1187,8.64358333333333,8.23600434041695,-0.407578992916378
1188,8.70791666666667,8.23707358712623,-0.470843079540439
1189,8.74758333333333,8.23829032207911,-0.50929301125422
1190,8.78341666666667,8.23955245754819,-0.543864209118484
1191,8.81891666666667,8.24074503279674,-0.578171633869932
1192,8.87308333333333,8.24174021407874,-0.631343119254595
1193,8.88833333333333,8.24239729463882,-0.645936038694508
1194,8.88083333333333,8.24256269471233,-0.638270638620998
1195,8.85716666666667,8.24206996152528,-0.61509670514139
1196,8.82158333333333,8.24073976929437,-0.580843564038961
1197,8.91675,8.23867248650551,-0.678077513494493
1198,9.09,8.23664279053733,-0.85335720946267
1199,9.13225,8.23470579805551,-0.897544201944495
1200,9.03783333333333,8.23286021550112,-0.804973117832212
1201,8.87416666666667,8.23110466145363,-0.643062005213036
1202,8.74766666666667,8.22943766663091,-0.51822900003576
1203,8.64825,8.22785767388919,-0.420392326110809
1204,8.49258333333333,8.22636303822312,-0.266220295110214
1205,8.34366666666667,8.2249520267657,-0.118714639900965
1206,8.36225,8.22362281878837,-0.138627181211628
1207,8.357,8.22237350570092,-0.134626494299084
1208,8.37991666666667,8.22120209105153,-0.158714575615145
1209,8.41625,8.22010649052678,-0.196143509473218
1210,8.44033333333333,8.21908453195165,-0.22124880138168
1211,8.443,8.21813395528948,-0.224866044710515
1212,8.44641666666667,8.21725241264203,-0.229164254024637
1213,8.42641666666667,8.21643746824942,-0.209979198417248
1214,8.437,8.21568659849018,-0.221313401509819
1215,8.44366666666667,8.21499719188121,-0.228669474785461
1216,8.47283333333333,8.21436654907782,-0.258466784255514
1217,8.44816666666667,8.21379188287368,-0.234374783792987
1218,8.50058333333333,8.21327031820089,-0.28731301513244
1219,8.59491666666667,8.21279889212989,-0.382117774536775
1220,8.68325,8.21237455386956,-0.470875446130442
1221,8.80541666666667,8.21199416476712,-0.593422501899552
1222,8.93408333333333,8.2116544983082,-0.722428835025125
1223,9.02116666666667,8.21135224011684,-0.809814426549828
1224,9.01258333333333,8.21108398795543,-0.801499345377898
1225,8.9195,8.21084625172477,-0.708653748275225
1226,8.82716666666667,8.21063545346406,-0.616531213202615
1227,8.73183333333333,8.21044792735085,-0.521385405982484
1228,8.65566666666667,8.21027799818821,-0.445388668478463
1229,8.6205,8.21008744802108,-0.41041255197892
1230,8.59283333333333,8.20988196831004,-0.382951365023292
1231,8.57133333333333,8.20968570513792,-0.361647628195412
1232,8.61775,8.20952098732795,-0.408229012672047
1233,8.665,8.20940832644377,-0.455591673556226
1234,8.716,8.20936641678941,-0.506633583210588
1235,8.74458333333333,8.2094121354093,-0.535171197924029
1236,8.75591666666667,8.20956054208827,-0.546356124578397
1237,8.78208333333333,8.20982487935156,-0.572258453981771
1238,8.76658333333333,8.21021657246479,-0.556366760868537
1239,8.72733333333334,8.210745229434,-0.516588103899336
1240,8.76108333333333,8.21141864100562,-0.549664692327708
1241,8.82008333333333,8.21224278066648,-0.607840552666847
1242,8.88183333333333,8.21322180464381,-0.668611528689517
1243,8.97783333333333,8.21435805190524,-0.763475281428086
1244,9.1155,8.21565204415881,-0.899847955841194
1245,9.25958333333333,8.21710248585293,-1.0424808474804
1246,9.41433333333333,8.21870626417645,-1.19562706915688
1247,9.5,8.22045844905859,-1.27954155094141
1248,9.4895,8.22235229316898,-1.26714770683102
1249,9.35916666666667,8.22437923191765,-1.13478743474902
1250,9.20575,8.22652888345503,-0.97922111654497
1251,9.05508333333333,8.22878904867195,-0.82629428466138
1252,8.91966666666667,8.23114571119964,-0.68852095546703
1253,8.84083333333333,8.23358303740972,-0.607250295923606
1254,8.78591666666667,8.23608337641424,-0.549833290252435
1255,8.77791666666667,8.2386272600656,-0.539289406601071
1256,8.76141666666667,8.24119340295664,-0.520223263710026
1257,8.75141666666667,8.2437587024206,-0.50765796424607
1258,8.76483333333333,8.24629823853109,-0.518535094802239
1259,8.77216666666667,8.24878527410215,-0.523381392564524
1260,8.75008333333333,8.25119125468819,-0.498892078645136
1261,8.74075,8.25348580858406,-0.487264191415939
1262,8.7705,8.25563674682497,-0.514863253175026
1263,8.79083333333333,8.25761006318656,-0.53322327014677
1264,8.86583333333333,8.25936993418484,-0.606463399148486
1265,8.93675,8.26087871907625,-0.675871280923747
1266,8.99383333333333,8.26209695985761,-0.731736373475716
1267,9.09866666666667,8.26298338126615,-0.835683285400519
1268,9.2105,8.26349489077949,-0.947005109220509
1269,9.36641666666667,8.26358657861566,-1.10283008805101
1270,9.5275,8.26321171773308,-1.26428828226692
1271,9.63575,8.26232176383058,-1.37342823616942
1272,9.624,8.26086635534739,-1.36313364465261
1273,9.53408333333333,8.25879331346312,-1.27529001987021
1274,9.41375,8.25642936193712,-1.15732063806288
1275,9.26983333333333,8.25466463351375,-1.01516869981958
1276,9.13216666666667,8.25349261742921,-0.878674049237455
1277,9.03775,8.2528646883412,-0.784885311658797
1278,8.982,8.25273425029058,-0.729265749709421
1279,8.9615,8.25305673670136,-0.708443263298639
1280,8.98616666666667,8.25378961038074,-0.732377056285932
1281,9.0465,8.25489236351906,-0.791607636480936
1282,9.06783333333333,8.25632651768986,-0.811506815643474
1283,9.12441666666667,8.25805562384979,-0.866361042816877
1284,9.1665,8.26004526233872,-0.906454737661276
1285,9.19975,8.26226304287965,-0.937486957120345
1286,9.177,8.26467860457876,-0.912321395421237
1287,9.17566666666667,8.26726361592538,-0.908403050741287
1288,9.24033333333333,8.26999177479202,-0.970341558541309
1289,9.297,8.27283880843434,-1.02416119156566
1290,9.39583333333333,8.27578247349118,-1.12005085984215
1291,9.499,8.27880255598453,-1.22019744401547
1292,9.61883333333333,8.28188087131956,-1.33695246201377
1293,9.76683333333333,8.28500126428458,-1.48183206904875
1294,9.88125,8.28814960905108,-1.59310039094892
1295,9.92516666666667,8.29131380917373,-1.63385285749294
1296,9.88316666666667,8.29448379759033,-1.58868286907634
1297,9.73241666666667,8.29765153662188,-1.43476513004479
1298,9.5285,8.30081101797251,-1.22768898202749
1299,9.32766666666667,8.30395826272953,-1.02370840393714
1300,9.15525,8.30709132136343,-0.848158678636569
1301,9.01433333333333,8.31021027372784,-0.704123059605486
1302,8.90791666666667,8.31331722905957,-0.5945994376071
1303,8.929,8.31641632597858,-0.612583674021419
1304,9.00591666666667,8.31951373248801,-0.686402934178659
1305,9.06508333333333,8.32261764597415,-0.742465687359177
1306,9.14775,8.32573829320647,-0.822011706793528
1307,9.24708333333333,8.32888793033759,-0.918195402995739
1308,9.3465,8.3320808429033,-1.0144191570967
1309,9.42241666666667,8.33533334582256,-1.08708332084411
1310,9.50441666666667,8.33866378339748,-1.16575288326919
1311,9.55558333333333,8.34209252931336,-1.21349080401997
1312,9.6295,8.34564198663862,-1.28385801336138
1313,9.69275,8.3493365878249,-1.3434134121751
1314,9.75341666666667,8.35271516989595,-1.40070149677072
1315,9.90266666666667,8.35506081450708,-1.54760585215959
1316,10.0304166666667,8.35655396126417,-1.67386270540253
1317,10.12175,8.35737602634698,-1.76437397365302
1318,10.249,8.35769356582824,-1.89130643417176
1319,10.3394166666667,8.35765827567366,-1.98175839099304
1320,10.3568333333333,8.35740699174188,-1.99942634159142
1321,10.2863333333333,8.35706168978451,-1.92927164354879
1322,10.1310833333333,8.3567294854461,-1.7743538478872
1323,9.93325,8.35650263426418,-1.57674736573582
1324,9.7535,8.35645853166921,-1.39704146833079
1325,9.60341666666667,8.35665971298464,-1.24675695368203
1326,9.48975,8.35715385342685,-1.13259614657315
1327,9.48625,8.35797376810519,-1.12827623189481
1328,9.50958333333333,8.35913741202197,-1.15044592131136
1329,9.56383333333333,8.36064788007243,-1.2031854532609
1330,9.61916666666667,8.36249340704479,-1.25667325962188
1331,9.63491666666667,8.36464736762024,-1.27026929904643
1332,9.64583333333333,8.3670682763729,-1.27876505696043
1333,9.6445,8.36969978776985,-1.27480021223015
1334,9.628,8.37247069617114,-1.25552930382886
1335,9.63783333333333,8.37529493582977,-1.26253839750356
1336,9.74525,8.3780715808917,-1.3671784191083
1337,9.82175,8.38068484539584,-1.44106515460416
1338,9.93458333333333,8.38300408327406,-1.55157925005927
1339,10.118,8.38488378835119,-1.73311621164881
1340,10.3109166666667,8.38616359434501,-1.92475307232169
1341,10.51675,8.38666827486627,-2.13008172513373
1342,10.6845,8.38674009991078,-2.29775990008922
1343,10.7594166666667,8.38709417765241,-2.37232248901429
1344,10.716,8.38776032849235,-2.32823967150765
1345,10.5845833333333,8.38875651807522,-2.19582681525809
1346,10.4014166666667,8.39009515006597,-2.01132151660073
1347,10.1821666666667,8.39178306614993,-1.79038360051677
1348,9.976,8.39382154603273,-1.58217845396727
1349,9.81958333333333,8.39620630744036,-1.42337702589297
1350,9.73091666666667,8.39892750611915,-1.33198916054752
1351,9.7525,8.40196973583577,-1.35053026416423
1352,9.80833333333334,8.40531202837722,-1.40302130495612
1353,9.87041666666667,8.40892785355086,-1.46148881311581
1354,9.93883333333333,8.41278511918438,-1.52604821414895
1355,9.98266666666667,8.41684617112582,-1.56582049554085
1356,9.99708333333333,8.42106779324354,-1.57601554008979
1357,9.98783333333333,8.42540120742627,-1.56243212590706
1358,9.96466666666666,8.42979207358305,-1.53487459308361
1359,9.94866666666667,8.43418048964329,-1.51448617702338
1360,9.97816666666667,8.43850099155673,-1.53966567510994
1361,10.0379166666667,8.44268255329344,-1.59523411337326
1362,10.1476666666667,8.44664858684385,-1.70101807982285
1363,10.312,8.45031694221872,-1.86168305778128
1364,10.50275,8.45359990744915,-2.04915009255086
1365,10.7015833333333,8.45640420858658,-2.24517912474672
1366,10.8804166666667,8.4586310097028,-2.4217856569639
1367,10.9548333333333,8.46017591288994,-2.49465742044336
1368,10.9020833333333,8.46092895826047,-2.44115437507283
1369,10.7615833333333,8.46077462394718,-2.30080870938612
1370,10.5784166666667,8.46038300203521,-2.11803366463149
1371,10.3745833333333,8.46062135924516,-1.91396197408814
1372,10.1871666666667,8.46141082980832,-1.72575583685838
1373,10.0579166666667,8.46267450540505,-1.59524216126165
1374,9.99233333333333,8.46433977198792,-1.52799356134541
1375,9.98033333333333,8.46633830978181,-1.51399502355152
1376,10.0056666666667,8.46860609328384,-1.53706057338286
1377,10.0608333333333,8.47108339126341,-1.58974994206989
1378,10.12825,8.47371476676217,-1.65453523323783
1379,10.1805833333333,8.47644907709405,-1.70413425623925
1380,10.1835,8.47923947384523,-1.70426052615477
1381,10.17325,8.48204340287416,-1.69120659712584
1382,10.1555,8.48482260431157,-1.67067739568843
1383,10.1408333333333,8.48754311256043,-1.65329022077287
1384,10.1804166666667,8.490175256296,-1.6902414103707
1385,10.2485833333333,8.49269365846579,-1.75588967486751
1386,10.3456666666667,8.49507723628957,-1.85058943037713
1387,10.4796666666667,8.49730920125938,-1.98235746540732
1388,10.6555,8.49937705913955,-2.15612294086045
1389,10.8596666666667,8.50127260996662,-2.35839405670007
1390,11.0438333333333,8.50299194804946,-2.54084138528384
1391,11.112,8.50453546196915,-2.60746453803085
1392,11.0248333333333,8.50590783457907,-2.51892549875423
1393,10.849,8.50711804300485,-2.34188195699515
1394,10.6323333333333,8.50817935864439,-2.12415397468891
1395,10.3985,8.50910934716784,-1.88939065283216
1396,10.2185833333333,8.50992986851764,-1.70865346481565
1397,10.1036666666667,8.51066707690849,-1.59299958975821
1398,10.0529166666667,8.51135142082733,-1.54156524583937
1399,10.0559166666667,8.5120176430334,-1.5438990236333
1400,10.0869166666667,8.51270478055817,-1.57421188610853
1401,10.1250833333333,8.51345616470541,-1.61162716862789
1402,10.1103333333333,8.51431942105112,-1.59601391228218
1403,10.0888333333333,8.5153464694436,-1.57348686388969
1404,10.0773333333333,8.5165935240034,-1.5607398093299
1405,10.103,8.51812109312331,-1.58487890687669
1406,10.1135,8.51989068670905,-1.59360931329095
1407,10.1415833333333,8.52060284259332,-1.62098049073998
1408,10.1936666666667,8.52002411185834,-1.67364255480836
1409,10.2745833333333,8.51837110616744,-1.75621222716586
1410,10.36825,8.51584689689388,-1.85240310310612
1411,10.5286666666667,8.51264101512088,-2.01602565154582
1412,10.7218333333333,8.50892945164164,-2.21290388169166
1413,10.9084166666667,8.5048746569593,-2.4035420097074
1414,11.0470833333333,8.50062554128694,-2.54645779204636
1415,11.0723333333333,8.49631747454764,-2.57601585878566
1416,10.9991666666667,8.49207228637441,-2.50709438029229
1417,10.82475,8.48799826611021,-2.33675173388979
1418,10.5828333333333,8.48419016280799,-2.09864317052531
1419,10.3175,8.48072918523061,-1.83677081476939
1420,10.1099166666667,8.47768300185094,-1.63223366481576
1421,9.99058333333333,8.47510574085177,-1.51547759248156
1422,9.94241666666667,8.47303799012587,-1.4693786765408
1423,9.94308333333333,8.47150679727594,-1.47157653605739
1424,9.98625,8.47052566961466,-1.51572433038534
1425,10.0690833333333,8.47009457416467,-1.59898875916863
1426,10.1375833333333,8.47019993765856,-1.66738339567474
1427,10.1765,8.47081464653887,-1.70568535346113
1428,10.1911666666667,8.47189804695811,-1.71926861970859
1429,10.1805833333333,8.47339594477874,-1.70718738855456
1430,10.1648333333333,8.47524060557317,-1.68959272776013
1431,10.1635,8.47735075462379,-1.68614924537621
1432,10.2074166666667,8.47963157692293,-1.72778508974377
1433,10.2588333333333,8.48197471717289,-1.77685861616041
1434,10.34125,8.48425827978591,-1.8569917202141
1435,10.5026666666667,8.48634682888419,-2.01631983778251
1436,10.6395833333333,8.48809138829991,-2.15149194503339
1437,10.7000833333333,8.48932944157519,-2.21075389175811
1438,10.7443333333333,8.4898849319621,-2.2544484013712
1439,10.77,8.48956826242268,-2.28043173757731
1440,10.6034166666667,8.48850632406105,-2.11491034260565
1441,10.475,8.4878030742046,-1.9871969257954
1442,10.3695,8.48750697927911,-1.88199302072089
1443,10.26175,8.4875521794893,-1.7741978205107
1444,10.1710833333333,8.48787718506374,-1.68320614826956
1445,10.1145833333333,8.4884248762549,-1.6261584570784
1446,10.0979166666667,8.48914250333909,-1.60877416332761
1447,10.10325,8.4899816866165,-1.6132683133835
1448,10.12275,8.4908984164112,-1.6318515835888
1449,10.13575,8.49185305307112,-1.64389694692888
1450,10.1549166666667,8.49281032696807,-1.66210633969864
1451,10.1718333333333,8.49373933849771,-1.67809399483559
1452,10.1936666666667,8.49461355807959,-1.69905310858711
1453,10.2154166666667,8.49541082615712,-1.72000584050958
1454,10.2185,8.49611335319759,-1.72238664680241
1455,10.2205,8.49670771969215,-1.72379228030785
1456,10.2421666666667,8.49718487615582,-1.74498179051088
1457,10.3208333333333,8.4975401431275,-1.8232931902058
1458,10.4451666666667,8.49777321116994,-1.94739345549676
1459,10.5901666666667,8.49788814086979,-2.09227852579691
1460,10.7268333333333,8.49789336283754,-2.22893997049576
1461,10.8554166666667,8.49780167770757,-2.35761498895913
1462,10.9443333333333,8.49763025613812,-2.44670307719518
1463,10.9456666666667,8.49740063881131,-2.44826602785539
1464,10.8435,8.49713873643312,-2.34636126356688
1465,10.652,8.49687482973341,-2.15512517026659
1466,10.47225,8.49664356946588,-1.97560643053412
1467,10.2951666666667,8.49648397640815,-1.79868269025855
1468,10.14,8.49643944136168,-1.64356055863832
1469,10.0560833333333,8.49655772515179,-1.55952560818151
1470,9.98975,8.4968909586277,-1.49285904137231
1471,9.96841666666667,8.49749564266246,-1.47092102400421
1472,9.98308333333333,8.49843264815305,-1.48465068518028
1473,10.011,8.49976721602025,-1.51123278397975
1474,10.05725,8.50156895720876,-1.55568104279124
1475,10.1161666666667,8.50391185268714,-1.61225481397956
1476,10.1729166666667,8.5068742534478,-1.6660424132189
1477,10.1966666666667,8.51035080780773,-1.68631585885897
1478,10.2235833333333,8.51301239814707,-1.71057093518623
1479,10.255,8.51473308816166,-1.74026691183834
1480,10.3049166666667,8.5156857106855,-1.7892309559812
1481,10.38375,8.51603115605676,-1.86771884394324
1482,10.48975,8.51591837211785,-1.97383162788215
1483,10.60275,8.51548436421534,-2.08726563578466
1484,10.71775,8.51485419520003,-2.20289580479997
1485,10.8939166666667,8.51414098542688,-2.37977568123982
1486,11.0630833333333,8.5134459127551,-2.5496374205782
1487,11.14775,8.51285821254804,-2.63489178745196
1488,11.09775,8.5124551776733,-2.58529482232669
1489,10.88675,8.51230215850265,-2.37444784149735
1490,10.6241666666667,8.51245256291207,-2.11171410375463
1491,10.3809166666667,8.51294785628172,-1.86796881038498
1492,10.1585833333333,8.51381756149598,-1.64476577183732
1493,10.017,8.51507925894341,-1.50192074105659
1494,9.93841666666667,8.5167385865168,-1.42167808014987
1495,9.9085,8.5187892396131,-1.3897107603869
1496,9.9615,8.52121297113347,-1.44028702886653
1497,10.0428333333333,8.52397959148329,-1.51885374185001
1498,10.1205833333333,8.52704696857211,-1.59353636476119
1499,10.2314166666667,8.53036102781369,-1.70105563885301
1500,10.298,8.53385575212599,-1.76414424787401
1501,10.301,8.53745318193118,-1.76354681806882
1502,10.2845,8.54106341515559,-1.7434365848444
1503,10.26525,8.5445846072298,-1.7206653927702
1504,10.2790833333333,8.54790297108854,-1.73118036224476
1505,10.3341666666667,8.55089277717077,-1.78327388949593
1506,10.46925,8.55341029118683,-1.91583970881317
1507,10.6556666666667,8.55533996325942,-2.10032670340728
1508,10.8868333333333,8.55679316212772,-2.33004017120558
1509,11.0678333333333,8.55790615307226,-2.50992718026104
1510,11.186,8.55880285348355,-2.62719714651645
1511,11.24725,8.55959483286215,-2.68765516713785
1512,11.1949166666667,8.56038131281858,-2.63453535384812
1513,11.0438333333333,8.56124916707342,-2.48258416625988
1514,10.8065833333333,8.56227292145722,-2.24431041187608
1515,10.5491666666667,8.56351475391056,-1.98565191275614
1516,10.3561666666667,8.56502449448401,-1.79114217218269
1517,10.2049166666667,8.56683962533817,-1.63807704132853
1518,10.0905,8.56898528074365,-1.52151471925635
1519,10.04325,8.57147424708104,-1.47177575291896
1520,10.0020833333333,8.57430696284096,-1.42777637049234
1521,10.002,8.57747151862405,-1.42452848137595
1522,10.0446666666667,8.58094365714093,-1.46372300952577
1523,10.1089166666667,8.58468677321226,-1.52422989345444
1524,10.1258333333333,8.58865191376868,-1.53718141956463
1525,10.1113333333333,8.59277777785085,-1.51855555548245
1526,10.078,8.59699071660946,-1.48100928339054
1527,10.0765,8.60120473330517,-1.47529526669483
1528,10.1155833333333,8.60532148330868,-1.51026185002462
1529,10.263,8.60923027410068,-1.65376972589932
1530,10.4580833333333,8.61280806527189,-1.84527526806141
1531,10.69225,8.61591946852302,-2.07633053147698
1532,10.9251666666667,8.61841674766479,-2.30674991900191
1533,11.1443333333333,8.62013981861793,-2.52419351471537
1534,11.36825,8.62091624941319,-2.74733375058681
1535,11.5128333333333,8.62066234455539,-2.89217098877791
1536,11.4709166666667,8.62073495019172,-2.85018171647498
1537,11.2694166666667,8.62155997554584,-2.64785669112086
1538,11.0249166666667,8.62306619313984,-2.40185047352686
1539,10.7935,8.62518389151332,-2.16831610848668
1540,10.5633333333333,8.62784487522333,-1.93548845810997
1541,10.4078333333333,8.63098246484443,-1.77685086848887
1542,10.3229166666667,8.63453149696866,-1.68838516969804
1543,10.2834166666667,8.63842832420553,-1.64498834246117
1544,10.25375,8.64261081518203,-1.61113918481797
1545,10.2876666666667,8.64701835454265,-1.64064831212405
1546,10.3373333333333,8.65159184294935,-1.68574149038395
1547,10.351,8.65627369708158,-1.69472630291842
1548,10.3789166666667,8.66100784963626,-1.71790881703044
1549,10.3968333333333,8.66573974932781,-1.73109358400549
1550,10.412,8.67041636088812,-1.74158363911188
1551,10.4450833333333,8.67498616506658,-1.77009716826672
1552,10.5364166666667,8.67939915863003,-1.85701750803667
1553,10.6708333333333,8.68360685436282,-1.98722647897048
1554,10.83625,8.68756228106677,-2.14868771893323
1555,11.0545833333333,8.6912199835612,-2.3633633497721
1556,11.2578333333333,8.69453602268289,-2.56329731065041
1557,11.5345833333333,8.69746797528612,-2.83711535804718
1558,11.7594166666667,8.69997493424263,-3.05944173242407
1559,11.8570833333333,8.70201750844168,-3.15506582489162
1560,11.7761666666667,8.70355782278998,-3.07260884387672
1561,11.5403333333333,8.70455951821173,-2.83577381512157
1562,11.2636666666667,8.70524673010978,-2.55841993655692
1563,10.9815,8.7070445840711,-2.27445541592891
1564,10.74025,8.70991359105501,-2.03033640894499
1565,10.54425,8.71356300688046,-1.83068699311954
1566,10.414,8.71772805220693,-1.69627194779307
1567,10.348,8.72216991253444,-1.62583008746556
1568,10.33325,8.72667573820358,-1.60657426179642
1569,10.3515,8.73105864439545,-1.62044135560455
1570,10.4118333333333,8.73515771113172,-1.67667562220158
1571,10.49325,8.73883798327458,-1.75441201672542
1572,10.5570833333333,8.74199047052678,-1.81509286280652
1573,10.6170833333333,8.74453214743161,-1.87255118590168
1574,10.6555,8.74640595337291,-1.90909404662709
1575,10.7110833333333,8.74758079257504,-1.96350254075826
1576,10.8371666666667,8.74805153410294,-2.08911513256376
1577,10.98775,8.74783901186205,-2.23991098813795
1578,11.2226666666667,8.7469900245984,-2.4756766420683
1579,11.4170833333333,8.74557733589852,-2.67150599743478
1580,11.5696666666667,8.74369967418952,-2.82596699247718
1581,11.7708333333333,8.74148173273903,-3.02935160059427
1582,12.0261666666667,8.73907416965523,-3.28709249701147
1583,12.0818333333333,8.73665360788685,-3.34517972544645
1584,12.0095833333333,8.73442263522316,-3.27516069811014
1585,11.7835833333333,8.73260980429396,-3.05097352903934
1586,11.51125,8.73146963256962,-2.77978036743039
1587,11.2266666666667,8.73128260236102,-2.49538406430568
1588,10.9654166666667,8.73235516081962,-2.23306150584708
1589,10.7579166666667,8.73501971993741,-2.0228969467293
1590,10.6180833333333,8.73887028266388,-1.87921305066942
1591,10.5760833333333,8.74269739242182,-1.83338594091148
1592,10.621,8.74646624372741,-1.87453375627259
1593,10.6965,8.75016792148117,-1.94633207851883
1594,10.7669166666667,8.75379401519202,-2.01312265147468
1595,10.8285,8.75733661897732,-2.07116338102268
1596,10.8841666666667,8.76078833156284,-2.12337833510386
1597,10.9106666666667,8.76414225628279,-2.14652441038391
1598,10.92375,8.76739200107979,-2.15635799892021
1599,10.9428333333333,8.77053167850492,-2.17230165482838
1600,11.0090833333333,8.77355590571765,-2.23552742761565
1601,11.1165,8.77645980448588,-2.34004019551412
1602,11.2860833333333,8.77923900118595,-2.50684433214735
1603,11.5005833333333,8.78188962680263,-2.71869370653067
1604,11.7406666666667,8.78440831692909,-2.95625834973761
1605,12.0048333333333,8.78679221176694,-3.21804112156636
1606,12.14675,8.78903895612623,-3.35771104387377
1607,12.2044166666667,8.79114669942542,-3.41326996724128
1608,12.1544166666667,8.79311409569139,-3.36130257097531
1609,11.9420833333333,8.79494030355945,-3.14714302977385
1610,11.62425,8.79662498627336,-2.82762501372664
1611,11.31875,8.79816831168526,-2.52058168831473
1612,11.0368333333333,8.79957095225576,-2.23726238107754
1613,10.8190833333333,8.80083408505387,-2.01824924827943
1614,10.6999166666667,8.80195939175703,-1.89795727490967
1615,10.6591666666667,8.80294905865111,-1.85621760801559
1616,10.6660833333333,8.80380577663041,-1.86227755670289
1617,10.717,8.80453274119764,-1.91246725880236
1618,10.7743333333333,8.80513365246395,-1.96919968086935
1619,10.837,8.8056127151489,-2.0313872848511
1620,10.91875,8.80597463858051,-2.11277536141949
1621,10.9621666666667,8.80622463669518,-2.15594202997152
1622,10.94525,8.80636842803777,-2.13888157196223
1623,10.9520833333333,8.8061130279188,-2.1459703054145
1624,11.0154166666667,8.80454859235262,-2.21086807431408
1625,11.1234166666667,8.80181562627553,-2.32160104039117
1626,11.2813333333333,8.7981300750305,-2.4832032583028
1627,11.4795,8.79369354043892,-2.68580645956108
1628,11.7075,8.78869328080057,-2.91880671919943
1629,11.99725,8.78330221089365,-3.21394778910635
1630,12.2283333333333,8.77767890197474,-3.45065443135856
1631,12.31125,8.77196758177882,-3.53928241822118
1632,12.2375833333333,8.7662981345193,-3.471285198814
1633,11.9736666666667,8.76078610088794,-3.21288056577876
1634,11.6205,8.75553267805496,-2.86496732194504
1635,11.2955833333333,8.75062471966894,-2.54495861366436
1636,10.989,8.74613473585686,-2.24286526414314
1637,10.7895,8.74212089322414,-2.04737910677586
1638,10.65375,8.73862701485455,-1.91512298514545
1639,10.5929166666667,8.73568258031029,-1.85723408635641
1640,10.61725,8.73330272563196,-1.88394727436804
1641,10.6469166666667,8.73148824333856,-1.91542842332814
1642,10.7214166666667,8.73022558242748,-1.99119108423922
1643,10.8105,8.72948684837452,-2.08101315162548
1644,10.8948333333333,8.72922980313388,-2.16560353019942
1645,10.93,8.72939786513816,-2.20060213486184
1646,10.9354166666667,8.72992010929835,-2.20549655736835
1647,10.9405,8.73071126700387,-2.20978873299613
1648,11.0226666666667,8.73167172612251,-2.29099494054419
1649,11.1481666666667,8.73268753100047,-2.41547913566623
1650,11.3475833333333,8.73363038246236,-2.61395295087094
1651,11.582,8.73435763781118,-2.84764236218882
1652,11.8466666666667,8.73471231082835,-3.11195435583835
1653,12.1716666666667,8.73452307177365,-3.43714359489305
1654,12.37525,8.73360424738531,-3.64164575261469
1655,12.3986666666667,8.73175582087993,-3.66691084578677
1656,12.1514166666667,8.72876343195251,-3.42265323471419
1657,11.7380833333333,8.72439837677647,-3.01368495655684
1658,11.3460833333333,8.71912805994119,-2.62695527339211
1659,10.98625,8.71440274904356,-2.27184725095644
1660,10.6740833333333,8.71020402551551,-1.96387930781779
1661,10.4439166666667,8.70645706876123,-1.73745959790547
1662,10.348,8.70309130665957,-1.64490869334043
1663,10.3726666666667,8.70004041556399,-1.67262625110271
1664,10.4089166666667,8.69724232030259,-1.71167434636411
1665,10.4535833333333,8.6946391941781,-1.7589441391552
1666,10.5116666666667,8.69217745896786,-1.81948920769884
1667,10.5515,8.68980778492386,-1.86169221507614
1668,10.5480833333333,8.68748509077271,-1.8605982425606
1669,10.4895,8.68516854371564,-1.80433145628436
1670,10.4745,8.68282155942853,-1.79167844057147
1671,10.5015,8.68041180206187,-1.82108819793813
1672,10.6248333333333,8.67791118424079,-1.94692214909251
1673,10.8081666666667,8.67529586706503,-2.13287079960167
1674,11.0659166666667,8.67254626010898,-2.39337040655772
1675,11.2756666666667,8.66964702142166,-2.60601964524504
1676,11.5050833333333,8.6665870575267,-2.8384962758066
1677,11.7805,8.66335952342236,-3.11714047657764
1678,12.0028333333333,8.65996182258156,-3.34287151075174
1679,12.1093333333333,8.6563956069518,-3.4529377263815
1680,11.9641666666667,8.65266677695524,-3.31149988971146
1681,11.6208333333333,8.64878548148868,-2.97204785184462
1682,11.3305833333333,8.64476611792351,-2.68581721540979
1683,10.9766666666667,8.64062733210578,-2.33603933456092
1684,10.5948333333333,8.63639201835615,-1.95844131497715
1685,10.3081666666667,8.63208731946993,-1.67607934719677
1686,10.13625,8.62774462671704,-1.50850537328296
1687,10.0986666666667,8.62339957984203,-1.47526708682467
1688,10.1583333333333,8.61909206706409,-1.53924126626921
1689,10.26925,8.61486622507703,-1.65438377492297
1690,10.3323333333333,8.61077043904928,-1.72156289428402
1691,10.4106666666667,8.60685734262393,-1.80380932404277
1692,10.4546666666667,8.60318381791865,-1.85148284874805
1693,10.4445833333333,8.59906035412277,-1.84552297921053
1694,10.4055833333333,8.59354017801861,-1.81204315531469
1695,10.40025,8.58686238356279,-1.81338761643721
1696,10.52025,8.57926143944343,-1.94098856055657
1697,10.6975,8.57095558488675,-2.12654441511325
1698,10.9771666666667,8.56214682965706,-2.41501983700964
1699,11.4201666666667,8.55302095405676,-2.86714571260994
1700,11.7019166666667,8.54374750892636,-3.15816915774034
1701,12.1080833333333,8.53447981564446,-3.57360351768884
1702,12.3366666666667,8.52535496612775,-3.81131170053895
1703,12.3253333333333,8.51649382283102,-3.80883951050228
1704,12.1255,8.50800101874717,-3.61749898125283
1705,11.76625,8.49996495740718,-3.26628504259282
1706,11.30675,8.49245781288012,-2.81429218711988
1707,10.8139166666667,8.48553552977317,-2.32838113689353
1708,10.3759166666667,8.4792378232316,-1.8966788434351
1709,10.03275,8.47358817893879,-1.55916182106121
1710,9.80966666666667,8.46859385311619,-1.34107281355048
1711,9.75075,8.46424587252337,-1.28650412747663
1712,9.7895,8.46051903445798,-1.32898096554202
1713,9.87833333333334,8.45737190675577,-1.42096142657757
1714,9.95141666666667,8.4547468277906,-1.49666983887607
1715,10.0361666666667,8.4525699064744,-1.5835967601923
1716,10.1103333333333,8.45075102225722,-1.65958231107608
1717,10.126,8.4491838251272,-1.6768161748728
1718,10.0955833333333,8.44774573561056,-1.64783759772274
1719,10.1036666666667,8.44629794477164,-1.65736872189506
1720,10.2265,8.44468541421286,-1.78181458578714
1721,10.48025,8.44273687607474,-2.03751312392526
1722,10.7925833333333,8.4402648330359,-2.3523185002974
1723,11.1415,8.43706555831305,-2.70443444168695
1724,11.5128333333333,8.43291909566101,-3.07991423767229
1725,11.8755833333333,8.42758925937266,-3.44799407396063
1726,12.0659166666667,8.42082363427903,-3.64509303238767
1727,12.0515833333333,8.4123535757492,-3.6392297575841
1728,11.8085833333333,8.40296467367957,-3.40561865965373
1729,11.42025,8.39454215767044,-3.02570784232956
1730,10.9013333333333,8.38699186772581,-2.51434146560749
1731,10.3995,8.38017414884869,-2.01932585115131
1732,9.95725,8.37395879668716,-1.58329120331284
1733,9.65075,8.3682250575343,-1.2825249424657
1734,9.47591666666667,8.36286162832824,-1.11305503833843
1735,9.46525,8.35776665665215,-1.10748334334785
1736,9.54283333333333,8.35284774073421,-1.18998559259913
1737,9.62216666666667,8.34802192944765,-1.27414473721902
1738,9.6635,8.34321572231074,-1.32028427768926
1739,9.71866666666667,8.33836506948678,-1.38030159717989
1740,9.72741666666667,8.33341537178408,-1.39400129488259
1741,9.71808333333333,8.32832148065603,-1.3897618526773
1742,9.69275,8.32304769820101,-1.36970230179899
1743,9.6645,8.31756777716247,-1.34693222283753
1744,9.73608333333333,8.31186492092885,-1.42421841240448
1745,9.92091666666667,8.30593178353368,-1.61498488313299
1746,10.199,8.29977046965547,-1.89922953034453
1747,10.4431666666667,8.2933925346178,-2.1497741320489
1748,10.539,8.28681898438927,-2.25218101561073
1749,10.7346666666667,8.28008027558351,-2.45458639108319
1750,10.9315,8.2732163154592,-2.6582836845408
1751,11.0783333333333,8.26627646192003,-2.81205687141327
1752,11.0548333333333,8.25931952351476,-2.79551380981854
1753,10.9101666666667,8.25241375943714,-2.65775290722956
1754,10.7105,8.24563687952598,-2.46486312047402
1755,10.368,8.23907604426513,-2.12892395573487
1756,10.0286666666667,8.23282786478346,-1.79583880188324
1757,9.77841666666667,8.22699840285487,-1.5514182638118
1758,9.59033333333333,8.2217031708983,-1.36863016243503
1759,9.53458333333333,8.21706713197774,-1.31751620135559
1760,9.54941666666667,8.21322469980218,-1.33619196686449
1761,9.61375,8.20984062328809,-1.40390937671191
1762,9.68383333333333,8.20636541549485,-1.47746791783848
1763,9.75416666666667,8.20281230272557,-1.5513543639411
1764,9.81975,8.19919562136616,-1.62055437863384
1765,9.82641666666667,8.19552856422903,-1.63088810243764
1766,9.79833333333333,8.19182318055305,-1.60651015278028
1767,9.8205,8.18809037600358,-1.63240962399642
1768,9.88625,8.18433991267245,-1.70191008732755
1769,9.92466666666667,8.18058040907798,-1.74408625758869
1770,9.9765,8.17681934016494,-1.79968065983506
1771,10.1255833333333,8.17306303730462,-1.95252029602868
1772,10.3279166666667,8.16931668829476,-2.15859997837194
1773,10.4435,8.16558433735958,-2.27791566264042
1774,10.6864166666667,8.16186888514979,-2.52454778151691
1775,10.8026666666667,8.15817208874256,-2.64449457792414
1776,10.6665,8.15449456164157,-2.51200543835843
1777,10.5369166666667,8.15083577377695,-2.38608089288975
1778,10.3295833333333,8.14719405150531,-2.18238928182799
1779,9.97725,8.14356657760976,-1.83368342239024
1780,9.70666666666667,8.13994939129986,-1.56671727536681
1781,9.42841666666667,8.13633738821166,-1.29207927845501
1782,9.24516666666667,8.13272432040771,-1.11244234625896
1783,9.19116666666667,8.12910279637701,-1.06206387028966
1784,9.222,8.12546428103504,-1.09653571896496
1785,9.27458333333333,8.12179909572377,-1.15278423760956
1786,9.34941666666667,8.11809641821165,-1.23132024845502
1787,9.43483333333334,8.1143442826936,-1.32048905063974
1788,9.50291666666667,8.11052957979102,-1.39238708687565
1789,9.55266666666667,8.10663805655179,-1.44602861011488
1790,9.56966666666667,8.10265431645026,-1.46701235021641
1791,9.60075,8.09856181938728,-1.50218818061272
1792,9.72825,8.09434288169015,-1.63390711830985
1793,9.93216666666667,8.08997756195585,-1.84218910471082
1794,10.16725,8.08508000032834,-2.08216999967165
1795,10.5219166666667,8.0794867220079,-2.4424299446588
1796,10.899,8.07338331904154,-2.82561668095845
1797,11.2096666666667,8.06693950392807,-3.14272716273863
1798,11.3808333333333,8.06030910961801,-3.32052422371529
1799,11.3903333333333,8.05363008951363,-3.33670324381967
1800,11.2275833333333,8.04702451746896,-3.18055881586434
1801,10.8388333333333,8.04059858778973,-2.79823474554357
1802,10.3591666666667,8.03444261523348,-2.32472405143322
1803,9.87258333333333,8.02863103500943,-1.8439522983239
1804,9.51958333333333,8.02322240277859,-1.49636093055474
1805,9.25975,8.01825939465368,-1.24149060534632
1806,9.11408333333333,8.01376880719919,-1.10031452613414
1807,9.0765,8.00976155743133,-1.06673844256867
1808,9.08466666666666,8.00623268281809,-1.07843398384857
1809,9.107,8.00316134127915,-1.10383865872085
1810,9.16391666666667,8.00051081118599,-1.16340585548068
1811,9.21825,7.99822849136179,-1.22002150863821
1812,9.24333333333333,7.9962459010815,-1.24708743225183
1813,9.27625,7.99447868007181,-1.28177131992819
1814,9.27716666666667,7.99282658851114,-1.28434007815553
1815,9.261,7.99117350702966,-1.26982649297034
1816,9.28583333333333,7.98938743670929,-1.29644589662404
1817,9.40841666666667,7.9873204990837,-1.42109616758297
1818,9.67483333333333,7.98480893613828,-1.69002439719505
1819,10.0925,7.98167311031019,-2.11082688968981
1820,10.45375,7.97771750448831,-2.47603249551169
1821,10.726,7.97273072201328,-2.75326927798672
1822,10.9014166666667,7.96711647552128,-2.93430019114542
1823,10.96625,7.96213863308639,-3.00411136691361
1824,10.6798333333333,7.95773109195462,-2.72210224137869
1825,10.32475,7.95378065743568,-2.37096934256432
1826,9.813,7.95018266423039,-1.86281733576961
1827,9.35641666666667,7.94684097643067,-1.409575690236
1828,8.98841666666667,7.9436679875195,-1.04474867914717
1829,8.78283333333333,7.94058462037096,-0.842248712962368
1830,8.66641666666667,7.93752032725023,-0.728896339416442
1831,8.63183333333333,7.93441308981355,-0.697420243519777
1832,8.65066666666667,7.93120941910828,-0.719457247558388
1833,8.6705,7.92786435557285,-0.742635644427152
1834,8.63425,7.92434146903677,-0.709908530963227
1835,8.5995,7.92061285872067,-0.678887141279334
1836,8.61541666666667,7.91665915323622,-0.698757513430445
1837,8.637,7.91246951058623,-0.724530489413767
1838,8.63433333333333,7.90804161816457,-0.726291715168763
1839,8.70891666666667,7.90338169275619,-0.805534973910484
1840,8.826,7.89850448053714,-0.927495519462857
1841,8.99491666666667,7.89343325707457,-1.1014834095921
1842,9.23691666666667,7.8881998273267,-1.34871683933997
1843,9.56191666666667,7.88284452564285,-1.67907214102382
1844,9.8605,7.87741621576341,-1.98308378423659
1845,10.10175,7.87197229081987,-2.22977770918013
1846,10.308,7.86657867333482,-2.44142132666518
1847,10.3261666666667,7.86130981522193,-2.46485685144477
1848,10.0830833333333,7.85624869778594,-2.22683463554737
1849,9.71041666666667,7.85148683172269,-1.85892983494398
1850,9.31633333333333,7.84713316013756,-1.46920017319577
1851,8.94858333333333,7.84327838253875,-1.10530495079458
1852,8.672,7.83985370464496,-0.83214629535504
1853,8.49691666666667,7.836777357285,-0.660139309381667
1854,8.45283333333334,7.83397368551772,-0.618859647815615
1855,8.4855,7.83137314863205,-0.654126851367951
1856,8.5335,7.82891232014696,-0.704587679853038
1857,8.61291666666667,7.82653388781152,-0.786382778855153
1858,8.68466666666667,7.82418665360483,-0.860480013061838
1859,8.72216666666667,7.82182553373609,-0.900341132930579
1860,8.73566666666667,7.81941155864454,-0.916255108022129
1861,8.70616666666667,7.8169118729995,-0.88925479366717
1862,8.64666666666667,7.81429973570035,-0.832366930966325
1863,8.71291666666667,7.81155451987652,-0.901362146790146
1864,8.84675,7.80866171288755,-1.03808828711245
1865,9.06525,7.80561291632299,-1.25963708367701
1866,9.32016666666667,7.8024058460025,-1.51776082066417
1867,9.64791666666667,7.79904433197578,-1.84887233469089
1868,9.95641666666667,7.7955383185226,-2.16087834814407
1869,10.1435833333333,7.79190386415281,-2.35167946918049
1870,10.2086666666667,7.78816314160631,-2.42050352506039
1871,10.2355,7.78434443785306,-2.45115556214694
1872,10.0850833333333,7.78048215409311,-2.30460117924019
1873,9.85258333333333,7.77661680575656,-2.07596652757677
1874,9.55316666666667,7.77279502250357,-1.7803716441631
1875,9.21941666666667,7.76906954822437,-1.4503471184423
1876,8.94966666666667,7.76549924103927,-1.1841674256274
1877,8.74191666666667,7.76214907329862,-0.979767593368052
1878,8.59608333333333,7.75909013158285,-0.836993201750477
1879,8.56191666666667,7.75639961670247,-0.805517049964201
1880,8.55908333333333,7.75416084369802,-0.804922489635306
1881,8.51375,7.75246324184014,-0.761286758159856
1882,8.5045,7.75137765798485,-0.753122342015148
1883,8.55791666666667,7.74990650360035,-0.808010163066322
1884,8.61725,7.74760036990362,-0.869649630096384
1885,8.646,7.74460779291102,-0.90139220708898
1886,8.69591666666667,7.7410677518214,-0.954848914845273
1887,8.74066666666667,7.73710966901606,-1.00355699765061
1888,8.83725,7.73285341005879,-1.10439658994121
1889,8.91625,7.72840928369584,-1.18784071630416
1890,9.1475,7.72387804185594,-1.42362195814406
1891,9.4565,7.71935087965028,-1.73714912034972
1892,9.71416666666667,7.71490943537254,-1.99925723129413
1893,10.0615833333333,7.71062579049886,-2.35095754283444
1894,10.2573333333333,7.70656246968784,-2.55077086364546
1895,10.26925,7.70277244078059,-2.56647755921941
1896,10.1608333333333,7.69929911480064,-2.46153421853266
1897,9.80266666666667,7.69617634595404,-2.10649032071263
1898,9.40941666666667,7.69342843162929,-1.71598823503738
1899,8.96416666666667,7.69107011239735,-1.27309655426932
1900,8.5715,7.68910657201168,-0.882393427988317
1901,8.30033333333333,7.68753343740819,-0.612799895925136
1902,8.16925,7.68633677870528,-0.482913221294725
1903,8.12433333333333,7.68549310920379,-0.438840224129542
1904,8.14683333333333,7.68496938538707,-0.461863947946264
1905,8.15191666666667,7.68472300692091,-0.467193659745756
1906,8.20241666666667,7.68470181665361,-0.51771485001306
1907,8.1925,7.6848441006159,-0.507655899384098
1908,8.22108333333333,7.68507858802101,-0.53600474531232
1909,8.23,7.68532445126463,-0.544675548735372
1910,8.2885,7.68549130592492,-0.603008694075079
1911,8.40933333333333,7.68547921076253,-0.723854122570805
1912,8.53083333333333,7.68517866772055,-0.845654665612781
1913,8.7035,7.68447062192457,-1.01902937807543
1914,9.01891666666667,7.68322646168265,-1.33569020498402
1915,9.30225,7.6813080184853,-1.6209419815147
1916,9.61358333333333,7.67856756700553,-1.9350157663278
1917,9.88083333333333,7.6748478250988,-2.20598550823453
1918,10.0074166666667,7.66998195380305,-2.33743471286365
1919,10.0080833333333,7.6646680002881,-2.3434153330452
1920,9.86941666666667,7.65992673578072,-2.20948993088595
1921,9.56691666666667,7.65570811372709,-1.91120855293958
1922,9.239,7.65196169326437,-1.58703830673563
1923,8.88433333333333,7.64864087043092,-1.23569246290241
1924,8.5575,7.6457028781662,-0.911797121833796
1925,8.33316666666667,7.64310878631087,-0.690057880355805
1926,8.16425,7.64082350160669,-0.523426498393308
1927,8.07558333333333,7.63881576769662,-0.436767565636715
1928,8.04683333333333,7.63705816512472,-0.409775168208607
1929,8.00475,7.63552711133625,-0.369222888663748
1930,8.15291666666667,7.63420286067759,-0.518713805989081
1931,8.25166666666667,7.63306950439627,-0.618597162270399
1932,8.2795,7.63211497064099,-0.647385029359014
1933,8.39691666666667,7.63133102446157,-0.765585642205096
1934,8.33633333333333,7.63071326780902,-0.705620065524309
1935,8.31491666666667,7.63026113953547,-0.684655527131202
1936,8.43108333333333,7.62997791539421,-0.801105417939124
1937,8.59391666666667,7.62987070803967,-0.964045958626998
1938,8.82541666666667,7.62995046702746,-1.19546619963921
1939,9.00683333333333,7.63023197881431,-1.37660135451902
1940,9.19833333333333,7.63073386675811,-1.56759946657522
1941,9.53066666666667,7.6314785911179,-1.89918807554877
1942,9.77625,7.63249244905388,-2.14375755094612
1943,9.82016666666667,7.63380557462739,-2.18636109203928
1944,9.66066666666667,7.63545193880093,-2.02521472786574
1945,9.54775,7.63746934943813,-1.91028065056187
1946,9.25633333333333,7.63989945130379,-1.61643388202954
1947,8.94583333333333,7.64278772606385,-1.30304560726948
1948,8.75125,7.64618349228542,-1.10506650771458
1949,8.70225,7.65013990543673,-1.05211009456327
1950,8.61041666666667,7.65470074296366,-0.955715923703004
1951,8.54575,7.65950738880815,-0.886242611191846
1952,8.51591666666667,7.66436409394933,-0.851552572717344
1953,8.56525,7.66925549238878,-0.895994507611217
1954,8.62383333333333,7.67416721587183,-0.949666117461499
1955,8.69566666666667,7.67908589388747,-1.0165807727792
1956,8.73191666666667,7.68399915366839,-1.04791751299828
1957,8.789,7.688895620191,-1.100104379809
1958,8.74733333333333,7.69376491617538,-1.05356841715795
1959,8.83208333333333,7.69859766208532,-1.13348567124801
1960,8.91283333333333,7.70338547612832,-1.20944785720501
1961,9.13,7.70812097425556,-1.42187902574444
1962,9.42683333333333,7.71279777016192,-1.71403556317141
1963,9.784,7.71741047528598,-2.06658952471402
1964,10.1448333333333,7.72195469881003,-2.42287863452327
1965,10.4171666666667,7.72642704766002,-2.69073961900668
1966,10.5656666666667,7.73082512650565,-2.83484154016105
1967,10.5854166666667,7.73514753776028,-2.85026912890642
1968,10.4081666666667,7.73939388158098,-2.66877278508572
1969,10.1825,7.74356475586851,-2.43893524413149
1970,9.90633333333333,7.74766175626734,-2.15867157706599
1971,9.5465,7.75168747616563,-1.79481252383437
1972,9.16841666666667,7.75564550669524,-1.41277115997143
1973,8.91116666666667,7.75954043673172,-1.15162622993495
1974,8.742,7.76337785289433,-0.978622147105666
1975,8.61575,7.76716433954603,-0.848585660453973
1976,8.57325,7.77090747879345,-0.802342521206552
1977,8.59925,7.77461585048694,-0.824634149513056
1978,8.67383333333333,7.77829903222056,-0.895534301112771
1979,8.78541666666666,7.78196759933204,-1.00344906733462
1980,8.88308333333333,7.78563312490282,-1.09745020843051
1981,8.951,7.78930817975803,-1.16169182024197
1982,8.9925,7.79300633246652,-1.19949366753348
1983,9.05983333333333,7.79671863470355,-1.26311469862978
1984,9.10391666666667,7.7993876072365,-1.30452905943017
1985,9.20833333333333,7.8006450995545,-1.40768823377883
1986,9.35733333333333,7.80076471976948,-1.55656861356385
1987,9.50791666666667,7.79999964330124,-1.70791702336543
1988,9.8265,7.79858261287754,-2.02791738712246
1989,10.191,7.79672593853401,-2.394274061466
1990,10.34575,7.79462149761418,-2.55112850238582
1991,10.4000833333333,7.7924407347695,-2.60764259856379
1992,10.33625,7.79033466195934,-2.54591533804066
1993,10.0995833333333,7.78843385845095,-2.31114947488235
1994,9.82775,7.78684847081949,-2.04090152918051
1995,9.4835,7.78566821294803,-1.69783178705196
1996,9.20658333333333,7.78496236602756,-1.42162096730577
1997,8.98058333333333,7.78477977855694,-1.19580355477639
1998,8.87025,7.78514886634297,-1.08510113365703
1999,8.84491666666667,7.78607761250034,-1.05883905416633
2000,8.92691666666667,7.78755356745164,-1.13936309921503
2001,8.91125,7.78954384892738,-1.12170615107262
2002,8.75108333333333,7.79199514196597,-0.959088191367357
2003,8.6065,7.79483369891372,-0.811666301086277
2004,8.49491666666667,7.79796533942485,-0.696951327241816
2005,8.58883333333333,7.80127545046149,-0.78755788287184
2006,8.62016666666667,7.80462898629366,-0.815537680373008
2007,8.76208333333333,7.80787046849931,-0.954212864834024
2008,8.89491666666667,7.81082398596426,-1.08409268070241
2009,9.10533333333333,7.81329319488228,-1.29204013845105
2010,9.366,7.81508452405078,-1.55091547594922
2011,9.62933333333333,7.81683971804969,-1.81249361528364
2012,9.93958333333333,7.8189245288828,-2.12065880445053
2013,10.1646666666667,7.82131662802937,-2.34335003863733
2014,10.1594166666667,7.8239923774215,-2.3354242892452
2015,9.86566666666667,7.8269268294441,-2.03873983722257
2016,9.53525,7.83009372693491,-1.70515627306509
2017,9.38008333333333,7.83346550318451,-1.54661783014882
2018,9.1605,7.83701328193628,-1.32348671806372
2019,9.07583333333333,7.84070687738644,-1.23512645594689
2020,8.92041666666667,7.84451479418403,-1.07590187248264
2021,8.79041666666667,7.84840422743093,-0.942012439235743
2022,8.72708333333333,7.85234106268182,-0.874742270651514
2023,8.63641666666667,7.85628987594421,-0.780126790722458
2024,8.63558333333333,7.86021393367846,-0.77536939965487
2025,8.63133333333333,7.86407519279773,-0.767258140535605
2026,8.66258333333333,7.867834300668,-0.794749032665331
2027,8.72591666666667,7.8714505951081,-0.854466071558571
2028,8.792,7.87488210438967,-0.917117895610335
2029,8.86225,7.87808554723717,-0.984164452762834
2030,8.89533333333333,7.88101633282789,-1.01431700050544
2031,8.89433333333333,7.88362856079195,-1.01070477254138
2032,8.92091666666667,7.8858750212123,-1.03504164545437
2033,8.9885,7.8877071946247,-1.1007928053753
2034,9.1265,7.88907525201773,-1.23742474798227
2035,9.467,7.88992805483282,-1.57707194516718
2036,9.817,7.8902131549642,-1.9267868450358
2037,10.02175,7.8899085211455,-2.1318414788545
2038,10.18075,7.88981499614413,-2.29093500385587
2039,10.2213333333333,7.89023004177558,-2.33110329155772
2040,10.2000833333333,7.89106217074686,-2.30902116258644
2041,9.99391666666667,7.89222575547424,-2.10169091119243
2042,9.73791666666667,7.89364102808326,-1.84427563858341
2043,9.49866666666667,7.89523408040871,-1.60343258625796
2044,9.204,7.89693686399465,-1.30706313600535
2045,8.97891666666667,7.8986871900944,-1.08022947657227
2046,8.84375,7.90042872967056,-0.943321270329436
2047,8.776,7.90211101339497,-0.873888986605026
2048,8.70458333333333,7.90368943164875,-0.800893901684582
2049,8.72833333333333,7.90512523452226,-0.823208098811068
2050,8.74791666666667,7.90638553181516,-0.841531134851515
2051,8.80233333333333,7.90744329303633,-0.894890040297
2052,8.88041666666667,7.90827734740395,-0.97213931926272
2053,8.98316666666667,7.90887238384545,-1.07429428282122
2054,9.04783333333333,7.90921895099751,-1.13861438233582
2055,9.1445,7.90931345720609,-1.23518654279391
2056,9.30316666666667,7.90915817052641,-1.39400849614026
2057,9.44483333333333,7.90876121872296,-1.53607211461037
2058,9.61316666666667,7.90813658926946,-1.70503007739721
2059,9.85358333333333,7.90730412934894,-1.94627920398439
2060,10.1414166666667,7.90628954585366,-2.23512712081304
2061,10.4975,7.90512440538515,-2.59237559461485
2062,10.7623333333333,7.90384613425422,-2.85848719907908
2063,10.7880833333333,7.90249801848092,-2.88558531485238
2064,10.5981666666667,7.90112920379458,-2.69703746287212
2065,10.2810833333333,7.89979469563377,-2.38128863769952
2066,9.89375,7.89855535914636,-1.99519464085364
2067,9.52958333333333,7.89750564487536,-1.63207768845797
2068,9.2245,7.89750304534667,-1.32699695465333
2069,8.99133333333334,7.8986891290629,-1.09264420427044
2070,8.89416666666667,7.90076297075595,-0.993403695910717
2071,8.861,7.90344889169726,-0.957551108302741
2072,8.88925,7.90649645969777,-0.982753540302226
2073,8.873,7.90968048910798,-0.963319510892021
2074,8.90558333333333,7.91280104081788,-0.992782292515451
2075,8.95508333333333,7.91568342225701,-1.03939991107632
2076,9.00508333333333,7.91817818739444,-1.08690514593889
2077,9.06641666666667,7.92016113673874,-1.14625552992793
2078,9.09225,7.92153331733804,-1.17071668266196
2079,9.17375,7.92222102277998,-1.25152897722002
2080,9.30225,7.92217579319171,-1.38007420680829
2081,9.44758333333333,7.92137441523994,-1.52620891809339
2082,9.6195,7.91981892213089,-1.69968107786911
2083,9.78741666666667,7.9175365936103,-1.86988007305637
2084,9.99608333333333,7.91457995596345,-2.08150337736988
2085,10.2921666666667,7.91102678201513,-2.38113988465157
2086,10.55025,7.90698009112967,-2.64326990887033
2087,10.7701666666667,7.90256814921092,-2.86759851745578
2088,10.68575,7.89794446870227,-2.78780553129773
2089,10.43175,7.89328780858661,-2.53846219141339
2090,10.1030833333333,7.88880217438638,-2.21428115894692
2091,9.81391666666667,7.88471681816354,-1.92919984850313
2092,9.51691666666667,7.88128623851958,-1.63563042814709
2093,9.33425,7.8787901805955,-1.4554598194045
2094,9.20983333333333,7.87753363607184,-1.33229969726149
2095,9.168,7.87784684316867,-1.29015315683133
2096,9.07641666666667,7.87983756947875,-1.19657909718792
2097,9.03566666666667,7.88198972444805,-1.15367694221862
2098,9.05575,7.8839885912485,-1.1717614087515
2099,9.05008333333333,7.88584519503856,-1.16423813829477
2100,9.1225,7.88756943540027,-1.23493056459973
2101,9.172,7.8891700863392,-1.2828299136608
2102,9.243,7.89065479628448,-1.35234520371552
2103,9.27241666666667,7.89203008808881,-1.38038657857786
2104,9.34358333333333,7.89330135902842,-1.45028197430491
2105,9.46816666666667,7.89447288080311,-1.57369378586356
2106,9.6565,7.89554779953624,-1.76095220046376
2107,9.95483333333333,7.8965281357747,-2.05830519755863
2108,10.3349166666667,7.89741478448895,-2.43750188217775
2109,10.7005833333333,7.89820751507302,-2.80237581826028
2110,10.9140833333333,7.89890497134446,-3.01517836198884
2111,10.8975,7.89950467154441,-2.99799532845559
2112,10.73975,7.90000300833753,-2.83974699166247
2113,10.4803333333333,7.90039524881206,-2.57993808452124
2114,10.1679166666667,7.90067553447978,-2.26724113218692
2115,9.8795,7.90083688127603,-1.97866311872397
2116,9.59058333333333,7.90087117955972,-1.68971215377361
2117,9.323,7.90076919411328,-1.42223080588672
2118,9.09241666666667,7.90052056414272,-1.19189610252395
2119,8.99066666666667,7.9001138032776,-1.09055286338907
2120,8.94358333333333,7.89953629957103,-1.0440470337623
2121,8.9655,7.89877431549967,-1.06672568450033
2122,8.96216666666666,7.89781298796375,-1.06435367870291
2123,9.05175,7.89663632828704,-1.15511367171296
2124,9.12733333333333,7.89522722221687,-1.23210611111646
2125,9.15358333333333,7.89356742992412,-1.26001590340921
2126,9.12091666666667,7.89149594301207,-1.2294207236546
2127,9.208,7.88802084732619,-1.31997915267381
2128,9.30158333333334,7.88320449709009,-1.41837883624325
2129,9.38941666666667,7.87733404230899,-1.51208262435767
2130,9.69583333333333,7.87067491142916,-1.82515842190417
2131,10.0475833333333,7.86347081133783,-2.18411252199547
2132,10.2730833333333,7.85594372736325,-2.41713960597005
2133,10.45625,7.84829392327466,-2.60795607672534
2134,10.56725,7.84069994128232,-2.72655005871768
2135,10.6199166666667,7.83331860203748,-2.78659806462923
2136,10.5359166666667,7.82628500463237,-2.70963166203433
2137,10.4295,7.81971252660025,-2.60978747339975
2138,10.2214166666667,7.81369282391538,-2.40772384275132
2139,9.87675,7.80829583099301,-2.06845416900699
2140,9.49941666666667,7.80356976068938,-1.69584690597729
2141,9.17741666666667,7.79954110430175,-1.37787556236492
2142,8.97775,7.79621463156838,-1.18153536843162
2143,8.85458333333333,7.79357339066852,-1.06100994266481
2144,8.79333333333333,7.79157870822243,-1.0017546251109
2145,8.73966666666667,7.79017018929135,-0.949496477375318
2146,8.69333333333333,7.78926571737756,-0.90406761595577
2147,8.71883333333333,7.78876145442431,-0.930071878909025
2148,8.78591666666667,7.78853184081585,-0.997384825850823
2149,8.85258333333333,7.78842959537745,-1.06415373795588
2150,8.88716666666667,7.78828571537537,-1.0988809512913
2151,9.01033333333333,7.78790947651687,-1.22242385681646
2152,9.12233333333333,7.78708843295021,-1.33524490038312
2153,9.26675,7.78558841726465,-1.48116158273535
2154,9.50283333333333,7.78315354049047,-1.71967979284286
2155,9.77108333333334,7.77950619209891,-1.99157714123443
2156,10.0529166666667,7.77458597765214,-2.27833068901456
2157,10.2736666666667,7.77011862571589,-2.50354804095081
2158,10.41925,7.76637881074216,-2.65287118925784
2159,10.4363333333333,7.7632141075222,-2.6731192258111
2160,10.283,7.7604830204833,-2.5225169795167
2161,10.0715,7.75805498368889,-2.31344501631111
2162,9.80916666666666,7.75581036083844,-2.05335630582822
2163,9.48658333333333,7.75364044526754,-1.73294288806579
2164,9.12975,7.75144745994785,-1.37830254005215
2165,8.81966666666667,7.74914455748711,-1.07052210917956
2166,8.60333333333333,7.74665582012915,-0.85667751320418
2167,8.51183333333333,7.7439162597539,-0.767917073579433
2168,8.46175,7.74087181787735,-0.720878182122647
2169,8.45683333333333,7.73747936565161,-0.719353967681722
2170,8.45566666666667,7.73370670386484,-0.721959962801831
2171,8.49016666666667,7.7295325629413,-0.760634103725367
2172,8.52625,7.72494660294135,-0.801303397058645
2173,8.55025,7.71994941356142,-0.830300586438577
2174,8.58958333333333,7.71455251413403,-0.875030819199303
2175,8.67091666666667,7.70877835362777,-0.962138313038898
2176,8.75325,7.70266031064735,-1.05058968935265
2177,8.84016666666667,7.69624269343354,-1.14392397323313
2178,9.0285,7.68958073986319,-1.33891926013681
2179,9.28425,7.68274061744927,-1.60150938255073
2180,9.61933333333333,7.67579942334079,-1.94353390999254
2181,9.95925,7.66884518432289,-2.29040481567711
2182,10.1918333333333,7.66197685681677,-2.52985647651653
2183,10.31125,7.65530432687972,-2.65594567312028
2184,10.2816666666667,7.64894841020511,-2.63271825646159
2185,10.0825833333333,7.6430408521224,-2.4395424812109
2186,9.72883333333333,7.63772432759716,-2.09110900573617
2187,9.33083333333333,7.633152441231,-1.69768089210233
2188,8.94491666666667,7.62948972726166,-1.31542693940501
2189,8.64108333333333,7.6268824920496,-1.01420084128373
2190,8.48516666666667,7.62464683724278,-0.860519829423885
2191,8.42875,7.62241493503837,-0.806335064961631
2192,8.42175,7.62017167800775,-0.801578321992252
2193,8.46708333333333,7.61790326670479,-0.849180066628541
2194,8.5215,7.61559720966584,-0.905902790334165
2195,8.54516666666667,7.61324232340971,-0.931924343256961
2196,8.60141666666667,7.6108287324377,-0.990587934228967
2197,8.63883333333333,7.60834786923359,-1.03048546409974
2198,8.63025,7.6057924742636,-1.0244575257364
2199,8.63675,7.60315659597646,-1.03359340402354
2200,8.68416666666667,7.60043559080335,-1.08373107586332
2201,8.80591666666667,7.59762612315795,-1.20829054350872
2202,8.995,7.59472616543638,-1.40027383456361
2203,9.28325,7.59173499801728,-1.69151500198272
2204,9.5075,7.58865320926171,-1.91884679073829
2205,10.14475,7.58548269551325,-2.55926730448675
2206,10.4085833333333,7.58222666109794,-2.82635667223536
2207,10.5158333333333,7.57888961832428,-2.93694371500902
2208,10.4573333333333,7.57547738748325,-2.88185594585005
2209,10.2674166666667,7.57199709684832,-2.69541956981837
2210,10.0115833333333,7.56845718267543,-2.44312615065787
2211,9.66875,7.56486738920298,-2.10388261079702
2212,9.24983333333333,7.56123876865185,-1.68859456468148
2213,8.89608333333333,7.5575836812254,-1.33849965210793
2214,8.65308333333333,7.55391579510946,-1.09916753822387
2215,8.49958333333333,7.55025008647235,-0.949333246860984
2216,8.41241666666667,7.54660283946482,-0.865813827201846
2217,8.41691666666667,7.54299164622016,-0.873925020446515
2218,8.438,7.53943540685407,-0.898564593145934
2219,8.47933333333333,7.53595432946476,-0.943379003868567
2220,8.54058333333333,7.53256993013292,-1.00801340320041
2221,8.56875,7.52930503292169,-1.03944496707831
2222,8.59483333333333,7.52574743079413,-1.0690859025392
2223,8.60425,7.52069184530806,-1.08355815469194
2224,8.64325,7.514341945027,-1.128908054973
2225,8.71791666666667,7.50698493308786,-1.21093173357881
2226,8.77691666666667,7.49888678691947,-1.2780298797472
2227,8.96208333333333,7.49029225824258,-1.47179107509075
2228,9.3225,7.48142487306985,-1.84107512693015
2229,9.65633333333333,7.47248693170584,-2.18384640162749
2230,9.86716666666667,7.46365950874704,-2.40350715791963
2231,10.13825,7.45510245308182,-2.68314754691818
2232,10.117,7.44695438789051,-2.6700456121095
2233,9.959,7.4393327106453,-2.5196672893547
2234,9.67716666666667,7.43233359311033,-2.24483307355634
2235,9.3215,7.42603198134163,-1.89546801865837
2236,8.9855,7.42048159568716,-1.56501840431284
2237,8.6975,7.41571493078676,-1.28178506921324
2238,8.48016666666667,7.41174325557222,-1.06842341109445
2239,8.34066666666667,7.40855661326722,-0.932110053399446
2240,8.2575,7.40612382138736,-0.851376178612645
2241,8.2115,7.40439247174013,-0.807107528259873
2242,8.25008333333333,7.40328893042495,-0.846794402908377
2243,8.2795,7.40271833783317,-0.876781662166832
2244,8.2835,7.40256460864801,-0.880935391351989
2245,8.31108333333333,7.40269043184463,-0.908392901488696
2246,8.36933333333334,7.4029372706901,-0.966396062643238
2247,8.41183333333333,7.40312536274339,-1.00870797058994
2248,8.54408333333333,7.40305371985539,-1.14102961347794
2249,8.67791666666667,7.40250012816889,-1.27541653849778
2250,8.84075,7.40122114811861,-1.43952885188139
2251,9.10075,7.39895211443118,-1.70179788556882
2252,9.43608333333334,7.39540713612511,-2.04067619720823
2253,9.76325,7.39027909651086,-2.37297090348914
2254,10.04175,7.38327851047492,-2.65847148952508
2255,10.2395833333333,7.37669328543831,-2.86289004789499
2256,10.2425,7.37180588190349,-2.87069411809651
2257,10.1166666666667,7.36832891057531,-2.74833775609139
2258,9.89425,7.36599348345807,-2.52825651654193
2259,9.55508333333333,7.36454921385556,-2.19053411947777
2260,9.13333333333333,7.36376421637107,-1.76956911696225
2261,8.75583333333334,7.36342510690738,-1.39240822642596
2262,8.50208333333333,7.36333700266674,-1.13874633066659
2263,8.34808333333333,7.3633235221509,-0.984759811182428
2264,8.286,7.36322678516109,-0.922773214838905
2265,8.28516666666667,7.36290741279804,-0.922259253868629
2266,8.32608333333333,7.36224452746195,-0.963838805871375
2267,8.35533333333333,7.36113575285253,-0.994197580480804
2268,8.40233333333333,7.35949721396894,-1.04283611936439
2269,8.45116666666667,7.35726353710988,-1.09390312955679
2270,8.49833333333333,7.35438784987348,-1.14394548345985
2271,8.531,7.35084178115741,-1.18015821884259
2272,8.60925,7.34661546115879,-1.26263453884121
2273,8.69025,7.34171752137425,-1.34853247862575
2274,8.87241666666667,7.33617509459989,-1.53624157206678
2275,9.11708333333333,7.3300338149313,-1.78704951840203
2276,9.41258333333333,7.32335781776358,-2.08922551556975
2277,9.76458333333333,7.31622973979129,-2.44835359354204
2278,10.0429166666667,7.30875071900848,-2.73416594765822
2279,10.2305833333333,7.30104039470871,-2.92954293862459
2280,10.29125,7.29323690748501,-2.99801309251499
2281,10.138,7.2854968992299,-2.8525031007701
2282,9.856,7.27799551313538,-2.57800448686462
2283,9.49391666666667,7.27092639369294,-2.22299027297373
2284,9.10333333333333,7.26450168669358,-1.83883164663975
2285,8.75183333333333,7.25895203922776,-1.49288129410557
2286,8.47541666666667,7.25452659968544,-1.22089006698123
2287,8.30025,7.25149301775606,-1.04875698224394
2288,8.18008333333333,7.25013744442855,-0.929945888904783
2289,8.13216666666667,7.25073897575298,-0.881427690913687
2290,8.11616666666667,7.25145435201827,-0.864712314648395
2291,8.16983333333333,7.25110465849892,-0.918728674834405
2292,8.19733333333333,7.24984083320312,-0.947492500130211
2293,8.21425,7.24780531279516,-0.966444687204843
2294,8.246,7.24513203259545,-1.00086796740455
2295,8.31466666666667,7.24194642658051,-1.07272024008616
2296,8.40166666666667,7.23836542738298,-1.16330123928369
2297,8.48958333333333,7.23449746629161,-1.25508586704172
2298,8.61325,7.23044247325125,-1.38280752674875
2299,8.79216666666666,7.22629187686286,-1.56587478980379
2300,9.08316666666667,7.22212860438354,-1.86103806228313
2301,9.38666666666667,7.21802708172648,-2.16863958494019
2302,9.66833333333333,7.21405323346097,-2.45428009987236
2303,9.85358333333333,7.21026448281244,-2.64331885052088
2304,9.95616666666667,7.20670975166242,-2.74945691500425
2305,9.8665,7.20342946054855,-2.66307053945145
2306,9.63283333333333,7.20045552866457,-2.43237780466876
2307,9.34191666666667,7.19781137386035,-2.14410529280631
2308,8.97691666666667,7.19551191264188,-1.78140475402479
2309,8.54483333333333,7.19356356017123,-1.35126977316209
2310,8.17658333333333,7.19196423026662,-0.984619103066712
2311,7.91816666666667,7.19070333540234,-0.727463331264329
2312,7.72533333333333,7.18976178670883,-0.535571546624501
2313,7.64666666666667,7.18911199397262,-0.457554672694053
2314,7.61933333333333,7.18871786563635,-0.430615467696978
2315,7.62683333333333,7.1885348087988,-0.438298524534534
2316,7.69108333333333,7.18850972921482,-0.50257360411851
2317,7.774,7.1885810312954,-0.585418968704595
2318,7.82575,7.18867861810765,-0.637071381892351
2319,7.8655,7.18872389137476,-0.676776108625242
2320,7.94925,7.18862975147605,-0.760620248523949
2321,7.98533333333333,7.18830059744696,-0.797032735886369
2322,8.00608333333333,7.18763232697903,-0.818451006354302
2323,8.04208333333333,7.18651233641991,-0.855570996913424
2324,8.12558333333333,7.18482235702203,-0.940760976311301
2325,8.2435,7.18277677362525,-1.06072322637475
2326,8.4165,7.18062699639202,-1.23587300360798
2327,8.5255,7.17844441007225,-1.34705558992775
2328,8.60808333333333,7.17629300669502,-1.43179032663831
2329,8.72125,7.17422938556858,-1.54702061443141
2330,8.712,7.17230275328039,-1.53969724671961
2331,8.53,7.17055492369706,-1.35944507630294
2332,8.2745,7.1690203179644,-1.1054796820356
2333,8.03416666666667,7.1677259645074,-0.866440702159271
2334,7.80258333333333,7.16669149903022,-0.635891834303113
2335,7.66083333333333,7.16592916451621,-0.494904168817122
2336,7.66458333333333,7.1654438112279,-0.49913952210543
2337,7.70366666666667,7.165232896707,-0.538433769959669
2338,7.823,7.1652864857744,-0.657713514225596
2339,7.87558333333333,7.16558725053018,-0.709996082803148
2340,7.90058333333333,7.16611047035359,-0.734472862979743
2341,7.89783333333333,7.16682403190305,-0.731009301430277
2342,7.87666666666667,7.1676884291162,-0.708978237550472
2343,7.89683333333333,7.16865676320981,-0.728176570123515
2344,7.913,7.16967474267988,-0.743325257320117
2345,7.969,7.17068068330156,-0.798319316698439
2346,8.07183333333333,7.17160550812919,-0.900227825204142
2347,8.08641666666667,7.17237274749629,-0.914043919170385
2348,8.14108333333333,7.17289853901555,-0.968184794317777
2349,8.27333333333333,7.17309162757888,-1.10024170575445
2350,8.48983333333333,7.17285336535732,-1.31697996797601
2351,8.61108333333333,7.17207771180112,-1.43900562153221
2352,8.56708333333333,7.17065123363971,-1.39643209969362
2353,8.41616666666667,7.1684531048817,-1.24771356178498
2354,8.23225,7.16616733194721,-1.06608266805279
2355,8.05566666666667,7.1653255904766,-0.89034107619007
2356,7.83991666666667,7.16564906653369,-0.67426760013298
2357,7.61625,7.16682165848243,-0.449428341517572
2358,7.4915,7.16855562912469,-0.322944370875311
2359,7.42908333333333,7.17059160570027,-0.258491727633056
2360,7.40783333333333,7.1726985798869,-0.235134753446427
2361,7.39983333333333,7.17467390780023,-0.225159425533104
2362,7.41466666666667,7.17634330999381,-0.238323356672856
2363,7.44983333333333,7.17756087145917,-0.272272461874163
2364,7.53916666666667,7.17820904162571,-0.360957625040963
2365,7.6125,7.17819863436078,-0.434301365639219
2366,7.70025,7.17746882796966,-0.522781172030339
2367,7.76675,7.17598716519554,-0.590762834804456
2368,7.84066666666667,7.17374955321955,-0.666917113447118
2369,7.92066666666667,7.17078026366073,-0.749886403005938
2370,8.00758333333333,7.16713193257605,-0.840451400757274
2371,8.09425,7.16288556046042,-0.931364439539584
2372,8.25191666666667,7.15815051224664,-1.09376615442003
2373,8.46058333333333,7.15306451730547,-1.30751881602786
2374,8.646,7.14779366944557,-1.49820633055443
2375,8.67233333333333,7.14253242691355,-1.52980090641978
2376,8.578,7.13750361239392,-1.44049638760608
2377,8.28266666666667,7.13295841300913,-1.14970825365754
2378,8.07008333333333,7.12917638031954,-0.940906953013788
2379,7.99891666666667,7.12646543032346,-0.872451236343212
2380,7.86275,7.1251618434571,-0.737588156542905
2381,7.76875,7.1256302645946,-0.6431197354054
2382,7.69808333333333,7.12826370304804,-0.569819630285292
2383,7.66133333333333,7.13279006109209,-0.52854327224124
2384,7.70375,7.13782398837832,-0.565926011621682
2385,7.77308333333333,7.14318915900452,-0.629894174328813
2386,7.81091666666667,7.14876868329992,-0.662147983366747
2387,7.83708333333333,7.15445579856239,-0.682627534770939
2388,7.88516666666667,7.16015386905839,-0.725012797608283
2389,7.918,7.165776386023,-0.752223613977003
2390,7.975,7.17124696765992,-0.803753032340081
2391,8.0715,7.17649935914147,-0.895000640858533
2392,8.14175,7.18147743260857,-0.960272567391428
2393,8.22991666666667,7.18613518717078,-1.04378147949589
2394,8.32516666666667,7.19043674890625,-1.13472991776042
2395,8.473,7.19435637086176,-1.27864362913824
2396,8.74725,7.1978784330527,-1.5493715669473
2397,9.14925,7.20099744246307,-1.94825255753693
2398,9.35641666666667,7.20371803304551,-2.15269863362116
2399,9.40508333333334,7.20605496572124,-2.1990283676121
2400,9.28941666666667,7.20803312838012,-2.08138353828654
2401,9.06175,7.20968753588063,-1.85206246411937
2402,8.79491666666667,7.21106333004983,-1.58385333661684
2403,8.51233333333333,7.21221577968344,-1.30011755364989
2404,8.27541666666667,7.21321028054577,-1.0622063861209
2405,8.07308333333333,7.21412235536974,-0.858960977963591
2406,7.97316666666667,7.2150376538569,-0.758129012809767
2407,7.92,7.21605195267742,-0.703948047322577
2408,7.92833333333333,7.21727115547007,-0.711062177863259
2409,7.92775,7.21881129284224,-0.708938707157758
2410,7.95141666666667,7.22079852236994,-0.730618144296729
2411,7.98525,7.22336256916743,-0.761887430832574
2412,8.00791666666667,7.22550959518402,-0.782407071482655
2413,7.9985,7.22658631061837,-0.771913689381629
2414,8.01116666666667,7.22678123707381,-0.784385429592858
2415,8.02716666666667,7.2262700617851,-0.800896604881572
2416,8.06041666666667,7.22521563761843,-0.835201029048236
2417,8.20833333333333,7.22376798307147,-0.984565350261863
2418,8.416,7.22206428227329,-1.19393571772671
2419,8.6855,7.22022888498444,-1.46527111501556
2420,8.90125,7.21837330659689,-1.68287669340311
2421,9.16566666666667,7.21659622813406,-1.94907043853261
2422,9.34891666666667,7.21498349625083,-2.13393317041584
2423,9.4255,7.21360812323349,-2.21189187676651
2424,9.43466666666667,7.2125302869998,-2.22213637966687
2425,9.29625,7.21179733109896,-2.08445266890104
2426,8.95733333333333,7.21144376471161,-1.74588956862172
2427,8.73616666666667,7.21149126264982,-1.52467540401685
2428,8.49466666666667,7.21194866535712,-1.28271800130955
2429,8.26866666666667,7.21281197890849,-1.05585468775818
2430,8.11733333333333,7.21406437501034,-0.903268958322992
2431,8.04725,7.21567619100052,-0.831573808999485
2432,8.01775,7.21760492984833,-0.800145070151674
2433,8.06325,7.21979526015451,-0.84345473984549
2434,8.12058333333333,7.22217901615126,-0.898404317182073
2435,8.20116666666667,7.2246751977022,-0.976491468964471
2436,8.25133333333333,7.2271899703024,-1.02414336303093
2437,8.33183333333333,7.22961666507839,-1.10221666825494
2438,8.38216666666666,7.23183577878813,-1.15033088787853
2439,8.42741666666667,7.23371497382101,-1.19370169284566
2440,8.53575,7.23502877454544,-1.30072122545456
2441,8.62325,7.23494668300196,-1.38830331699804
2442,8.80908333333333,7.23351096582442,-1.57557236750891
2443,8.84066666666667,7.23098782438715,-1.60967884227951
2444,9.14441666666667,7.2276238665035,-1.91679280016317
2445,9.38933333333333,7.22364610642583,-2.1656872269075
2446,9.59458333333333,7.21926196484555,-2.37532136848778
2447,9.687,7.2146592688931,-2.4723407311069
2448,9.62883333333333,7.21000625213793,-2.4188270811954
2449,9.466,7.20545155458853,-2.26054844541147
2450,9.19233333333333,7.20112422269241,-1.99120911064092
2451,8.87333333333333,7.19713370933612,-1.67619962399721
2452,8.47216666666667,7.19356987384522,-1.27859679282145
2453,8.09666666666667,7.19050298198431,-0.906163684682356
2454,7.7965,7.18798370595702,-0.608516294042976
2455,7.58108333333333,7.18604312440601,-0.395040208927324
2456,7.47275,7.18469272241294,-0.288057277587061
2457,7.39116666666667,7.18392439149853,-0.207242275168141
2458,7.379,7.18371042962252,-0.195289570377484
2459,7.38358333333333,7.18400354118366,-0.19957979214967
2460,7.40425,7.18473683701975,-0.219513162980247
2461,7.4395,7.18582383440762,-0.253676165592385
2462,7.47791666666667,7.18715845706309,-0.290758209603577
2463,7.52841666666667,7.18861503514106,-0.339801631525611
2464,7.57791666666667,7.19004830523542,-0.387868361431252
2465,7.655,7.1912934103791,-0.463706589620903
2466,7.74983333333333,7.19216590004406,-0.557667433289274
2467,7.88683333333333,7.19246173014128,-0.694371603192053
2468,8.0285,7.19195726302078,-0.836542736979223
2469,8.22691666666667,7.19040926747159,-1.03650739919508
2470,8.44958333333333,7.18769073816022,-1.26189259517311
2471,8.59366666666667,7.18514665144685,-1.40852001521982
2472,8.65425,7.18315288483118,-1.47109711516881
2473,8.63416666666667,7.18166179953099,-1.45250486713568
2474,8.54283333333333,7.18062481278546,-1.36220852054787
2475,8.36583333333333,7.17999239785522,-1.18584093547811
2476,8.07433333333333,7.17971408402235,-0.894619249310979
2477,7.747,7.17973845659035,-0.567261543409649
2478,7.45683333333333,7.18001315688417,-0.276820176449157
2479,7.24016666666667,7.1804848822502,-0.0596817844164699
2480,7.09408333333333,7.18109938605626,0.0870160527229276
2481,6.97025,7.18180147769161,0.211551477691609
2482,6.91091666666667,7.18253502256695,0.271618355900284
2483,6.98591666666667,7.18324294211443,0.197326275447761
2484,7.03641666666666,7.18386721378762,0.147450547120958
2485,7.15458333333333,7.18434887106153,0.0297655377282018
2486,7.30991666666667,7.18462800343263,-0.125288663234042
2487,7.51616666666667,7.1846437564188,-0.331522910247873
2488,7.72808333333333,7.18433433155937,-0.543749001773958
2489,7.89091666666667,7.18363698641512,-0.707279680251549
2490,8.01041666666667,7.18248803456825,-0.827928632098415
2491,8.27783333333333,7.18082284562242,-1.09701048771091
2492,8.58233333333333,7.17857584520269,-1.40375748813064
2493,8.89216666666667,7.17568051495561,-1.71648615171106
2494,9.19433333333333,7.17206939254912,-2.02226394078421
2495,9.46475,7.16767407167263,-2.29707592832737
2496,9.55258333333333,7.16242520203699,-2.39015813129634
2497,9.534,7.15625248937445,-2.37774751062555
2498,9.39216666666667,7.15038614170574,-2.24178052496093
2499,9.15391666666667,7.14665782633562,-2.00725884033105
2500,8.81308333333333,7.14465833127259,-1.66842500206074
2501,8.40941666666667,7.14397955845127,-1.2654371082154
2502,8.04608333333333,7.1442463829269,-0.901836950406434
2503,7.81275,7.14511665287531,-0.667633347124694
2504,7.67966666666667,7.14628118959297,-0.533385477073703
2505,7.602,7.14746378749696,-0.454536212503044
2506,7.60266666666667,7.14842121412497,-0.454245452541701
2507,7.64266666666667,7.14894321013531,-0.49372345653136
2508,7.70966666666667,7.14885248930691,-0.560814177359763
2509,7.76541666666667,7.1480047385393,-0.617411928127373
2510,7.79416666666667,7.14628861785264,-0.647878048814033
2511,7.888,7.14362576038769,-0.744374239612307
2512,7.93833333333333,7.13997077240585,-0.798362560927478
2513,8.04208333333333,7.13531123328911,-0.906772100044216
2514,8.17291666666667,7.1296676955401,-1.04324897112657
2515,8.407,7.12309368478203,-1.28390631521797
2516,8.67991666666667,7.11567569975875,-1.56424096690792
2517,8.98233333333333,7.10753321233473,-1.8748001209986
2518,9.2705,7.09881866749505,-2.17168133250495
2519,9.5185,7.08971748334539,-2.42878251665461
2520,9.5915,7.08044805111206,-2.51105194888794
2521,9.4655,7.07126173514199,-2.39423826485801
2522,9.2755,7.06244287290271,-2.21305712709729
2523,9.03525,7.05430877498237,-1.98094122501763
2524,8.70941666666667,7.04720972508975,-1.66220694157692
2525,8.37033333333333,7.04152898005422,-1.32880435327911
2526,8.09116666666667,7.03768276982579,-1.05348389684088
2527,7.88641666666667,7.03612029747507,-0.8502963691916
2528,7.76075,7.03711605807942,-0.723633941920576
2529,7.66766666666667,7.03846160464033,-0.629205062026338
2530,7.65216666666667,7.03945282889691,-0.612713837769761
2531,7.65591666666667,7.04011690109421,-0.615799765572461
2532,7.72458333333333,7.04048030509086,-0.684103028242471
2533,7.81533333333333,7.04056883835905,-0.77476449497428
2534,7.88658333333333,7.04040761198454,-0.846175721348785
2535,7.96083333333333,7.04002105066667,-0.920812282666659
2536,8.0445,7.03943289271832,-1.00506710728167
2537,8.09366666666667,7.03866619006597,-1.0550004766007
2538,8.12975,7.03774330824964,-1.09200669175036
2539,8.30966666666667,7.03668592642293,-1.27298074024374
2540,8.55591666666667,7.03551503735301,-1.52040162931366
2541,8.85875,7.03425094742062,-1.82449905257938
2542,9.06941666666667,7.03291327662006,-2.03650339004661
2543,9.31358333333333,7.0315209585592,-2.28206237477413
2544,9.41208333333333,7.03009224045948,-2.38199109287385
2545,9.34733333333333,7.0286446831559,-2.31868865017743
2546,9.12791666666667,7.02719516109704,-2.10072150556962
2547,8.81058333333334,7.02575986234505,-1.78482347098829
2548,8.46108333333333,7.02435428857563,-1.4367290447577
2549,8.10275,7.02299325507806,-1.07975674492194
2550,7.81375,7.02169089075518,-0.79205910924482
2551,7.63158333333333,7.02046063812341,-0.611122695209917
2552,7.51208333333333,7.01931525331274,-0.492768080020594
2553,7.46483333333333,7.0182668060667,-0.446566527266632
2554,7.4245,7.01732667974242,-0.407173320257582
2555,7.43775,7.01650557131058,-0.421244428689421
2556,7.47708333333333,7.01581349135543,-0.461269841977897
2557,7.53525,7.01521918322749,-0.520030816772508
2558,7.56616666666667,7.0134020393798,-0.552764627286875
2559,7.69341666666667,7.00994537618867,-0.683471290477996
2560,7.76475,7.00513958963084,-0.759610410369158
2561,7.90108333333333,6.99925625317181,-0.901827080161524
2562,8.02316666666667,6.99254811776585,-1.03061854890082
2563,8.23491666666667,6.98524911185605,-1.24966755481062
2564,8.48766666666667,6.97757434137427,-1.5100923252924
2565,8.72091666666667,6.96972008974116,-1.75119657692551
2566,8.89483333333333,6.96186381786615,-1.93296951546718
2567,9.05525,6.95416416414745,-2.10108583585255
2568,9.20925,6.94676094447209,-2.26248905552792
2569,9.24825,6.93977515221584,-2.30847484778417
2570,8.95341666666667,6.93330895824328,-2.02010770842339
2571,8.76808333333334,6.92744571090779,-1.84063762242555
2572,8.46708333333333,6.92224993605151,-1.54483339728182
2573,8.16991666666667,6.91776733700538,-1.25214932966129
2574,7.92508333333333,6.91402479458913,-1.0110585387442
2575,7.75733333333333,6.91103036711125,-0.846302966222079
2576,7.66175,6.90877329036906,-0.752976709630945
2577,7.594,6.90722397764862,-0.686776022351382
2578,7.58258333333333,6.90633401972481,-0.67624931360852
2579,7.62758333333333,6.90603618486129,-0.721547148472045
2580,7.67291666666667,6.90624441881048,-0.766672247856187
2581,7.70216666666667,6.90685384481363,-0.795312821853038
2582,7.77358333333333,6.90774076360074,-0.865842569732586
2583,7.85933333333333,6.90876265339062,-0.950570679942713
2584,7.98908333333333,6.90975816989084,-1.07932516344249
2585,8.12116666666667,6.91054714629778,-1.21061952036889
2586,8.30183333333333,6.9109305932966,-1.39090274003673
2587,8.50975,6.91069069906124,-1.59905930093876
2588,8.766,6.90959082925443,-1.85640917074557
2589,9.04075,6.90737552702769,-2.13337447297231
2590,9.31516666666667,6.90377051302132,-2.41139615364535
2591,9.36491666666667,6.89848268536441,-2.46643398130226
2592,9.31891666666667,6.89120076116331,-2.42771590550336
2593,9.14225,6.88382457430161,-2.25842542569839
2594,8.81425,6.87814096494403,-1.93610903505597
2595,8.54866666666667,6.87388752683895,-1.67477913982772
2596,8.25733333333333,6.87081961284274,-1.38651372049059
2597,7.96508333333333,6.86871033491971,-1.09637299841362
2598,7.73541666666667,6.86735056414211,-0.868066102524559
2599,7.59641666666667,6.86654893069017,-0.729867735976503
2600,7.56075,6.86613182385204,-0.694618176147959
2602,7.53666666666667,6.86584554270968,-0.670821123956985
2603,7.547,6.86571794252155,-0.681282057478447
2604,7.55933333333333,6.86545801717944,-0.693875316153891
2605,7.59025,6.86498095151128,-0.725269048488722
2606,7.61866666666667,6.86421968945295,-0.754446977213717
2607,7.67066666666667,6.8631249340483,-0.807541732618367
2608,7.75333333333333,6.86166514744912,-0.891668185884213
2609,7.86158333333333,6.85982655091514,-1.00175678241819
2610,7.96483333333333,6.85761312481407,-1.10722020851926
2611,8.14833333333333,6.85504660862156,-1.29328672471177
2612,8.34216666666667,6.85216650092121,-1.49000016574546
2613,8.54066666666667,6.84903005940457,-1.6916366072621
2614,8.77833333333333,6.84571230087116,-1.93262103246217
2615,8.98183333333333,6.84230600122843,-2.1395273321049
2616,9.021,6.8389216954918,-2.1820783045082
2617,8.90091666666667,6.83568767778464,-2.06522898888203
2618,8.79125,6.83275000133826,-1.95849999866174
2619,8.58141666666667,6.83027247849195,-1.75114418817472
2620,8.19916666666666,6.82843668069292,-1.37072998597374
2621,7.30066666666667,6.82744193849636,-0.473224728170309
2622,6.37425,6.82742448260055,0.453174482600553
2623,5.04333333333333,6.82807432362214,1.78474099028881
2624,4.4905,6.82920679870414,2.33870679870414
2625,4.87383333333333,6.83068624183337,1.95685290850004
2626,5.03283333333333,6.83238916501604,1.79955583168271
2627,5.21808333333333,6.83420425827775,1.61612092494442
2628,5.76283333333333,6.83603238966352,1.07319905633019
2629,6.21575,6.83778660523774,0.62203660523774
2630,6.60491666666667,6.8393921290842,0.234475462417531
2631,6.953,6.84078636330609,-0.112213636693913
2632,7.07708333333333,6.84191888802598,-0.235164445307349
2633,7.0415,6.84275146138586,-0.198748538614145
2634,6.67083333333333,6.84325801954708,0.172424686213751
2635,6.52733333333333,6.84342467669042,0.31609134335709
2636,6.7215,6.84324972501603,0.12174972501603
2637,7.02791666666667,6.84274363474346,-0.185173031923207
2638,7.21558333333333,6.84192905411166,-0.373654279221666
2639,7.25325,6.84084080937898,-0.412409190621025
2640,7.12925,6.83952590482313,-0.289724095176869
2641,7.06258333333333,6.83804352274126,-0.22453981059207
2642,6.947,6.83646502344989,-0.110534976550113
2643,6.78283333333333,6.83487394528493,0.0520406119515995
2644,6.57883333333333,6.8333660046017,0.254532671268368
2645,6.35416666666667,6.8320490957749,0.477882429108233
2646,6.119,6.83104329119864,0.712043291198642
2647,5.88375,6.83048084128641,0.946730841286411
2648,5.79466666666667,6.8305061744711,1.03583950780443
2649,5.82208333333333,6.83127589720499,1.00919256387166
2650,5.93133333333333,6.83295879395977,0.901625460626439
2651,6.06216666666667,6.83571898775673,0.773552321090055
2652,6.14925,6.8379556347759,0.688705634775902
2653,6.2165,6.83874534883971,0.622245348839711
2654,6.25,6.83839060228656,0.588390602286562
2655,6.2465,6.83717196535816,0.590671965358164
2656,6.28191666666667,6.83534810619953,0.553431439532855
2657,6.29975,6.83315579085896,0.533405790858956
2658,6.35641666666667,6.83080988328807,0.474393216621397
2659,6.49616666666667,6.82850334534177,0.332336678675097
2660,6.69316666666667,6.82640723677827,0.133240570111597
2661,6.95533333333333,6.82467071525908,-0.130662618074255
2662,7.24416666666667,6.823421036349,-0.420745630317666
2663,7.54058333333333,6.82276355351616,-0.717819779817165
2664,7.72683333333333,6.82278171813197,-0.904051615201364
2665,7.95716666666667,6.82353707947112,-1.13362958719555
2666,7.73691666666667,6.82506928471164,-0.911847381955033
2667,7.461,6.82739607893483,-0.633603921065171
2668,7.18041666666667,6.83051330512531,-0.349903361541361
2669,6.92425,6.83439490417099,-0.0898550958290132
2670,6.66275,6.83899291486307,0.176242914863074
2671,6.46558333333333,6.84423747389608,0.378654140562754
2672,6.39483333333333,6.85003681586783,0.455203482534499
2673,6.36533333333333,6.85627727327942,0.49094393994609
2674,6.4255,6.86282327653527,0.437323276535271
2675,6.59583333333333,6.86951735394309,0.273684020609765
2676,6.78708333333333,6.8761801317139,0.0890967983805746
2677,6.96358333333333,6.88261033396201,-0.0809729993713182
2678,7.10016666666667,6.88858478270503,-0.211581883961641
2679,7.23066666666667,6.89385839786387,-0.336808268802795
2680,7.29308333333333,6.89816419726276,-0.394919136070572
2681,7.4295,6.90098128395555,-0.528518716044452
2682,7.546,6.90195666918396,-0.644043330816039
2683,7.79875,6.90140981022871,-0.897340189771294
2684,8.05983333333333,6.89964815484987,-1.16018517848346
2685,8.30766666666667,6.89695590058527,-1.4107107660814
2686,8.48516666666667,6.8935939947504,-1.59157267191627
2687,8.59108333333333,6.88980013443851,-1.70128319889482
2688,8.5475,6.88578876652054,-1.66171123347946
2689,8.52158333333333,6.88175108764515,-1.63983224568818
2690,8.4115,6.8778550442387,-1.5336449557613
2691,8.21491666666667,6.87424533250529,-1.34067133416138
2692,7.90866666666667,6.8710433984267,-1.03762326823997
2693,7.60775,6.86834743776247,-0.739402562237535
2694,7.33841666666667,6.86623239604979,-0.472184270616875
2695,7.1595,6.86474996860363,-0.294750031396368
2696,6.984,6.86392860051663,-0.12007139948337
2697,6.86008333333333,6.86377348665915,0.00369015332582379
2698,6.74041666666667,6.86426657167928,0.123849905012612
2699,6.747,6.86536655000281,0.11836655000281
2700,6.7165,6.86700886583324,0.150508865833243
2701,6.73458333333333,6.8691057131518,0.13452237981847
2702,6.7315,6.87154603571742,0.140046035717416
2703,6.77483333333333,6.87419552706674,0.0993621937334055
2704,6.87983333333333,6.87689663051412,-0.0029367028192091
2705,6.96475,6.87946853915165,-0.0852814608483525
2706,7.12891666666667,6.8817071958491,-0.24720947081757
2707,7.25891666666667,6.88338529325398,-0.375531373412689
2708,7.43341666666667,6.8842522737915,-0.549164392875165
2709,7.71658333333333,6.8840343296646,-0.832549003668732
2710,7.82641666666667,6.88268710654877,-0.943729560117897
2711,7.93033333333333,6.88119742707522,-1.04913590625811
2712,7.92608333333333,6.879767508289,-1.04631582504433
2713,7.88725,6.87846484919275,-1.00878515080725
2714,8.12933333333333,6.87734768695816,-1.25198564637517
2715,7.976,6.87646499692594,-1.09953500307406
2716,7.85941666666667,6.87585649260585,-0.983560174060817
2717,7.56208333333333,6.8755526256767,-0.686530707656634
2718,7.31358333333333,6.87557458598631,-0.438008747347021
2719,7.12525,6.87593430155157,-0.249315698448426
2720,6.94433333333333,6.87663443855841,-0.0676988947749217
2721,6.86016666666667,6.87766840136177,0.0175017346951023
2722,6.80008333333333,6.87902033248566,0.0789369991523348
2723,6.809,6.88066511262313,0.0716651126231262
2724,6.81816666666667,6.88256836063624,0.0644016939695673
2725,6.85391666666667,6.88468643355612,0.0307697668894455
2726,6.89366666666667,6.88696642658292,-0.00670024008374615
2727,7.013,6.88934617308586,-0.12365382691414
2728,7.11491666666667,6.89175424460316,-0.223162422063506
2729,7.15475,6.89410995084212,-0.260640049157883
2730,7.29466666666667,6.89632333967904,-0.39834332698763
2731,7.40525,6.89829519715929,-0.506954802840709
2732,7.57558333333333,6.89991704749727,-0.675666285836058
2733,7.80125,6.90107115307642,-0.900178846923578
2734,7.97966666666667,6.90163051444922,-1.07803615221745
2735,8.07058333333333,6.90145887033719,-1.16912446299614
2736,8.06016666666667,6.90041069763089,-1.15975596903577
2737,8.11741666666667,6.89863793754945,-1.21877872911722
2738,7.96575,6.89753677214273,-1.06821322785727
2739,7.65791666666667,6.89724294017125,-0.760673726495423
2740,7.39,6.89769038239245,-0.492309617607554
2741,7.12041666666667,6.89881463603759,-0.221602030629081
2742,6.92116666666667,6.90055283481174,-0.0206138318549343
2743,6.77466666666667,6.90284370889375,0.128177042227078
2744,6.67916666666667,6.90562758493629,0.226460918269619
2745,6.63808333333333,6.90884638606582,0.270763052732493
2746,6.61558333333333,6.91244363188262,0.296860298549286
2747,6.60875,6.91636443846074,0.307614438460737
2748,6.62375,6.92055551834805,0.296805518348054
2749,6.6565,6.92496518056624,0.268465180566238
2750,6.66908333333333,6.92954333061076,0.260459997277433
2751,6.71116666666667,6.9342414704509,0.223074803784233
2752,6.74933333333333,6.93901269852973,0.189679365196402
2753,6.86783333333333,6.94381170976413,0.0759783764307986
2754,6.97875,6.94859479554477,-0.0301552044552285
2755,7.074,6.95331984373614,-0.120680156263858
2756,7.22941666666667,6.95794633867652,-0.27147032799015
2757,7.469,6.96243536117799,-0.506564638822008
2758,7.74325,6.96674958852644,-0.776500411473557
2759,7.96883333333333,6.97085329448156,-0.997980038851773
2760,8.14466666666667,6.97471234927683,-1.16995431738984
2761,7.98866666666667,6.97829421961954,-1.01037244704713
2762,7.73491666666667,6.98156796869079,-0.753348697975884
2763,7.55525,6.98450425614546,-0.570745743854538
2764,7.2415,6.98707533811226,-0.254424661887737
2765,6.90716666666667,6.98925506719368,0.0820884005270131
2766,6.66583333333333,6.99101889246602,0.325185559132692
2767,6.49441666666667,6.99234385947938,0.497927192812708
2768,6.43883333333333,6.99320861025765,0.554375276924323
2769,6.40225,6.99359338329855,0.59134338329855
2770,6.41391666666667,6.99348001357357,0.579563346906903
2771,6.497,6.99285193252803,0.49585193252803
2772,6.59633333333333,6.99169416808103,0.395360834747695
2773,6.67491666666667,6.98999334462547,0.315076677958801
2774,6.79208333333333,6.98773768302808,0.195654349694747
2775,6.92825,6.98491700062936,0.0566670006293553
2776,7.02458333333333,6.98152271124362,-0.0430606220897101
2777,7.21558333333333,6.97754782515899,-0.238035508174343
2778,7.37225,6.97298694913737,-0.399263050862626
2779,7.53133333333333,6.9678362864145,-0.563497046918832
2780,7.79175,6.96209363669988,-0.82965636330012
2781,8.02508333333333,6.95575839617684,-1.06932493715648
2782,8.18191666666667,6.94960314333834,-1.23231352332833
2783,8.41216666666666,6.94440251855188,-1.46776414811478
2784,8.54066666666667,6.94007615874354,-1.60059050792313
2785,8.43341666666667,6.93654693347563,-1.49686973319104
2786,8.28616666666667,6.93374120966881,-1.35242545699786
2787,8.13566666666667,6.93158885160207,-1.2040778150646
2788,7.93525,6.93002322091274,-1.00522677908726
2789,7.66883333333333,6.9289811765965,-0.739852156736832
2790,7.42608333333333,6.92840307500736,-0.497680258325975
2791,7.25758333333333,6.92823276985766,-0.329350563475666
2792,7.15566666666667,6.92841761221811,-0.227249054448555
2793,7.14283333333333,6.92890845051774,-0.213924882815592
2794,7.15333333333334,6.9296596305439,-0.223673702789436
2795,7.17566666666667,6.93062899544232,-0.245037671224347
2796,7.2295,6.93177788571704,-0.297722114282956
2797,7.2775,6.93307113923045,-0.344428860769545
2798,7.33141666666667,6.93447709120329,-0.396939575463385
2799,7.42,6.9359675742146,-0.484032425785399
2800,7.56266666666667,6.93751791820181,-0.62514874846486
2801,7.72125,6.93910695046066,-0.782143049539341
2802,7.82483333333333,6.94071699564523,-0.884116337688095
2803,7.97758333333333,6.94233387576796,-1.03524945756537
2804,8.1925,6.9439469101996,-1.2485530898004
2805,8.55283333333333,6.94554891566927,-1.60728441766406
2806,8.75891666666667,6.9471362062644,-1.81178046040227
2807,8.90866666666667,6.94870859343077,-1.9599580732359
2808,9.102,6.95026938597252,-2.15173061402748
2809,9.10691666666667,6.9518253900521,-2.15509127661457
2810,8.91141666666667,6.95338690919032,-1.95802975747635
2811,8.63333333333333,6.95496774426632,-1.67836558906701
2812,8.31525,6.95658519351757,-1.35866480648243
2813,8.03683333333333,6.9582600525399,-1.07857328079343
2814,7.82783333333333,6.96001661428746,-0.867816719045867
2815,7.67658333333333,6.96188266907277,-0.714700664260563
2816,7.58908333333333,6.96388950456665,-0.625193828766683
2817,7.51666666666667,6.96607190579828,-0.55059476086839
2818,7.488,6.96846815515519,-0.519531844844815
2819,7.521,6.97112003238322,-0.549879967616781
2820,7.5555,6.97407281458658,-0.581427185413423
2821,7.64366666666667,6.9773752762278,-0.666291390438873
2822,7.70725,6.98107968912775,-0.726170310872246
2823,7.80041666666667,6.98515864883105,-0.815258017835625
2824,7.94616666666667,6.98774453531679,-0.958422131349883
2825,8.07183333333333,6.98828919925685,-1.08354413407648
2826,8.20491666666667,6.98710433105251,-1.21781233561416
2827,8.37016666666667,6.98448358371991,-1.38568308294676
2828,8.559,6.98070257289009,-1.57829742710991
2829,8.81283333333333,6.97601887680899,-1.83681445652434
2830,9.07625,6.9706720363374,-2.1055779636626
2831,9.293,6.96488355495103,-2.32811644504897
2832,9.38791666666667,6.95885689874045,-2.42905976792622
2833,9.344,6.95277749641113,-2.39122250358887
2834,9.15183333333333,6.94681273928342,-2.20502059404991
2835,9.01966666666667,6.94111198129256,-2.07855468537411
2836,8.76325,6.93580653898866,-1.82744346101134
2837,8.47408333333333,6.93100969153674,-1.54307364179659
2838,8.23291666666667,6.92681668071668,-1.30609998594999
2839,8.00816666666667,6.92330471092327,-1.0848619557434
2840,7.85883333333333,6.92053294916615,-0.938300384167177
2841,7.78316666666667,6.91854252506989,-0.864624141596781
2842,7.76258333333333,6.91735653087391,-0.845226802459424
2843,7.79708333333333,6.91698002143252,-0.880103311900806
2844,7.87966666666667,6.91740001421494,-0.962266652451727
2845,7.96041666666667,6.91858548930525,-1.04183117736142
2846,8.01533333333333,6.92048738940242,-1.09484594393091
2847,8.15933333333333,6.92303861982031,-1.23629471351302
2848,8.25083333333333,6.92615404848767,-1.32467928484566
2849,8.37933333333333,6.92973050594811,-1.44960282738522
2850,8.577,6.93364678536016,-1.64335321463984
2851,8.65825,6.93776364249722,-1.72048635750278
2852,8.83375,6.94192379574756,-1.89182620425244
2853,9.07325,6.94595192611436,-2.12729807388564
2854,9.31566666666667,6.94965467721568,-2.36601198945099
2855,9.60458333333333,6.95282065528444,-2.65176267804889
2856,9.694,6.95522042916848,-2.73877957083152
2857,9.662,6.95660653033051,-2.70539346966949
2858,9.52916666666667,6.95671345284812,-2.57245321381855
2859,9.33091666666667,6.95532780234832,-2.37558886431835
2860,9.06733333333333,6.95465336562683,-2.1126799677065
2861,8.74983333333333,6.95562651457054,-1.79420681876279
2862,8.4295,6.95794742044059,-1.47155257955941
2863,8.16866666666667,6.96133621672691,-1.20733044993976
2864,7.997,6.96553299914823,-1.03146700085177
2865,7.87958333333333,6.97029782565209,-0.909285507681242
2866,7.84716666666667,6.97541071641482,-0.871755950251853
2867,7.89908333333333,6.98067165384155,-0.918411679491777
2868,7.95025,6.98590058256623,-0.964349417433768
2869,8.01466666666667,6.99093740945159,-1.02372925721508
2870,8.09275,6.99564200358917,-1.09710799641083
2871,8.18766666666667,6.9998941962993,-1.18777247036737
2872,8.28866666666667,7.00359378113112,-1.28507288553554
2873,8.38258333333333,7.00666051386258,-1.37592281947075
2874,8.49316666666667,7.00903411250041,-1.48413255416626
2875,8.63175,7.01067425728015,-1.62107574271985
2876,8.82908333333333,7.01156059066614,-1.81752274266719
2877,9.07716666666667,7.01169271735153,-2.06547394931514
2878,9.32,7.01109020425825,-2.30890979574175
2879,9.55125,7.00979258053705,-2.54145741946295
2880,9.68858333333333,7.00785933756747,-2.68072399576586
2881,9.65775,7.00536992895786,-2.65238007104214
2882,9.36758333333333,7.00242377054535,-2.36515956278798
2883,9.15325,6.9991402403959,-2.1541097596041
2884,8.8965,6.99565867880424,-1.90084132119576
2885,8.59025,6.99213838829393,-1.59811161170607
2886,8.31191666666667,6.98875863361731,-1.32315803304936
2887,8.077,6.98571864175553,-1.09128135824447
2888,7.90083333333333,6.98323760191853,-0.917595731414796
2889,7.7745,6.98155466554507,-0.792945334454928
2890,7.71525,6.98092894630269,-0.73432105369731
2891,7.72533333333333,6.98163952008774,-0.74369381324559
2892,7.77625,6.98395520752076,-0.792294792479242
2893,7.83108333333333,6.98576558652925,-0.845317746804082
2894,7.90916666666667,6.98586242244633,-0.923304244220342
2895,8.007,6.98455803340171,-1.02244196659829
2896,7.989,6.98214322446476,-1.00685677553524
2897,8.251,6.9788872876445,-1.2721127123555
2898,8.447,6.97503800188957,-1.47196199811043
2899,8.61866666666667,6.97082163308829,-1.64784503357838
2900,8.8285,6.96644293406862,-1.86205706593138
2901,9.09875,6.96208514459816,-2.13666485540184
2902,9.44625,6.95790999138417,-2.48834000861582
2903,9.68983333333333,6.95405768807356,-2.73577564525977
2904,9.762,6.95064693525287,-2.81135306474713
2905,9.74516666666667,6.9477749204483,-2.79739174621837
2906,9.65475,6.94551731812571,-2.70923268187429
2907,9.43316666666667,6.9439282896906,-2.48923837697607
2908,9.16983333333333,6.9430404834881,-2.22679284984523
2909,8.89541666666667,6.94286503480302,-1.95255163186365
2910,8.57508333333333,6.9433915658598,-1.63169176747353
2911,8.34358333333333,6.94458818582253,-1.3989951475108
2912,8.18725,6.94640149079496,-1.24084850920504
2913,8.10625,6.94875656382047,-1.15749343617953
2914,8.11816666666667,6.9515569748821,-1.16660969178457
2915,8.19933333333333,6.95468478090254,-1.24464855243079
2916,8.29008333333334,6.95800052574412,-1.33208280758922
2917,8.38316666666667,6.96134324020884,-1.42182342645783
2918,8.44483333333333,6.96453044203832,-1.48030289129501
2919,8.39558333333333,6.96735813591384,-1.42822519741949
2920,8.56616666666667,6.96960081345633,-1.59656585321034
2921,8.74583333333333,6.97101145322638,-1.77482188010695
2922,8.9305,6.97132152072421,-1.95917847927579
2923,9.12775,6.97024096838969,-2.15750903161031
2924,9.32816666666667,6.96852087120881,-2.35964579545786
2925,9.56558333333333,6.96785659468042,-2.59772673865291
2926,9.81391666666667,6.96805698302203,-2.84585968364464
2927,10.0066666666667,6.96890325112057,-3.03776341554613
2928,10.04925,6.97019302140986,-3.07905697859015
2929,9.96475,6.97174032387062,-2.99300967612938
2930,9.7105,6.97337559603052,-2.73712440396948
2931,9.50966666666667,6.97494568296411,-2.53472098370256
2932,9.271,6.97631383729287,-2.29468616270713
2933,8.99841666666667,6.97735971918519,-2.02105694748148
2934,8.77066666666667,6.97797939635637,-1.7926872703103
2935,8.63808333333333,6.97808534406862,-1.65999798926471
2936,8.58933333333333,6.97760644513107,-1.61172688820226
2937,8.61833333333333,6.97648798989976,-1.64184534343357
2938,8.66875,6.97469167627763,-1.69405832372237
2939,8.73425,6.97219560971456,-1.76205439028544
2940,8.79191666666667,6.96899430320732,-1.82292236345935
2941,8.81925,6.96509867729959,-1.85415132270041
2942,8.828,6.96053606008199,-1.86746393991801
2943,8.81383333333333,6.95535018719203,-1.8584831461413
2944,8.8375,6.94960120181412,-1.88789879818588
2945,8.88966666666667,6.94336565467963,-1.94630101198705
2946,8.94966666666667,6.93673650406678,-2.01293016259989
2947,9.1385,6.92982311580076,-2.20867688419924
2948,9.40658333333333,6.92275126325364,-2.48383207007969
2949,9.65066666666667,6.91566312734442,-2.73500353932225
2950,9.9215,6.90871729653898,-3.01278270346102
2951,10.05425,6.90208876685016,-3.15216123314984
2952,10.04675,6.89596894183768,-3.15078105816232
2953,9.95616666666667,6.89056563260818,-3.06560103405849
2954,9.74216666666667,6.88610305781521,-2.85606360885146
2955,9.43091666666667,6.88282184365925,-2.54809482300742
2956,9.10241666666666,6.88097902388767,-2.22143764277899
2957,8.81275,6.88084803979476,-1.93190196020524
2958,8.591,6.88270548667025,-1.70829451332974
2959,8.48483333333333,6.88549449427986,-1.59933883905347
2960,8.40258333333333,6.88838993295301,-1.51419340038032
2961,8.35741666666667,6.89138043095017,-1.4660362357165
2962,8.35583333333333,6.89445445025086,-1.46137888308247
2963,8.35675,6.89760028655367,-1.45914971344633
2964,8.34541666666667,6.90080606927624,-1.44461059739043
2965,8.35,6.90405976155529,-1.44594023844471
2966,8.41475,6.90734916024657,-1.50740083975343
2967,8.51191666666667,6.91066189592494,-1.60125477074173
2968,8.62108333333333,6.91398543288428,-1.70709790044905
2969,8.75,6.91730706913754,-1.83269293086246
2970,8.90708333333333,6.92061393641675,-1.98646939691658
2971,8.98708333333333,6.92389300017299,-2.06319033316034
2972,9.16833333333333,6.92713105957641,-2.24120227375692
2973,9.40441666666666,6.93031474751619,-2.47410191915047
2974,9.67266666666667,6.93343053060063,-2.73923613606604
2975,9.879,6.93646470915703,-2.94253529084297
2976,9.96116666666667,6.9394034172318,-3.02176324943487
2977,9.91666666666667,6.94223262259038,-2.97443404407629
2978,9.73208333333333,6.9449381267173,-2.78714520661603
2979,9.40625,6.94750556481612,-2.45874443518388
2980,9.03883333333333,6.94992040580949,-2.08891292752384
2981,8.69108333333333,6.95216795233911,-1.73891538099422
2982,8.37516666666667,6.95423334076574,-1.42093332590093
2983,8.154,6.95610154116921,-1.19789845883079
2984,8.02191666666667,6.9577573573484,-1.06415930931827
2985,7.97658333333333,6.95918542682127,-1.01739790651206
2986,8.04508333333333,6.96037022082482,-1.08471311250851
2987,8.12375,6.96129604431513,-1.16245395568487
2988,8.20325,6.96194703596733,-1.24130296403267
2989,8.24991666666667,6.96230716817562,-1.28760949849105
2990,8.25466666666667,6.96236024705326,-1.29230641961341
2991,8.34,6.96208991243256,-1.37791008756744
2992,8.43208333333333,6.96147963786493,-1.4706036954684
2993,8.54616666666667,6.96045650838824,-1.58571015827843
2994,8.75291666666667,6.95852610277712,-1.79439056388955
2995,9.002,6.95571953230242,-2.04628046769758
2996,9.256,6.95220561173391,-2.30379438826609
2997,9.51266666666667,6.94814162191955,-2.56452504474712
2998,9.717,6.94367330978543,-2.77332669021457
2999,9.83241666666667,6.93893488833584,-2.89348177833083
3000,9.88358333333333,6.93404903665323,-2.94953429668011
3001,9.92225,6.9291268998982,-2.9931231001018
3002,9.84516666666667,6.92426808930954,-2.92089857735713
3003,9.68391666666667,6.9195606822042,-2.76435598446248
3004,9.35333333333333,6.91508122197729,-2.43825211135604
3005,8.92208333333333,6.9108947181021,-2.01118861523123
3006,8.55916666666667,6.90705464613008,-1.65211202053659
3007,8.28033333333333,6.90360294769085,-1.37673038564248
3008,8.109,6.9005700304922,-1.2084299695078
3009,8.00975,6.89797476832008,-1.11177523167992
3010,7.99316666666667,6.89582450103862,-1.09734216562805
3011,8.03858333333333,6.8941150345901,-1.14446829874323
3012,8.10158333333333,6.89283064099498,-1.20875269233835
3013,8.15491666666667,6.89194405835189,-1.26297260831478
3014,8.19316666666667,6.89141649083763,-1.30175017582904
3015,8.2595,6.89119760870714,-1.36830239129285
3016,8.3425,6.89122554829357,-1.45127445170643
3017,8.42208333333333,6.8914269120082,-1.53065642132513
3018,8.53925,6.89171676834051,-1.64753323165949
3019,8.71641666666667,6.89199865185811,-1.82441801480856
3020,8.87983333333333,6.89216456320682,-1.98766877012651
3021,9.05616666666667,6.89209496911059,-2.16407169755608
3022,9.276,6.89165880237156,-2.38434119762844
3023,9.47358333333334,6.89071346187004,-2.5828698714633
3024,9.55233333333333,6.88910481256449,-2.66322852076884
3025,9.5365,6.88666718549156,-2.64983281450844
3026,9.42516666666667,6.88327165675127,-2.5418950099154
3027,9.16741666666667,6.88054008525686,-2.28687658140981
3028,8.87725,6.87911193841357,-1.99813806158643
3029,8.5775,6.87869581173527,-1.69880418826473
3030,8.26366666666667,6.879026333536,-1.38464033313067
3031,8.0025,6.87986416492994,-1.12263583507006
3032,7.84458333333334,6.88099599983146,-0.963587333501878
3033,7.77025,6.88223456495508,-0.888015435044917
3034,7.71833333333333,6.8834186198155,-0.834914713517833
3035,7.72108333333333,6.88441295672756,-0.836670376605769
3036,7.72,6.88510840080629,-0.834891599193705
3037,7.73175,6.88542180996688,-0.846328190033115
3038,7.81333333333333,6.88529607492468,-0.928037258408646
3039,7.893,6.88470011919521,-1.00829988080479
3040,7.988,6.88362889909414,-1.10437110090586
3041,8.02725,6.88210340373733,-1.14514659626268
3042,8.0535,6.88017065504078,-1.17332934495922
3043,8.17175,6.87790370772068,-1.29384629227932
3044,8.28408333333333,6.87540164929336,-1.40868168403997
3045,8.36783333333334,6.87278960007534,-1.495043733258
3046,8.50158333333333,6.87021871318329,-1.63136462015004
3047,8.63575,6.86786617453405,-1.76788382546595
3048,8.76625,6.86593520284462,-1.90031479715538
3049,8.61908333333333,6.86465504963217,-1.75442828370116
3050,7.93675,6.86428099921403,-1.07246900078597
3051,6.65458333333333,6.86509436870771,0.210511035374379
3052,5.58775,6.86740250803086,1.27965250803086
3053,5.26925,6.87147305548246,1.60222305548246
3054,5.44208333333333,6.87617190566574,1.43408857233241
3055,5.67083333333333,6.88091459809709,1.21008126476376
3056,6.0365,6.88563078605051,0.849130786050513
3057,6.42975,6.89025683850665,0.460506838506652
3058,6.82425,6.8947358401528,0.0704858401527995
3059,7.07675,6.89901759138289,-0.177732408617109
3060,6.85041666666667,6.90305860829751,0.052641941630835
3061,7.02066666666667,6.90682212270387,-0.113844543962802
3062,7.09625,6.91027808211585,-0.185971917884155
3063,6.59483333333333,6.91340314975395,0.318569816420623
3064,6.11575,6.91618070454535,0.800430704545346
3065,6.24766666666667,6.91860084112383,0.670934174457157
3066,6.20841666666667,6.92066036982984,0.712243703163174
3067,6.13391666666667,6.92236281671048,0.788446150043815
3068,6.21025,6.92371842351949,0.713468423519486
3069,6.53725,6.92474414771723,0.387494147717227
3070,6.81108333333333,6.92546366247073,0.114380329137403
3071,7.05858333333333,6.92590735665367,-0.132675976679659
3072,7.36425,6.92611233484635,-0.438137665153645
3073,7.50908333333333,6.92612241733574,-0.582960915997589
3074,7.45125,6.92598814011543,-0.525261859884567
3075,7.259,6.92576675488568,-0.333233245114325
3076,6.94758333333333,6.92552222905336,-0.0220611042799703
3077,6.619,6.92532524573202,0.306325245732021
3078,6.37625,6.92525320374184,0.549003203741838
3079,6.36441666666667,6.92539021760964,0.560973550942967
3080,6.41225,6.92582711756888,0.513577117568884
3081,6.42025,6.92666144955969,0.506411449559693
3082,6.18841666666667,6.92799747522882,0.739580808562153
3083,5.99608333333333,6.92994617192967,0.933862838596343
3084,5.92025,6.93238666212692,1.01213666212692
3085,6.02291666666667,6.93314904243126,0.910232375764586
3086,6.253,6.93198439174343,0.67898439174343
3087,6.33766666666667,6.92924873959029,0.591582072923623
3088,6.57308333333333,6.92527377991808,0.352190446584747
3089,6.78433333333333,6.92036687109239,0.136033537759063
3090,6.9725,6.91481103589823,-0.0576889641017688
3091,7.17716666666667,6.90886496153996,-0.268301705126707
3092,7.42783333333333,6.90276299964134,-0.525070333691994
3093,7.804,6.89671516624548,-0.907284833754519
3094,8.14141666666667,6.89090714181491,-1.25050952485176
3095,8.32666666666667,6.8855002712315,-1.44116639543517
3096,8.34525,6.88063156379653,-1.46461843620347
3097,8.25325,6.87641369323064,-1.37683630676936
3098,8.097,6.87293499767386,-1.22406500232614
3099,7.91258333333333,6.8702594796856,-1.04232385364773
3100,7.59491666666667,6.86842680624464,-0.726489860422034
3101,7.25283333333333,6.86745230874914,-0.385381024584189
3102,7.05266666666667,6.86732698301666,-0.18533968365001
3103,7.04625,6.86801748928411,-0.178232510715886
3104,7.14741666666667,6.86946615220781,-0.277950514458863
3105,7.28316666666667,6.87159096086342,-0.411575705803245
3106,7.3845,6.87428556874603,-0.510214431253972
3107,7.45775,6.87741929377006,-0.580330706229939
3108,7.47641666666667,6.88083711826934,-0.595579548397327
3109,7.4405,6.88435968899708,-0.556140311002923
3110,7.39333333333333,6.88778331712585,-0.505550016207485
3111,7.40016666666667,6.89087997824761,-0.509286688419063
3112,7.43991666666667,6.8933973123737,-0.546519354292968
3113,7.53691666666667,6.89505862393485,-0.641858042731821
3114,7.66758333333333,6.89556288178115,-0.772020451552182
3115,7.76833333333333,6.89458471918208,-0.873748614151252
3116,7.89591666666667,6.8917744338265,-1.00414223284017
3117,8.09541666666667,6.88823173921015,-1.20718492745652
3118,8.34925,6.88574451592459,-1.46350548407541
3119,8.52208333333333,6.88413770585191,-1.63794562748142
3120,8.605,6.88323555248075,-1.72176444751925
3121,8.52441666666667,6.88287523590491,-1.64154143076176
3122,8.24041666666667,6.88290687282335,-1.35750979384332
3123,7.89525,6.88319351654016,-1.01205648345984
3124,7.556,6.88361115696458,-0.672388843035415
3125,7.26625,6.88404872061102,-0.382201279388977
3126,7.05158333333333,6.88440807059902,-0.167175262734314
3127,6.90275,6.88460400665326,-0.018145993346744
3128,6.81158333333333,6.88456426510358,0.0729809317702514
3129,6.72083333333333,6.88422951888498,0.163396185551653
3130,6.71741666666667,6.88355337753759,0.166136710870925
3131,6.75008333333333,6.88250238720671,0.132419053873376
3132,6.76391666666667,6.88105603064275,0.117139363976078
3133,6.81675,6.8792067272013,0.0624567272013037
3134,6.88033333333333,6.8769598328431,-0.00337350049022511
3135,6.91725,6.87433364013403,-0.042916359865969
3136,6.96058333333333,6.87135937824511,-0.0892239550882197
3137,7.02083333333333,6.86808121295252,-0.152752120380812
3138,7.099,6.86455624663758,-0.234443753362418
3139,7.18383333333333,6.86085451828677,-0.322978815046557
3140,7.28666666666667,6.85705900349171,-0.429607663174956
3141,7.48175,6.85326561444918,-0.628484385550823
3142,7.66683333333333,6.84958319996108,-0.817250133372251
3143,7.61908333333333,6.84613354543449,-0.77294978789884
3144,7.49375,6.84305137288162,-0.650698627118376
3145,7.4865,6.84048434091985,-0.646015659080153
3146,7.35366666666667,6.83859304477167,-0.515073621894998
3147,7.12258333333333,6.83755101626476,-0.28503231706857
3148,6.937,6.83754472383192,-0.0994552761680785
3149,6.68816666666667,6.83883482364839,0.150668156981722
3150,6.45941666666667,6.84132729243081,0.381910625764143
3151,6.27983333333333,6.84466766183768,0.564834328504348
3152,6.18108333333333,6.84853163985992,0.667448306526592
3153,6.1655,6.85262541240487,0.687125412404866
3154,6.201,6.85668564329622,0.655685643296219
3155,6.30041666666667,6.86047947427408,0.560062807607408
3156,6.428,6.86380452499493,0.43580452499493
3157,6.48108333333333,6.86648889303165,0.385405559698318
3158,6.52475,6.86839115387349,0.343641153873494
3159,6.62133333333333,6.86940036092612,0.248067027592788
3160,6.69175,6.86943604551156,0.177686045511556
3161,6.75733333333333,6.86844821686823,0.111114883534905
3162,6.8435,6.86641736215097,0.0229173621509675
3163,6.90866666666667,6.86335444643096,-0.0453122202357141
3164,7.0975,6.85930091269579,-0.238199087304212
3165,7.288,6.85432868184945,-0.433671318150555
3166,7.39566666666667,6.84854015271229,-0.54712651395438
3167,7.64016666666667,6.84206820202108,-0.798098464645594
3168,7.76841666666667,6.83507618442895,-0.933340482237724
3169,7.805,6.82775793250543,-0.97724206749457
3170,7.65191666666667,6.82033775673644,-0.831578909930228
3171,7.3945,6.81307044552429,-0.581429554475707
3172,7.08383333333333,6.80624126518767,-0.277592068145657
3173,6.76108333333333,6.80016595996166,0.0390826266283346
3174,6.46025,6.79519075199774,0.334940751997737
3175,6.26116666666667,6.79169234136375,0.530525674697079
3176,6.17175,6.79007790604394,0.618327906043945
3177,6.12308333333333,6.79078510193896,0.667701768605628
3178,6.12975,6.79222558505721,0.662475585057214
3179,6.19116666666667,6.79256980297493,0.601403136308257
3180,6.30658333333333,6.79199752801767,0.485414194684337
3181,6.44233333333333,6.79067720891099,0.348343875577661
3182,6.56033333333333,6.78876585970917,0.228432526375845
3183,6.75166666666667,6.7864090597952,0.0347423931285293
3184,6.87833333333333,6.78374095388076,-0.0945923794525712
3185,7.05508333333333,6.78088425200626,-0.274199081327069
3186,7.29641666666667,6.77795022954082,-0.51846643712585
3187,7.4655,6.77503872718226,-0.690461272817735
3188,7.72383333333333,6.77223815095714,-0.951595182376193
3189,7.916,6.76962547222068,-1.14637452777932
3190,8.17758333333333,6.76726622765687,-1.41031710567646
3191,8.30841666666667,6.76521451927836,-1.54320214738831
3192,8.25158333333333,6.76351301442654,-1.48807031890679
3193,8.15466666666667,6.76219294577152,-1.39247372089515
3194,7.95358333333333,6.76127411131209,-1.19230922202124
3195,7.67266666666667,6.76076487437577,-0.9119017922909
3196,7.42991666666667,6.76066216361879,-0.669254503047878
3197,7.1995,6.7609514730261,-0.438548526973904
3198,6.92658333333333,6.76160686191133,-0.164976471422
3199,6.74216666666667,6.76259095491686,0.0204242882501866
3200,6.71925,6.76385494201375,0.0446049420137511
3201,6.79125,6.7653385785018,-0.0259114214982032
3202,6.8825,6.76697018500949,-0.115529814990511
3203,6.98816666666667,6.76866664749403,-0.219500019172635
3204,7.08758333333333,6.77033341724135,-0.317249916091978
3205,7.14841666666667,6.77186451086607,-0.3765521558006
3206,7.18116666666667,6.77314251031153,-0.40802415635514
3207,7.19541666666667,6.77403856284978,-0.421378103816888
3208,7.28975,6.77441238108159,-0.51533761891841
3209,7.43325,6.77422537144562,-0.659024628554377
3210,7.612,6.77362051095638,-0.838379489043618
3211,7.71583333333333,6.77270059759401,-0.943132735739317
3212,7.84125,6.77155901333479,-1.06969098666521
3213,7.92725,6.77027979939089,-1.15697020060911
3214,7.84275,6.76893765621036,-1.07381234378964
3215,7.76608333333333,6.76759794347717,-0.998485389856155
3216,7.7215,6.76631668011117,-0.955183319888832
3217,7.70641666666667,6.76514054426809,-0.941276122398583
3218,7.5725,6.76410687333957,-0.808393126660433
3219,7.52158333333333,6.76324366395314,-0.758339669380195
3220,7.41666666666667,6.76256957197221,-0.654097094694456
3221,7.23008333333333,6.76209391249612,-0.467989420837212
3222,7.09816666666667,6.76181665986006,-0.336350006806613
3223,6.97975,6.76172844763513,-0.218021552364867
3224,6.91675,6.76181056862834,-0.154939431371662
3225,6.93558333333333,6.76203497488256,-0.173548358450767
3226,7.00733333333333,6.76236427767659,-0.244969055656743
3227,7.14833333333333,6.76275174752509,-0.385581585808243
3228,7.29658333333333,6.76314131417863,-0.533442019154701
3229,7.39683333333333,6.76346756662368,-0.633365766709654
3230,7.44991666666667,6.76365575308258,-0.68626091358409
3231,7.4595,6.76362178101359,-0.695878218986408
3232,7.55725,6.76327221711085,-0.793977782889149
3233,7.72166666666667,6.76250428730439,-0.959162379362279
3234,7.90575,6.76120587676014,-1.14454412323986
3235,8.03566666666667,6.75925552987992,-1.27641113678675
3236,8.21258333333333,6.75652245030145,-1.45606088303188
3237,8.43283333333333,6.75286650089832,-1.67996683243501
3238,8.76533333333333,6.74813820378005,-2.01719512955328
3239,8.66916666666667,6.74274652570946,-1.92642014095721
3240,8.49875,6.73858229162789,-1.76016770837211
3241,8.3005,6.73554685559046,-1.56495314440954
3242,8.0975,6.73335910043726,-1.36414089956274
3243,7.8905,6.73176079077101,-1.15873920922899
3244,7.74616666666666,6.73051657295712,-1.01565009370954
3245,7.55583333333333,6.72941397512368,-0.826419358209646
3246,7.34341666666667,6.72826340716144,-0.615153259505234
3247,7.26475,6.7268981607238,-0.5378518392762
3248,7.30816666666667,6.72517440922686,-0.582992257439806
3249,7.32533333333333,6.72297120784939,-0.602362125483944
3250,7.34333333333333,6.72019049353279,-0.623142839800535
3251,7.35933333333333,6.71675708498119,-0.642576248352143
3252,7.38875,6.71261868266133,-0.676131317338668
3253,7.44483333333333,6.70774586880267,-0.737087464530663
3254,7.48658333333333,6.7021321073973,-0.78445122593603
3255,7.51216666666667,6.69579374420001,-0.816372922466661
3256,7.73341666666667,6.68877000672824,-1.04464665993843
3257,7.92466666666667,6.68112300426211,-1.24354366240456
3258,8.08125,6.67293772784441,-1.40831227215559
3259,8.24441666666667,6.6643220502806,-1.58009461638607
3260,8.42891666666667,6.65540672613879,-1.77350994052788
3261,8.637,6.6463453917498,-1.99065460825021
3262,8.85508333333333,6.63731456520707,-2.21776876812625
3263,8.98541666666667,6.62851364636677,-2.3569030202999
3264,8.93866666666667,6.62016491684768,-2.31850174981899
3265,8.88716666666667,6.61251354003128,-2.27465312663539
3266,8.66025,6.60582756106172,-2.05442243893827
3267,8.34258333333333,6.60039790684583,-1.7421854264875
3268,8.01425,6.59653838605307,-1.41771161394693
3269,7.67566666666667,6.59458568911562,-1.08108097755105
3270,7.39108333333333,6.59393770800348,-0.79714562532985
3271,7.21375,6.59364690696179,-0.620103093038213
3272,7.15525,6.59363692379855,-0.561613076201451
3273,7.1965,6.59383674039508,-0.602663259604916
3274,7.27575,6.59418046169741,-0.681569538302591
3275,7.38916666666667,6.59460731571624,-0.794559350950432
3276,7.48375,6.59506165352698,-0.888688346473017
3277,7.53558333333333,6.59549294926975,-0.940090384063575
3278,7.57983333333333,6.59585580014936,-0.98397753318397
3279,7.43141666666667,6.5961099264353,-0.835306740231368
3280,7.7075,6.59622017146179,-1.11127982853821
3281,7.83391666666667,6.59615650162772,-1.23776016503895
3282,8.00025,6.59589400639668,-1.40435599360332
3283,8.24616666666667,6.59541289829699,-1.65075376836968
3284,8.51025,6.59469851292162,-1.91555148707838
3285,8.78216666666667,6.59374130892828,-2.18842535773839
3286,8.9725,6.59253686803935,-2.37996313196065
3287,9.10908333333333,6.59108589504192,-2.51799743829141
3288,9.13758333333333,6.58939421778777,-2.54818911554556
3289,8.97433333333333,6.58747278719339,-2.38686054613994
3290,8.66408333333333,6.58533767723995,-2.07874565609338
3291,8.25591666666667,6.58301008497334,-1.67290658169333
3292,7.90283333333333,6.58051633050412,-1.32231700282921
3293,7.63708333333333,6.57788785700758,-1.05919547632575
3294,7.45058333333333,6.57516123072368,-0.875422102609646
3295,7.37783333333333,6.5723781409571,-0.80545519237623
3296,7.40858333333333,6.56958540007719,-0.838997933256135
3297,7.45466666666667,6.56683494351803,-0.887831723148637
3298,7.52725,6.56418382977838,-0.963066170221624
3299,7.59433333333333,6.56169424042169,-1.03263909291164
3300,7.64708333333333,6.55943348007612,-1.08764985325721
3301,7.65358333333333,6.55743178400537,-1.09615154932796
3302,7.63625,6.5546131160293,-1.0816368839707
3303,7.44716666666667,6.55065055500294,-0.896516111663732
3304,7.48575,6.54576541425068,-0.939984585749322
3305,7.4275,6.54016580069609,-0.88733419930391
3306,7.42258333333333,6.53404661486189,-0.888536718471441
3307,7.57741666666667,6.52758955086995,-1.04982711579672
3308,7.76666666666667,6.5209630964413,-1.24570357022537
3309,8.07475,6.51432253289611,-1.56042746710389
3310,8.3975,6.50780993515374,-1.88969006484626
3311,8.62516666666667,6.50155417173266,-2.12361249493401
3312,8.83958333333333,6.49567090475052,-2.34391242858281
3313,8.89483333333333,6.49026258992412,-2.40457074340921
3314,8.64558333333333,6.48541847656942,-2.16016485676391
3315,8.27208333333333,6.48121460760153,-1.7908687257318
3316,7.91933333333333,6.4777138195347,-1.44161951379863
3317,7.61566666666667,6.47496574248236,-1.14070092418431
3318,7.42241666666667,6.47300680015709,-0.949409866509581
3319,7.33133333333333,6.4718602098706,-0.859473123462726
3320,7.36575,6.47153598253379,-0.894214017466211
3321,7.43266666666667,6.47203092265668,-0.960635744009986
3322,7.45375,6.47332862834848,-0.980421371651523
3323,7.40266666666667,6.47539949131752,-0.927267175349153
3324,7.26183333333333,6.4782006968713,-0.783632636462025
3325,7.08366666666667,6.48167622391649,-0.601990442750176
3326,6.89925,6.4857568449589,-0.413493155041104
3327,6.69008333333333,6.49036012610347,-0.199723207229857
3328,6.52283333333333,6.49539042705435,-0.0274429062789823
3329,6.03258333333333,6.50073890111479,0.468155567781463
3330,5.08875,6.50628349518724,1.41753349518724
3331,4.22141666666667,6.51188894977326,2.29047228310659
3332,4.31466666666667,6.5174067989736,2.20274013230693
3333,4.39141666666667,6.52267537048816,2.13125870382149
3334,4.367,6.52751978561597,2.16051978561597
3335,4.20716666666667,6.53175195925524,2.32458529258857
3336,4.10366666666667,6.53517059990333,2.43150393323666
3337,4.14641666666667,6.53756120965675,2.39114454299008
3338,5.01666666666667,6.53869608421116,1.52202941754449
3339,5.07733333333333,6.53884552151848,1.46151218818515
3340,5.09358333333333,6.53970192340766,1.44611859007433
3341,5.07758333333333,6.54129480377167,1.46371147043834
3342,5.15258333333333,6.54348606497055,1.39090273163722
3343,5.23125,6.54614644793715,1.31489644793715
3344,5.16333333333333,6.5491555321771,1.38582219884377
3345,5.05858333333333,6.55240173576887,1.49381840243553
3346,5.11183333333333,6.55578231536369,1.44394898203036
3347,5.16875,6.55920336618563,1.39045336618563
3348,5.11983333333333,6.56257982203155,1.44274648869822
3349,5.12125,6.56583545527111,1.44458545527111
3350,5.28791666666667,6.56890287684678,1.28098621018011
3351,5.5795,6.57172353627382,0.992223536273819
3352,5.79625,6.57424772164031,0.777997721640313
3353,5.986,6.57643455960713,0.590434559607131
3354,6.16741666666667,6.57825201540796,0.410835348741286
3355,6.42541666666667,6.57967689284927,0.154260226182601
3356,6.69775,6.58069483431036,-0.117055165689636
3357,6.97525,6.58130032074332,-0.393949679256676
3358,7.28033333333333,6.58149667167305,-0.698836661660285
3359,7.475,6.58129604519723,-0.893703954802774
3360,7.53741666666667,6.58071943798636,-0.956697228680305
3361,7.47991666666667,6.57979668528377,-0.900119981382902
3362,7.343,6.57856646090554,-0.764433539094458
3363,7.09375,6.5770762772406,-0.516673722759402
3364,6.86775,6.57538248525065,-0.292367514749351
3365,6.631,6.57355027447022,-0.0574497255297848
3366,6.455,6.57165367300662,0.116653673006617
3367,6.34983333333333,6.56977554753998,0.219942214206649
3368,6.35333333333333,6.56800760332323,0.214674269989898
3369,6.3465,6.5664503841821,0.219950384182098
3370,6.40641666666667,6.56521327251512,0.15879660584845
3371,6.44883333333333,6.56441448929364,0.115581155960307
3372,6.46191666666667,6.56418109406179,0.102264427395119
3373,6.37716666666667,6.56464898493652,0.18748231826985
3374,6.28483333333333,6.5645261713325,0.279692837999169
3375,6.23883333333333,6.56219988128816,0.323366547954826
3376,6.27325,6.55801289716957,0.284762897169568
3377,6.39425,6.55229675832384,0.158046758323842
3378,6.60375,6.54536271860607,-0.0583872813939248
3379,6.81841666666667,6.53750174637935,-0.280914920287319
3380,7.09375,6.52898452451474,-0.564765475485262
3381,7.33783333333333,6.5200614503913,-0.817771882942035
3382,7.59533333333333,6.51096263589606,-1.08437069743727
3383,7.70941666666667,6.50189790742408,-1.20751875924259
3384,7.70083333333333,6.49305680587836,-1.20777652745497
3385,7.58883333333333,6.4846085866699,-1.10422474666343
3386,7.07725,6.47670221971771,-0.600547780282294
3387,6.74333333333333,6.46946638944875,-0.273866943884579
3388,6.33933333333333,6.463009494798,0.12367616146467
3389,6.03466666666667,6.45741964920841,0.422752982541737
3390,5.71041666666667,6.45276468063091,0.742348013964244
3391,5.48591666666667,6.44909213152445,0.963175464857777
3392,5.316,6.44642925885592,1.13042925885592
3393,5.22091666666667,6.44478303410023,1.22386636743356
3394,5.15408333333333,6.44414014324028,1.29005680990695
3395,5.159,6.44446698676693,1.28546698676693
3396,5.22566666666667,6.44570967967904,1.22004301301237
3397,5.22325,6.44779405148348,1.22454405148348
3398,5.27491666666667,6.45062564619506,1.17570897952839
3399,5.36741666666667,6.45408972233663,1.08667305566996
3400,5.34741666666667,6.45805125293897,1.1106345862723
3401,5.56025,6.46235492554091,0.902104925540908
3402,5.79975,6.46682514218921,0.66707514218921
3403,6.21041666666667,6.47126601943865,0.260849352771983
3404,6.58583333333333,6.47546138835199,-0.110371944981337
3405,6.89358333333333,6.47917479449998,-0.414408538833354
3406,7.05366666666667,6.48214949796134,-0.571517168705333
3407,7.24883333333333,6.48410847332279,-0.764724860010538
3408,7.389,6.48475440967905,-0.90424559032095
3409,7.4525,6.4837697106328,-0.968730289367195
3410,7.24458333333333,6.48083191472792,-0.763751418605413
3411,6.909,6.47801196329909,-0.430988036700913
3412,6.53616666666667,6.47674511456174,-0.0594215521049337
3413,6.14183333333333,6.47674765893399,0.334914325600663
3414,5.801,6.47775627828394,0.676756278283943
3415,5.58058333333333,6.47952804592963,0.898944712596299
3416,5.44466666666667,6.48184042663905,1.03717375997238
3417,5.39583333333333,6.48449127663016,1.08865794329683
3418,5.45925,6.48729884357088,1.02804884357088
3419,5.59766666666667,6.49010176657908,0.892435099912412
3420,5.73566666666667,6.49275907622259,0.757092409555921
3421,5.91483333333333,6.4951501945192,0.580316861185866
3422,5.8685,6.49717493493664,0.62867493493664
3423,5.97891666666667,6.49875350239263,0.519836835725958
3424,6.25808333333333,6.49982649325482,0.241743159921486
3425,6.51683333333333,6.50035489534082,-0.0164784379925074
3426,6.89216666666667,6.50032008791822,-0.39184657874845
3427,7.27283333333333,6.49972384170454,-0.77310949162879
3428,7.49375,6.49858831886727,-0.995161681132728
3429,7.70891666666667,6.49695607302386,-1.21196059364281
3430,7.97241666666666,6.49489004924171,-1.47752661742495
3431,8.22358333333333,6.49247358403818,-1.73110974929515
3432,8.42416666666667,6.48981040538059,-1.93435626128608
3433,8.511,6.48702463268622,-2.02397536731378
3434,8.266,6.48426077682229,-1.78173922317771
3435,7.76733333333333,6.48168374010601,-1.28564959322732
3436,7.52058333333333,6.47947881630451,-1.04110451702882
3437,7.4385,6.4778516906349,-0.960648309365103
3438,7.34191666666667,6.47702843976424,-0.864888226902428
3439,7.2585,6.47725553180956,-0.781244468190438
3440,7.17775,6.47879982633783,-0.698950173662168
3441,7.15791666666667,6.48161500399204,-0.676301662674626
3442,7.14516666666667,6.48435848241742,-0.660808184249253
3443,7.17941666666667,6.48686760976541,-0.692549056901258
3444,7.18258333333333,6.48915952180964,-0.693423811523688
3445,7.15583333333333,6.4912509624089,-0.664582370924429
3446,7.1645,6.49315828350717,-0.671341716492826
3447,7.14483333333333,6.49489744513364,-0.649935888199693
3448,7.11191666666667,6.49648401540265,-0.615432651264022
3449,7.20091666666667,6.49793317051376,-0.70298349615291
3450,7.30683333333333,6.4992596947517,-0.807573638581625
3451,7.42716666666667,6.50047798048641,-0.926688686180259
3452,7.63083333333333,6.50160202817299,-1.12923130516034
3453,7.88158333333333,6.50264544635174,-1.37893788698159
3454,8.02866666666667,6.50362145164816,-1.52504521501851
3455,8.08058333333333,6.50454286877291,-1.57604046456042
3456,8.16083333333333,6.50542213052187,-1.65541120281146
3457,8.33258333333333,6.50627127777609,-1.82631205555724
3458,8.3315,6.5071019595018,-1.8243980404982
3459,8.1445,6.50792543275044,-1.63657456724956
3460,7.96533333333333,6.50875256265862,-1.45658077067471
3461,7.73275,6.50959382244814,-1.22315617755186
3462,7.46591666666667,6.510459293426,-0.955457373240669
3463,7.24241666666667,6.51135866498438,-0.731058001682289
3464,7.08475,6.51230123460065,-0.572448765399353
3465,7.05966666666667,6.51329590783735,-0.546370758829317
3466,7.0865,6.51435119834225,-0.572148801657754
3467,7.1495,6.51547522784826,-0.634024772151743
3468,7.20758333333333,6.5166757261735,-0.690907607159826
3469,7.23433333333333,6.5179600312213,-0.716373302112033
3470,7.29233333333333,6.51933508898013,-0.772998244353199
3471,7.24591666666667,6.52080549421219,-0.725111172454476
3472,7.46233333333333,6.52169869291702,-0.940634640416314
3473,7.64966666666667,6.52159800335211,-1.12806866331456
3474,7.86908333333333,6.520680417365,-1.34840291596833
3475,8.18841666666667,6.5191112987044,-1.66930536796227
3476,8.50208333333333,6.51704438302019,-1.98503895031314
3477,8.68133333333333,6.51462177786345,-2.16671155546988
3478,8.81741666666667,6.51197396268639,-2.30544270398028
3479,8.8775,6.50921978884245,-2.36828021115755
3480,8.67008333333333,6.5064664795862,-2.16361685374713
3481,8.49833333333333,6.50380963007341,-1.99452370325992
3482,8.27591666666667,6.50133320736102,-1.77458345930565
3483,7.99666666666667,6.49910955040715,-1.49755711625952
3484,7.72191666666667,6.49719937007108,-1.22471729659559
3485,7.49616666666667,6.4956517491133,-1.00051491755337
3486,7.34058333333333,6.49450414219544,-0.846079191137889
3487,7.2785,6.49378237588033,-0.784717624119675
3488,7.30591666666667,6.49350064863195,-0.812416018034721
3489,7.27875,6.49366153081549,-0.785088469184513
3490,7.12925,6.49425596469728,-0.634994035302718
3491,6.58241666666667,6.49526326444486,-0.0871534022218059
3492,5.23516666666667,6.49665111612693,1.26148444946026
3493,4.75075,6.49837557771336,1.74762557771336
3494,4.31775,6.50038107907519,2.18263107907519
3495,4.51591666666667,6.50260042198467,1.986683755318
3496,5.09041666666667,6.5049547801152,1.41453811344853
3497,5.52033333333333,6.50735369904134,0.987020365708013
3498,5.7145,6.50969509623887,0.795195096238868
3499,5.99066666666667,6.51185775723844,0.521191090571765
3500,6.16483333333333,6.51360691689373,0.348773583560403
3501,6.17941666666667,6.514967344149,0.335550677482328
3502,5.84383333333333,6.51605137229771,0.672218038964378
3503,5.38875,6.51695929145662,1.12820929145662
3504,4.92091666666667,6.51777934856578,1.59686268189911
3505,4.68116666666667,6.51858774738851,1.83742108072184
3506,4.47875,6.51944864851144,2.04069864851144
3507,4.44425,6.52041416934445,2.07616416934445
3508,4.656,6.52152438412075,1.86552438412075
3509,4.9,6.52280732389679,1.62280732389679
3510,5.21558333333333,6.52427897655234,1.30869564321901
3511,5.181,6.52594328679043,1.34494328679043
3512,4.59525,6.52779215613739,1.93254215613739
3513,3.66458333333333,6.52980544294284,2.86522210960951
3514,2.90183333333333,6.53195096237967,3.63011762904634
3515,3.1465,6.53418448644406,3.38768448644406
3516,3.60291666666667,6.53644974395548,2.93353307728881
3517,4.01633333333333,6.53867842055669,2.52234508722336
3518,4.35558333333333,6.54079015871372,2.18520682538039
3519,4.68741666666667,6.5426925577159,1.85527589104923
3520,4.80816666666667,6.54428117367583,1.73611450700916
3521,5.05375,6.54543951952941,1.49168951952941
3522,5.08491666666667,6.54603906503582,1.46112239836915
3523,5.47766666666667,6.54593923677753,1.06827257011086
3524,5.91708333333333,6.54498741816028,0.62790408482695
3525,6.17508333333333,6.54301894941311,0.367935616079779
3526,6.32516666666667,6.53985712758834,0.214690460921668
3527,6.44275,6.53561228827987,0.0928622882798695
3528,6.66316666666667,6.5324858974136,-0.130680769253073
3529,6.78266666666666,6.53070225986061,-0.251964406806053
3530,6.52983333333333,6.52996140343703,0.000128070103696309
3531,6.092,6.52998638515328,0.437986385153282
3532,5.7115,6.5305232912141,0.819023291214101
3533,5.43266666666667,6.53134123701851,1.09867457035184
3534,5.23658333333333,6.53223236715985,1.29564903382652
3535,5.20116666666667,6.53301185542574,1.33184518875907
3536,5.2165,6.53351790479811,1.31701790479811
3537,5.25683333333333,6.5336117474532,1.27677841411987
3538,5.34183333333333,6.53317764476154,1.19134431142821
3539,5.40116666666667,6.53212288728795,1.13095622062128
3540,5.54033333333333,6.53037779479159,0.990044461458258
3541,5.79225,6.52789571622587,0.735645716225871
3542,5.96741666666667,6.52465302973854,0.55723636307187
3543,6.03791666666667,6.52064914267163,0.482732476004962
3544,6.31766666666667,6.51590649156148,0.198239824894813
3545,6.53441666666667,6.51047054213873,-0.0239461245279387
3547,7.66127272727273,6.49781575724947,-1.16345697002326
3548,7.9005,6.49080299921575,-1.40969700078425
3549,8.09725,6.48350909773497,-1.61374090226503
3550,8.33458333333333,6.4760946645093,-1.85848866882403
3551,8.52875,6.46874334043517,-2.06000665956483
3552,8.696,6.46166179560332,-2.23433820439668
3553,8.70091666666667,6.45507972929879,-2.24583693736788
3554,8.03208333333333,6.44924987000094,-1.58283346333239
3555,7.71775,6.4444479753834,-1.2733020246166
3556,7.28383333333333,6.44097283231413,-0.842860501019198
3557,6.89091666666667,6.43914628395732,-0.451770382709352
3558,6.59483333333333,6.43926534915729,-0.155567984176038
3559,6.37008333333333,6.44102176075555,0.0709384274222238
3560,6.21033333333333,6.4438939908953,0.233560657561972
3561,6.14316666666667,6.44741001675852,0.304243350091845
3562,6.21841666666667,6.45114732056595,0.232730653899279
3563,6.37466666666667,6.45473288957714,0.0800662229104683
3564,6.59908333333333,6.45784321609039,-0.141240117242937
3565,6.85091666666667,6.4602042974428,-0.390712369223866
3566,7.0035,6.46159163601024,-0.541908363989762
3567,7.15575,6.46183023920734,-0.69391976079266
3568,7.24725,6.46079461948753,-0.786455380512466
3569,7.36383333333333,6.45840879434302,-0.90542453899031
3570,7.508,6.45464628630478,-1.05335371369522
3571,7.671,6.44953012294257,-1.22146987705743
3572,7.93766666666667,6.44313283686492,-1.49453382980175
3573,8.2665,6.43557646571914,-1.83092353428086
3574,8.587,6.42703255219133,-2.15996744780866
3575,8.85866666666667,6.41772214400636,-2.44094452266031
3576,9.03325,6.40791579392787,-2.62533420607213
3577,8.98408333333334,6.39793355975828,-2.58614977357506
3578,8.66358333333333,6.3881450043388,-2.27543832899453
3579,8.19758333333333,6.37896919554941,-1.81861413778392
3580,7.78058333333333,6.37087470630887,-1.40970862702446
3581,7.36541666666667,6.3643796145747,-1.00103705209197
3582,7.15641666666667,6.36005150334323,-0.796365163323443
3583,7.01558333333333,6.3585044648988,-0.657078868434533
3584,6.94141666666667,6.35865479182979,-0.582761874836881
3585,6.90608333333333,6.35915861259493,-0.546924720738396
3586,6.91658333333333,6.35990106152141,-0.556682271811917
3587,6.98891666666667,6.36077662825096,-0.628140038415708
3588,7.01375,6.36168915773988,-0.652060842260123
3589,7.05058333333333,6.36255185025901,-0.688031483074316
3590,6.99825,6.36328726139378,-0.634962738606217
3591,6.91525,6.36382730204415,-0.551422697955846
3592,6.97641666666667,6.36411323842466,-0.612303428242011
3593,7.18991666666667,6.36409569206438,-0.825820974602288
3594,7.391,6.36373463980697,-1.02726536019303
3595,7.71216666666667,6.36299941381062,-1.34916725285605
3596,7.99683333333333,6.36186870154811,-1.63496463178522
3597,8.22975,6.36033054580674,-1.86941945419326
3598,8.5075,6.3583823446884,-2.1491176553116
3599,8.78391666666667,6.35603085160953,-2.42788581505714
3600,8.95791666666667,6.35329217530111,-2.60462449136556
3601,8.85341666666667,6.35019177980871,-2.50322488685796
3602,8.461,6.34676448449242,-2.11423551550758
3603,7.963,6.34305446402693,-1.61994553597307
3604,7.57741666666667,6.33911524840147,-1.2383014182652
3605,7.16291666666667,6.3350097229198,-0.827906943746867
3606,6.84558333333333,6.33081012820029,-0.514773205133038
3607,6.64275,6.32659806017583,-0.316151939824167
3608,6.5655,6.32246447009389,-0.243035529906113
3609,6.58941666666667,6.31850966451648,-0.270907002150195
3610,6.63816666666667,6.31484330532017,-0.323323361346498
3611,6.73741666666667,6.31158440969612,-0.425832256970554
3612,6.81608333333333,6.30886135015,-0.507221983183331
3613,6.90675,6.30661128461307,-0.600138715386926
3614,6.95983333333333,6.30322049799456,-0.656612835338775
3615,6.72633333333333,6.29847213221477,-0.427861201118564
3616,6.742,6.29256282306586,-0.449437176934144
3617,7.10183333333333,6.28567921372671,-0.81615411960662
3618,7.31033333333333,6.27799795476295,-1.03233537857038
3619,7.61408333333333,6.26968570412694,-1.34439762920639
3620,7.91025,6.26089912715777,-1.64935087284223
3621,8.20716666666667,6.25178489658127,-1.9553817700854
3622,8.59658333333333,6.24247969251001,-2.35410364082332
3623,8.828,6.23311020244329,-2.59488979755671
3624,8.89733333333333,6.22379312126716,-2.67354021206617
3625,8.72825,6.21463515125438,-2.51361484874562
3626,8.47591666666666,6.20573300206448,-2.27018366460218
3627,8.12808333333333,6.19717339074369,-1.93090994258964
3628,7.68416666666667,6.18903304172501,-1.49513362494166
3629,7.255,6.18137868682815,-1.07362131317185
3630,6.94108333333333,6.17426706525957,-0.766816268073762
3631,6.72733333333333,6.16774492361246,-0.559588409720866
3632,6.60175,6.16184901586676,-0.439900984133235
3633,6.57233333333333,6.15660610338914,-0.415727229944195
3634,6.6005,6.15203295493298,-0.448467045067022
3635,6.6935,6.14813634663843,-0.545363653361569
3636,6.796,6.14491306203237,-0.651086937967633
3637,6.87741666666667,6.1423498920284,-0.735066774638269
3638,6.84108333333333,6.14042363492688,-0.700659698406454
3639,6.76883333333333,6.13910109641488,-0.629732236918453
3640,6.70091666666667,6.13833908956622,-0.562577577100448
3641,6.68258333333333,6.13808443484147,-0.544498898491864
3642,6.69166666666667,6.1382739600879,-0.553392706578766
3643,6.82141666666667,6.13883450053956,-0.682582166127109
3644,7.09325,6.1396828988172,-0.953567101182797
3645,7.29841666666667,6.14072600492833,-1.15769066173834
3646,7.52375,6.14186067626718,-1.38188932373282
3647,7.69258333333333,6.14297377761472,-1.54960955571861
3648,7.77083333333333,6.14394218113867,-1.62689115219466
3649,7.91875,6.14463276639347,-1.77411723360653
3650,7.91133333333333,6.14490242032029,-1.76643091301304
3651,7.78975,6.14459803724707,-1.64515196275293
3652,7.60416666666667,6.14355651888845,-1.46061014777822
3653,7.30675,6.14186413635109,-1.16488586364891
3654,7.03483333333333,6.14117242209626,-0.893660911237069
3655,6.70841666666667,6.14152059811446,-0.566896068552212
3656,6.4495,6.14258670267127,-0.306913297328731
3657,6.31558333333333,6.14407804148536,-0.17150529184797
3658,6.20125,6.14573118772848,-0.0555188122715151
3659,6.1175,6.14731198202548,0.0298119820254765
3660,6.1805,6.14861553245425,-0.0318844675457486
3661,6.239,6.14946621454581,-0.0895337854541882
3662,6.26341666666667,6.14971767128424,-0.11369899538243
3663,6.42691666666667,6.1492528131067,-0.277663853559967
3664,6.64416666666667,6.14798381790345,-0.49618284876322
3665,6.89625,6.14585213101781,-0.750397868982185
3666,7.31041666666667,6.14282846524621,-1.16758820142046
3667,7.776,6.13891280083815,-1.63708719916185
3668,8.14408333333333,6.13413438549619,-2.00994894783714
3669,8.50283333333333,6.12855173437602,-2.37428159895731
3670,8.9255,6.12225263008638,-2.80324736991362
3671,9.20858333333334,6.11535412268909,-3.09322921064425
3672,9.36175,6.10800252969909,-3.25374747030092
3673,9.26283333333333,6.10037343608435,-3.16245989724898
3674,8.73325,6.09267169426597,-2.64057830573403
3675,7.8325,6.08513142411811,-1.74736857588189
3676,7.407,6.07801601296801,-1.32898398703199
3677,6.88483333333333,6.07161811559601,-0.813215217737317
3678,6.50008333333333,6.06625965423552,-0.433823679097807
3679,6.2145,6.06229181857304,-0.152208181426961
3680,6.07441666666667,6.06009506574814,-0.0143216009185299
3681,6.03441666666667,6.0599441637829,0.0255274971162311
3682,6.05075,6.06040561465742,0.00965561465741871
3683,6.07091666666667,6.06103380766132,-0.00988285900534525
3684,6.21833333333333,6.06189245289977,-0.156440880433562
3685,6.26091666666667,6.0630399718627,-0.197876694803965
3686,6.21575,6.0645294974249,-0.151220502575102
3687,5.873,6.06640887384592,0.193408873845917
3688,5.73433333333333,6.06872065677014,0.334387323436809
3689,5.98691666666667,6.07150211322675,0.0845854465600757
3690,6.09266666666667,6.07478522162973,-0.0178814450369442
3691,6.169,6.07859667177787,-0.0904033282221262
3692,6.26783333333333,6.08295786485479,-0.184875468478539
3693,6.23558333333333,6.08788491342889,-0.147698419904444
3694,5.79758333333333,6.09338864145337,0.295805308120044
3695,4.42808333333333,6.09947458426628,1.67139125093295
3696,3.64441666666667,6.10614298859042,2.46172632192375
3697,3.71508333333333,6.11338881253343,2.3983054792001
3698,3.95666666666667,6.12120172558776,2.16453505892109
3699,4.2355,6.12956610863066,1.89406610863066
3700,4.478,6.13846105392416,1.66046105392416
3701,4.59041666666667,6.14786036511514,1.55744369844847
3702,4.49425,6.15773255723526,1.66348255723526
3703,4.06483333333333,6.16804085670099,2.10320752336766
3704,3.48125,6.17874320131362,2.69749320131362
3705,2.96791666666667,6.18979224025921,3.22187557359254
3706,2.74875,6.20113533410868,3.45238533410868
3707,2.46975,6.21271455481771,3.74296455481771
3708,2.19183333333333,6.22446668572682,4.03263335239349
3709,1.83133333333333,6.23629753866615,4.40496420533283
3710,1.262,6.24743814296715,4.98543814296715
3711,1.41175,6.25766660358707,4.84591660358707
3712,1.75541666666667,6.26712321642345,4.51170654975678
3713,2.28408333333333,6.27593844025516,3.99185510692183
3714,2.44616666666667,6.28423289674245,3.83806623007578
3715,3.56758333333333,6.29211737042688,2.72453403709355
3716,3.66691666666667,6.2996928087314,2.63277614206473
3717,3.80083333333333,6.30705032196028,2.50621698862695
3718,3.87533333333333,6.31427118329914,2.43893784996581
3719,3.88533333333333,6.32142682881497,2.43609349548164
3720,3.96241666666667,6.32857885745611,2.36616219078944
3721,3.85008333333333,6.33577903105221,2.48569569771888
3722,3.74216666666667,6.34306927431432,2.60090260764765
3723,3.49816666666667,6.35048167483481,2.85231500816814
3724,3.45341666666667,6.35803848308741,2.90462181642074
3725,3.46866666666667,6.36575211242719,2.89708544576052
3726,3.40991666666667,6.37362513909059,2.96370847242392
3727,3.25633333333333,6.38165030219537,3.12531696886204
3728,3.06083333333333,6.38981050374067,3.32897717040734
3729,2.98191666666667,6.39807880860695,3.41616214194028
3730,2.96191666666667,6.40641844455606,3.44450177788939
3731,3.032,6.41478280223115,3.38278280223115
3732,3.01333333333333,6.42311543515675,3.40978210182342
3733,3.04608333333333,6.43135005973875,3.38526672640542
3734,3.04583333333333,6.43941055526435,3.39357722193102
3735,3.16175,6.44721096390214,3.28546096390214
3736,3.35925,6.45465549070204,3.09540549070204
3737,3.34391666666667,6.46163850359532,3.11772183692865
3738,3.31266666666667,6.4680445333946,3.15537786672793
3739,3.15533333333333,6.47374827379386,3.31841494046053
3740,3.11183333333333,6.47861458136842,3.36678124803509
3741,3.08116666666667,6.48253099751922,3.40136433085255
3742,2.89191666666667,6.48567846358331,3.59376179691664
3743,2.56983333333333,6.48833506267601,3.91850172934268
3744,2.44033333333333,6.49074917223383,4.0504158389005
3745,2.47658333333333,6.49313945918334,4.01655612585001
3746,2.489,6.49569487994115,4.00669487994115
3747,2.57016666666667,6.4985746804139,3.92840801374723
3748,2.61316666666667,6.50190839599828,3.88874172933161
3749,2.66641666666667,6.505795851581,3.83937918491433
3750,2.6985,6.51030716153886,3.81180716153886
3751,2.68291666666667,6.51548272973863,3.83256606307196
3752,2.65633333333333,6.52133324953718,3.86499991620386
3753,2.55258333333333,6.5278397037814,3.97525637044807
3754,2.64825,6.5349533648082,3.8867033648082
3755,2.81625,6.54259579444455,3.72634579444455
3756,2.9995,6.55065884400747,3.55115884400747
3757,3.17891666666667,6.559004654304,3.38008798763733
3758,3.39258333333333,6.56746565563123,3.1748823222979
3759,3.66716666666667,6.57584456777628,2.90867790110961
3760,3.90941666666667,6.58391440001633,2.67449773334966
3761,4.17366666666667,6.59141845111858,2.41775178445191
3762,4.35716666666667,6.59807030934028,2.24090364267361
3763,4.46925,6.60355385242872,2.13430385242873
3764,4.59083333333333,6.60752324762124,2.01668991428791
3765,4.76841666666667,6.60960295164518,1.84118628497851
3766,4.81275,6.60938771071798,1.79663771071798
3767,4.903,6.60710926726665,1.70410926726665
3768,4.91308333333333,6.60548328458813,1.6923999512548
3769,4.78841666666667,6.6047813560907,1.81636468942403
3770,4.542,6.60491961577798,2.06291961577798
3771,4.34941666666667,6.60581607230357,2.2563994056369
3772,4.11641666666667,6.60739060897102,2.49097394230435
3773,3.62191666666667,6.60956498373382,2.98764831706715
3774,3.54533333333333,6.61226282919545,3.06692949586212
3775,3.397,6.61540965260933,3.21840965260933
3776,3.26133333333333,6.61893283587882,3.35759950254549
3777,3.22583333333333,6.62276163555727,3.39692830222394
3778,3.13533333333333,6.62682718284796,3.49149384951463
3779,3.12866666666667,6.63106248360415,3.50239581693748
3780,3.1305,6.63540241832904,3.50490241832904
3781,3.11066666666667,6.6397837421758,3.52911707550913
3782,3.16483333333333,6.64414508494755,3.47931175161422
3783,3.35383333333333,6.64842695109736,3.29459361776403
3784,3.64591666666667,6.65257171972828,3.00665505306161
3785,3.99225,6.65652364459329,2.66427364459329
3786,4.26316666666667,6.66022885409535,2.39706218742868
3787,4.50341666666667,6.66363535128736,2.16021868462069
3788,4.57383333333333,6.66669301387219,2.09285968053886
3789,4.699,6.66935359420267,1.97035359420267
3790,4.77908333333333,6.67157071928157,1.89248738594824
3791,4.8775,6.67329989076163,1.79579989076163
3792,4.81916666666667,6.67449848494555,1.85533181827888
3793,4.69075,6.67553240674743,1.98478240674743
3794,4.51375,6.67712809216624,2.16337809216624
3795,4.27941666666667,6.67920402387305,2.39978735720638
3796,4.08633333333333,6.68166329558525,2.59532996225192
3797,4.143,6.68441567031293,2.54141567031293
3798,4.2585,6.68737758035889,2.42887758035889
3799,4.30558333333333,6.69047212731862,2.38488879398529
3800,3.89191666666667,6.69362908208034,2.80171241541367
3825,4.23341666666667,6.72097988134485,2.48756321467818
3826,4.21858333333333,6.72113032144253,2.5025469881092
3827,4.20091666666667,6.72130733049427,2.5203906638276
3828,4.14375,6.72150662083459,2.57775662083459
3829,4.17666666666667,6.72172370305278,2.54505703638611
3830,4.21325,6.72195388599293,2.50870388599293
3831,4.34291666666667,6.72219227675387,2.3792756100872
3832,4.63166666666667,6.72243378068923,2.09076711402256
3833,4.82016666666667,6.7226731014074,1.90250643474073
3834,5.028,6.72290474077156,1.69490474077156
3835,5.05908333333333,6.72312299889965,1.66403966556632
3836,5.1355,6.72332197416439,1.58782197416439
3837,5.21316666666667,6.72349556319329,1.51032889652662
3838,5.26908333333333,6.72363746086861,1.45455412753528
3839,4.9895,6.7237411603274,1.7342411603274
3840,4.37875,6.72379995296149,2.34504995296149
3841,4.04066666666667,6.72380692841746,2.68314026175079
3842,3.90758333333333,6.72375497459669,2.81617164126336
3843,3.92558333333333,6.72363677765533,2.798053444322
3844,4.08741666666667,6.7234448220043,2.63602815533763
3845,4.08875,6.7231713903093,2.6344213903093
3846,3.88425,6.72280856349079,2.83855856349079
3847,3.49758333333333,6.72234822072403,3.2247648873907
3848,3.08641666666667,6.72178203943904,3.63536537277237
3849,2.66325,6.72110149532061,4.05785149532061
3850,2.21966666666667,6.72029786230831,4.50063119564164
3851,2.11975,6.7193622125965,4.5996122125965
3852,2.32125,6.71828541663429,4.39703541663429
3853,2.68341666666667,6.71705814312559,4.03364147645892
3854,3.05483333333333,6.71567085902905,3.66083752569572
3855,3.47833333333333,6.71411382955814,3.23578049622481
3856,3.35766666666667,6.71237711818106,3.3547104515144
3857,3.1665,6.71045058662083,3.54395058662083
3858,2.99608333333333,6.70832389485521,3.71224056152188
3859,2.96108333333333,6.70598650111674,3.74490316778341
3860,3.38158333333333,6.70342766189275,3.32184432855942
3861,3.73941666666667,6.70063643192534,2.96121976525867
3862,4.09783333333333,6.69798233262785,2.60014899929452
3863,4.23066666666667,6.69646857066298,2.46580190399631
3864,4.26158333333333,6.69596540445534,2.43438207112201
3865,4.14808333333333,6.69628067390101,2.54819734056768
3866,4,6.69723416311683,2.69723416311683
3867,3.8895,6.69865760044036,2.80915760044036
3868,3.71891666666667,6.70039465842991,2.98147799176324
3869,3.6065,6.70230095386451,3.09580095386451
3870,3.53216666666667,6.70424404774391,3.17207738107724
3871,3.38966666666667,6.70610344528862,3.31643677862195
3872,3.57975,6.70777059593987,3.12802059593987
3873,3.57033333333333,6.70914889335962,3.13881556002629
3874,3.56958333333333,6.71015367543056,3.14057034209723
3875,3.64533333333333,6.71071222425614,3.06537889092281
3876,3.798,6.7107637661605,2.9127637661605
3877,3.91125,6.71025947168855,2.79900947168855
3878,4.02633333333333,6.70916245560591,2.68282912227258
3879,4.20791666666667,6.70744777689895,2.49953111023228
3880,4.44708333333333,6.70510243877476,2.25801910544143
3881,4.69575,6.70212538866117,2.00637538866117
3882,4.95166666666667,6.69852751820674,1.74686085154007
3883,5.25116666666667,6.69433166328076,1.44316499661409
3884,5.54808333333333,6.68957260397326,1.14148927063993
3885,5.87116666666667,6.684297064595,0.813130397928327
3886,6.17925,6.67856371367747,0.499313713677468
3887,6.39441666666667,6.6724431639729,0.278026497306227
3888,6.58983333333333,6.66601797245424,0.0761846391209131
3889,6.71683333333333,6.6593826403152,-0.057450693018132
3890,6.70158333333333,6.65264361297019,-0.0489397203631432
3891,6.58516666666667,6.64591928005437,0.0607526133876979
3892,6.2755,6.63933997542363,0.363839975423631
3893,5.98341666666667,6.6330479771546,0.649631310487931
3894,5.70008333333333,6.62719750754463,0.927114174211304
3895,5.37858333333333,6.62195473311182,1.24337139977849
3896,5.13591666666667,6.61749776459498,1.48158109792831
3897,5.00691666666667,6.61401665695368,1.60709999028701
3898,4.94475,6.6117134093682,1.6669634093682
3899,4.94283333333333,6.61080196523956,1.66796863190623
3900,4.92408333333333,6.61150821218952,1.68742487885619
3901,4.94175,6.61296218386868,1.67121218386868
3902,4.95766666666667,6.61301586227889,1.65534919561222
3903,4.73175,6.61181943567969,1.88006943567969
3904,4.65816666666667,6.60959076865689,1.95142410199022
3905,4.95608333333333,6.60653398370606,1.65045065037273
3906,5.15741666666667,6.60283946123247,1.4454227945658
3907,5.39066666666667,6.59868383955116,1.20801717288449
3908,5.65658333333333,6.59423001488689,0.937646681553561
3909,5.89291666666667,6.58962714137416,0.696710474707491
3910,6.04641666666667,6.58501063105721,0.538593964390537
3911,6.26416666666667,6.58050215389,0.316335487223333
3912,6.47833333333333,6.57620963773626,0.097876304402928
3913,6.39916666666667,6.57222726836942,0.173060601702749
3914,6.25675,6.56863548947267,0.311885489472668
3915,6.178,6.56550100263893,0.387501002638927
3916,6.00075,6.56287676737085,0.562126767370849
3917,5.81358333333333,6.56080200108083,0.747218667747499
3918,5.58083333333333,6.559302179091,0.978468845757666
3919,5.294,6.55838903463322,1.26438903463322
3920,5.11025,6.55806055884909,1.44781055884909
3921,4.9335,6.55830100078996,1.62480100078996
3922,4.89175,6.5590808674169,1.6673308674169
3923,4.85108333333333,6.56035692360073,1.7092735902674
3924,4.83558333333333,6.56207219212198,1.72648885878865
3925,4.85225,6.56415595367096,1.71190595367096
3926,4.90175,6.56652374684767,1.66477374684767
3927,4.79025,6.56907736816189,1.77882736816189
3928,4.99366666666667,6.57170487203309,1.57803820536642
3929,5.21991666666667,6.57428057079053,1.35436390412386
3930,5.48408333333333,6.57666503467316,1.09258170133983
3931,5.72708333333333,6.57870509182969,0.851621758496359
3932,5.837,6.58023382831856,0.743233828318562
3933,5.95641666666667,6.58107058810796,0.624653921441285
3934,6.09525,6.58102097307579,0.485770973075786
3935,6.20033333333333,6.5798768430097,0.379543509676373
3936,6.234,6.5774163156071,0.343416315607097
3937,6.20583333333333,6.57402337211841,0.368190038785079
3938,5.99758333333333,6.57143593587335,0.573852602540019
3939,5.98866666666667,6.56966610506273,0.580999438396065
3940,5.90458333333333,6.56859582669003,0.664012493356699
3941,5.71416666666667,6.56811287928043,0.853946212613756
3942,5.47308333333333,6.56811087288084,1.09502753954751
3943,5.20983333333333,6.56848924905991,1.35865591572658
3944,5.06341666666667,6.569153280908,1.50573661424133
3945,4.96458333333333,6.57001407303721,1.60543073970388
3946,4.93108333333333,6.57098856158134,1.63990522824801
3947,4.99316666666667,6.57199951419595,1.57883284752928
3948,5.04291666666667,6.57297553005829,1.53005886339162
3949,5.04058333333333,6.57385103986735,1.53326770653402
3950,5.16225,6.57456630584386,1.41231630584386
3951,5.189,6.57506742173025,1.38606742173025
3952,5.24775,6.57530631279069,1.32755631279069
3953,5.48841666666667,6.57524073581107,1.0868240691444
3954,5.836,6.574834279099,0.738834279098997
3955,6.26558333333333,6.57405636248382,0.308473029150495
3956,6.7185,6.57288223731661,-0.145617762683386
3957,7.13241666666667,6.57129298647015,-0.561123680196516
3958,7.4425,6.56927552433896,-0.873224475661037
3959,7.74241666666667,6.56682259683928,-1.17559406982739
3960,7.93566666666667,6.56393278140907,-1.3717338852576
3961,7.98491666666666,6.56061048700803,-1.42430617965863
3962,7.88883333333333,6.55686595411757,-1.33196737921576
3963,7.565,6.55271525474084,-1.01228474525916
3964,7.09525,6.54818029240269,-0.547069707597313
3965,6.57466666666667,6.54328880214972,-0.0313778645169505
3966,6.14808333333333,6.53807435055025,0.389991017216918
3967,5.785,6.53257633569431,0.747576335694313
3968,5.54008333333333,6.52683998719368,0.986756653860351
3969,5.3325,6.52091636618184,1.18841636618184
3970,5.1285,6.51486236531402,1.38636236531402
3971,5.06416666666667,6.50874070876714,1.44457404210047
3972,5.06841666666667,6.50261995223988,1.43420328557321
3973,5.10083333333333,6.49657448295264,1.3957411496193
3974,5.31891666666667,6.49068451964751,1.17176785298084
3975,5.55058333333333,6.48503611258835,0.934452779255024
3976,5.84258333333333,6.47972114356073,0.6371378102274
3977,6.06825,6.47483732587193,0.40658732587193
3978,6.31508333333333,6.47044444403226,0.155361110698925
3979,6.638,6.46438274808335,-0.173617251916653
3980,6.85483333333333,6.45588919196317,-0.398944141370157
3981,7.12816666666667,6.44559444173018,-0.682572224936488
3982,7.37583333333333,6.43407329693068,-0.941760036402653
3983,7.72583333333333,6.42184469059881,-1.30398864273452
3984,8.025,6.40937168925661,-1.61562831074339
3985,8.22783333333333,6.39706149291392,-1.83077184041941
3986,8.21041666666667,6.38526543506848,-1.82515123159819
3987,7.88125,6.37427898270586,-1.50697101729414
3988,7.42808333333333,6.36434173629949,-1.06374159703384
3989,6.95033333333333,6.35563742981066,-0.594695903522675
3990,6.56516666666667,6.3482939306885,-0.216872735978169
3991,6.26908333333333,6.34238323987002,0.0732999065366924
3992,6.06033333333333,6.33792149178007,0.277588158446738
3993,5.86983333333333,6.33486895433134,0.465035620998014
3994,5.69016666666667,6.33313002892441,0.642963362257741
3995,5.561,6.33255325044768,0.771553250447684
3996,5.40233333333333,6.33293128727743,0.930597953944101
3997,5.36483333333333,6.33400094127778,0.96916760794445
3998,5.72375,6.33544314780071,0.611693147800707
3999,5.90541666666667,6.33688297568605,0.431466309019378
4000,6.14991666666667,6.33788962726149,0.187972960594822
4001,6.34691666666667,6.33797643834258,-0.00894022832408847
4002,6.55308333333333,6.33660087823272,-0.216482455100614
4003,6.77291666666667,6.33316454972315,-0.439752116943522
4004,7.00583333333333,6.32703439029822,-0.67879894303511
4005,7.30383333333333,6.31854498856862,-0.985288344764707
4006,7.62708333333333,6.30846332291858,-1.31862001041475
4007,7.982,6.297288008947,-1.684711991053
4008,8.20125,6.2854699062495,-1.9157800937505
4009,8.30058333333333,6.27341211841841,-2.02717121491492
4010,7.98525,6.2614699930428,-1.7237800069572
4011,7.5235,6.24995112170844,-1.27354887829156
4012,7.03541666666667,6.23911533999781,-0.796301326668858
4013,6.51391666666667,6.22917472749014,-0.284741939176532
4014,6.06608333333333,6.22029360776134,0.154210274428013
4015,5.71375,6.21258854838407,0.498838548384072
4016,5.4845,6.20612836092769,0.721628360927694
4017,5.34708333333333,6.20093410095829,0.853850767624957
4018,5.20675,6.19697906803866,0.990229068038655
4019,5.16766666666667,6.19418880572832,1.02652213906165
4020,5.17433333333333,6.19244110158351,1.01810776825018
4021,5.35283333333333,6.19156598715718,0.83873265382385
4022,5.55283333333333,6.19134573799901,0.638512404665682
4023,5.41741666666667,6.19151487365539,0.774098206988724
4024,5.74875,6.19176015766943,0.443010157669433
4025,6.14725,6.19172059758096,0.0444705975809594
4026,6.47941666666667,6.19098744492651,-0.288429221740156
4027,6.73458333333333,6.18910419523936,-0.545479138093965
4028,6.97275,6.18556658804949,-0.787183411950509
4029,7.42758333333333,6.17982260688359,-1.24776072644974
4030,7.82566666666667,6.17137209701968,-1.65429456964699
4031,8.09025,6.16215562087307,-1.92809437912693
4032,8.16333333333333,6.15321585008865,-2.01011748324468
4033,8.107,6.14464176818053,-1.96235823181947
4034,7.90108333333333,6.13651068164408,-1.76457265168925
4035,7.45458333333333,6.12888821995592,-1.32569511337741
4036,6.89041666666667,6.12182833557397,-0.768588331092698
4037,6.31391666666667,6.1153733039374,-0.198543362729275
4038,5.75325,6.10955372346664,0.35630372346664
4039,5.31808333333333,6.10438851556342,0.786305182230088
4040,5.05075,6.09988492461072,1.04913492461072
4041,4.906,6.09603851797278,1.19003851797278
4042,4.80675,6.09283318599514,1.28608318599514
4043,4.78241666666667,6.09024114200459,1.30782447533792
4044,4.83541666666667,6.08822292230918,1.25280625564251
4045,4.92191666666667,6.08672738619825,1.16481071953158
4046,4.94408333333333,6.0856917159424,1.14160838260907
4047,4.969,6.0850414167935,1.1160414167935
4048,5.21275,6.08469031698469,0.871940316984689
4049,5.20466666666667,6.08454056773038,0.879873901063711
4050,2.44758333333333,6.08448264322625,3.63689930989292
4051,1.722,6.08439534064926,4.36239534064926
4052,1.53691666666667,6.08414578015761,4.54722911349094
4053,1.42141666666667,6.0835894048908,4.66217273822413
4054,1.28533333333333,6.08234570111228,4.79701236777895
4055,1.14016666666667,6.07989588862166,4.93972922195499
4056,1.21558333333333,6.07654548189525,4.86096214856192
4057,1.28325,6.07260640671551,4.78935640671551
4058,0.778666666666667,6.06835388088878,5.28968721422211
4059,0.635916666666667,6.06402641424526,5.42810974757859
4060,0.736916666666667,6.05982580863906,5.32290914197239
4061,0.92525,6.05591715794814,5.13066715794814
4062,1.15925,6.05242884807434,4.89317884807434
4063,1.4265,6.04945255694341,4.62295255694341
4064,1.62566666666667,6.04704325450493,4.42137658783825
4065,1.91016666666667,6.04521920273238,4.13505253606571
4066,2.05933333333333,6.04396195562313,3.9846286222898
4067,2.23208333333333,6.04321635919842,3.81113302586509
4068,2.51575,6.04289055150334,3.52714055150334
4069,2.67616666666667,6.0428559626069,3.36668929594023
4070,2.89433333333333,6.04294731460197,3.14861398126864
4071,3.22891666666667,6.04296262160529,2.81404595493862
4072,3.45108333333333,6.04266318975748,2.59157985642415
4073,3.86325,6.04177361722305,2.17852361722305
4074,4.37908333333333,6.03998179419038,1.66089846085705
4075,4.92275,6.03693890287172,1.11418890287172
4076,5.40066666666667,6.0322616471925,0.631594980525827
4077,5.82058333333333,6.02584565307322,0.205262319739894
4078,6.27675,6.01817547933256,-0.258574520667436
4079,6.65483333333333,6.00975723488974,-0.645076098443586
4080,6.89808333333333,6.00104269745987,-0.897040635873464
4081,6.84975,5.99242931355391,-0.857320686446093
4082,6.59316666666667,5.98426019847872,-0.608906468187946
4083,6.10108333333333,5.97682413633705,-0.124259196996281
4084,5.60708333333333,5.97035558002749,0.36327224669416
4085,5.202,5.96503465124453,0.763034651244533
4086,4.88508333333333,5.96098714047854,1.07590380714521
4087,4.74891666666667,5.95828450701575,1.20936784034908
4088,4.72391666666667,5.95694387893828,1.23302721227161
4089,4.761,5.95692805312413,1.19592805312413
4090,4.80275,5.95814549524715,1.15539549524715
4091,4.91041666666667,5.9604503397771,1.05003367311043
4092,5.03725,5.9636423899796,0.926392389979603
4093,5.11308333333333,5.96746711791616,0.854383784582826
4094,5.07716666666667,5.97161566444413,0.894448997777464
4095,4.67841666666667,5.97572483921679,1.29730817255012
4096,4.88425,5.97937712068326,1.09512712068326
4097,5.24625,5.98210065608854,0.735850656088542
4098,5.51891666666667,5.98336926147352,0.464452594806853
4099,5.84983333333333,5.98260242167496,0.132769088341634
4100,6.17441666666667,5.97945315180562,-0.194963514861046
4101,6.73416666666667,5.97494743200929,-0.759219234657381
4102,7.21125,5.96959985355465,-1.24165014644535
4103,7.46125,5.96377521449264,-1.49747478550736
4104,7.49283333333333,5.95779757061383,-1.5350357627195
4105,7.17491666666667,5.95195023544845,-1.22296643121822
4106,6.84891666666667,5.94647578026633,-0.902440886400342
4107,6.53591666666667,5.94157603407697,-0.594340632589695
4108,6.087,5.93741208362952,-0.149587916370483
4109,5.57025,5.93410427341273,0.363854273412726
4110,5.46025,5.93173220565501,0.471482205655014
4111,5.39158333333333,5.93033474032443,0.538751406991102
4112,5.37841666666667,5.92990999512867,0.551493328461997
4113,5.34141666666667,5.93041534551505,0.588998678848381
4114,5.30816666666667,5.93176742467055,0.623600758003882
4115,5.29766666666667,5.93384212352178,0.63617545685511
4116,5.26475,5.93647459073498,0.67172459073498
4117,5.25125,5.93945923271604,0.688209232716043
4118,5.26916666666667,5.94254971361049,0.673383046943822
4119,5.0695,5.94545895530349,0.875958955303494
4120,5.13608333333333,5.94785913741986,0.811775804086525
4121,5.54991666666667,5.94938169732402,0.399465030657352
4122,5.93825,5.94961050075252,0.0113605007525237
4123,6.34983333333333,5.94785070833968,-0.401982624993648
4124,6.71316666666667,5.94428011064605,-0.768886556020621
4125,7.10325,5.93945656263249,-1.16379343736751
4126,7.5495,5.93388282625019,-1.61561717374981
4127,7.91475,5.92800657044064,-1.98674342955936
4128,8.12775,5.92222037113565,-2.20552962886435
4129,8.05933333333333,5.91686171125735,-2.14247162207598
4130,7.79108333333333,5.91221298071816,-1.87887035261517
4131,7.32691666666667,5.90850147642085,-1.41841519024582
4132,6.81358333333333,5.90589940225846,-0.907683931074869
4133,6.3265,5.90452386911438,-0.421976130885619
4134,5.91025,5.9044368948623,-0.00581310513770017
4135,5.52575,5.90564540436622,0.379895404366217
4136,5.23825,5.90810122948045,0.669851229480455
4137,5.03025,5.91170110904964,0.88145110904964
4138,4.93375,5.91628668890872,0.982536688908716
4139,4.87591666666667,5.92164452188294,1.04572785521627
4140,4.88041666666667,5.92750606778789,1.04708940112122
4141,4.94283333333333,5.93354769342945,0.990714360096116
4142,5.04491666666667,5.9393906726038,0.894474005937134
4143,5.23908333333333,5.94460118609748,0.705517852764149
4144,5.48775,5.9486903216873,0.460940321687295
4145,5.87633333333333,5.95050722652513,0.0741738931918032
4146,6.2495,5.94963817079246,-0.299861829207542
4147,6.67316666666667,5.94670071589487,-0.726465950771804
4148,7.15791666666667,5.94226070658723,-1.21565596007944
4149,7.628,5.93683204754745,-1.69116795245255
4150,8.00441666666667,5.93087670337641,-2.07353996329026
4151,8.344,5.92480469859804,-2.41919530140196
4152,8.62716666666667,5.91897411765927,-2.7081925490074
4153,8.63025,5.91369110493003,-2.71655889506997
4154,8.347,5.90920986470328,-2.43779013529672
4155,7.87958333333333,5.90573266119498,-1.97385067213835
4156,7.31616666666667,5.90340981854412,-1.41275684812255
4157,6.78625,5.90233972081269,-0.883910279187311
4158,6.33833333333333,5.90256881198569,-0.435764521347642
4159,5.97083333333333,5.90409159597114,-0.0667417373621921
4160,5.73141666666667,5.90685063660007,0.175433969933398
4161,5.58041666666667,5.91073655762652,0.330319890959855
4162,5.48333333333333,5.91558804272756,0.432254709394233
4163,5.474,5.92119183550325,0.447191835503252
4164,5.429,5.92728273947668,0.498282739476675
4165,5.50208333333333,5.93354361809393,0.431460284760599
4166,5.60316666666667,5.93960539472412,0.336438728057447
4167,5.777,5.94504705265937,0.168047052659365
4168,6.01266666666667,5.94921152062962,-0.0634551460370529
4169,6.38183333333333,5.95064044138589,-0.431192891947444
4170,6.72975,5.94961119883379,-0.78013880116621
4171,7.13325,5.9466849108104,-1.1865650891896
4172,7.58875,5.94237642421215,-1.64637357578785
4173,8.02625,5.9371543149949,-2.0890956850051
4174,8.33875,5.93144088817388,-2.40730911182612
4175,8.63708333333333,5.92561217782369,-2.71147115550964
4176,8.83133333333334,5.91999794707835,-2.91133538625499
4177,8.82491666666667,5.91488168813124,-2.91003497853543
4178,8.05725,5.91050062223515,-2.14674937776484
4179,7.893,5.90704569970226,-1.98595430029774
4180,7.53441666666667,5.9046615999041,-1.62975506676257
4181,7.13091666666667,5.90344673127164,-1.22746993539503
4182,6.65758333333333,5.9034532312952,-0.754130102038133
4183,6.29566666666667,5.9046869665245,-0.39097970014217
4184,6.067,5.90710753256866,-0.15989246743134
4185,5.8935,5.91062825409617,0.0171282540961712
4186,5.78925,5.91511618483492,0.125866184834922
4187,5.71433333333333,5.92039210757218,0.206058774238854
4188,5.64875,5.92623053415462,0.27748053415462
4189,5.67941666666667,5.93235970548828,0.252943038821608
4190,5.74166666666667,5.9384615915386,0.19679492487193
4191,5.83666666666667,5.94417189133041,0.107505224663739
4192,5.98366666666667,5.94908003294792,-0.0345866337187504
4193,6.35391666666667,5.95272917353473,-0.401187493131936
4194,6.7755,5.95406454929296,-0.821435450707035
4195,7.17841666666667,5.95249044549177,-1.2259262211749
4196,7.582,5.94866444133597,-1.63333555866403
4197,8.0025,5.94319719637343,-2.05930280362657
4198,8.39491666666667,5.93664317145127,-2.4582734952154
4199,8.699,5.92950062871579,-2.76949937128421
4200,8.912,5.92221163161252,-2.98978836838748
4201,9.00158333333333,5.9151620448862,-3.08642128844713
4202,8.87416666666667,5.9086815345808,-2.96548513208587
4203,8.45558333333333,5.90304356803948,-2.55253976529385
4204,7.89033333333333,5.89846541390464,-1.99186791942869
4205,7.27316666666667,5.89510814211788,-1.37805852454879
4206,6.70283333333333,5.89307662392001,-0.80975670941332
4207,6.19233333333333,5.89241953185107,-0.299913801482259
4208,5.70216666666667,5.89312933975031,0.19096267308364
4209,5.489,5.89514232275619,0.406142322756192
4210,5.35016666666667,5.89833855730639,0.548171890639722
4211,5.28266666666667,5.90254192113781,0.619875254471136
4212,5.22966666666667,5.90752009328654,0.677853426619873
4213,5.227,5.91298455408792,0.685984554087924
4214,5.3535,5.91859058517649,0.565090585176489
4215,5.60233333333333,5.92393726948599,0.321603936152663
4216,5.942,5.9285674912494,-0.013432508750598
4217,6.354,5.9319679359989,-0.422032064001099
4218,6.85275,5.933199829522,-0.919550170477999
4219,7.36275,5.93152005546693,-1.43122994453307
4220,7.85891666666667,5.9275746948189,-1.93134197184777
4221,8.25675,5.92199483144446,-2.33475516855554
4222,8.59641666666667,5.91535261082205,-2.68106405584462
4223,8.90825,5.908161240042,-3.000088759958
4224,9.17075,5.90087498780656,-3.26987501219344
4225,9.285,5.89388918442985,-3.39111081557015
4226,8.96825,5.88754022183791,-3.08070977816209
4227,8.62283333333333,5.88210555356867,-2.74072777976466
4228,8.06325,5.87780369477194,-2.18544630522806
4229,7.42408333333333,5.87479422220945,-1.54928911112389
4230,6.84083333333333,5.87317777425481,-0.967655559078517
4231,6.42683333333333,5.87299605089355,-0.553837282439776
4232,6.1775,5.87423181372308,-0.303268186276918
4233,6.05391666666667,5.87680888595271,-0.177107780713962
4234,5.98775,5.88059215240364,-0.107157847596359
4235,5.91808333333333,5.88538755950898,-0.0326957738243463
4236,5.90366666666667,5.89094211531374,-0.0127245513529299
4237,5.94816666666667,5.89694388947481,-0.0512227771918612
4238,6.07625,5.90302201326099,-0.173227986739013
4239,6.064,5.90874667955297,-0.155253320447032
4240,6.27966666666667,5.91362914284334,-0.366037523823326
4241,6.71941666666667,5.91708951570306,-0.802327150963614
4242,7.1665,5.91794946721029,-1.24855053278971
4243,7.58483333333333,5.91628203092166,-1.66855130241167
4244,8.05675,5.91264087004901,-2.14410912995099
4245,8.4625,5.90753464959532,-2.55496535040468
4246,8.82208333333333,5.90142703635468,-2.92065629697865
4247,8.97908333333333,5.8947366989123,-3.08434663442103
4248,9.02108333333333,5.88783730764449,-3.13324602568883
4249,8.70583333333333,5.88105753471872,-2.82477579861461
4250,8.32158333333333,5.87468105409353,-2.4469022792398
4251,7.75175,5.86894654151861,-1.88280345848139
4252,7.23483333333333,5.86404767453475,-1.37078565879858
4253,6.82283333333333,5.86013313247386,-0.962700200859473
4254,6.50133333333333,5.85730659645897,-0.644026736874362
4255,6.24483333333333,5.85562674940423,-0.389206583929101
4256,6.04508333333333,5.8551072760149,-0.189976057318426
4329,1.02225,5.94903890307722,4.92678890307722
4330,0.661166666666667,5.94814292438778,5.28697625772111
4331,0.547583333333333,5.94723328859694,5.39964995526361
4332,0.683,5.94632232673372,5.26332232673373
4333,1.03325,5.94542313135955,4.91217313135955
4334,1.80333333333333,5.9445495565682,4.14121622323487
4335,2.62283333333333,5.94371621798588,3.32088288465255
4336,3.35516666666667,5.94293849277116,2.58777182610449
4337,4.11266666666667,5.942232519615,1.82956585294833
4338,4.81125,5.94146194994831,1.13021194994831
4339,5.41483333333333,5.93990629199983,0.525072958666497
4340,5.88108333333333,5.93771064075256,0.0566273074192249
4341,6.30308333333333,5.93513586102227,-0.367947472311062
4342,6.39666666666667,5.93241784139353,-0.464248825273136
4343,6.35566666666667,5.92976749421972,-0.425899172446953
4344,6.37316666666667,5.92737075562298,-0.445795911043686
4345,6.27325,5.9253885854943,-0.347861414505704
4346,6.23883333333333,5.92395696749342,-0.314876365839915
4347,6.05458333333333,5.9231869090489,-0.131396424284428
4348,5.75916666666667,5.92316444135811,0.163997774691444
4349,5.44658333333333,5.92395061938721,0.477367286053879
4350,5.15208333333333,5.92558152187114,0.773498188537812
4351,4.8685,5.92806825131367,1.05956825131367
4352,4.759,5.93139693398733,1.17239693398733
4353,4.70125,5.9355287199335,1.2342787199335
4354,4.648,5.9403997829623,1.2923997829623
4355,4.606,5.9459213206527,1.3399213206527
4356,4.61991666666667,5.95197955435243,1.33206288768576
4357,4.68441666666667,5.95843572917805,1.27401906251138
4358,4.79833333333333,5.96512611401489,1.16679278068156
4359,4.87741666666667,5.9718620015171,1.09444533485043
4360,5.21041666666667,5.97842970810761,0.768013041440939
4361,5.65833333333333,5.98459057397817,0.326257240644837
4362,6.09308333333333,5.99008096308931,-0.103002370244024
4363,6.44641666666667,5.99461226317036,-0.451804403496308
4364,6.76966666666667,5.99787088571947,-0.771795780947201
4365,6.83833333333333,5.99951826600356,-0.838815067329771
4366,6.98283333333333,5.99919086305836,-0.983642470274967
4367,7.06758333333333,5.99725253063788,-1.07033080269545
4368,7.19808333333333,5.99629671837888,-1.20178661495445
4369,6.96308333333333,5.99642212954072,-0.966661203792612
4370,6.62008333333333,5.99745420504851,-0.622629128284816
4371,6.25933333333333,5.99922840897663,-0.2601049243567
4372,5.87333333333333,6.00159022854866,0.128256895215327
4373,5.52591666666667,6.00439517413743,0.478478507470758
4374,5.22541666666667,6.00750877926501,0.782092112598338
4375,4.99741666666667,6.0108066006027,1.01338993393603
4376,4.87591666666667,6.01417421797105,1.13825755130438
4377,4.82625,6.01750723433983,1.19125723433983
4378,4.79716666666667,6.02071127582805,1.22354460916138
4379,4.84191666666667,6.02370199170396,1.18178532503729
4380,4.89691666666667,6.02640505438504,1.12948838771837
4381,4.96533333333333,6.02875615943802,1.06342282610469
4382,5.13466666666667,6.03070102557885,0.896034358912181
4383,5.40758333333333,6.03219539467273,0.624612061339398
4384,5.75341666666667,6.03320503173408,0.279788365067409
4385,6.15058333333333,6.03370572492657,-0.116877608406758
4386,6.59066666666667,6.03368328556311,-0.556983381103561
4387,6.96133333333333,6.03313354810583,-0.928199785227502
4388,7.35391666666667,6.0320623701661,-1.32185429650057
4389,7.78566666666667,6.03048563250454,-1.75518103416213
4390,8.08141666666667,6.028429239031,-2.05298742763567
4391,8.405,6.02592911680455,-2.37907088319545
4392,8.34333333333333,6.02303121603353,-2.3203021172998
4393,8.367,6.01979151007547,-2.34720848992453
4394,8.1925,6.01627599543718,-2.17622400456282
4395,7.85308333333333,6.01256069177468,-1.84052264155865
4396,7.34266666666667,6.00955644398302,-1.33311022268365
4397,6.89441666666667,6.00925314297727,-0.885163523689404
4398,6.4275,6.01114160781149,-0.416358392188513
4399,6.03191666666667,6.01462253882094,-0.0172941278457301
4400,5.79258333333333,6.01914973535168,0.226566402018353
4401,5.57708333333333,6.02423009576058,0.447146762427246
4402,5.42833333333333,6.02942361741527,0.601090284081943
4403,5.31158333333333,6.03434339669423,0.722760063360902
4404,5.20608333333333,6.03865562898671,0.832572295653381
4405,5.15775,6.04207960869276,0.884329608692762
4406,5.27733333333333,6.04438772922324,0.767054395889912
4407,5.18633333333333,6.0454054829998,0.859072149666473
4408,5.43441666666667,6.0450114614549,0.61059479478823
4409,5.80966666666667,6.04313735503178,0.233470688365113
4410,6.36041666666667,6.03976795318451,-0.320648713482164
4411,6.91883333333333,6.03494114437792,-0.883892188955411
4412,7.4935,6.02874791608767,-1.46475208391233
4413,7.9835,6.02133235480022,-1.96216764519978
4414,8.33525,6.0128916460128,-2.3223583539872
4415,8.64766666666667,6.00367607423347,-2.64399059243319
4416,8.85716666666667,5.99398902298108,-2.86317764368559
4417,8.74416666666667,5.98418697478527,-2.7599796918814
4418,8.4585,5.97467951118649,-2.48382048881351
4419,7.88766666666667,5.96592931273599,-1.92173735393068
4420,7.264,5.9584521589958,-1.3055478410042
4421,6.713,5.95281692853878,-0.760183071461219
4422,6.30733333333333,5.94964559894857,-0.357687734384762
4423,6.05108333333333,5.9496132468196,-0.101470086513726
4424,5.86241666666667,5.95280234469535,0.0903856780286842
4425,5.75241666666667,5.95591907989616,0.203502413229494
4426,5.6435,5.95846524224677,0.314965242246767
4427,5.5195,5.96053292708743,0.441032927087435
4428,5.46341666666667,5.96220834138206,0.498791674715393
4429,5.44141666666667,5.96357180371817,0.522155137051504
4430,5.61583333333333,5.96469774430692,0.34886441097359
4431,5.73333333333333,5.96565470498308,0.232321371649753
4432,5.97083333333333,5.96650533920507,-0.00432799412825879
4433,6.26308333333333,5.96730641205492,-0.295776921278412
4434,6.56433333333333,5.96810880023829,-0.59622453309504
4435,6.93216666666667,5.96895749208448,-0.963209174582191
4436,7.22291666666667,5.9698915875464,-1.25302507912027
4437,7.60375,5.97094429820061,-1.63280570179939
4438,7.81708333333333,5.97214294724728,-1.84494038608605
4439,8.046,5.97350896951022,-2.07249103048978
4440,8.17483333333333,5.97505791143685,-2.19977542189648
4441,8.157,5.97679943109825,-2.18020056890175
4442,8.02916666666667,5.97873729818908,-2.05042936847759
4443,7.69975,5.98086939402768,-1.71888060597232
4444,7.29058333333333,5.98318771155598,-1.30739562177735
4445,6.85875,5.98567835533956,-0.873071644660437
4446,6.49683333333333,5.98832154156762,-0.508511791765708
4447,6.19658333333333,5.99109159805299,-0.205491735280344
4448,6.00908333333333,5.99395696423211,-0.0151263691012185
4449,5.87875,5.99688019116508,0.118130191165083
4450,5.77783333333333,5.99981794153561,0.221984608202283
4451,5.728,6.00272098965104,0.274720989651041
4452,5.698,6.00553422144233,0.307534221442332
4453,5.71975,6.00819663446409,0.288446634464088
4454,5.8635,6.01064133789453,0.147141337894529
4455,6.05383333333333,6.01279555253551,-0.0410377807978222
4456,6.34208333333333,6.01398534531134,-0.328097988021995
4457,6.73883333333333,6.01225864323881,-0.72657469009452
4458,7.23891666666667,6.00797357425778,-1.23094309240889
4459,7.74283333333333,6.00166350739132,-1.74116982594201
4460,8.166,5.99382242185657,-2.17217757814343
4461,8.42141666666667,5.98490490706471,-2.43651175960196
4462,8.67533333333333,5.97532616262098,-2.70000717071234
4463,8.90791666666667,5.96546199832466,-2.94245466834201
4464,9.04225,5.95564883416908,-3.08660116583092
4465,8.93641666666666,5.94618370034161,-2.99023296632505
4466,8.43733333333333,5.93732423722369,-2.50000909610964
4467,7.96716666666667,5.9292886953908,-2.03787797127587
4468,7.53233333333333,5.92225593561245,-1.61007739772088
4469,6.90858333333333,5.91636542885224,-0.992217904481093
4470,6.40008333333333,5.91171725626777,-0.488366077065558
4471,6.00691666666667,5.90837210921073,-0.0985445574559378
4472,5.7585,5.90635128922684,0.147851289226841
4473,5.57275,5.90563670805587,0.332886708055871
4474,5.44925,5.90617088763164,0.456920887631645
4475,5.36741666666667,5.90785696008203,0.540440293415362
4476,5.35691666666667,5.91055866772895,0.553642001062279
4477,5.38683333333333,5.91410036308837,0.527267029755039
4478,5.46875,5.91826700887031,0.449517008870306
4479,5.83883333333333,5.92280417797883,0.0839708446454992
4480,6.2315,5.92741805351205,-0.304081946487947
4481,6.73041666666667,5.93177542876214,-0.798641237904528
4482,7.13558333333333,5.93550370721531,-1.20007962611802
4483,7.53741666666667,5.93819090255182,-1.59922576411485
4484,7.88525,5.93938563864599,-1.94586436135401
4485,8.19083333333333,5.93859714956617,-2.25223618376716
4486,8.51266666666667,5.93529527957478,-2.57737138709189
4487,8.45933333333333,5.92924226170763,-2.5300910716257
4488,8.45216666666667,5.92315025106017,-2.5290164156065
4489,8.4885,5.91774992502677,-2.57075007497323
4490,8.16216666666667,5.91303740962135,-2.24912925704532
4491,7.767,5.90900282672123,-1.85799717327877
4492,7.35875,5.90563029406714,-1.45311970593286
4493,6.85408333333333,5.90289792526314,-0.951185408070188
4494,6.39533333333333,5.90077782977673,-0.494555503556603
4495,6.038,5.89923611293875,-0.138763887061251
4496,5.75925,5.89823287594345,0.138982875943452
4497,5.59866666666667,5.89772221584846,0.299055549181793
4498,5.49175,5.89765222557479,0.405902225574795
4499,5.40991666666667,5.89796499390684,0.48804832724017
4500,5.45125,5.89859660549238,0.447346605492383
4501,5.46716666666667,5.89947714084258,0.432310474175914
4502,5.5155,5.90053067633199,0.385030676331994
4503,5.565,5.90167528419854,0.336675284198544
4504,5.75166666666667,5.90282303254355,0.151156365876884
4505,6.01633333333333,5.90387998533172,-0.112453348001608
4506,6.41608333333333,5.90474620239113,-0.511337130942196
4507,6.94908333333333,5.90531573941326,-1.04376759392007
4508,7.35158333333333,5.90547664795296,-1.44610668538037
4509,7.88316666666667,5.90511097542846,-1.97805569123821
4510,8.40391666666667,5.90409476512139,-2.49982190154528
4511,8.83583333333333,5.90229805617676,-2.93353527715657
4512,9.09858333333333,5.89958488360295,-3.19899844973038
4513,9.078,5.89581327827175,-3.18218672172825
4514,8.77341666666667,5.89083526691831,-2.88258139974836
4515,8.28791666666667,5.88544909328388,-2.40246757338279
4516,7.60058333333333,5.88253679341397,-1.71804653991936
4517,7.00033333333333,5.88183356210644,-1.11849977122689
4518,6.49483333333333,5.88284228375225,-0.611991049581082
4519,6.0735,5.88510635267567,-0.188393647324332
4520,5.78,5.88820967313432,0.10820967313432
4521,5.639,5.89177665931916,0.252776659319157
4522,5.54216666666667,5.89547223535446,0.35330556868779
4523,5.52741666666667,5.89900183529784,0.371585168631174
4524,5.50616666666667,5.90211140314026,0.395944736473586
4525,5.5175,5.90458739280598,0.387087392805976
4526,5.67483333333333,5.90625676815262,0.231423434819287
4527,5.93025,5.90698700297112,-0.0232629970288754
4528,6.26525,5.90668608098578,-0.358563919014225
4529,6.72516666666667,5.90530249585418,-0.819864170812491
4530,7.21541666666667,5.90282525116728,-1.31259141549939
4531,7.6415,5.89928386044935,-1.74221613955065
4532,8.1565,5.894748347158,-2.261751652842
4533,8.553,5.88932924468417,-2.66367075531583
4534,8.79566666666667,5.88317759635213,-2.91248907031453
4535,8.99991666666667,5.87648495541949,-3.12343171124718
4536,9.15808333333333,5.86948338507719,-3.28859994825614
4537,9.01816666666667,5.86244545844949,-3.15572120821718
4538,8.79625,5.855684258594,-2.940565741406
4539,8.38183333333333,5.84955337850165,-2.53227995483168
4540,7.70508333333333,5.84444692109672,-1.86063641223661
4541,7.03658333333334,5.84079949923679,-1.19578383409655
4542,6.43108333333333,5.83908623571282,-0.591997097620514
4543,6.01775,5.83977886337277,-0.177971136627233
4544,5.75966666666667,5.84270987432758,0.0830432076609089
4545,5.62391666666667,5.84728569491141,0.223369028244739
4546,5.51391666666667,5.85296245850605,0.339045791839384
4547,5.43975,5.85924862246369,0.419498622463695
4548,5.45033333333333,5.86570496810689,0.415371634773564
4549,5.45608333333333,5.8719446007286,0.415861267395267
4550,5.65441666666667,5.87763294959213,0.223216282925465
4551,5.96108333333333,5.88248776793122,-0.0785955654021127
4552,6.39375,5.88627913294994,-0.507470867050059
4553,6.87058333333333,5.88882944582278,-0.981753887510545
4554,7.29808333333333,5.89001343169461,-1.40806990163872
4555,7.70941666666667,5.88975813968066,-1.81965852698601
4556,8.17266666666667,5.88804294286656,-2.28462372380011
4557,8.51441666666667,5.88489953830833,-2.62951712835834
4558,8.73366666666667,5.88041194703236,-2.85325471963431
4559,8.90908333333333,5.87471651403543,-3.0343668192979
4560,9.09083333333333,5.86800190828469,-3.22283142504864
4561,9.08658333333333,5.86050912271769,-3.22607421061564
4562,8.9875,5.85253147424235,-3.13496852575765
4563,8.97208333333333,5.844414603737,-3.12766872959633
4564,8.6205,5.83655647605031,-2.78394352394969
4565,7.93375,5.82940738000137,-2.10434261999863
4566,7.23933333333333,5.82346992837963,-1.4158634049537
4567,6.72541666666667,5.81929905794494,-0.906117608721729
4568,6.15458333333333,5.81750202942752,-0.337081303905808
4569,5.80216666666667,5.818669555019,0.0165028883523268
4570,5.61416666666667,5.82091650381641,0.206749837149736
4571,5.50466666666667,5.82313311083699,0.318466444170324
4572,5.559,5.82533624032392,0.266336240323922
4573,5.643,5.82754171440882,0.184541714408822
4574,5.74583333333333,5.8297643131118,0.083930979778466
4575,5.75641666666667,5.83201777434142,0.0756011076747454
4576,6.07516666666667,5.83431479389473,-0.240851872771945
4577,6.50966666666667,5.83666702545724,-0.672999641209433
4578,7.086,5.83908508060293,-1.24691491939707
4579,7.69466666666667,5.84157852879427,-1.8530881378724
4580,8.38975,5.84415589738217,-2.54559410261783
4581,8.89625,5.84682467160603,-3.04942532839397
4582,9.30591666666667,5.84959129459371,-3.45632537207296
4583,9.71633333333333,5.85246116736155,-3.86387216597178
4584,9.98525,5.85543864881435,-4.12981135118565
4585,10.10975,5.85852705574539,-4.25122294425461
4586,9.87416666666667,5.86172866283642,-4.01243800383025
4587,9.30966666666667,5.86504470265765,-3.44462196400902
4588,8.56416666666667,5.86847536566776,-2.69569130099891
4589,7.84008333333333,5.87201980021393,-1.9680635331194
4590,7.29466666666667,5.87567611253176,-1.41899055413491
4591,6.86958333333333,5.87944136674537,-0.990141966587964
4592,6.58116666666667,5.88331158486731,-0.697855081799358
4593,6.42966666666667,5.88728174679863,-0.542384919868039
4594,6.27041666666667,5.89134579032884,-0.37907087633783
4595,6.15616666666667,5.89549661113591,-0.260670055530758
4596,6.1155,5.8997260627863,-0.215773937213702
4597,6.08233333333333,5.90402495673492,-0.178308376598411
4598,6.22941666666667,5.90838306232516,-0.321033604341507
4599,6.41666666666667,5.91278909868606,-0.503877567980608
4600,6.75283333333333,5.91561478008929,-0.837218553244043
4601,7.18166666666667,5.91564474784592,-1.26602191882075
4602,7.69016666666667,5.91343260276985,-1.77673406389682
4603,8.10908333333333,5.90949004554704,-2.19959328778629
4604,8.678,5.90428687673548,-2.77371312326452
4605,9.02058333333333,5.89825099676522,-3.12233233656811
4606,9.36766666666667,5.89176840593837,-3.4758982607283
4607,9.70933333333333,5.88518320442908,-3.82415012890425
4608,9.89441666666667,5.87879759228353,-4.01561907438314
4609,9.91566666666667,5.87287186941999,-4.04279479724668
4610,9.5205,5.86762443562876,-3.65287556437124
4611,8.99833333333333,5.86323179057218,-3.13510154276115
4612,8.34983333333333,5.85982853378466,-2.49000479954867
4613,7.702,5.85750736467264,-1.84449263532736
4614,7.1435,5.85631908251464,-1.28718091748536
4615,6.79433333333333,5.85627258646119,-0.93806074687214
4616,6.46241666666667,5.8573348755349,-0.605081791131767
4617,6.22966666666667,5.85943104863043,-0.370235618036244
4618,6.06683333333333,5.86244430451446,-0.204389028818866
4619,5.966,5.86621594182577,-0.0997840581742349
4620,5.92141666666667,5.87054535907513,-0.0508713075915361
4621,5.96433333333333,5.87519005464542,-0.0891432786879092
4622,6.00691666666667,5.87986562679153,-0.127051039875143
4623,6.28275,5.88424577364041,-0.398504226359594
4624,6.70233333333333,5.88796229319106,-0.814371040142271
4625,7.22816666666667,5.89018549005609,-1.33798117661058
4626,7.80183333333333,5.88964858822021,-1.91218474511312
4627,8.31175,5.88681238706404,-2.42493761293596
4628,8.81041666666667,5.88220807755723,-2.92820858910944
4629,9.28175,5.87632301646375,-3.40542698353625
4630,9.58916666666667,5.86960072634195,-3.71956594032472
4631,9.82416666666667,5.86244089554448,-3.96172577112219
4632,9.82008333333333,5.85519937821839,-3.96488395511494
4633,9.61983333333333,5.84818819430504,-3.77164513902829
4634,9.36041666666667,5.84167552954015,-3.51874113712652
4635,8.90866666666667,5.83588573545379,-3.07278093121288
4636,8.30008333333334,5.83099932937038,-2.46908400396296
4637,7.71675,5.82715299440867,-1.88959700559133
4638,7.20858333333333,5.82443957948177,-1.38414375385156
4639,6.79616666666667,5.82290809929715,-0.973258567369524
4640,6.50691666666667,5.8225637343566,-0.684352932310073
4641,6.31825,5.82336783095627,-0.494882169043727
4642,6.16175,5.82523790118667,-0.336512098813325
4643,6.06391666666667,5.82804762293265,-0.235869043734023
4644,6.05091666666667,5.83162683987338,-0.219289826793286
4645,6.07783333333333,5.83576156148243,-0.242071771850903
4646,6.21733333333333,5.84019396302766,-0.377139370305668
4647,6.47733333333333,5.84462238557133,-0.632710947762004
4648,6.85391666666667,5.84870133597,-1.00521533069667
4649,7.44341666666667,5.85146934244625,-1.59194732422042
4650,8.04341666666667,5.85132873273237,-2.1920879339343
4651,8.6045,5.84873561353563,-2.75576438646437
4652,9.00133333333333,5.84422599846238,-3.15710733487095
4653,9.33058333333333,5.83829212842829,-3.49229120490504
4654,9.61991666666667,5.83138247165837,-3.7885341950083
4655,9.81825,5.82390172368695,-3.99434827631305
4656,9.92425,5.81621080735771,-4.10803919264229
4657,9.93491666666667,5.80862687282363,-4.12628979384304
4658,9.56058333333334,5.80142329754705,-3.75916003578629
4659,8.99525,5.79482968629961,-3.20042031370039
4660,8.28416666666667,5.78903187116231,-2.49513479550436
4661,7.56666666666667,5.78417191152546,-1.78249475514121
4662,6.9965,5.78034809408869,-1.21615190591131
4663,6.48791666666667,5.777614932861,-0.710301733805674
4664,6.09316666666667,5.77598316916067,-0.317183497506003
4665,5.84033333333333,5.77541977161534,-0.0649135617179866
4666,5.66083333333333,5.77584793616199,0.115014602828656
4667,5.505,5.77714708604689,0.272147086046887
4668,5.39641666666667,5.77915287182567,0.382736205159
4669,5.36491666666667,5.78165717136329,0.416740504696615
4670,5.46116666666667,5.78440808983402,0.323241423167348
4671,5.79425,5.78710995972148,-0.00714004027852244
4672,6.20675,5.78936830368505,-0.417381696314951
4673,6.80933333333333,5.78969931364584,-1.01963401968749
4674,7.457,5.78789656560319,-1.66910343439681
4675,8.16458333333333,5.78436781655857,-2.38021551677476
4676,8.87808333333333,5.77949059461833,-3.098592738715
4677,9.41608333333333,5.77361219899372,-3.64247113433961
4678,9.76608333333333,5.76704970000088,-3.99903363333245
4679,9.8875,5.76008993906087,-4.12741006093913
4680,10.2645,5.7529895286996,-4.5115104713004
4681,10.3761666666667,5.7459748525479,-4.6301918141188
4682,10.0124166666667,5.7392420653415,-4.2731746013252
4683,9.57708333333333,5.73295709292102,-3.84412624041231
4684,8.80358333333333,5.72725563223195,-3.07632770110138
4685,8.04016666666667,5.72224315132471,-2.31792351534196
4686,7.33591666666667,5.7179948893546,-1.61792177731207
4687,6.74283333333333,5.7145558565818,-1.02827747675153
4688,6.27383333333333,5.7119408343714,-0.561892498961932
4689,5.95391666666667,5.71013437519338,-0.243782291473288
4690,5.74025,5.70909080262262,-0.0311591973773764
4691,5.57125,5.70873421133889,0.137484211338891
4692,5.45858333333333,5.70895846712685,0.250375133793518
4693,5.42725,5.70962720687605,0.282377206876051
4694,5.49816666666667,5.71057383858095,0.212407171914283
4695,5.61983333333333,5.7116015413409,0.0917682080075686
4696,6.0555,5.71248326536013,-0.343016734639874
4697,6.6415,5.71296173194777,-0.928538268052226
4698,7.29358333333333,5.71274943351787,-1.58083389981546
4699,8.04816666666667,5.71144385604054,-2.33672281062613
4700,8.78108333333333,5.70854730906784,-3.07253602426549
4701,9.37675,5.70432480767682,-3.67242519232318
4702,9.89983333333333,5.69910120462188,-4.20073212871145
4703,10.2683333333333,5.69317295472368,-4.57516037860962
4704,10.47775,5.68680811486908,-4.79094188513092
4705,10.4061666666667,5.68024634401115,-4.72592032265555
4706,9.97975,5.67369890316918,-4.30605109683082
4707,9.3315,5.66734865542866,-3.66415134457134
4708,8.53433333333333,5.66135006594132,-2.87298326739201
4709,7.71275,5.65582920192509,-2.05692079807491
4710,7.01458333333333,5.6508837326641,-1.36369960066923
4711,6.49216666666667,5.64658292950873,-0.845583737157945
4712,6.14525,5.64296766587553,-0.502282334124474
4713,5.89966666666667,5.64005041724729,-0.259616249419376
4714,5.68283333333333,5.63781526117303,-0.0450180721603015
4715,5.50675,5.63621787726795,0.129467877267947
4716,5.33175,5.63518554721348,0.303435547213478
4717,5.21883333333333,5.63461715475727,0.415783821423936
4718,5.28925,5.63438318571317,0.345133185713167
4719,5.57083333333333,5.63432572796126,0.063492394627926
4720,6.0215,5.63425847144782,-0.387241528552182
4721,6.58241666666667,5.63396670818535,-0.948449958481317
4722,7.19025,5.63320733225258,-1.55704266774742
4723,7.89841666666667,5.63170883979442,-2.26670782687225
4724,8.48366666666667,5.62917132902202,-2.85449533764465
4725,9.04575,5.62552819848278,-3.42022180151722
4726,9.53366666666667,5.62135759235817,-3.9123090743085
4727,9.89058333333333,5.61687931382536,-4.27370401950797
4728,10.01525,5.61226887729599,-4.40298112270401
4729,9.88025,5.60768068936913,-4.27256931063087
4730,9.41966666666667,5.60324804883126,-3.81641861783541
4731,8.7845,5.59908314665631,-3.18541685334369
4732,8.11583333333333,5.59527706600562,-2.52055626732771
4733,7.45591666666667,5.59189978222795,-1.86401688443872
4734,6.86308333333333,5.58900016285952,-1.27408317047381
4735,6.29575,5.58660596762394,-0.709144032376058
4736,5.91258333333333,5.58472384843228,-0.327859484901054
4737,5.59758333333333,5.583339349383,-0.0142439839503261
4738,5.37108333333333,5.58241690676203,0.211333573428702
4739,5.17108333333333,5.5818998490427,0.410816515709366
4740,5.00591666666667,5.58171039688576,0.575793730219091
4741,4.92225,5.58174966313942,0.659499663139417
4742,4.99275,5.58189765283928,0.589147652839282
4743,4.75666666666667,5.5820132632084,0.825346596541729
4744,4.81275,5.58193428365724,0.769184283657242
4745,5.39608333333333,5.58147739578371,0.185394062450381
4746,5.93333333333333,5.58043817337313,-0.352895159960198
4747,6.39758333333333,5.57859108239826,-0.818992250935072
4748,6.47241666666667,5.57570495516642,-0.896711711500247
4749,6.38741666666667,5.5725579342499,-0.814858732416774
4750,6.73975,5.56972604865563,-1.17002395134437
4751,7.03425,5.56723425881109,-1.46701574118891
4752,7.15291666666667,5.56510060280833,-1.58781606385833
4753,7.29458333333333,5.56333619640403,-1.7312471369293
4754,7.54491666666667,5.56194523301945,-1.98297143364722
4755,7.538,5.56092498374046,-1.97707501625954
4756,7.27783333333333,5.56026579731753,-1.7175675360158
4757,6.82066666666667,5.55995110016575,-1.26071556650092
4758,6.35416666666667,5.5599573963648,-0.794209270301871
4759,5.97658333333333,5.56025426765896,-0.416329065674373
4760,5.60541666666667,5.56080437345711,-0.044612293209557
4761,5.28733333333333,5.56156345083276,0.274230117499428
4762,5.01308333333333,5.56248031452399,0.549396981190656
4763,4.77991666666667,5.56349685693349,0.78358019026682
4764,4.62516666666667,5.56454804812857,0.939381381461903
4765,4.56225,5.56556193584114,1.00331193584114
4766,4.74125,5.56645964546769,0.825209645467686
4767,4.98508333333333,5.56715538006933,0.582072046735999
4768,5.16758333333333,5.56755642037178,0.39997308703845
4769,5.47041666666667,5.56756312476535,0.0971464580986821
4770,6.02033333333333,5.56706892930496,-0.453264404028367
4771,6.6495,5.56596034771013,-1.08353965228987
4772,7.277,5.56411697136499,-1.71288302863501
4773,7.89208333333333,5.56141146931825,-2.33067186401508
4774,8.3775,5.55770958828326,-2.81979041171674
4775,8.82941666666667,5.55287015263794,-3.27654651402873
4776,9.13333333333333,5.54674506442483,-3.5865882689085
4777,9.124,5.53931300885812,-3.58468699114188
4778,8.95283333333333,5.53281977893114,-3.42001355440219
4779,8.49025,5.52792551682822,-2.96232448317178
4780,7.81858333333334,5.52438863243997,-2.29419470089337
4781,7.06741666666667,5.52198211246011,-1.54543455420656
4782,6.3565,5.52049352038555,-0.836006479614452
4783,5.74708333333333,5.51972499651634,-0.227358336816989
4784,5.21616666666667,5.5194932579557,0.30332659128903
4785,4.833,5.51962959860999,0.686629598609994
4786,4.5085,5.51997988918875,1.01147988918875
4787,4.26558333333333,5.52040457720465,1.25482124387132
4788,4.07008333333333,5.52077868697353,1.45069535364019
4789,3.95816666666667,5.52099181961438,1.56282515294771
4790,3.94925,5.52094815304936,1.57169815304936
4791,4.08966666666667,5.52056644200378,1.43089977533711
4792,4.249,5.51978001800611,1.27078001800611
4793,4.88358333333333,5.51853678938795,0.634953456054618
4794,5.54566666666667,5.51679924128409,-0.0288674253825798
4795,6.23816666666667,5.51454443563247,-0.723622231034203
4796,6.9915,5.51176401117417,-1.47973598882583
4797,7.64283333333333,5.50846418345344,-2.13436914987989
4798,8.14141666666667,5.50466574481769,-2.63675092184898
4799,8.51616666666667,5.50040406441747,-3.0157626022492
4800,8.72333333333333,5.4957290882065,-3.22760424512683
4801,8.78358333333333,5.49070533894166,-3.29287799439167
4802,8.7995,5.48541191618298,-3.31408808381702
4803,8.489,5.47994249629364,-3.00905750370636
4804,7.8535,5.47470031699128,-2.37879968300872
4805,7.09983333333333,5.47141926508231,-1.62841406825102
4806,6.29383333333333,5.46997616397413,-0.823857169359203
4807,5.59608333333333,5.46993816125343,-0.126145172079895
4808,5.03058333333333,5.47090832952153,0.440324996188197
4809,4.57025,5.47252566639426,0.902275666394265
4810,4.24558333333333,5.47446509450208,1.22888176116875
4811,3.9635,5.47643746148997,1.51293746148997
4812,3.72483333333333,5.47818954001751,1.75335620668418
4813,3.63733333333333,5.47950402775884,1.84217069442551
4814,3.74233333333333,5.48019954740268,1.73786621406935
4815,4.0905,5.48013064665232,1.38963064665232
4816,4.52816666666667,5.4791877982256,0.951021131558929
4817,5.04766666666667,5.47729739985496,0.429630733188287
4818,5.72666666666667,5.47442177428739,-0.252244892379281
4819,6.44025,5.47055916928446,-0.969690830715536
4820,7.03641666666667,5.46574375762232,-1.57067290904435
4821,7.50275,5.46004563709167,-2.04270436290833
4822,7.93791666666667,5.45357083049779,-2.48434583616888
4823,8.23866666666667,5.44646128566053,-2.79220538100614
4824,8.53358333333333,5.43889487541432,-3.09468845791901
4825,8.65708333333333,5.43108539760816,-3.22599793572518
4826,8.81941666666667,5.42328257510559,-3.39613409156108
4827,8.40858333333333,5.41577205578477,-2.99281127754856
4828,7.72316666666667,5.4088754125384,-2.31429125412827
4829,6.91375,5.40295014327375,-1.51079985672625
4830,6.19116666666667,5.39838967091267,-0.792776995754003
4831,5.52508333333333,5.39562223168132,-0.129461101652008
4832,4.92425,5.39464519525379,0.470395195253793
4833,4.44,5.39501617370612,0.955016173706123
4834,4.09408333333333,5.39632043013642,1.30223709680309
4835,3.857,5.39818480715341,1.54118480715341
4836,3.59375,5.40027772687641,1.80652772687641
4837,3.50533333333333,5.40230919093534,1.89697585760201
4838,3.52333333333333,5.40403078047075,1.88069744713742
4839,3.83216666666667,5.40523565613378,1.57306898946711
4840,4.25908333333333,5.40575855808617,1.14667522475284
4841,4.78016666666667,5.40547580600027,0.625309139333605
4842,5.47066666666667,5.40430529905907,-0.0663613676076036
4843,6.20675,5.40220651595611,-0.804543484043894
4844,6.91725,5.39918051489557,-1.51806948510443
4845,7.52716666666667,5.39526993359224,-2.13189673307443
4846,8.1305,5.39055898927151,-2.73994101072849
4847,8.4045,5.38517347866936,-3.01932652133064
4848,8.29558333333333,5.3792807780324,-2.91630255530093
4849,8.39391666666667,5.37308984311783,-3.02082682354884
4850,8.13408333333333,5.36685120919348,-2.76723212413985
4851,7.54108333333333,5.36085699103775,-2.18022634229558
4852,7.02216666666667,5.35544088293968,-1.66672578372699
4853,6.33675,5.3509781586989,-0.985771841301099
4854,5.63675,5.34788567162565,-0.28886432837435
4855,5.03541666666667,5.3465998572466,0.311183190579935
4856,4.57266666666667,5.34696709186539,0.774300425198716
4857,4.16666666666667,5.34858370853651,1.18191704186984
4858,3.90058333333333,5.35115861997135,1.45057528663802
4859,3.59716666666667,5.35442459260545,1.75725792593878
4860,3.05083333333333,5.35813824659854,2.30730491326521
4861,2.35333333333333,5.36208005583449,3.00874672250116
4862,1.80091666666667,5.36605434792136,3.56513768125469
4863,1.48583333333333,5.36988930419137,3.88405597085804
4864,1.1335,5.37343695970092,4.23993695970092
4865,1.24725,5.37657320323056,4.12932320323056
4866,1.93183333333333,5.37919777728501,3.44736444395168
4867,2.79666666666667,5.38123427809319,2.58456761142652
4868,3.74075,5.38263015560814,1.64188015560814
4869,4.30875,5.38335671350712,1.07460671350712
4870,4.92858333333333,5.38340910919151,0.454825775858179
4871,5.58325,5.38280635378689,-0.200443646213105
4872,6.01783333333333,5.38159131214301,-0.636242021190317
4873,6.34841666666667,5.37983070283377,-0.968585963832896
4874,6.54975,5.37761509815725,-1.17213490184275
4875,6.40375,5.3750589241357,-1.0286910758643
4876,5.985,5.37230046051553,-0.612699539484468
4877,5.4595,5.36950184076733,-0.0899981592326711
4878,4.89683333333333,5.36684905208585,0.470015718752517
4879,4.2695,5.36455193539001,1.09505193539001
4880,3.78625,5.3628441853229,1.5765941853229
4881,3.465,5.36198335025178,1.89698335025178
4882,3.1955,5.36225083226808,2.16675083226808
4883,2.97408333333333,5.3639518871874,2.38986855385407
4884,2.83608333333333,5.36609091148267,2.53000757814934
4885,2.7145,5.36684779340681,2.65234779340681
4886,2.81766666666667,5.36645115305156,2.54878448638489
4887,3.15891666666667,5.36513982768932,2.20622316102265
4888,3.69841666666667,5.36313533753403,1.66471867086736
4889,4.403,5.36064188574113,0.957641885741134
4890,5.13925,5.35784635840763,0.218596358407628
4891,5.92666666666667,5.35491832457203,-0.571748342094644
4892,6.62441666666667,5.35201003621438,-1.27240663045229
4893,7.1415,5.34925642825626,-1.79224357174374
4894,7.52625,5.34677511856077,-2.17947488143923
4895,7.68433333333333,5.34466640793256,-2.33966692540077
4896,8.03033333333333,5.34301328011778,-2.68732005321555
4897,8.32333333333333,5.34188140180413,-2.9814519315292
4898,8.25291666666667,5.34131912262083,-2.91159754404584
4899,7.8475,5.34135747513864,-2.50614252486136
4900,7.12858333333333,5.34201017486983,-1.7865731584635
4901,6.33933333333333,5.34327362026823,-0.996059713065097
4902,5.55108333333333,5.34512689272917,-0.205956440604155
4903,5.03325,5.34753175658953,0.314281756589531
4904,4.6585,5.3504326591277,0.691932659127702
4905,4.40875,5.35375673056362,0.94500673056362
4906,4.31191666666667,5.35741378405874,1.04549711739207
4907,4.25933333333333,5.36129631571606,1.10196298238273
4908,4.24216666666667,5.36527950458009,1.12311283791342
4909,4.28616666666667,5.36922121263689,1.08305454597022
4910,4.41525,5.37296198481402,0.957711984814024
4911,4.5055,5.37632504898061,0.870825048980608
4912,4.77708333333333,5.37911631594727,0.602032982613944
4913,5.12808333333333,5.38112437946619,0.253041046132862
4914,5.61258333333333,5.38214477748537,-0.230438555847964
4915,6.11066666666667,5.38253319895814,-0.728133467708532
4916,6.37316666666667,5.38259509431062,-0.990571572356049
4917,6.55316666666667,5.38246544568575,-1.17070122098092
4918,6.72241666666667,5.38226576698692,-1.34015089967975
4919,6.81175,5.38210410387795,-1.42964589612205
4920,6.55641666666667,5.3820750337831,-1.17434163288357
4921,6.34491666666667,5.38225966588709,-0.962657000779584
4922,6.04658333333333,5.38272564113505,-0.663857692198278
4923,5.5845,5.38352713223259,-0.200972867767409
4924,5.162,5.38470484364574,0.222704843645738
4925,4.80941666666667,5.38628601160097,0.576869344934297
4926,4.5645,5.3882844040852,0.823784404085197
4927,4.36783333333333,5.39070032084578,1.02286698751245
4928,4.31441666666667,5.39352059339053,1.07910392672386
4929,4.271,5.39671858498767,1.12571858498767
4930,4.22158333333333,5.40025419066591,1.17867085733258
4931,4.24716666666667,5.40407383721435,1.15690717054768
4932,4.18883333333333,5.40811048318257,1.21927714984924
4933,4.19975,5.41228361888058,1.21253361888058
4934,4.20975,5.41649926637882,1.20674926637882
4935,4.362,5.4206499795082,1.0586499795082
4936,4.62833333333333,5.42461484386005,0.796281510526719
4937,4.79508333333333,5.42825947678614,0.633176143452809
4938,5.25683333333333,5.43143602739869,0.174602694065362
4939,5.82908333333333,5.43398317657037,-0.395100156762963
4940,6.40775,5.43572613693427,-0.972023863065735
4941,6.984,5.43647665288393,-1.54752334711607
4942,7.18466666666667,5.43603300057335,-1.74863366609332
4943,7.179,5.43419858879973,-1.74480141120027
4944,7.13016666666667,5.43248157678351,-1.69768508988316
4945,7.01175,5.4317929859956,-1.5799570140044
4946,6.95833333333333,5.43192319356456,-1.52641013976877
4947,6.68308333333333,5.43267800647281,-1.25040532686052
4948,6.18141666666667,5.43387866155672,-0.747538005109951
4949,5.58716666666667,5.43536182550655,-0.151804841160117
4950,4.97475,5.4369795948665,0.462229594866498
4951,4.40766666666667,5.43859949603465,1.03093282936798
4952,4.21225,5.44010448526301,1.22785448526301
4953,3.99616666666667,5.44139294865752,1.44522628199085
4954,3.91191666666667,5.44237870217799,1.53046203551132
4955,4.00791666666667,5.44299099163819,1.43507432497152
4956,4.02091666666667,5.44317449270577,1.4222578260391
4957,4.12141666666667,5.44288931090231,1.32147264423564
4958,4.3375,5.44211098160329,1.10461098160329
4959,4.55666666666667,5.44083047003813,0.884163803371456
4960,4.92741666666667,5.43905417129012,0.511637504623446
4961,5.40741666666667,5.4368039102965,0.0293872436298264
4962,6.05766666666667,5.4341169418484,-0.623549724818267
4963,6.55216666666667,5.43104595059089,-1.12112071607578
4964,6.67308333333333,5.42765905102292,-1.24542428231041
4965,6.93533333333333,5.42403978749738,-1.51129354583595
4966,7.23158333333333,5.42028713422106,-1.81129619911227
4967,7.41608333333333,5.41651549525467,-1.99956783807866
4968,7.57708333333333,5.41285470451281,-2.16422862882052
4969,7.59883333333333,5.40945002576403,-2.1893833075693
4970,7.42641666666667,5.40646215263077,-2.0199545140359
4971,6.98091666666667,5.40406720858939,-1.57684945807728
4972,6.4765,5.40245674697015,-1.07404325302985
4973,5.93183333333333,5.40183775095724,-0.529995582376088
4974,5.47025,5.40243263358876,-0.0678173664112354
4975,5.07633333333333,5.40418825510266,0.327854921769326
4976,4.77891666666667,5.40659198585344,0.627675319186769
4977,4.58075,5.40948053197469,0.828730531974687
4978,4.45433333333333,5.41271276566546,0.958379432332134
4979,4.30108333333333,5.41616051731846,1.11507718398513
4980,4.33516666666667,5.41970857552001,1.08454190885334
4981,4.38933333333333,5.42325468705004,1.03392135371671
4982,4.53675,5.42670955688216,0.889959556882156
4983,4.79716666666667,5.42999684818355,0.632830181516878
4984,5.01758333333333,5.43305318231506,0.415469848981732
4985,5.45733333333333,5.43582813883116,-0.0215051945021685
4986,6.02066666666667,5.43828425547994,-0.582382411186726
4987,6.44341666666667,5.44039702820313,-1.00301963846354
4988,6.75833333333333,5.44215491113608,-1.31617842219725
4989,6.98116666666667,5.44355931660778,-1.53760735005889
4990,7.0675,5.44462461514083,-1.62287538485917
4991,7.1485,5.44537813545147,-1.70312186454853
4992,7.34883333333333,5.44586016444958,-1.90297316888375
4993,7.09316666666667,5.44612394723866,-1.64704271942801
4994,6.73733333333333,5.44623568711583,-1.2910976462175
4995,6.439,5.44627454557185,-0.992725454428153
4996,5.97466666666667,5.4463326422911,-0.52833402437557
4997,5.5885,5.4465150551516,-0.141984944848395
4998,5.27708333333333,5.446939820225,0.169856486891673
4999,5.05691666666667,5.44773793177657,0.390821265109899
5000,4.96633333333333,5.4490533422652,0.482720008931873
5001,4.91108333333333,5.45104296234344,0.539959629010108
5002,4.83816666666667,5.45387666085743,0.615709994190764
5003,4.73775,5.45709304545116,0.71934304545116
5004,4.66008333333333,5.45960868404909,0.799525350715759
5005,4.68833333333333,5.46150655186549,0.773173218532163
5006,4.79541666666667,5.46289272542535,0.667476058758683
5007,5.15783333333333,5.46386646300869,0.306033129675357
5008,5.66091666666667,5.46452020465055,-0.196396462016119
5009,6.24041666666667,5.46493957214104,-0.775477094525634
5010,6.74875,5.46520336902527,-1.28354663097473
5011,7.24958333333333,5.46538358060342,-1.78419975272991
5012,7.64075,5.4655453739307,-2.1752046260693
5013,8.04483333333333,5.46574709781733,-2.579086235516
5014,8.3195,5.4660402828286,-2.8534597171714
5015,8.45866666666667,5.46646964128482,-2.99219702538185
5016,8.49008333333333,5.46707306726134,-3.02301026607199
5017,8.30516666666667,5.46788163658855,-2.83728503007812
5018,7.79375,5.46891960685188,-2.32483039314812
5019,7.19625,5.47020441739178,-1.72604558260822
5020,6.52366666666667,5.47174668930375,-1.05191997736292
5021,5.91491666666667,5.47355022543834,-0.44136644122833
5022,5.47066666666667,5.47561201040111,0.00494534373443845
5023,5.13366666666667,5.47792221055267,0.344255543885999
5024,4.90891666666667,5.48046417400867,0.571547507341998
5025,4.79191666666667,5.48321443063979,0.691297763973119
5026,4.71625,5.48614269207175,0.769892692071751
5027,4.6775,5.48921185168531,0.811711851685314
5028,4.66791666666667,5.49237798461627,0.824461317949599
5029,4.91833333333333,5.49559034775545,0.577257014422121
5030,4.98508333333333,5.49879137974872,0.513708046415394
5031,4.77358333333333,5.50130575774795,0.727722424414619
5032,3.83033333333333,5.50205726246641,1.67172392913308
5033,2.3245,5.50133567324265,3.17683567324265
5034,1.914,5.49944557250713,3.58544557250713
5035,1.69566666666667,5.49666865515496,3.80100198848829
5036,1.96475,5.49326372854582,3.52851372854582
5037,2.449,5.48946671250402,3.04046671250402
5038,3.20891666666667,5.48549063931846,2.27657397265179
5039,3.657,5.48152565374266,1.82452565374266
5040,4.45908333333333,5.47773901299473,1.0186556796614
5041,5.16941666666667,5.4742750867574,0.30485842009073
5042,5.5155,5.47125535717801,-0.0442446428219885
5043,5.31883333333333,5.4687784188685,0.149945085535167
5044,4.97716666666667,5.46691997890541,0.489753312238736
5045,4.64208333333333,5.46573285682989,0.823649523496559
5046,4.33583333333333,5.46524698464771,1.12941365131438
5047,4.08116666666667,5.46546940682922,1.38430274016255
5048,4.03958333333333,5.46638428030941,1.42680094697608
5049,4.00333333333333,5.46795287448785,1.46461954115452
5050,4.05258333333333,5.47011357122873,1.4175302378954
5051,4.0745,5.47278186486083,1.39828186486083
5052,3.94141666666667,5.47585036217756,1.53443369551089
5053,3.68341666666667,5.47918878243693,1.79577211577026
5054,3.70016666666667,5.48264395736153,1.78247729069486
5055,3.82116666666667,5.4860398311386,1.66487316447193
5056,4.16583333333333,5.48917746041995,1.32334412708662
5057,4.34866666666667,5.4918061742627,1.14313950759603
5058,4.62616666666667,5.49348668381133,0.867320017144656
5059,5.04375,5.49428049522483,0.450530495224827
5060,5.19841666666667,5.49436148656329,0.295944819896619
5061,5.23266666666667,5.49389039129701,0.26122372463034
5062,5.3645,5.49301479830651,0.128514798306509
5063,5.50541666666667,5.49186915188251,-0.0135475147841548
5064,5.69441666666667,5.49057475172598,-0.203841914940688
5065,5.94733333333333,5.48923975294807,-0.458093580385256
5066,6.02125,5.48795916607017,-0.533290833929826
5067,5.66683333333333,5.48681485702388,-0.180018476309447
5068,5.08375,5.48587554715102,0.402125547151016
5069,4.57725,5.48519681320361,0.907946813203606
5070,4.24075,5.4848210873439,1.2440710873439
5071,3.99641666666667,5.48477765714437,1.4883609904777
5072,3.85141666666667,5.4850826655877,1.63366599892103
5073,3.7565,5.48573911106677,1.72923911106677
5074,3.68525,5.48673684738472,1.80148684738472
5075,3.5915,5.48805258375487,1.89655258375487
5076,3.51866666666667,5.48964988480077,1.9709832181341
5077,3.49316666666667,5.49147917055619,1.99831250388952
5078,3.58758333333333,5.49347771646511,1.90589438313178
5079,3.99008333333333,5.49556965338173,1.5054863200484
5080,4.34808333333333,5.49766596757046,1.14958263423713
5081,4.88541666666667,5.49966450070594,0.614247834039268
5082,5.42525,5.50144994987301,0.0761999498730077
5083,5.912,5.50289386756674,-0.409106132433262
5084,6.38983333333333,5.50385466169241,-0.88597867164092
5085,6.6555,5.50417759556552,-1.15132240443448
5086,6.96883333333333,5.50369478791179,-1.46513854542154
5087,7.08641666666667,5.50222521286714,-1.58419145379953
5088,7.177,5.49957469997773,-1.67742530002227
5089,7.16841666666667,5.49553593419992,-1.67288073246675
5090,6.92016666666667,5.49046328006378,-1.42970338660289
5091,6.39583333333333,5.48723257151001,-0.908600761823315
5092,5.741,5.48591587875583,-0.255084121244171
5093,5.13575,5.4861177398888,0.3503677398888
5094,4.67825,5.48747363347794,0.809223633477937
5095,4.30466666666667,5.48964997857368,1.18498331190701
5096,4.023,5.49234413470788,1.46934413470789
5097,3.8985,5.49528440189386,1.59678440189386
5098,3.80658333333333,5.49823002062632,1.69164668729299
5099,3.76216666666667,5.50097117188143,1.73880450521476
5100,3.87441666666667,5.50332897711677,1.6289123104501
5101,3.96183333333333,5.50515549827136,1.54332216493803
5102,4.18541666666667,5.50633373776563,1.32091707109896
5103,4.46158333333333,5.50677763850148,1.04519430516815
5104,4.97075,5.50643208386218,0.535682083862183
5105,5.4755,5.50527289771249,0.0297728977124896
5106,5.96733333333333,5.50330684439856,-0.46402648893477
5107,6.39983333333333,5.50057162874799,-0.899261704585344
5108,6.83391666666667,5.49713589606979,-1.33678077059688
5109,7.22016666666667,5.49309923215442,-1.72706743451225
5110,7.59958333333333,5.48859216327376,-2.11099117005957
5111,7.8025,5.48377615618112,-2.31872384381888
5112,7.95875,5.47884361811124,-2.47990638188876
5113,7.82741666666667,5.4740178967803,-2.35339876988637
5114,7.46416666666667,5.46955328038588,-1.99461338628079
5115,6.9145,5.46573499760702,-1.44876500239298
5116,6.28233333333333,5.46287921760418,-0.819454115729149
5117,5.65925,5.46133305001925,-0.197916949980752
5118,5.14183333333333,5.46147454497554,0.31964121164221
5119,4.80041666666667,5.46347245972702,0.663055793060346
5120,4.51316666666667,5.46651433419375,0.953347667527082
5121,4.31291666666667,5.47028165808289,1.15736499141622
5122,4.12508333333333,5.47455444547548,1.34947111214215
5123,4.03991666666667,5.47913173664928,1.43921506998261
5124,4.00941666666667,5.48383159807877,1.4744149314121
5125,4.11658333333333,5.48849112243516,1.37190778910183
5126,4.321,5.49296642858637,1.17196642858637
5127,4.65358333333333,5.49713266159704,0.843549328263713
5128,4.99583333333333,5.50088399272854,0.505050659395211
5129,5.51966666666667,5.50413361943895,-0.0155330472277218
5130,6.11716666666667,5.50681376538307,-0.610352901283605
5131,6.71491666666667,5.50887568041242,-1.20604098625425
5132,7.17816666666667,5.51028964057524,-1.66787702609143
5133,7.51358333333333,5.5110449481165,-2.00253838521683
5134,7.72858333333333,5.51114993147787,-2.21743340185546
5135,7.89316666666667,5.51063194529776,-2.38253472136891
5136,8.03308333333334,5.50953737041129,-2.52354596292205
5137,7.91,5.5079316138503,-2.4020683861497
5138,7.56691666666667,5.50589910884335,-2.06101755782332
5139,7.15725,5.50354331481571,-1.65370668518429
5140,6.57741666666667,5.5009867173894,-1.07642994927727
5141,6.04158333333333,5.49837082838312,-0.543212504950212
5142,5.52916666666667,5.49585618581232,-0.0333104808543521
5143,5.19166666666667,5.49362235388915,0.301955687222484
5144,4.968,5.4918679230225,0.523867923022505
5145,4.7695,5.49081050981797,0.721310509817969
5146,4.681,5.49068675707787,0.809686757077866
5147,4.59216666666667,5.49175233380123,0.899585667134564
5148,4.5565,5.49338874545026,0.936888745450257
5149,4.62058333333334,5.49330450461286,0.872721171279516
5150,4.80025,5.49158916998949,0.691339169989488
5151,5.12875,5.48847867733839,0.359728677338386
5152,5.49266666666667,5.48419606464295,-0.00847060202371974
5153,5.92825,5.47895147211174,-0.449298527888262
5154,6.42283333333333,5.47294214217847,-0.949891191154858
5155,6.92025,5.46635241950203,-1.45389758049797
5156,7.36666666666667,5.45935375096646,-1.90731291570021
5157,7.69933333333333,5.45210468568096,-2.24722864765237
5158,8.05908333333333,5.44475087497991,-2.61433245835342
5159,8.33208333333333,5.43742507242282,-2.89465826091051
5160,8.34666666666667,5.43024713379439,-2.91641953287228
5161,8.21341666666667,5.42332401710447,-2.7900926495622
5162,7.83075,5.41674978258807,-2.41400021741193
5163,7.28325,5.41060559270537,-1.87264440729463
5164,6.61725,5.40495971214169,-1.21229028785831
5165,5.94408333333333,5.39986750780754,-0.544215825525794
5166,5.47483333333333,5.39537144883857,-0.079461884494763
5167,5.0525,5.3915011065956,0.339001106595602
5168,4.79,5.38827315466462,0.59827315466462
5169,4.66191666666667,5.38569136885677,0.723774702190095
5170,4.51275,5.38374662720834,0.870996627208339
5171,4.45366666666667,5.38241690998081,0.928750243314139
5172,4.4175,5.3816672996608,0.9641672996608
5173,4.45275,5.3814499809601,0.928699980960102
5174,4.55933333333333,5.38170424081566,0.822370907482332
5175,4.83208333333333,5.38235646838959,0.550273135056265
5176,5.21125,5.38332015506917,0.17207015506917
5177,5.68941666666667,5.38449589446682,-0.304920772199848
5178,6.2355,5.38577138242015,-0.849728617579853
5179,6.76516666666667,5.3870214169919,-1.37814524967477
5180,7.21016666666667,5.38810789847,-1.82205876819667
5181,7.55816666666667,5.38887982936754,-2.16928683729913
5182,7.83166666666667,5.38917331442274,-2.44249335224393
5183,7.9475,5.38881156059901,-2.55868843940099
5184,8.72222222222222,5.38760487708492,-3.3346173451373
5185,8.782,5.38535067529419,-3.39664932470581
5186,8.59766666666667,5.38183346886571,-3.21583319780096
5187,8.12783333333333,5.37682487366353,-2.7510084596698
5188,7.47416666666667,5.37127183532756,-2.10289483133911
5189,6.80708333333333,5.36705995348675,-1.44002337984658
5190,6.26166666666667,5.36399899791025,-0.897667668756422
5191,5.83433333333333,5.36187164122768,-0.472461692105648
5192,5.51491666666667,5.36047609431169,-0.154440572354978
5193,5.31183333333333,5.35962610627796,0.0477927729446259
5194,5.10758333333333,5.35915096448518,0.25156763115185
5195,4.94266666666667,5.3588954945351,0.41622882786843
5196,4.84633333333333,5.35872006027248,0.512386726939154
5197,4.84433333333333,5.35850056378513,0.514167230451801
5198,4.78633333333333,5.35812844540387,0.571795112070536
5199,5.07325,5.35751068370255,0.284260683702549
5200,5.34825,5.35656979549807,0.00831979549806849
5201,5.86791666666667,5.35524383585034,-0.512672830816325
5202,6.12741666666667,5.35348639806232,-0.773930268604345
5203,6.68008333333333,5.35126661367999,-1.32881671965334
5204,7.37233333333333,5.34856915249235,-2.02376418084098
5205,7.77966666666667,5.34539422253145,-2.43427244413522
5206,8.19741666666667,5.34175757007235,-2.85565909659432
5207,8.42775,5.33769047963316,-3.09005952036684
5208,8.45225,5.33323977397502,-3.11901022602498
5209,8.51558333333333,5.32846781410207,-3.18711551923126
5210,8.27358333333333,5.32345249926152,-2.95013083407181
5211,7.71391666666667,5.31828726694359,-2.39562939972308
5212,7.115,5.31308109288153,-1.80191890711848
5213,6.47775,5.30795849105162,-1.16979150894838
5214,5.99291666666667,5.30305951367318,-0.68985715299349
5215,5.46891666666667,5.29853975120855,-0.170376915458116
5216,5.122,5.29457033236312,0.172570332363118
5217,4.9575,5.29133792408527,0.333837924085274
5218,4.73183333333333,5.28904473156646,0.557211398233129
5219,4.67858333333333,5.28790849824114,0.609325164907808
5220,4.6195,5.28758108493301,0.668081084933007
5221,4.68283333333333,5.28718672567027,0.604353392336942
5222,4.75358333333333,5.28672956043398,0.533146227100651
5223,4.88416666666667,5.28622795208144,0.402061285414772
5224,5.22358333333333,5.28569866494728,0.0621153316139527
5225,5.43141666666667,5.28515686484345,-0.14625980182322
5226,5.601,5.2846161190592,-0.316383880940796
5227,5.63308333333333,5.28408839636113,-0.348994936972203
5228,5.72958333333333,5.28358406699311,-0.445999266340216
5229,6.19625,5.28311190267638,-0.913138097323621
5230,6.76308333333333,5.28267907660946,-1.48040425672387
5231,7.32316666666667,5.28229116346819,-2.04087550319848
5232,7.62408333333333,5.28195213940576,-2.34213119392757
5233,7.58291666666667,5.28166438205263,-2.30125228461404
5234,7.25975,5.28142867051661,-1.97832132948339
5235,7.061,5.28124418538283,-1.77975581461717
5236,6.72066666666667,5.28110850871371,-1.43955815795296
5237,6.19275,5.28101762404902,-0.911732375950984
5238,5.71666666666667,5.28096591640581,-0.43570075026086
5239,5.30675,5.28094617227848,-0.0258038277215169
5240,4.99691666666667,5.28094957963874,0.28403291297207
5241,4.83625,5.28096572793561,0.444715727935606
5242,4.79591666666667,5.28098260809542,0.485065941428747
5243,4.68433333333333,5.28098661252184,0.596653279188506
5244,4.6845,5.28096253509584,0.596462535095836
5245,4.6375,5.28089357117571,0.643393571175707
5246,4.6565,5.28076131759706,0.624261317597062
5247,4.85633333333333,5.28054577267283,0.424212439339499
5248,5.16733333333333,5.28022533619325,0.112892002859918
5249,5.61966666666667,5.27977680942589,-0.339889857240784
5250,6.22983333333333,5.27917539511562,-0.950657938217712
5251,6.71383333333333,5.27772599143958,-1.43610734189375
5252,7.23608333333333,5.2748054535184,-1.96127787981493
5253,7.61633333333333,5.27083657723076,-2.34549675610257
5254,8.01591666666667,5.26620403330745,-2.74971263335922
5255,8.01375,5.26124925659367,-2.75250074340633
5256,8.23391666666667,5.25627044604907,-2.9776462206176
5257,8.16591666666667,5.25152256474771,-2.91439410191896
5258,8.048,5.2472173398781,-2.8007826601219
5259,7.64516666666667,5.24352326274315,-2.40164340392352
5260,6.95758333333333,5.24056558876022,-1.71701774457311
5261,6.33466666666667,5.2384263374611,-1.09624032920557
5262,5.801,5.23714429249199,-0.563855707508012
5263,5.377,5.23671500161353,-0.140284998386465
5264,5.10416666666667,5.2370907767008,0.132924110034135
5265,4.88425,5.2381806937433,0.353930693743296
5266,4.66158333333333,5.23985059284493,0.578267259511605
5267,4.606,5.24192307822408,0.635923078224075
5268,4.55075,5.2441775182135,0.693427518213501
5269,4.54375,5.24684020199335,0.703090201993351
5270,4.58608333333333,5.25000138711495,0.663918053781622
5271,4.76633333333333,5.25323202292522,0.486898689591887
5272,5.08441666666667,5.25617237447796,0.171755707811287
5273,5.41066666666667,5.25853205277322,-0.152134613893449
5274,6.32058333333333,5.26009001475728,-1.06049331857605
5275,6.89291666666667,5.26069456332265,-1.63222210334402
5276,7.31233333333333,5.26026334730807,-2.05206998602526
5277,7.91666666666667,5.2587833614985,-2.65788330516817
5278,8.11216666666667,5.25631094662516,-2.85585572004152
5279,8.32575,5.25297178936546,-3.07277821063454
5280,8.2875,5.24896092234307,-3.03853907765693
5281,8.13625,5.24454272412789,-2.89170727587211
5282,7.9795,5.24005091923605,-2.73944908076395
5283,7.60983333333333,5.23588857812989,-2.37394475520344
5284,6.988,5.23252811721802,-1.75547188278198
5285,6.40608333333333,5.23051129885524,-1.17557203447809
5286,5.93808333333333,5.23044715920247,-0.707636174130861
5287,5.58658333333333,5.23221499119469,-0.354368342138645
5288,5.35016666666667,5.23519216401593,-0.114974502650735
5289,5.19483333333333,5.23911043254208,0.0442770992087462
5290,5.1065,5.24372266059464,0.137222660594641
5291,4.98133333333333,5.24880282094084,0.267469487607507
5292,4.94891666666667,5.25414599529355,0.305229328626879
5293,4.91016666666667,5.25956837431133,0.349401707644665
5294,4.95191666666667,5.26490725759842,0.312990590931754
5295,5.12366666666667,5.27002105370473,0.146354387038058
5296,5.29591666666667,5.27478928012583,-0.0211273865408419
5297,5.60958333333333,5.27911256330298,-0.330470770030347
5298,6.21058333333333,5.28291263862312,-0.927670694710207
5299,6.70483333333333,5.28613235041886,-1.41870098291447
5300,7.32033333333333,5.28873565196847,-2.03159768136486
5301,7.63275,5.29070760549592,-2.34204239450408
5302,8.02608333333333,5.29205438217083,-2.7340289511625
5303,8.36108333333333,5.29280326210852,-3.06828007122481
5304,8.37075,5.29300263436997,-3.07774736563003
5305,8.39466666666667,5.29272199696183,-3.10194466970484
5306,8.29983333333333,5.29205195683643,-3.0077813764969
5307,7.86325,5.2911042298918,-2.5721457701082
5308,7.25808333333333,5.2900116409716,-1.96807169236173
5309,6.63358333333333,5.28892812386519,-1.34465520946814
5310,6.10533333333333,5.28802872130762,-0.817304612025714
5311,5.69291666666667,5.28750958497957,-0.405407081687097
5312,5.41841666666667,5.28758797550744,-0.130828691159225
5313,5.17666666666667,5.28850226246329,0.111835595796622
5314,4.99341666666667,5.29051192436485,0.297095257698175
5315,4.93325,5.29382633838878,0.360576338388779
5316,4.80958333333333,5.29688333201862,0.487299998685286
5317,4.8385,5.29904741865521,0.460547418655209
5318,4.77991666666667,5.30045755084655,0.520540884179876
5319,4.98083333333333,5.30124411487746,0.320410781544126
5320,5.19691666666667,5.30152893076962,0.10461226410295
5321,5.52308333333333,5.30142525228156,-0.221658081051769
5322,5.96716666666666,5.30103776690865,-0.666128899758007
5323,6.62583333333333,5.30046259588311,-1.32537073745022
5324,7.00375,5.29978729417401,-1.70396270582599
5325,7.47316666666667,5.29909085048726,-2.17407581617941
5326,7.782,5.29844368726561,-2.48355631273439
5327,7.76433333333333,5.29790766068868,-2.46642567264465
5328,7.71058333333333,5.29753606067291,-2.41304727266042
5329,7.84058333333333,5.29737361087162,-2.54320972246171
5330,7.91825,5.29745646867494,-2.62079353132506
5331,7.61591666666667,5.29781222520987,-2.3181044414568
5332,6.98125,5.29845990534025,-1.68279009465975
5333,6.38483333333333,5.29940996766677,-1.08542336566656
5334,5.91,5.30066430452696,-0.609335695473037
5335,5.55091666666667,5.30221624199521,-0.248700424671457
5336,5.24641666666667,5.30405053988275,0.0576338732160782
5337,4.97608333333333,5.30614339173764,0.330060058404314
5338,4.78766666666667,5.30846242484482,0.52079575817815
5339,4.63616666666667,5.31096670022605,0.67480003355938
5340,4.48041666666667,5.31360671263995,0.833190045973276
5341,4.38858333333333,5.31632439058197,0.927741057248643
5342,4.40391666666667,5.31905309628444,0.915136429617772
5343,4.57558333333333,5.32171762571651,0.746134292383178
5344,4.74916666666667,5.32407516461052,0.574908497943846
5345,5.394,5.32469835768197,-0.0693016423180337
5346,5.8495,5.32354123264245,-0.525958767357549
5347,6.28866666666667,5.32092574980252,-0.967740916864147
5348,6.83966666666667,5.31715162658261,-1.52251504008406
5349,7.28825,5.31249633751303,-1.97575366248697
5350,7.38041666666667,5.30721511423395,-2.07320155243272
5351,7.473,5.30154094549543,-2.17145905450456
5352,7.6945,5.29568457715742,-2.39881542284258
5353,7.75741666666667,5.28983451218971,-2.46758215447696
5354,7.53166666666667,5.28415701067199,-2.24750965599468
5355,7.15375,5.27879608979382,-1.87495391020618
5356,6.51316666666667,5.27387352385464,-1.23929314281203
5357,5.978,5.26948884426377,-0.708511155736232
5358,5.42708333333333,5.26571933954038,-0.16136399379295
5359,4.94458333333333,5.26262005531355,0.318036721980219
5360,4.5075,5.26022379432221,0.75272379432221
5361,4.25691666666667,5.25854111641518,1.00162444974851
5362,4.07291666666667,5.25756033855115,1.18464367188449
5363,3.87941666666667,5.2572475347987,1.37783086813203
5364,3.75716666666667,5.25754653633625,1.50037986966958
5365,3.87533333333333,5.25837893145213,1.3830455981188
5366,3.81141666666667,5.25964406554454,1.44822739887787
5367,4.19016666666667,5.26121904112154,1.07105237445487
5368,4.43816666666667,5.26295871780108,0.824792051134414
5369,4.79158333333333,5.26469571231099,0.473112378977661
5370,5.34033333333333,5.26624039848896,-0.0740929348443693
5371,5.85566666666667,5.26738090728257,-0.588285759384104
5372,6.28266666666667,5.26788312674926,-1.01478353991741
5373,6.75125,5.26749070205636,-1.48375929794364
5374,7.14983333333333,5.26592503548107,-1.88390829785226
5375,7.51233333333334,5.26288528641047,-2.24944804692287
5376,7.48441666666667,5.25812989446471,-2.22628677220196
5377,7.68875,5.25396737913195,-2.43478262086805
5378,7.44075,5.25133466208403,-2.18941533791597
5379,7.08666666666667,5.24991204719336,-1.83675461947331
5380,6.37225,5.24940372256962,-1.12284627743038
5381,5.6625,5.2495377605598,-0.412962239440195
5382,5.05475,5.25006611774819,0.195316117748188
5383,4.55633333333333,5.25076463495633,0.694431301622998
5384,4.05808333333333,5.25143303724307,1.19334970390974
5385,3.82541666666667,5.25189493390455,1.42647826723788
5386,3.62383333333333,5.25199781847419,1.62816448514086
5387,3.47908333333333,5.25161306872269,1.77252973538936
5388,3.48916666666667,5.25063594665804,1.76146927999137
5389,3.2695,5.24898559852554,1.97948559852554
5390,3.1595,5.24660505480774,2.08710505480774
5391,3.31341666666667,5.2434612302245,1.93004456355783
5392,3.89791666666667,5.23954492373297,1.3416282570663
5393,4.63016666666667,5.23487081852757,0.604704151860902
5394,4.92116666666667,5.22947748204002,0.308310815373353
5395,5.71883333333333,5.22342736593933,-0.495405967394002
5396,6.1995,5.21680680613177,-0.982693193868225
5397,6.66466666666667,5.20972602276094,-1.45494064390573
5398,6.96333333333333,5.20231912020769,-1.76101421312564
5399,7.41475,5.19474408709018,-2.22000591290982
5400,7.60558333333333,5.18718279626384,-2.41840053706949
5401,7.553,5.1798410048214,-2.3731589951786
5402,7.21941666666667,5.17294835409287,-2.0464683125738
5403,6.68583333333333,5.16675836964555,-1.51907496368778
5404,5.96008333333333,5.16154846128402,-0.798534872049307
5405,5.36225,5.15761992305017,-0.204630076949833
5406,4.94658333333333,5.15529793322314,0.208714599889811
5407,4.57025,5.15491063067394,0.58466063067394
5408,4.31383333333333,5.15533966708918,0.841506333755852
5409,4.19316666666667,5.15577255912909,0.962605892462419
5410,4.144,5.15620002598227,1.01220002598227
5411,4.17,5.15661345751717,0.98661345751717
5412,4.08283333333333,5.15700491428207,1.07417158094874
5413,4.13091666666667,5.15736712750508,1.02645046083841
5414,4.15108333333333,5.15769349909415,1.00661016576082
5415,4.19508333333333,5.15797810163709,0.96289476830376
5416,4.48766666666667,5.15821567840151,0.67054901173484
5417,4.74691666666667,5.15840164333488,0.411484976668207
5418,5.23858333333333,5.15853208106449,-0.080051252268837
5419,5.57708333333333,5.15860374689749,-0.418479586435836
5420,5.62608333333333,5.15861406682085,-0.467469266512479
5421,5.70991666666667,5.15856113750138,-0.551355529165294
5422,5.864,5.15844372628572,-0.705556273714284
5423,6.02883333333333,5.15826127120035,-0.870572062132978
5424,5.80191666666667,5.15801388095161,-0.643902785715063
5425,5.62158333333333,5.15770233492563,-0.463880998407696
5426,5.71533333333333,5.15732808318843,-0.558005250144901
5427,5.23416666666667,5.15689324648582,-0.07727342018085
5428,4.59841666666667,5.15640061624347,0.557983949576805
5429,4.24991666666667,5.15585365456689,0.905936987900224
5430,3.97791666666667,5.15525649424142,1.17733982757475
5431,4.0145,5.15461393873223,1.14011393873223
5432,4.15058333333333,5.15393146218433,1.003348128851
5433,4.116,5.15321520942258,1.03721520942258
5434,3.67716666666667,5.15247199595165,1.47530532928498
5435,3.33275,5.15170930795609,1.81895930795609
5436,2.94366666666667,5.15093530230023,2.20726863563356
5437,2.67641666666667,5.15015880652828,2.47374213986161
5438,2.56008333333333,5.14938931886428,2.58930598553095
5439,2.64616666666667,5.14863700821208,2.50247034154541
5440,2.76633333333333,5.14791271415541,2.38157938082208
5441,2.82491666666667,5.14722794695779,2.32231128029112
5442,3.06416666666667,5.14659488756261,2.08242822089594
5443,3.27758333333333,5.14602638759309,1.86844305425976
5444,4.0885,5.14553596935227,1.05703596935227
5445,4.38691666666667,5.14513782582306,0.758221159156387
5446,4.66491666666667,5.14484682066816,0.479930154001492
5447,4.92358333333333,5.14467848823015,0.221095154896823
5448,5.22475,5.14464903353143,-0.0801009664685726
5449,5.38525,5.14477533227422,-0.240474667725778
5450,5.40383333333333,5.14507493084061,-0.25875840249272
5451,5.33691666666667,5.1455660462925,-0.191350620374171
5452,4.97141666666667,5.14626756637164,0.174850899704966
5453,4.64375,5.1471990494996,0.503449049499602
5454,4.36208333333333,5.14838072477782,0.786297391444488
5455,4.13575,5.14983349198754,1.01408349198754
5456,3.95083333333333,5.15157892158985,1.20074558825652
5457,3.82191666666667,5.15363925472569,1.33172258805902
5458,3.81741666666667,5.15603740321582,1.33862073654915
5459,3.74225,5.15879694956085,1.41654694956085
5460,3.73041666666667,5.16194214694121,1.43152548027454
5461,3.79608333333333,5.16549791921717,1.36941458588384
5462,3.92566666666667,5.16948986092885,1.24382319426218
5463,4.07025,5.1739442372962,1.1036942372962
5464,4.37816666666667,5.17888798421901,0.800721317552338
5465,4.72983333333333,5.18434870827689,0.454515374943557
5466,5.19033333333333,5.19011195251379,-0.000221380819537487
5467,5.59283333333333,5.1945370770219,-0.398296256311428
5468,5.9345,5.197593430689,-0.736906569310999
5469,6.30133333333333,5.1996007648952,-1.10173256843813
5470,6.49558333333333,5.20085182412876,-1.29473150920457
5471,6.58691666666667,5.20161234598607,-1.3853043206806
5472,6.66916666666667,5.20212106117167,-1.467045605495
5473,6.85033333333333,5.20258969349826,-1.64774363983507
5474,6.81858333333333,5.20320295988665,-1.61538037344668
5475,6.56083333333333,5.20411857036583,-1.3567147629675
5476,6.10216666666667,5.2054672280729,-0.896699438593768
5477,5.60358333333333,5.20735262925313,-0.396230704080204
5478,5.19933333333333,5.20985146325991,0.0105181299265764
5479,4.83733333333333,5.21301341255479,0.375680079221456
5480,4.58608333333333,5.21686115270745,0.630777819374122
5481,4.40141666666667,5.22139035239574,0.819973685729068
5482,4.30616666666667,5.22656967340562,0.920403006738947
5483,4.25016666666667,5.23234077063121,0.982174103964536
5484,4.17941666666667,5.23861829207477,1.0592016254081
5485,4.12341666666667,5.24528987884671,1.12187321218004
5486,4.243,5.25221616516557,1.00921616516557
5487,4.304,5.25923077835805,0.955230778358048
5488,4.52958333333333,5.26614033885898,0.736557005525646
5489,4.93066666666667,5.27272446021133,0.342057793544662
5490,5.24508333333333,5.27873574906623,0.0336524157329032
5491,5.59858333333333,5.28389980518295,-0.314683528150383
5492,5.68458333333333,5.28791570381609,-0.396667629517244
5493,5.68533333333333,5.29094202235706,-0.394391310976272
5494,5.8235,5.29344578813954,-0.530054211860462
5495,5.87341666666667,5.2956295379067,-0.577787128759973
5496,6.03608333333333,5.2976750435695,-0.73840828976383
5497,6.14833333333333,5.2997433122067,-0.848590021126626
5498,6.23591666666667,5.30197458606486,-0.93394208060181
5499,6.09058333333333,5.30448834255831,-0.786094990775021
5500,5.82975,5.30738329426919,-0.522366705730813
5501,5.466,5.31073738894742,-0.155262611052578
5502,5.09825,5.31460780951074,0.216357809510736
5503,4.895,5.31903097404464,0.424030974044642
5504,4.57175,5.32402253580245,0.752272535802447
5505,4.34866666666667,5.32957738320525,0.98091071653858
5506,4.166,5.33566963984194,1.16966963984194
5507,4.14841666666667,5.34225266446921,1.19383599780254
5508,3.97925,5.34925905101153,1.37000905101153
5509,4.15483333333333,5.35660062856118,1.20176729522785
5510,4.33858333333333,5.36416846137821,1.02558512804488
5511,4.40325,5.37183284889049,0.968582848890488
5512,4.33633333333333,5.37944332569366,1.04310999236033
5513,3.9305,5.38682866155116,1.45632866155116
5514,3.042,5.39379686139422,2.35179686139422
5515,2.17133333333333,5.40013516532189,3.22880183198856
5516,2.35225,5.40561004860097,3.05336004860097
5517,2.48158333333333,5.40996722166607,2.92838388833274
5518,2.85825,5.41293163011961,2.55468163011961
5519,2.83175,5.41433230285155,2.58258230285155
5520,2.96066666666667,5.41461907986826,2.45395241320159
5521,3.10441666666667,5.4141448422725,2.30972817560583
5522,3.32458333333333,5.41319906118487,2.08861572785154
5523,3.52725,5.41203769640355,1.88478769640355
5524,3.61883333333333,5.41088319640425,1.79204986307092
5525,3.5125,5.40992449834023,1.89742449834023
5526,3.21808333333333,5.40931702804231,2.19123369470898
5527,3.14925,5.40918270001887,2.25993270001887
5528,3.05133333333333,5.40960991745581,2.35827658412248
5529,2.9985,5.41065357221661,2.41215357221661
5530,3.036,5.41233504484229,2.37633504484229
5531,2.98558333333333,5.41464220455142,2.42905887121809
5532,3.01891666666667,5.41752940924011,2.39861274257344
5533,2.9875,5.42091750548204,2.43341750548204
5534,2.9325,5.42469382852844,2.49219382852844
5535,3.17858333333333,5.42871220230807,2.25012886897474
5536,3.21741666666667,5.43279293942726,2.21537627276059
5537,3.40433333333333,5.43672284116988,2.03238950783655
5538,3.81741666666667,5.44025519749736,1.62283853083069
5539,4.26833333333333,5.44310978704867,1.17477645371534
5540,4.86166666666667,5.44497287714034,0.583306210473668
5541,5.28716666666667,5.44549722376644,0.158330557099774
5542,5.61258333333333,5.44430207283022,-0.168281260503108
5543,5.58675,5.44282034842665,-0.143929651573351
5544,5.49758333333333,5.44261510885002,-0.0549682244833107
5545,5.35791666666667,5.44349342187233,0.0855767552056586
5546,5.45983333333333,5.44527410663844,-0.0145592266948924
5547,5.247,5.44778773366608,0.200787733666079
5548,4.70316666666667,5.45087662484585,0.747709958179177
5549,4.16333333333333,5.45439485344121,1.29106152010788
5550,3.34283333333333,5.45820824408849,2.11537491075516
5551,2.66808333333333,5.46219437279688,2.79411103946355
5552,1.95783333333333,5.46624256694846,3.50840923361513
5553,1.96766666666667,5.47025390529815,3.50258723863148
5554,1.50041666666667,5.47414121797375,3.97372455130708
5555,1.58691666666667,5.47782908647593,3.89091241980926
5556,1.60433333333333,5.48125384367821,3.87692051034488
5557,1.89533333333333,5.48436357382699,3.58903024049366
5558,2.39066666666667,5.48711811254154,3.09645144587487
5559,3.04616666666667,5.48948904681398,2.44332238014731
5560,3.301,5.49145971500933,2.19045971500933
5561,4.1075,5.49302520686543,1.38552520686543
5562,4.714,5.49419236349303,0.780192363493029
5563,5.03058333333333,5.49497977737572,0.46439644404239
5564,5.46375,5.49541779236997,0.0316677923699693
5565,6.02475,5.49554850370511,-0.529201496294891
5566,6.40641666666667,5.49542575798334,-0.910990908683333
5567,6.6515,5.49511515317972,-1.15638484682028
5568,6.73025,5.49469403864219,-1.23555596135781
5569,6.88116666666667,5.49425151509155,-1.38691515157512
5570,6.58691666666667,5.49388843462146,-1.09302823204521
5571,6.47691666666667,5.49371740069846,-0.983199265968207
5572,6.15391666666667,5.49386276816195,-0.660053898504721
5573,5.61041666666667,5.49446064322419,-0.115956023442481
5574,5.04175,5.49570926504413,0.45395926504413
5575,4.53225,5.49786479903482,0.965614799034824
5576,4.24016666666667,5.50080159001843,1.26063492335176
5577,3.86216666666667,5.50436465194907,1.6421979852824
5578,3.64558333333333,5.50840971858624,1.86282638525291
5579,3.538,5.51280324349479,1.9748032434948
5580,3.76583333333333,5.51742240004496,1.75158906671163
5581,3.7955,5.52215508141234,1.72665508141234
5582,3.99508333333333,5.52689990057786,1.53181656724453
5583,4.37416666666667,5.53156619032786,1.15739952366119
5584,4.42533333333333,5.53607400325401,1.11074066992068
5585,4.99116666666667,5.54035411175337,0.549187445086703
5586,5.43,5.54434800802836,0.114348008028355
5587,5.72616666666667,5.54800790408674,-0.178158762579932
5588,5.9405,5.55129673174167,-0.389203268258335
5589,6.493,5.55418814261165,-0.938811857388352
5590,6.5195,5.55666650812056,-0.962833491879438
5591,6.85591666666667,5.55872691949765,-1.29718974716902
5592,7.05425,5.56037518777751,-1.49387481222249
5593,7.26908333333333,5.56162784380011,-1.70745548953322
5594,6.98408333333333,5.5625121382108,-1.42157119512253
5595,6.82025,5.56306604146027,-1.25718395853973
5596,6.51991666666667,5.5633382438046,-0.956578422862074
5597,5.91883333333333,5.5633881553052,-0.35544517802813
5598,5.43816666666667,5.56328590582888,0.12511923916221
5599,4.95883333333333,5.5631123450478,0.60427901171447
5600,4.55708333333333,5.56295904243949,1.00587570910616
5601,4.13916666666667,5.56292828728683,1.42376162062016
5602,4.16541666666667,5.56313308867809,1.39771642201142
5603,4.12516666666667,5.56369717550689,1.43853050884022
5604,3.85816666666667,5.56475499647221,1.70658832980554
5605,3.85191666666667,5.56645172007841,1.71453505341174
5606,4.13716666666667,5.5689432346352,1.43177656796853
5607,4.16058333333333,5.57116071386221,1.41057738052888
5608,4.53241666666667,5.57157548506372,1.03915881839705
5609,4.8295,5.57048566454185,0.74098566454185
5610,5.29983333333333,5.56818397551928,0.268350642185949
5611,5.587,5.56494249446172,-0.0220575055382835
5612,5.74925,5.56101265107789,-0.188237348922109
5613,6.06175,5.55662522831956,-0.505124771680441
5614,6.20158333333333,5.5519903623815,-0.649592970951832
5615,6.60741666666667,5.54729754270151,-1.06011912396516
5616,6.74941666666667,5.54271561196042,-1.20670105470625
5617,7.09416666666667,5.53839276608207,-1.5557739005846
5618,6.89441666666667,5.53445655423334,-1.35996011243333
5619,6.88591666666667,5.53101387882413,-1.35490278784254
5620,6.44133333333333,5.52815099550734,-0.913182337825988
5621,6.05483333333333,5.52593351317893,-0.528899820154397
5622,5.52425,5.52440639397787,0.000156393977865044
5623,5.095,5.52359395328613,0.428593953286128
5624,4.76766666666667,5.52349985972873,0.755833193062065
5625,4.619,5.52410713517372,0.905107135173721
5626,4.74958333333333,5.52537815473215,0.775794821398818
5627,4.81258333333333,5.5272546467581,0.71467131342477
5628,4.6985,5.52965769284868,0.831157692848683
5629,4.03283333333333,5.53248772784403,1.4996543945107
5630,3.1785,5.53562453982729,2.35712453982729
5631,2.74516666666667,5.53892727012465,2.79376060345798
5632,2.09791666666667,5.5422344133053,3.44431774663863
5633,1.91866666666667,5.54536381718147,3.6266971505148
5634,1.83416666666667,5.54811268280842,3.71394601614175
5635,2.15658333333333,5.5502575644844,3.39367423115107
5636,3.01075,5.55155436975072,2.54080436975072
5637,3.42416666666667,5.5517383593917,2.12757169272503
5638,3.77408333333333,5.55052414743467,1.77644081410134
5639,4.52108333333333,5.54760570115001,1.02652236781668
5640,4.62408333333333,5.54265634105111,0.918573007717775
5641,4.715,5.53638001855452,0.821380018554517
5642,5.26458333333333,5.53121968203554,0.266636348702209
5643,5.3165,5.52716743152563,0.210667431525629
5644,5.15866666666667,5.52408935579399,0.36542268912732
5645,4.71625,5.52185826127968,0.805608261279676
5646,4.30983333333333,5.52035367209158,1.21052033875825
5647,4.04841666666667,5.51946183000846,1.47104516334179
5648,3.72516666666667,5.51907569447888,1.79390902781221
5649,3.38783333333333,5.5190949426213,2.13126160928797
5650,3.26933333333333,5.51942596922399,2.25009263589066
5651,3.07991666666667,5.51998188674508,2.44006522007841
5652,3.012,5.52068252531254,2.50868252531254
5653,2.98958333333333,5.52145443272419,2.53187109939086
5654,2.98391666666667,5.5222308744477,2.53831420778103
5655,3.18825,5.52295183362057,2.33470183362057
5656,3.57875,5.52356401105016,1.94481401105016
5657,3.86066666666667,5.52402082521368,1.66335415854701
5658,4.1965,5.52428241225817,1.32778241225817
5659,4.64275,5.52431562600053,0.881565626000526
5660,4.73625,5.52409403792749,0.787844037927489
5661,5.27833333333333,5.52359793719564,0.245264603862314
5662,5.34358333333333,5.52281433063142,0.179230997298092
5663,5.64366666666667,5.5217369427311,-0.121929723935571
5664,5.63966666666667,5.5203662156608,-0.119300451005868
5665,5.6185,5.5187093092565,-0.099790690743502
5666,5.83483333333333,5.516780101024,-0.318053232309327
5667,5.67866666666667,5.51459918613898,-0.164067480527692
5668,5.31108333333333,5.51219387744693,0.201110544113598
5669,4.75158333333333,5.50959820546321,0.758014872129876
5670,4.1655,5.50685291837301,1.34135291837301
5671,3.67516666666667,5.50400548203139,1.82883881536472
5672,3.22866666666667,5.50111007996323,2.27244341329656
5673,2.90608333333333,5.49822761336327,2.59214428002994
5674,2.56983333333333,5.49542570109609,2.92559236776276
5675,2.31525,5.49277867969611,3.17752867969611
5676,2.12341666666667,5.49036760336762,3.36695093670095
5677,1.95733333333333,5.48828024398473,3.5309469106514
5678,1.6875,5.4866110910914,3.7991110910914
5679,1.77375,5.48546135190146,3.71171135190146
5680,1.97266666666667,5.48478505891992,3.51211839225325
5681,2.31233333333333,5.48342868103163,3.1710953476983
5682,2.95816666666667,5.48126691985595,2.52310025318928
5683,3.40416666666667,5.47845649795467,2.074289831288
5684,4.23133333333333,5.475143793006,1.24381045967267
5685,4.66841666666667,5.47146483780458,0.80304817113791
5686,4.94675,5.46754532026147,0.520795320261469
5687,5.19133333333333,5.46350058340416,0.272167250070831
5688,5.53033333333333,5.45943562537658,-0.0708977079567523
5689,5.9945,5.45544509943907,-0.539054900560934
5690,5.89358333333333,5.4516133139684,-0.44197001936493
5691,5.6605,5.44801423245778,-0.212485767542217
5692,5.42841666666667,5.44471147351684,0.0162948068501727
5693,5.02116666666667,5.44175831087164,0.420591644204965
5694,4.81466666666667,5.43919767336465,0.624531006697976
5695,4.49,5.43706214495479,0.947062144954786
5696,4.17125,5.43537396471739,1.26412396471739
5697,3.91841666666667,5.43414502684423,1.51572836017756
5698,3.80025,5.4333768806435,1.6331268806435
5699,3.70525,5.43306073053982,1.72781073053982
5700,3.66958333333333,5.43317743607423,1.7635941027409
5701,3.59616666666667,5.4336975119042,1.83753084523753
5702,3.73583333333333,5.43458112780366,1.69874779447033
5703,4.05341666666667,5.43577810866291,1.38236144199624
5704,4.112,5.43722793448873,1.32522793448873
5705,4.60733333333333,5.43885974040429,0.831526407070956
5706,4.92108333333333,5.4405923166492,0.519508983315871
5707,5.34008333333333,5.44233410857951,0.102250775246182
5708,5.77516666666667,5.44398321666768,-0.331183449998987
5709,6.23408333333333,5.44542739650261,-0.788655936830719
5710,6.49616666666667,5.44654405878962,-1.04962260787705
5711,6.44333333333333,5.44720026935044,-0.996133063982885
5712,6.53133333333333,5.44725274912328,-1.08408058421005
5713,6.65808333333333,5.44654787416271,-1.21153545917062
5714,6.66758333333333,5.44492167563978,-1.22266165769355
5715,6.52908333333333,5.44219983984194,-1.08688349349139
5716,6.1785,5.43853419722473,-0.739965802775273
5717,5.8585,5.43539692683085,-0.423103073169152
5718,5.26208333333333,5.43292703340952,0.170843700076187
5719,4.86291666666667,5.43105888625795,0.568142219591282
5720,4.47566666666667,5.42972953907509,0.954062872408417
5721,4.22283333333333,5.42887872996158,1.20604539662825
5722,3.941,5.42844888141981,1.48744888141981
5723,3.5785,5.42838510035386,1.84988510035386
5724,3.50158333333333,5.42863517806956,1.92705184473623
5725,3.52375,5.42914959027445,1.90539959027445
5726,3.55858333333333,5.42988149707777,1.87129816374444
5727,3.70108333333333,5.43078674299051,1.72970340965718
5728,3.568,5.43182385692536,1.86382385692536
5729,4.07566666666667,5.43295405219673,1.35728738553006
5730,4.24925,5.43414122652077,1.18489122652077
5731,5.31091666666667,5.43535196201534,0.124435295348666
5732,5.2135,5.43655552519999,0.223055525199993
5733,5.70608333333333,5.43772386699604,-0.268359466337287
5734,5.86766666666667,5.4388316227265,-0.428835043940167
5735,6.034,5.43985611211611,-0.594143887883892
5736,5.85275,5.44077733929131,-0.411972660708686
5737,6.1505,5.4415779927803,-0.7089220072197
5738,5.95866666666667,5.44224344551296,-0.516423221153709
5739,5.95816666666667,5.44276175482091,-0.515404911845757
5740,5.59383333333333,5.44312366243749,-0.150709670895838
5741,5.28508333333333,5.44332259449776,0.158239261164426
5742,4.887,5.44335466153848,0.556354661538481
5743,4.61825,5.44321865849816,0.824968658498161
5744,4.1995,5.44291606471702,1.24341606471702
5745,4.02616666666667,5.44245104393698,1.41628437727031
5746,3.73758333333333,5.44183044430171,1.70424711096838
5747,3.46458333333333,5.44106379835659,1.97648046502326
5748,3.49133333333333,5.4401633230487,1.94882998971537
5749,3.55741666666667,5.43914391972687,1.8817272530602
5750,3.73525,5.43802317414163,1.70277317414163
5751,3.8305,5.43682135644524,1.60632135644524
5752,4.08675,5.43556142119167,1.34881142119167
5753,4.51741666666667,5.43426900733663,0.916852340669963
5754,4.90641666666667,5.43297243823753,0.526555771570859
5755,4.9075,5.4317027216535,0.524202721653501
5756,5.50283333333333,5.43052573313419,-0.0723076001991387
5757,6.096,5.42954285273154,-0.666457147268457
5758,6.2205,5.4287698769857,-0.791730123014304
5759,6.39908333333333,5.42821745527589,-0.970865878057441
5760,6.28366666666667,5.42789471506901,-0.855771951597661
5761,6.23808333333333,5.4278092619196,-0.810274071413732
5762,6.11408333333333,5.42796717946986,-0.686116153863474
5763,5.99091666666667,5.42837302944963,-0.562543637217042
5764,5.71758333333333,5.42902985167642,-0.288553481656914
5765,5.51216666666667,5.42993916405538,-0.0822275026112917
5766,5.11608333333333,5.43110096257932,0.315017629245991
5767,4.76658333333333,5.43251372132871,0.665930387995378
5768,4.70983333333333,5.43417439247165,0.72434105913832
5769,4.56583333333333,5.43607840626392,0.870245072930588
5770,4.66741666666667,5.43821967104893,0.770803004382264
5771,4.71808333333333,5.44059057325777,0.722507239924439
5772,4.60083333333333,5.44318197740915,0.842348644075821
5773,4.48475,5.44598322610946,0.961233226109464
5774,4.35325,5.44898214005274,1.09573214005274
5775,3.53375,5.45216501802066,1.91841501802066
5776,2.75408333333333,5.45551663688257,2.70143330354924
5777,2.73983333333333,5.45902025159546,2.71918691826213
5778,2.57808333333333,5.46265759520398,2.88457426187065
5779,2.74,5.46640887884043,2.72640887884043
5780,3.01708333333333,5.47025279172475,2.45316945839142
5781,3.32516666666667,5.47416650116456,2.14899983449789
5782,3.50058333333333,5.47812565255512,1.97754231922179
5783,3.82325,5.48210436937933,1.65885436937933
5784,3.94366666666667,5.48607525320776,1.54240858654109
5785,4.02491666666667,5.49000938369863,1.46509271703196
5786,4.08133333333333,5.49387631859781,1.41254298526448
5787,4.22725,5.49764409373883,1.27039409373883
5788,4.28408333333333,5.50127922304286,1.21719588970953
5789,4.13741666666667,5.50474669851873,1.36733003185206
5790,3.86808333333333,5.50800999026293,1.6399266569296
5791,3.85441666666667,5.5113022554341,1.65688558876743
5792,3.85366666666667,5.51530416937368,1.66163750270701
5793,3.76158333333333,5.51986909365114,1.75828576031781
5794,3.71275,5.52481174609901,1.81206174609901
5795,3.70275,5.52996382186318,1.82721382186318
5796,3.74525,5.53517399340289,1.78992399340289
5797,3.51791666666667,5.54030791049082,2.02239124382415
5798,3.63458333333333,5.54524820021296,1.91066486687963
5799,3.86208333333333,5.54989446696874,1.68781113363541
5800,4.00325,5.55416329247093,1.55091329247093
5801,4.3825,5.55798823574568,1.17548823574568
5802,4.80575,5.56131983313254,0.755569833132545
5803,5.18158333333333,5.56412559828443,0.382542264951096
5804,5.381,5.56639002216762,0.185390022167621
5805,5.8025,5.5681145730618,-0.234385426938196
5806,6.01175,5.56931769656002,-0.442432303439976
5807,6.28766666666667,5.57003481556871,-0.717631851097959
5808,6.62458333333333,5.57031833030767,-1.05426500302566
5809,6.51483333333333,5.57023761831009,-0.944595715023241
5810,6.1745,5.56987903442253,-0.60462096557747
5811,6.32541666666667,5.56934591080494,-0.756070755861733
5812,6.21891666666667,5.56875855693063,-0.650158109736043
5813,5.77775,5.5682542595863,-0.209495740413696
5814,5.46183333333333,5.56798728287204,0.106153949538711
5815,5.08425,5.5681288682013,0.483878868201296
5816,4.84133333333333,5.5688672343009,0.727533900967571
5817,4.57325,5.57040757721107,0.997157577211071
5818,4.33008333333333,5.57297207028539,1.24288873695206
5819,4.12175,5.57679986419084,1.45504986419084
5820,3.88,5.58176622342724,1.70176622342724
5821,3.788,5.58588667212861,1.79788667212861
5822,3.89108333333333,5.58898930609746,1.69790597276413
5823,3.84508333333333,5.59124870945226,1.74616537611893
5824,4.31333333333333,5.59282865768062,1.27949532434729
5825,4.88175,5.5938821176393,0.712132117639298
5826,5.23833333333333,5.59455124755423,0.356217914220895
5827,5.75275,5.59496739702047,-0.15778260297953
5828,6.27683333333333,5.59525110700226,-0.681582226331071
5829,6.51516666666667,5.59551210983297,-0.919654556833701
5830,6.903,5.59584932921513,-1.30715067078487
5831,7.14616666666667,5.59635088022043,-1.54981578644624
5832,7.26916666666667,5.5970940692897,-1.67207259737697
5833,7.29883333333333,5.59814539423294,-1.70068793910039
5834,7.05025,5.59956054422928,-1.45068945577072
5835,6.92033333333333,5.60138439982702,-1.31894893350631
5836,6.57233333333333,5.60365103294361,-0.968682300389716
5837,6.07991666666667,5.60638370686566,-0.473532959801014
5838,5.53225,5.6095948762489,0.0773448762489002
5839,5.07891666666667,5.61328618711826,0.534369520451587
5840,4.70116666666667,5.61744847686778,0.916281810201112
5841,4.49458333333333,5.62206177426069,1.12747844092736
5842,4.364,5.62709529942935,1.26309529942935
5843,4.19558333333333,5.63250746387527,1.43692413054194
5844,4.0905,5.63824587046913,1.54774587046913
5845,4.24583333333333,5.64424731345075,1.39841398011742
5846,4.08158333333333,5.6504377784291,1.56885444509577
5847,4.16041666666667,5.65673244238233,1.49631577571566
5848,4.43291666666667,5.6630356736577,1.23011900699103
5849,4.86716666666667,5.66912888987094,0.801962223204271
5850,5.305,5.67347614887024,0.36847614887024
5851,5.48091666666667,5.67592381610932,0.195007149442647
5852,6.01941666666667,5.67683885632764,-0.34257781033903
5853,6.261,5.67656060643026,-0.584439393569736
5854,6.36125,5.67540077548784,-0.685849224512165
5855,6.66666666666667,5.67364344473659,-0.993023221930082
5856,7.15641666666667,5.67154506757834,-1.48487159908833
5857,7.34808333333333,5.66933446958052,-1.67874886375281
5858,7.19841666666667,5.66721284847611,-1.53120381819056
5859,6.75758333333333,5.66535377416371,-1.09222955916962
5860,6.46225,5.66390318870751,-0.798346811292493
5861,6.02808333333333,5.66297940633726,-0.36510392699607
5862,5.54858333333333,5.66267311344833,0.114089780115002
5863,5.10058333333333,5.66304736860167,0.562464035268339
5864,4.74025,5.66413760252381,0.92388760252381
5865,4.44641666666667,5.66595161810688,1.21953495144021
5866,4.1765,5.66846959040859,1.49196959040859
5867,4.00966666666667,5.67164406665225,1.66197739998559
5868,3.72475,5.67539996622676,1.95064996622676
5869,3.66733333333333,5.67963458068659,2.01230124735326
5870,3.93866666666667,5.68421757375182,1.74555090708515
5871,4.34575,5.68899098130811,1.34324098130811
5872,4.10533333333333,5.6937692114067,1.58843587807337
5873,4.06666666666667,5.69833904426445,1.63167237759778
5874,4.46183333333333,5.70245963226377,1.24062629893044
5875,4.9065,5.70586249995268,0.799362499952682
5876,5.40416666666667,5.7082515440448,0.304084877378131
5877,5.90125,5.70930303341932,-0.191946966580682
5878,5.98583333333333,5.70866560912102,-0.27716772421231
5879,6.65008333333333,5.70642475841839,-0.943658574914942
5880,6.87816666666667,5.70387063588937,-1.1742960307773
5881,6.77508333333333,5.701203709627,-1.07387962370633
5882,7.02275,5.69851837381351,-1.32423162618649
5883,7.15641666666667,5.69589803681618,-1.46051862985049
5884,6.87425,5.69341512118731,-1.18083487881269
5885,6.793,5.69113106366425,-1.10186893633575
5886,6.3235,5.68909631516939,-0.634403684830608
5887,5.96116666666667,5.68735034081016,-0.273816325856507
5888,5.57666666666667,5.68592161987903,0.109254953212355
5889,5.06525,5.68482764585348,0.619577645853483
5890,4.77816666666667,5.68407492639608,0.905908259729409
5891,4.62658333333333,5.68365898335439,1.05707565002106
5892,4.44783333333333,5.68356435276104,1.23573101942771
5893,4.421,5.68376458483369,1.26276458483369
5894,4.38683333333333,5.68422224397502,1.29738891064169
5895,4.336,5.68488890877278,1.34888890877278
5896,4.31583333333333,5.68570517199974,1.36987183866641
5897,4.36033333333333,5.68660064061371,1.32626730728038
5898,4.7205,5.68749393575754,0.966993935757542
5899,5.65891666666667,5.68829269275912,0.0293760260924509
5900,6.43316666666667,5.68889356113138,-0.744273105535295
5901,6.7755,5.68918220457227,-1.08631779542773
5902,6.9015,5.68903330096482,-1.21246669903519
5903,6.91575,5.68831054237705,-1.22743945762295
5904,7.165,5.68686663506205,-1.47813336493795
5905,7.32916666666667,5.68454329945794,-1.64462336720873
5906,7.66641666666667,5.6811765480934,-1.98524011857327
5907,7.29641666666667,5.67806553175531,-1.61835113491136
5908,7.03225,5.67614203188847,-1.35610796811153
5909,6.5065,5.67516996175278,-0.831330038247224
5910,6.17958333333333,5.67493016492979,-0.50465316840354
5911,5.87933333333333,5.6752204153228,-0.204112918010532
5912,5.48591666666667,5.67585541715678,0.189938750490114
5913,5.15816666666667,5.67666680497844,0.518500138311767
5914,4.76908333333333,5.67750314365615,0.908419810322816
5915,4.67525,5.67822992838001,1.00297992838001
5916,4.42033333333333,5.67872958466182,1.25839625132849
5917,4.34775,5.67890146833508,1.33115146833508
5918,4.12525,5.678661865555,1.553411865555
5919,4.70033333333333,5.67794399279848,0.977610659465153
5920,4.41308333333333,5.67669799686414,1.26361466353081
5921,4.67516666666667,5.67489095487229,0.99972428820562
5922,5.48041666666667,5.67250687426495,0.192090207598277
5923,5.41016666666667,5.66954669280583,0.259380026139165
5924,5.67225,5.66602827858038,-0.00622172141962274
5925,6.00816666666667,5.6619864299957,-0.346180236670967
5926,6.50941666666667,5.65747287578065,-0.851943790886025
5927,7.58641666666667,5.65255627498574,-1.93386039168093
5928,7.882,5.64732221698322,-2.23467778301678
5929,7.78833333333333,5.64187322146703,-2.1464601118663
5930,7.97533333333334,5.63632873845282,-2.33900459488052
5931,7.83591666666667,5.63082514827793,-2.20509151838874
5932,7.70725,5.62551576160142,-2.08173423839858
5933,7.14916666666667,5.62057081940405,-1.52859584726262
5934,6.7065,5.61617749298826,-1.09032250701174
5935,6.22091666666667,5.61253988397823,-0.608376782688445
5936,5.78791666666667,5.60987902431981,-0.17803764234686
5937,5.31683333333333,5.60843287628058,0.291599542947253
5938,5.06316666666667,5.60789938510432,0.544732718437652
5939,4.82491666666667,5.60771697897729,0.782800312310616
5940,4.4725,5.60779349579129,1.13529349579129
5941,4.43183333333333,5.60804438447945,1.17621105114612
5942,4.12158333333333,5.60839261198389,1.48680927865056
5943,4.44133333333333,5.60876866325574,1.16743532992241
5944,4.20066666666667,5.60911054125512,1.40844387458845
5945,4.10216666666667,5.60936376695114,1.50719710028447
5946,4.93933333333333,5.60948137932192,0.670148045988589
5947,5.063,5.60942393535457,0.546423935354573
5948,5.16575,5.60915951004521,0.443409510045213
5949,5.82191666666667,5.60866369639895,-0.21325297026772
5950,5.93225,5.60791960542989,-0.324330394570107
5951,6.02483333333333,5.60691786616115,-0.417915467172183
5952,6.36333333333333,5.60565662562482,-0.75767670770851
5953,7.58158333333333,5.60414154886201,-1.97744178447132
5954,7.20516666666667,5.60238581892282,-1.60278084774384
5955,7.20308333333333,5.60041013686636,-1.60267319646697
5956,7.33033333333333,5.59824272176071,-1.73209061157262
5957,6.94791666666667,5.59591931068298,-1.35199735598369
5958,6.57008333333333,5.59348315871925,-0.97660017461408
5959,6.18541666666667,5.59098503896462,-0.594431627702048
5960,5.8925,5.58848324252319,-0.304016757476814
5961,5.44991666666667,5.58604357850802,0.136126911841354
5962,5.09816666666667,5.58373937404123,0.485572707374557
5963,4.69958333333333,5.58165147425388,0.882068140920549
5964,4.491,5.57986824228606,1.08886824228606
5965,4.18475,5.57848555928686,1.39373555928686
5966,3.9025,5.57760682441434,1.67510682441434
5967,4.34883333333333,5.57734295483559,1.22850962150226
5968,4.078,5.57781238572669,1.49981238572668
5969,3.90241666666667,5.57787636143976,1.67545969477309
5970,4.467,5.57604870005248,1.10904870005248
5971,4.92316666666667,5.57269059273418,0.649523926067511
5972,5.017,5.56814787328993,0.551147873289928
5973,5.59416666666667,5.56273831721035,-0.0314283494563243
5974,6.15591666666667,5.55675164167162,-0.599165024995052
5975,6.76508333333333,5.55044950553549,-1.21463382779784
5976,6.44375,5.54406550934927,-0.899684490650728
5977,6.58116666666667,5.53780519534583,-1.04336147132084
5978,7.29058333333333,5.53184604744359,-1.75873728588974
5979,7.32233333333333,5.52633749124654,-1.79599584208679
5980,7.18725,5.52140089404424,-1.66584910595575
5981,6.95,5.5171295648118,-1.4328704351882
5982,6.48033333333333,5.51358875420989,-0.966744579123435
5983,6.12966666666667,5.51081565458475,-0.618851012081918
5984,5.48991666666667,5.50881939996817,0.0189027333014993
5985,5.07325,5.50758106607751,0.434331066077505
5986,4.74608333333333,5.50705367031568,0.760970336982346
5987,4.53141666666667,5.50716217177116,0.975745505104491
5988,4.20308333333333,5.507803471218,1.30472013788467
5989,4.15866666666667,5.50884641111579,1.35017974444913
5990,3.88583333333333,5.5101317756097,1.62429844227637
5991,4.29383333333333,5.51147229053046,1.21763895719713
5992,4.13925,5.51265262339433,1.37340262339433
5993,4.28533333333333,5.51342938340317,1.22809605006984
5994,5.00266666666667,5.51353112144439,0.510864454777718
5995,5.42633333333333,5.51265833009095,0.0863249967576163
5996,5.33608333333333,5.51048344360138,0.174400110268047
5997,5.7655,5.50673272187163,-0.258767278128374
5998,5.91866666666667,5.50178113835786,-0.416885528308813
5999,6.33733333333333,5.49602598823857,-0.841307345094759
6000,6.9295,5.48978793922488,-1.43971206077512
6001,7.25441666666667,5.48335386204749,-1.77106280461918
6002,7.11325,5.47697683045673,-1.63627316954327
6003,7.26408333333333,5.47087612122254,-1.79320721211079
6004,7.02133333333333,5.46523721413445,-1.55609611919888
6005,6.40041666666667,5.4602117920016,-0.940204874665074
6006,6.09158333333333,5.45591774065274,-0.635665592680586
6007,5.79208333333333,5.45243914893625,-0.33964418439708
6008,5.45716666666667,5.44982630872008,-0.00734035794658716
6009,4.92475,5.44809571489182,0.523345714891817
6010,4.64858333333333,5.44723006535864,0.798646732025305
6011,4.31991666666667,5.44717826104733,1.12726159438066
6012,4.11825,5.44785540590429,1.32960540590429
6013,3.97841666666667,5.44914280689553,1.47072614022886
6014,3.87708333333333,5.45088797400666,1.57380464067333
6015,4.10141666666667,5.4529046202429,1.35148795357623
6016,3.64475,5.45497266162908,1.81022266162908
6017,4.17716666666667,5.45683821720963,1.27967155054296
6018,4.67641666666667,5.45821360904859,0.781796942381917
6019,5.1185,5.45877736222961,0.340277362229611
6020,5.94366666666667,5.45817420485596,-0.485492461810714
6021,6.33533333333333,5.45601506805049,-0.879318265282845
6022,6.56483333333333,5.45187708595567,-1.11295624737766
6023,6.90866666666667,5.44651220121165,-1.46215446545502
6024,7.006,5.4412261010462,-1.5647738989538
6025,7.135,5.4360510039239,-1.6989489960761
6026,7.6,5.43101224817576,-2.16898775182424
6027,7.21275,5.42613123942953,-1.78661876057047
6028,7.08041666666667,5.42142545060974,-1.65899121605693
6029,6.5605,5.41690842193765,-1.14359157806235
6030,6.296,5.4125897609313,-0.883410239068701
6031,5.74725,5.40847514240547,-0.338774857594526
6032,5.32408333333333,5.40456630847172,0.0804829751383895
6033,5.03091666666667,5.40086106853834,0.369944401871666
6034,4.58883333333333,5.39735329931038,0.808519965977053
6035,4.24975,5.39403294478967,1.14428294478967
6036,3.90475,5.39088601627478,1.48613601627478
6037,3.69733333333333,5.38789459236104,1.69056125902771
6038,3.53141666666667,5.38503681894052,1.85362015227385
6039,3.798,5.38228690920208,1.58428690920208
6040,3.701,5.37961514363131,1.67861514363131
6041,3.98833333333333,5.37698787001057,1.38865453667724
6042,4.6275,5.37436750341898,0.746867503418976
6043,4.78725,5.37171252623239,0.584462526232389
6044,4.80066666666667,5.36897748812344,0.56831082145677
6045,5.19916666666667,5.36611300606151,0.166946339394841
6046,5.55625,5.36306576431274,-0.193184235687257
6047,6.28616666666667,5.35977851444003,-0.926388152226637
6048,6.31808333333333,5.35619007530303,-0.961893258030296
6049,6.57541666666667,5.35223533305816,-1.22318133360851
6050,7.20983333333333,5.34784524115857,-1.86198809217476
6051,7.2265,5.3429468203542,-1.8835531796458
6052,6.88116666666667,5.33842884260739,-1.54273782405928
6053,6.31308333333333,5.33529741511508,-0.977785918218252
6054,6.00883333333333,5.33330393258493,-0.675529400748403
6055,5.5485,5.33221423785432,-0.216285762145682
6056,5.2415,5.33181224379315,0.0903122437931492
6057,4.65341666666667,5.33189993330383,0.678483266637159
6058,4.30433333333333,5.33229735932127,1.02796402598795
6059,3.86258333333333,5.33284264481292,1.47025931147959
6060,3.58308333333333,5.3333919827787,1.75030864944537
6061,3.40658333333333,5.33381963625108,1.92723630291774
6062,3.23275,5.334017938295,2.101267938295
6063,3.14741666666667,5.33389729200796,2.18648062534129
6064,3.03975,5.33338617051994,2.29363617051994
6065,3.83925,5.33243111699343,1.49318111699343
6066,4.42675,5.33099674462343,0.904246744623435
6067,4.92525,5.32906573663749,0.403815736637486
6068,5.46775,5.32663884629561,-0.141111153704392
6069,5.5865,5.32373489689034,-0.262765103109658
6070,6.88816666666667,5.32039078174674,-1.56777588491993
6071,6.27583333333333,5.31666146422238,-0.959171869110955
6072,6.46316666666667,5.31261997770731,-1.15054668895936
6073,6.98191666666667,5.30835742562414,-1.67355924104253
6074,7.24325,5.30398298142796,-1.93926701857204
6075,6.60766666666667,5.29962388860637,-1.3080427780603
6076,6.49483333333333,5.2954254606795,-1.19940787265383
6077,6.19508333333333,5.29155108119998,-0.903532252133346
6078,5.77408333333333,5.28818220375295,-0.485901129580375
6079,5.35325,5.28551835195607,-0.0677316480439316
6080,4.796,5.28377711945949,0.487777119459489
6081,4.44666666666667,5.28316103025206,0.836494363585387
6082,4.30158333333333,5.28327092212168,0.98168758878835
6083,4.23425,5.28382602336064,1.04957602336064
6084,4.01725,5.28471495932533,1.26746495932533
6085,3.78925,5.28583561954566,1.49658561954566
6086,3.4235,5.28709515772505,1.86359515772505
6087,4.01133333333333,5.28840999174047,1.27707665840714
6088,3.81175,5.2897058036424,1.4779558036424
6089,4.16416666666667,5.29091753965484,1.12675087298817
6090,4.68358333333333,5.29198941017532,0.608406076841987
6091,4.78841666666667,5.29287488977488,0.504458223108206
6092,5.50891666666667,5.29353671719809,-0.215379949468576
6093,6.3755,5.29394689536306,-1.08155310463694
6094,7.02841666666666,5.2940866913614,-1.73432997530526
6095,7.20308333333333,5.29394663645825,-1.90913669687508
6096,7.32975,5.29352652609228,-2.03622347390772
6097,7.15308333333333,5.29283541987567,-1.86024791345766
6098,7.08191666666667,5.29189164159413,-1.79002502507254
6099,7.17608333333333,5.2907227792069,-1.88536055412643
6100,6.91658333333333,5.28936568484673,-1.6272176484866
6101,6.38891666666667,5.28786647481991,-1.10105019184676
6102,5.728,5.28628052960623,-0.441719470393767
6103,5.27875,5.28467249385903,0.00592249385902566
6104,4.84191666666667,5.28311627640514,0.441199609738468
6105,4.59975,5.28169505024494,0.681945050244941
6106,4.331,5.28050125255233,0.949501252552332
6107,4.10741666666667,5.27963658467473,1.17221991800806
6108,3.9295,5.27921201213307,1.34971201213307
6109,3.756,5.27934776462182,1.52334776462182
6110,3.59841666666667,5.28017333600896,1.68175666934229
6111,3.97541666666667,5.28123317092617,1.3058165042595
6112,4.22941666666667,5.28066830275403,1.05125163608736
6113,4.47133333333333,5.27861928798715,0.807285954653816
6114,4.8785,5.27539039055881,0.396890390558811
6115,5.62083333333333,5.27126335101243,-0.349569982320897
6116,6.18116666666667,5.26649738650152,-0.914669280165151
6117,6.65591666666667,5.26132919078967,-1.394587475877
6118,6.8325,5.25597293425061,-1.57652706574939
6119,6.79558333333333,5.25062026386813,-1.5449630694652
6120,7.03191666666667,5.24544030323614,-1.78647636343053
6121,7.41958333333333,5.24057965255866,-2.17900368077467
6122,7.21325,5.23616238864979,-1.97708761135021
6123,7.03891666666667,5.23229006493374,-1.80662660173293
6124,6.48058333333333,5.22904171144483,-1.2515416218885
6125,6.08033333333333,5.22647383482746,-0.853859498505869
6126,5.5675,5.22462041833615,-0.342879581663848
6127,5.141,5.22349292183551,0.0824929218355113
6128,4.81616666666667,5.22308028180025,0.406913615133583
6129,4.56008333333333,5.22334891131519,0.663265577981861
6130,4.28908333333333,5.22424270007524,0.935159366741909
6131,4.03416666666667,5.22568301438541,1.19151634771874
6132,3.7835,5.22756869716082,1.44406869716082
6133,3.50175,5.22977606792669,1.72802606792669
6134,3.36016666666667,5.23215892281833,1.87199225615166
6135,3.91308333333333,5.23454853458116,1.32146520124783
6136,3.80158333333333,5.23675365257069,1.43517031923736
6137,4.13783333333333,5.23856050275255,1.10072716941922
6138,4.47225,5.23973278770244,0.767482787702444
6139,5.01166666666667,5.2400116866062,0.228345019939533
6140,5.76808333333333,5.23911585525974,-0.528967478073588
6141,6.66366666666667,5.23674142606908,-1.42692524059759
6142,7.17941666666667,5.23300478009333,-1.94641188657334
6143,7.01625,5.22951545244686,-1.78673454755314
6144,7.0115,5.22641505562721,-1.78508494437279
6145,7.1795,5.22365699727705,-1.95584300272295
6146,7.326,5.22119694861237,-2.10480305138763
6147,7.03958333333333,5.21899284442247,-1.82059048891086
6148,6.44366666666667,5.21700488306996,-1.22666178359671
6149,5.88975,5.21519552649077,-0.674554473509229
6150,5.36333333333333,5.21352950019412,-0.149803833139205
6151,5.021,5.21197379326257,0.190973793262567
6152,4.65616666666667,5.21049765835195,0.554330991685282
6153,4.38275,5.20907261169144,0.826322611691443
6154,4.19675,5.20767243308352,1.01092243308352
6155,3.956,5.20627316590396,1.25027316590396
6156,3.78858333333333,5.20485311710186,1.41626978376853
6157,3.64525,5.20339285719964,1.55814285719964
6158,3.73625,5.20187522029301,1.46562522029301
6159,3.90308333333333,5.200285304051,1.29720197071767
6160,4.14075,5.19861046971595,1.05786046971595
6161,4.633,5.19684034210351,0.563840342103507
6162,5.27441666666667,5.19496680960264,-0.0794498570640316
6163,5.74008333333333,5.19298402417561,-0.547099309157717
6164,6.28475,5.19088840135802,-1.09386159864198
6165,6.60441666666667,5.18867862025874,-1.41573804640793
6166,6.785,5.18635562355999,-1.59864437644001
6167,7.1255,5.18392261751728,-1.94157738248272
6168,6.95016666666667,5.18138507195944,-1.76878159470723
6169,6.84416666666667,5.1787507202886,-1.66541594637807
6170,7.05216666666667,5.17602955948021,-1.87613710718646
6171,6.77141666666667,5.17323385008304,-1.59818281658363
6172,6.23391666666667,5.17047009670328,-1.06344656996339
6173,5.69891666666667,5.16876037767896,-0.530156288987714
6174,5.28775,5.16820987721899,-0.119540122781008
6175,4.91791666666667,5.1686086192979,0.250691952631226
6176,4.61225,5.16976100919981,0.557511009199814
6177,4.32408333333333,5.17148583351851,0.847402500185185
6178,4.1745,5.1736162601574,0.999116260157396
6179,4.03383333333333,5.17599983832949,1.14216650499616
6180,3.86458333333333,5.17849849855744,1.31391516522411
6181,3.75283333333333,5.18098855267354,1.42815521934021
6182,3.95866666666667,5.18336069381971,1.22469402715304
6183,3.89591666666667,5.18551999644748,1.28960332978081
6184,4.33558333333333,5.18738591631802,0.85180258298469
6185,5.02625,5.18889229050213,0.162642290502133
6186,5.33791666666667,5.18998733738024,-0.147929329286425
6187,5.88533333333333,5.19063365664241,-0.694699676690918
6188,6.13075,5.19080822928832,-0.939941770711684
6189,6.60508333333333,5.19050241762727,-1.41458091570606
6190,6.82891666666667,5.18972196527822,-1.63919470138845
6191,6.55466666666667,5.18848699716973,-1.36617966949694
6192,6.79325,5.18683201954001,-1.60641798045999
6193,7.365,5.18480591993687,-2.18019408006313
6194,7.16591666666667,5.18247196721777,-1.9834446994489
6195,6.51433333333333,5.1799078115498,-1.33442552178353
6196,6.29125,5.17720548440967,-1.11404451559033
6197,5.71675,5.17447139858372,-0.542278601416283
6198,5.17625,5.17182634816792,-0.00442365183208171
6199,4.81166666666667,5.16940550856787,0.357738841901196
6200,4.5635,5.16735843649879,0.603858436498791
6201,4.29016666666667,5.16584906998555,0.875682403318875
6202,4.09883333333333,5.16505572836261,1.06622239502928
6203,3.93258333333333,5.16517111227411,1.23258777894078
6204,3.73058333333333,5.16640230367377,1.43581897034044
6205,3.33741666666667,5.16858093294015,1.83116426627348
6206,3.12766666666667,5.16965187313912,2.04198520647245
6207,3.69658333333333,5.1694873061103,1.47290397277697
6208,3.61191666666667,5.1683199787892,1.55640331212253
6209,3.83058333333333,5.16636627556422,1.33578294223089
6210,4.72858333333333,5.1638262182766,0.435242884943272
6211,5.32341666666667,5.16088346622043,-0.162533200446242
6212,5.58883333333333,5.15770531614265,-0.431128017190681
6213,5.98108333333333,5.15444270224306,-0.826640631090265
6214,6.66158333333333,5.15123019617433,-1.510353137159
6215,6.93925,5.14818600704195,-1.79106399295805
6216,7.06983333333333,5.1454119814043,-1.92442135192903
6217,6.93416666666667,5.14299360327258,-1.79117306339409
6218,6.85508333333333,5.14099999411087,-1.71408333922246
6219,6.51566666666667,5.13948391283608,-1.37618275383059
6220,5.81266666666667,5.13848175581801,-0.67418491084866
6221,5.30566666666667,5.13801355687928,-0.167653109787392
6222,4.84925,5.13808298729537,0.288832987295371
6223,4.53291666666667,5.13867735579463,0.605760689127961
6224,4.22908333333333,5.13976760855825,0.91068427522492
6225,4.08058333333333,5.14130832922028,1.06072499588695
6226,3.95625,5.14323773886761,1.18698773886761
6227,3.843,5.14547769604001,1.30247769604001
6228,3.71341666666667,5.14793369673009,1.43451703006342
6229,3.53341666666667,5.1504948743833,1.61707820771663
6230,3.39116666666667,5.15303399989796,1.76186733323129
6231,3.48391666666667,5.15540748162525,1.67149081495858
6232,3.62016666666667,5.1574553653692,1.53728869870253
6233,4.28008333333333,5.15900133438667,0.878918001053338
6234,4.71291666666667,5.1598527093874,0.44693604272073
6235,5.33558333333333,5.15980044853398,-0.175782884799346
6236,5.81058333333333,5.15872593190136,-0.651857401431966
6237,6.66091666666667,5.15714142331474,-1.50377524335193
6238,7.0745,5.15524503699752,-1.91925496300248
6239,7.26866666666667,5.1531417523593,-2.11552491430737
6240,7.363,5.1509265824779,-2.2120734175221
6241,7.29408333333333,5.14868457409932,-2.14539875923401
6242,6.96941666666666,5.14649080763779,-1.82292585902887
6243,6.45091666666667,5.14441039717575,-1.30650626949092
6244,5.97816666666667,5.14249849046382,-0.835668176202854
6245,5.49808333333333,5.14080026892085,-0.357283064412485
6246,5.10991666666667,5.13935094763389,0.029434280967215
6247,4.77116666666667,5.1381757753582,0.367009108691525
6248,4.54675,5.13729003451724,0.59054003451724
6249,4.31958333333333,5.13669904120269,0.817115707869362
6250,4.19225,5.13639814517443,0.944148145174433
6251,4.04041666666667,5.13637272986055,1.09595606319388
6252,4.02033333333333,5.13659821235733,1.116264879024
6253,3.87016666666667,5.13704004342928,1.26687337676261
6254,3.83966666666667,5.1376537075091,1.29798704084243
6255,4.07716666666667,5.13838472269773,1.06121805603106
6256,4.15741666666667,5.13916864076426,0.981751974097593
6257,4.65325,5.13993104714605,0.486681047146046
6258,5.03258333333333,5.14058756094861,0.108004227615282
6259,5.61025,5.1410438349457,-0.469206165054296
6260,6.1565,5.14119555557927,-1.01530444442073
6261,6.76383333333333,5.14092844295948,-1.62290489037385
6262,7.03391666666667,5.14011825086469,-1.89379841580198
6263,7.2575,5.13863076674148,-2.11886923325852
6264,7.34008333333334,5.13632181170462,-2.20376152162872
6265,7.30875,5.1330372405371,-2.1757127594629
6266,7.09666666666667,5.12940157978827,-1.9672650868784
6267,6.5365,5.12720765684803,-1.40929234315197
6268,6.00125,5.12627863730258,-0.874971362697418
6269,5.59616666666667,5.12635431930324,-0.469812347363425
6270,5.21225,5.12719455325233,-0.0850554467476687
6271,4.85675,5.12857924180314,0.271829241803145
6272,4.57158333333333,5.13030833985997,0.558725006526641
6273,4.35291666666667,5.13220185457809,0.779285187911424
6274,4.18133333333333,5.13409984536378,0.952766512030447
6275,4.04866666666667,5.13586242387428,1.08719575720761
6276,3.78033333333333,5.13736975401785,1.35703642068452
6277,3.66308333333333,5.13852205195372,1.47543871862039
6278,3.92341666666667,5.13923958609212,1.21582291942545
6279,3.871,5.13946267709425,1.26846267709425
6280,3.859,5.13915169787233,1.28015169787233
6281,4.66883333333333,5.13828707358955,0.46945374025622
6282,4.9945,5.13686928166008,0.142369281660083
6283,5.5955,5.13491885174911,-0.460581148250895
6284,5.99241666666667,5.13247636577278,-0.859940300893894
6285,6.16408333333333,5.12960245789824,-1.03448087543509
6286,6.34575,5.12637781454365,-1.21937218545635
6287,6.65758333333333,5.12290317437811,-1.53468015895522
6288,7.187,5.11929932832176,-2.06770067167824
6289,7.26475,5.11570711954569,-2.14904288045431
6290,6.97033333333333,5.112287443472,-1.85804588986133
6291,6.55941666666667,5.10922124777377,-1.4501954188929
6292,6.09541666666667,5.10670953237508,-0.988707134291587
6293,5.65491666666667,5.10497334945099,-0.549943317215677
6294,5.21666666666667,5.10425380342756,-0.112412863239114
6295,4.87608333333333,5.10481205098181,0.228728717648481
6296,4.61816666666667,5.10639956599703,0.48823289933036
6297,4.41858333333333,5.1084346675862,0.689851334252871
6298,4.27583333333333,5.1108162518595,0.834982918526166
6299,4.15275,5.1134520187269,0.960702018726904
6300,3.93216666666667,5.11625766706342,1.18409100039675
6301,3.9075,5.11915689470907,1.21165689470907
6302,3.81216666666667,5.12208139846886,1.30991473180219
6303,4.07508333333333,5.12497087411285,1.04988754077952
6304,3.99258333333333,5.1277730163761,1.13518968304277
6305,4.31,5.13044351895867,0.820443518958665
6306,4.75266666666667,5.13294607452564,0.380279407858974
6307,5.38391666666667,5.13525237470713,-0.248664291959536
6308,6.26291666666667,5.13734211009825,-1.12557455656842
6309,6.78033333333333,5.13920297025912,-1.64113036307421
6310,7.071,5.14083064371489,-1.93016935628511
6311,7.08633333333333,5.14222881795572,-1.94410451537761
6312,7.00875,5.14340917943678,-1.86534082056322
6313,6.65975,5.14439141357825,-1.51535858642175
6314,6.30833333333333,5.14520320476535,-1.16313012856798
6315,5.93391666666667,5.14588023634828,-0.788036430318394
6316,5.52458333333333,5.14646619064227,-0.378117142691058
6317,5.14125,5.14701274892758,0.00576274892757844
6318,4.858,5.14757959144946,0.289579591449456
6319,4.62791666666667,5.14823439741818,0.520317730751508
6320,4.42458333333333,5.14905284500903,0.724469511675701
6321,4.25533333333333,5.15011861136232,0.894785278028991
6322,4.13066666666667,5.15152337258336,1.02085670591669
6323,4.02958333333333,5.15336680374249,1.12378347040916
6324,3.90316666666667,5.15573808266181,1.25257141599514
6325,3.69216666666667,5.1579227071787,1.46575604051203
6326,3.64366666666667,5.15958639344025,1.51591972677358
6327,3.50958333333333,5.16083533269759,1.65125199936426
6328,3.67783333333333,5.16176947822726,1.48393614489393
6329,3.74491666666667,5.16248254533125,1.41756587866458
6330,4.14466666666667,5.16306201133696,1.01839534467029
6331,4.44441666666667,5.16358911559724,0.719172448930568
6332,4.35608333333333,5.16413885949034,0.808055526157014
6333,4.80491666666667,5.16478000641998,0.359863339753305
6334,5.21891666666667,5.16557508181526,-0.053341584851414
6335,5.47675,5.16658037313074,-0.310169626869257
6336,5.52241666666667,5.16784592984642,-0.354570736820254
6337,5.36841666666667,5.16941556346769,-0.199001103198981
6338,5.26366666666667,5.1713268475254,-0.0923398191412668
6339,4.95933333333333,5.17361111757583,0.214277784242498
6340,4.55491666666667,5.17629347120066,0.62137680453399
6341,4.02616666666667,5.17939276800703,1.15322610134036
6342,3.6135,5.1829216296275,1.5694216296275
6343,3.44125,5.18688643972004,1.74563643972004
6344,3.33466666666667,5.19128734396809,1.85662067730141
6345,3.30925,5.19611825008047,1.88686825008047
6346,3.38233333333333,5.20136682779146,1.81903349445813
6347,3.51541666666667,5.20701450886077,1.6915978421941
6348,4.04133333333333,5.21303648707353,1.1717031537402
6349,4.11325,5.21940171824029,1.10615171824029
6350,4.14883333333333,5.22607292019704,1.07723958686371
6351,4.16966666666667,5.23300657280521,1.06333990613854
6352,4.13066666666667,5.24015291795164,1.10948625128497
6353,4.23883333333333,5.24745595954861,1.00862262621528
6354,4.38883333333333,5.25485346353382,0.86602013020049
6355,4.65341666666667,5.2622769578704,0.608860291203734
6356,4.99383333333333,5.26965173254693,0.275818399213598
6357,5.14208333333333,5.27689683957738,0.134813506244052
6358,5.11991666666667,5.28392509300119,0.16400842633452
6359,5.18616666666667,5.2906430688832,0.104476402216529
6360,5.17916666666667,5.29695110531369,0.11778443864702
6361,5.09841666666667,5.30280111481658,0.204384448149912
6362,4.717,5.30920048306449,0.592200483064486
6363,4.43666666666667,5.31644681655992,0.87978014989325
6364,4.03341666666667,5.32440812031543,1.29099145364876
6365,3.58808333333333,5.33296079594381,1.74487746261048
6366,3.35533333333333,5.34198964165813,1.9866563083248
6367,3.4965,5.35138785227172,1.85488785227172
6368,3.66025,5.36105701919818,1.70080701919818
6369,3.7445,5.37090713045134,1.62640713045134
6370,3.74225,5.38085657064534,1.63860657064534
6371,3.76,5.39083212099454,1.63083212099454
6372,3.73766666666667,5.40076895931359,1.66310229264692
6373,3.672,5.41061066001738,1.73861066001738
6374,3.641,5.42030919412108,1.77930919412108
6375,3.64625,5.42982492924011,1.78357492924011
6376,3.47525,5.43912662959017,1.96387662959017
6377,3.45683333333333,5.4481914559872,1.99135812265387
6378,3.6275,5.45700496584742,1.82950496584742
6379,3.78391666666667,5.46556111318729,1.68164444652062
6380,4.08183333333333,5.47386224862356,1.39202891529023
6381,4.40616666666667,5.48191911937323,1.07575245270656
6382,4.58158333333333,5.48975086925355,0.908167535920218
6383,4.64541666666667,5.49738503868205,0.851968372015376
6384,4.81483333333333,5.50485756467651,0.690024231343177
6385,4.744,5.51221278085498,0.768212780854977
6386,4.4305,5.51950341743577,1.08900341743577
6387,4.33766666666667,5.52679060123745,1.18912393457078
6388,3.9835,5.53414385567885,1.55064385567885
6389,3.66041666666667,5.54164110077908,1.88122443411241
6390,3.35733333333333,5.54936865315748,2.19203531982415
6391,3.12316666666667,5.55742122603369,2.43425455936702
6392,2.92675,5.56590192922757,2.63915192922757
6393,2.80125,5.57492226915928,2.77367226915928
6394,2.82675,5.58460214884922,2.75785214884922
6395,2.8755,5.59506986791806,2.71956986791806
6396,2.98183333333333,5.60644990277488,2.62461656944155
6397,3.15708333333333,5.61768747284773,2.4606041395144
6398,3.30075,5.628143724133,2.327393724133
6399,3.48558333333333,5.63796698663068,2.15238365329735
6400,3.78658333333333,5.64729404051987,1.86071070718654
6401,4.09891666666667,5.65625011615875,1.55733344949208
6402,4.20975,5.66494889408459,1.45519889408459
6403,4.57675,5.67349250501375,1.09674250501375
6404,5.16166666666667,5.68197152984169,0.520304863175019
6405,5.58091666666667,5.69046499964295,0.109548332976281
6406,5.90891666666667,5.69904039567117,-0.209876270995497
6407,6.12558333333333,5.70775364935909,-0.417829683974245
6408,6.26383333333333,5.7166491423185,-0.547184191014825
6409,6.38983333333333,5.72575970634034,-0.664073626992986
6410,6.23158333333333,5.7351066233946,-0.496476709938726
6411,6.08375,5.74469962563038,-0.339050374369622
6412,5.94075,5.75453689537585,-0.186213104624149
6413,5.79308333333333,5.7646050651383,-0.0284782681950331
6414,5.66816666666667,5.77487921760408,0.106712550937414
6415,5.53525,5.78532288563867,0.250072885638668
6416,5.41475,5.7958880522866,0.381138052286599
6417,5.28166666666667,5.80651515077152,0.524848484104846
6418,5.18783333333333,5.81713306449615,0.629299731162822
6419,5.023,5.82765912704233,0.80465912704233
6420,4.88866666666667,5.83799912217096,0.949332455504291
6421,4.81566666666667,5.84804728382205,1.03238061715538
6422,4.63675,5.8576862961147,1.2209362961147
6423,4.86041666666667,5.86678729334709,1.00637062668042
6424,4.62816666666667,5.8752098599965,1.24704319332983
6425,4.79483333333333,5.8828020307193,1.08796869738597
6426,5.07516666666667,5.88940029035095,0.814233623684278
6427,5.50475,5.894829573906,0.390079573906004
6428,5.81008333333333,5.89900630238272,0.0889229690493876
6429,6.29,5.90245627962654,-0.387543720373455
6430,6.80075,5.90537014478708,-0.895379855212916
6431,6.95091666666667,5.90784408790385,-1.04307257876282
6432,7.11308333333333,5.90996618271891,-1.20311715061442
6433,7.36141666666667,5.91181638667689,-1.44960027998978
6434,7.27933333333333,5.91346654092493,-1.3658667924084
6435,6.97975,5.91498037031277,-1.06476962968723
6436,6.68741666666667,5.91641348339265,-0.771003183274024
6437,6.39116666666667,5.91781337241939,-0.473353294247285
6438,6.178,5.91921941335034,-0.258780586649659
6439,5.97375,5.92066286584542,-0.0530871341545813
6440,5.84133333333333,5.92216687326708,0.0808335399337468
6441,5.71516666666667,5.92374646268032,0.20857979601365
6442,5.666,5.9254085448527,0.2594085448527
6443,5.63216666666667,5.92715191425432,0.29498524758765
6444,5.606,5.92896724905783,0.322967249057831
6445,5.60108333333333,5.93083711113843,0.329753777805102
6446,5.57,5.93273594607387,0.362735946073871
6447,5.66758333333333,5.93463008314445,0.267046749811116
6448,5.60741666666667,5.936477735333,0.329061068666332
6449,5.84925,5.93822899932493,0.0889789993249321
6450,6.15441666666667,5.93982585550818,-0.214590811158489
6451,6.53825,5.94120216797324,-0.597047832026761
6452,6.72658333333333,5.94228368451315,-0.784299648820182
6453,7.22666666666667,5.9429880366235,-1.28367863004318
6454,7.47208333333333,5.94322473950242,-1.52885859383091
6455,7.61658333333333,5.94289519205061,-1.67368814128272
6456,7.73375,5.9418926768713,-1.7918573231287
6457,7.71141666666667,5.94010236027026,-1.77131430639641
6458,7.51358333333333,5.93740129225585,-1.57618204107748
6459,7.254,5.93365840653893,-1.32034159346107
6460,6.90975,5.9297841022903,-0.979965897709698
6461,6.54508333333333,5.92710586291103,-0.617977470422299
6462,6.25066666666667,5.92540609412294,-0.325260572543726
6463,5.984,5.92447101869259,-0.0595289813074071
6464,5.75541666666667,5.92410390119488,0.168687234528211
6465,5.61016666666667,5.92412504801306,0.313958381346392
6466,5.502,5.92437180733874,0.422371807338742
6467,5.42658333333333,5.92469856917188,0.498115235838547
6468,5.41941666666667,5.92497676532078,0.505560098654107
6469,5.44266666666667,5.9250948694021,0.482428202735433
6470,5.44658333333333,5.92495839684087,0.478375063507536
6471,5.54866666666667,5.92448990487043,0.375823238203759
6472,5.63833333333333,5.92362899253251,0.28529565919918
6473,5.75766666666667,5.92233230067717,0.164665634010503
6474,5.9075,5.92057351196284,0.0130735119628369
6475,6.40783333333333,5.91834335085627,-0.489489982477058
6476,6.70691666666667,5.9156495836326,-0.791267083034072
6477,7.31525,5.91251701837529,-1.40273298162471
6478,7.55083333333333,5.90898750497617,-1.64184582835716
6479,7.69341666666667,5.90511993513542,-1.78829673153125
6480,7.75941666666667,5.90099024236156,-1.85842642430511
6481,7.80275,5.89669140197147,-1.90605859802853
6482,7.72566666666667,5.89233343109039,-1.83333323557628
6483,7.57725,5.88804338865189,-1.68920661134811
6484,7.29066666666667,5.88396537539791,-1.40670129126876
6485,6.94458333333333,5.88026053387874,-1.06432279945459
6486,6.55775,5.87710980604187,-0.680640193958131
6487,6.23508333333333,5.87472960456546,-0.360353728767871
6488,5.98116666666667,5.87305255819419,-0.108114108472483
6489,5.77325,5.87192589742395,0.0986758974239486
6490,5.61433333333333,5.87120929671657,0.256875963383242
6491,5.51266666666667,5.87077487449982,0.358108207833152
6492,5.41716666666667,5.87050719316739,0.453340526500724
6493,5.36808333333333,5.87030325907892,0.502219925745588
6494,5.29975,5.87007252255996,0.570322522559959
6495,5.34083333333333,5.86973687790201,0.528903544568683
6496,5.39225,5.86923066336251,0.476980663362513
6497,5.4835,5.86850066116482,0.38500066116482
6498,5.69333333333333,5.86750609749823,0.174172764164905
6499,5.85716666666667,5.86621864251799,0.00905197585132012
6500,6.232,5.86462241034525,-0.367377589654751
6501,6.53475,5.86271395906711,-0.672036040932888
6502,6.58891666666667,5.86050229073661,-0.728414375930059
6503,7.04275,5.85800885137271,-1.18474114862729
6504,7.19566666666667,5.85526753096032,-1.34039913570635
6505,7.18208333333333,5.85232466345026,-1.32975866988307
6506,7.23375,5.8492390267593,-1.3845109732407
6507,7.15975,5.84608184277015,-1.31366815722985
6508,6.99791666666667,5.84293677733143,-1.15497988933524
6509,6.77333333333333,5.83989994025772,-0.933433393075607
6510,6.47208333333333,5.83707988532952,-0.635003448003809
6511,6.21325,5.83459761029326,-0.37865238970674
6512,5.99875,5.83258655686131,-0.166163443138688
6513,5.78166666666667,5.83119261071198,0.0495259440453077
6514,5.55891666666667,5.83057410148949,0.271657434822822
6515,5.40416666666667,5.83067645481968,0.426509788153006
6516,5.34025,5.8306990726073,0.490449072607296
6517,5.28808333333333,5.83057490538585,0.542491572052522
6518,5.13,5.83032878137467,0.700328781374675
6519,5.12125,5.82998432279523,0.708734322795229
6520,5.33425,5.82956394587111,0.495313945871108
6521,5.61975,5.82908886082804,0.209338860828039
6522,6.00658333333333,5.82857907189388,-0.178004261439452
6523,6.17858333333333,5.82805337729862,-0.350529956034715
6524,6.69691666666667,5.82752936927437,-0.869387297392299
6525,7.08533333333333,5.8270234340554,-1.25830989927793
6526,7.431,5.82655075187808,-1.60444924812192
6527,7.54666666666667,5.82612529698094,-1.72054136968573
6528,7.80683333333333,5.82575983760461,-1.98107349572872
6529,7.86383333333333,5.82546593599188,-2.03836739734145
6530,7.53566666666667,5.82525394838765,-1.71041271827902
6531,7.42616666666667,5.82513302503898,-1.60103364162769
6532,7.12741666666667,5.82511111019503,-1.30230555647164
6533,6.8145,5.8251949421071,-0.989305057892899
6534,6.41541666666667,5.82539005302864,-0.590026613638031
6535,6.1835,5.82570076921521,-0.357799230784791
6536,5.90375,5.82613021092451,-0.0776197890754888
6537,5.67958333333333,5.82668029241638,0.147096959083046
6538,5.55658333333333,5.82735172195277,0.270768388619437
6539,5.35458333333333,5.82814400179778,0.473560668464448
6540,5.25091666666667,5.82905542821764,0.578138761550965
6541,5.39925,5.8300830914807,0.430833091480695
6542,5.3565,5.83122287585745,0.47472287585745
6543,5.53108333333333,5.83246945962052,0.301386126287187
6544,5.58825,5.83358996177716,0.245339961777164
6545,5.72225,5.8332373663399,0.110987366339897
6546,6.17666666666667,5.83145828489273,-0.345208381773942
6547,6.35575,5.82855497812139,-0.527195021878612
6548,6.70683333333333,5.82480623358207,-0.882027099751262
6549,7.00208333333333,5.82046736570143,-1.1816159676319
6550,7.2125,5.8157702157766,-1.3967297842234
6551,7.67266666666667,5.81092315197518,-1.86174351469149
6552,7.69941666666667,5.80611106933523,-1.89330559733144
6553,7.6135,5.80149538976529,-1.81200461023471
6554,7.57083333333333,5.79721406204434,-1.77361927128899
6555,7.5215,5.79338156182186,-1.72811843817814
6556,7.20708333333333,5.79008889161778,-1.41699444171555
6557,6.823,5.7874035808225,-1.0355964191775
6558,6.43691666666667,5.78536968569689,-0.651546980969776
6559,6.219,5.78400778937229,-0.434992210627708
6560,5.917,5.7833150018505,-0.133684998149501
6561,5.70675,5.78326496000379,0.0765149600037853
6562,5.59866666666667,5.78380782757489,0.185141160908221
6563,5.42241666666667,5.78487029517702,0.362453628510351
6564,5.31241666666667,5.78635558029385,0.473938913627179
6565,5.34858333333333,5.78814342727951,0.439560093946184
6566,5.45541666666667,5.79009010735863,0.334673440691957
6567,5.55425,5.79202841862626,0.237778418626262
6568,5.74558333333333,5.79376768604796,0.0481843527146317
6569,5.89258333333333,5.79509376145974,-0.0974895718735924
6570,6.1095,5.79576902356807,-0.313730976431932
6571,6.4565,5.7955323779499,-0.660967622050102
6572,6.83041666666667,5.79409925705264,-1.03631740961403
6573,7.21141666666667,5.79125105564464,-1.42016561102203
6574,7.4995,5.78781940177981,-1.71168059822019
6575,7.67325,5.78418953756275,-1.88906046243725
6576,7.813,5.78048103761836,-2.03251896238164
6577,7.68391666666667,5.77680088805343,-1.90711577861324
6578,7.81016666666667,5.77324348645666,-2.03692318021001
6579,7.3875,5.76989064189864,-1.61760935810136
6580,7.09491666666667,5.76681157493184,-1.32810509173483
6581,6.7565,5.76406291759065,-0.992437082409347
6582,6.49725,5.76168871339134,-0.73556128660866
6583,6.25383333333333,5.75972041733207,-0.494112916001262
6584,5.92033333333333,5.7581768958929,-0.162156437440434
6585,5.803,5.75706442703578,-0.045935572964221
6586,5.648,5.75637670020456,0.108376700204563
6587,5.52158333333333,5.75609481632499,0.234511482991659
6588,5.43433333333333,5.7561872878047,0.321853954471365
6589,5.31958333333333,5.75661003853321,0.437026705199882
6590,5.2595,5.75730640388197,0.497806403881966
6591,5.57975,5.75820713070427,0.178457130704274
6592,5.66308333333333,5.75923037733535,0.09614704400202
6593,5.9465,5.7602817135923,-0.186218286407698
6594,6.24975,5.76125412077413,-0.488495879225866
6595,6.51541666666667,5.76202799166174,-0.753388675004929
6596,6.83908333333333,5.76247113051791,-1.07661220281542
6597,7.23033333333333,5.76243875308734,-1.46789458024599
6598,7.39366666666667,5.76177348659659,-1.63189318007008
6599,7.39925,5.76030536975415,-1.63894463024585
6600,7.70183333333333,5.75785185275038,-1.94398148058295
6601,7.89475,5.75421782483862,-2.14053217516138
6602,7.725,5.75075886499778,-1.97424113500222
6603,7.55358333333333,5.74875260254146,-1.80483073079187
6604,7.27958333333333,5.7479309764506,-1.53165235688273
6605,6.934,5.74804482759389,-1.18595517240611
6606,6.60375,5.74886389872775,-0.854886101272254
6607,6.27858333333333,5.75017683449636,-0.528406498836973
6608,6.03658333333333,5.75179118143165,-0.284792151901684
6609,5.80458333333333,5.75353338795328,-0.051049945380047
6610,5.65275,5.75524880436869,0.102498804368685
6611,5.47191666666667,5.75680168287302,0.284885016206347
6612,5.34958333333333,5.75807517754919,0.408491844215858
6613,5.26158333333333,5.75897134436785,0.497388011034524
6614,5.16433333333333,5.75941114118742,0.59507780785409
6615,5.38741666666667,5.75933442775403,0.371917761087364
6616,5.58816666666667,5.75869996570159,0.170533299034923
6617,5.84433333333333,5.75748541855174,-0.0868479147815915
6618,6.19166666666667,5.75568735171386,-0.435979314952812
6619,6.52675,5.75332123248509,-0.77342876751491
6620,6.69191666666667,5.75042143005031,-0.941495236616357
6621,7.07516666666667,5.74704121548216,-1.32812545118451
6622,7.4945,5.74325276174099,-1.75124723825901
6623,7.58841666666667,5.73914714367495,-1.84926952299172
6624,7.84666666666666,5.73483433801989,-2.11183232864677
6625,7.84866666666667,5.73044322339942,-2.11822344326725
6626,7.92991666666667,5.72612158032491,-2.20379508634176
6627,7.56833333333333,5.72203609119547,-1.84629724213786
6628,7.14233333333333,5.71837234029794,-1.42396099303539
6629,6.77708333333333,5.71533481380693,-1.0617485195264
6630,6.416,5.71314689978478,-0.702853100215219
6631,6.181,5.71205088818159,-0.468949111818412
6632,5.89625,5.71230797083519,-0.183942029164811
6633,5.64983333333333,5.71371651283407,0.0638831795007446
6634,5.52566666666667,5.71511336460999,0.189446697943323
6635,5.35733333333333,5.71643988053862,0.359106547205294
6636,5.25916666666667,5.71770791830659,0.458541251639918
6637,5.2,5.71892843895982,0.518928438959818
6638,5.42591666666667,5.72011150690357,0.294194840236901
6639,5.42258333333333,5.72126628990242,0.298682956569093
6640,5.25825,5.72240105908027,0.464151059080266
6641,5.57933333333333,5.72352318892032,0.144189855586986
6642,6.07808333333333,5.7246391572651,-0.353444176068226
6643,6.37575,5.72575454531648,-0.649995454683517
6644,6.76966666666667,5.72687403763562,-1.04279262903105
6645,7.227,5.72800142214301,-1.49899857785699
6646,7.41075,5.72913959011847,-1.68161040988153
6647,7.565,5.73029053620111,-1.83470946379889
6648,7.65875,5.73145535838939,-1.92729464161061
6649,7.79991666666667,5.73263425804108,-2.06728240862559
6650,7.74541666666667,5.73382653987326,-2.01159012679341
6651,7.58358333333333,5.73503061196234,-1.84855272137099
6652,7.28225,5.73624398574404,-1.54600601425596
6653,6.9505,5.73746327601341,-1.21303672398659
6654,6.58583333333333,5.73868420092481,-0.847149132408515
6655,6.30483333333333,5.73990158199193,-0.5649317513414
6656,6.047,5.74110934408776,-0.305890655912239
6657,5.83533333333333,5.74230051544463,-0.0930328178887017
6658,5.6585,5.74346722765417,0.0849672276541735
6659,5.49775,5.74460071566736,0.246850715667356
6660,5.35408333333333,5.74569131779445,0.391607984461125
6661,5.31975,5.74672847570507,0.426978475705067
6662,5.241,5.74770073442811,0.506700734428112
6663,5.20908333333333,5.74859574235182,0.539512409018494
6664,5.49166666666667,5.74940025122376,0.257733584557092
6665,5.55991666666667,5.7501001161508,0.190183449484127
6666,6.18625,5.75068029559913,-0.435569704400872
6667,6.48925,5.75104008911812,-0.738209910881878
6668,6.87558333333333,5.75066896082752,-1.12491437250581
6669,7.08041666666667,5.74960426048649,-1.33081240618018
6670,7.48808333333333,5.74798184516265,-1.74010148817068
6671,7.6485,5.74592759463422,-1.90257240536578
6672,7.75983333333333,5.74355741139004,-2.01627592194329
6673,7.88416666666667,5.74097722062957,-2.1431894460371
6674,7.86041666666667,5.73828297026288,-2.12213369640379
6675,7.71475,5.73556063091064,-1.97918936908936
6676,7.39083333333333,5.73288619590417,-1.65794713742916
6677,7.02033333333333,5.73032568128537,-1.29000765204796
6678,6.63641666666667,5.72793512580675,-0.908481540859916
6679,6.31275,5.72576059093147,-0.586989409068531
6680,5.98875,5.72383816083327,-0.264911839166734
6681,5.81783333333333,5.72219394239651,-0.0956393909368236
6682,5.61916666666667,5.72084406521617,0.101677398549501
6683,5.45233333333333,5.71979468159785,0.267461348264521
6684,5.31825,5.71904196655775,0.400791966557753
6685,5.26933333333333,5.71857211782269,0.449238784489364
6686,5.33158333333333,5.71836135583011,0.386778022496782
6687,5.47466666666667,5.71837592372805,0.243709257061379
6688,5.59916666666667,5.71857208737517,0.119405420708499
6689,6.16008333333333,5.71889613534074,-0.441187197992586
6690,6.03808333333333,5.71928437890466,-0.318798954428668
6691,6.2165,5.71966315205743,-0.496836847942573
6692,6.65358333333333,5.71994881150015,-0.933634521833179
6693,6.98691666666667,5.72004773664457,-1.26686893002211
6694,7.40575,5.71985632961301,-1.68589367038699
6695,7.70483333333333,5.71926101523844,-1.98557231809488
6696,7.8645,5.71813824106444,-2.14636175893556
6697,8.13708333333333,5.71635447734517,-2.42072885598816
6698,8.02066666666667,5.71376621704544,-2.30690044962123
6699,7.76341666666667,5.71090924250155,-2.05250742416512
6700,7.44475,5.70904602761997,-1.73570397238003
6701,7.11283333333333,5.70804442250277,-1.40478891083056
6702,6.72933333333333,5.7077399507324,-1.02159338260093
6703,6.38225,5.70798067022804,-0.674269329771964
6704,6.08308333333333,5.7086271732456,-0.374456160087727
6705,5.81183333333333,5.70955258637779,-0.102280746955538
6706,5.58841666666667,5.71064257055404,0.122225903887371
6707,5.41125,5.71179532104054,0.300545321040544
6708,5.30366666666667,5.71292156744024,0.409254900773572
6709,5.16441666666667,5.71394457369284,0.549527907026165
6710,5.07466666666667,5.71480013807477,0.640133471408102
6711,5.36766666666667,5.71543659319925,0.347769926532584
6712,5.28891666666667,5.71581480601624,0.42689813934957
6713,5.4785,5.71590817781243,0.237408177812434
6714,5.7245,5.7157026442113,-0.00879735578870022
6715,5.99258333333333,5.71519667517305,-0.27738665816028
6716,6.26116666666667,5.71440127499465,-0.546765391672021
6717,6.51191666666667,5.71333998230982,-0.798576684356851
6718,6.72175,5.71204887008903,-1.00970112991097
6719,6.95225,5.7105765456395,-1.2416734543605
6720,7.13116666666667,5.70898415060522,-1.42218251606145
6721,7.2785,5.70734536096692,-1.57115463903309
6722,7.23191666666667,5.70574638704206,-1.52617027962461
6723,7.14925,5.7042859734849,-1.4449640265151
6724,6.97433333333333,5.70307539928642,-1.27125793404691
6725,6.72466666666667,5.70223847777435,-1.02242818889232
6726,6.42958333333333,5.7019115566132,-0.727671776720129
6727,6.17275,5.70224351780421,-0.470506482195789
6728,5.96016666666667,5.70323397036998,-0.256932696296687
6729,5.77708333333333,5.70444724040695,-0.072636092926377
6730,5.55883333333333,5.70581050316516,0.146977169831832
6731,5.45275,5.70728684491633,0.254536844916334
6732,5.31433333333333,5.70884245550435,0.394509122171016
6733,5.20366666666667,5.71044662834523,0.506779961678559
6734,5.14916666666667,5.71207176042717,0.562905093760499
6735,5.1755,5.7136933523105,0.538193352310503
6736,5.38583333333333,5.71529000812773,0.329456674794399
6737,5.70683333333333,5.71684343558349,0.0100101022501589
6738,5.935,5.71833844595459,-0.216661554045411
6739,6.30258333333333,5.71976295408998,-0.582820379243349
6740,6.73225,5.72110797841078,-1.01114202158922
6741,6.94816666666667,5.72236764091024,-1.22579902575643
6742,7.24583333333333,5.72353916715379,-1.52229416617954
6743,7.48775,5.724622886279,-1.763127113721
6744,7.668,5.72562223099559,-1.94237776900441
6745,7.78525,5.72654373758545,-2.05870626241455
6746,7.618,5.72739704590261,-1.89060295409739
6747,7.37008333333333,5.72819489937325,-1.64188843396008
6748,7.10941666666667,5.72895314499572,-1.38046352167095
6749,6.79441666666667,5.72969073334052,-1.06472593332615
6750,6.51625,5.7304297185503,-0.785820281449702
6751,6.23616666666667,5.73119525833986,-0.504971408326814
6752,5.95941666666667,5.73201561399616,-0.227401052670513
6753,5.78883333333333,5.73292215037831,-0.0559111829550183
6754,5.63525,5.73394933591759,0.0986993359175878
6755,5.55791666666667,5.73513474261741,0.177218075950736
6756,5.46908333333333,5.73651904605334,0.267435712720013
6757,5.4175,5.73814602537313,0.320646025373127
6758,5.30275,5.74006256329664,0.437312563296643
6759,5.64066666666667,5.74222859040603,0.101561923739359
6760,5.58266666666667,5.74387994302326,0.161213276356593
6761,6.12391666666667,5.7449238141811,-0.378992852485572
6762,5.91891666666667,5.74546930008045,-0.17344736658622
6763,5.86825,5.74561825595259,-0.122631744047412
6764,5.125,5.74546529605914,0.620465296059139
6765,4.57641666666667,5.74509779369209,1.16868112702542
6766,3.876,5.74459588117378,1.86859588117378
6767,3.322,5.7440324498569,2.4220324498569
6768,3.17875,5.7434731501245,2.5647231501245
6769,3.11225,5.74297639139,2.63072639139
6770,2.76358333333333,5.74259334209716,2.97901000876383
6771,3.01158333333333,5.7423679297201,2.73078459638677
6772,3.01625,5.7423368407633,2.7260868407633
6773,3.29591666666667,5.74252952076159,2.44661285409493
6774,3.87508333333333,5.74296817428017,1.86788484094684
6775,4.06725,5.74366776491458,1.67641776491458
6776,4.17183333333333,5.74463601529071,1.57280268195738
6777,4.1625,5.74587340706484,1.58337340706484
6778,4.24558333333333,5.74737318092358,1.50178984759025
6779,4.23658333333333,5.7491213365839,1.51253800325057
6780,4.25808333333333,5.75109663279312,1.49301329945979
6781,4.36266666666667,5.75327058732894,1.39060392066227
6782,4.291,5.75560747699939,1.46460747699939
6783,4.45366666666667,5.75806433764287,1.3043976709762
6784,4.6025,5.76059096412813,1.15809096412813
6785,5.088,5.76312991035429,0.675129910354289
6786,5.57366666666667,5.7656164892508,0.191949822584134
6787,5.83158333333333,5.7679787727775,-0.0636045605558282
6788,6.11258333333333,5.77013759192456,-0.34244574140877
6789,6.29925,5.77200653671251,-0.527243463287485
6790,6.5085,5.77349195619226,-0.735008043807745
6791,6.58225,5.77449295844503,-0.807757041554969
6792,6.68766666666667,5.77490141058244,-0.912765256084226
6793,6.72183333333333,5.77460193874646,-0.947231394586873
6794,6.90533333333333,5.77409519476314,-1.13123813857019
6795,6.65708333333333,5.77455188631491,-0.882531447018423
6796,6.43858333333333,5.77581579805764,-0.662767535275695
6797,6.25833333333333,5.77769881129123,-0.480634522042104
6798,6.092,5.78002712694358,-0.311972873056419
6799,5.90891666666667,5.7826412655706,-0.126275401096068
6800,5.68791666666667,5.7853960673562,0.0974794006895268
6801,5.5115,5.78816069211227,0.276660692112272
6802,5.3675,5.79081861927874,0.423318619278738
6803,5.27775,5.79326764792351,0.515517647923505
6804,5.195,5.79541989674249,0.600419896742489
6805,5.16841666666667,5.7972018040596,0.628785137392933
6806,5.19533333333333,5.79855412782677,0.603220794493436
6807,5.27225,5.7994319456239,0.527181945623896
6808,5.30725,5.79980465465891,0.492554654658915
6809,5.46125,5.79965597176775,0.338405971767746
6810,5.74441666666667,5.79898393341431,0.0545672667476449
6811,5.96,5.79780089569055,-0.162199104309453
6812,6.25275,5.79613353431637,-0.456616465683627
6813,6.7475,5.79402284463972,-0.953477155360278
6814,7.0595,5.79152414163653,-1.26797585836347
6815,7.37241666666667,5.78870705991073,-1.58370960675594
6816,7.49775,5.78565555369425,-1.71209444630575
6817,7.49808333333333,5.78246789684705,-1.71561543648628
6818,7.4735,5.77925668285705,-1.69424331714295
6819,7.1625,5.7761488248402,-1.3863511751598
6820,6.89316666666667,5.77328555554044,-1.11988111112623
6821,6.61808333333333,5.77082242732973,-0.847260906003599
6822,6.33658333333333,5.76892931220801,-0.567654021125323
6823,6.06266666666667,5.76779040180322,-0.294876264863448
6824,5.8255,5.76760420737133,-0.0578957926286705
6825,5.618,5.76858355979628,0.150583559796281
6826,5.44566666666667,5.77055153564572,0.324884868979049
6827,5.31616666666667,5.77241619319024,0.456249526523568
6828,5.18616666666667,5.7741177780802,0.587951111413529
6829,5.13733333333333,5.77567620356939,0.638342870236057
6830,5.1185,5.77711036673056,0.658610366730557
6831,5.11333333333333,5.77843814845544,0.665104815122105
6832,5.22483333333333,5.77967641345472,0.554843080121392
6833,5.50883333333333,5.78084101025809,0.272007676924758
6834,5.57075,5.78194677121417,0.211196771214174
6835,5.68408333333333,5.7830075124906,0.0989241791572653
6836,5.88841666666667,5.78403603407393,-0.104380632592735
6837,6.09841666666667,5.78504411976975,-0.313372546896921
6838,6.31491666666667,5.78604253720257,-0.528874129464102
6839,6.46133333333333,5.78704103781589,-0.67429229551744
6840,6.64483333333333,5.78804835687219,-0.856784976461143
6841,6.64091666666667,5.7890722134529,-0.851844453213769
6842,6.62375,5.79011931045845,-0.833630689541553
6843,6.50741666666667,5.79119533460821,-0.716221332058459
6844,6.32141666666667,5.79230495644055,-0.529111710226119
6845,6.10766666666667,5.79345183031279,-0.314214836353877
6846,5.92525,5.79463859440124,-0.130611405598757
6847,5.71091666666667,5.79586687070117,0.0849502040344978
6848,5.51358333333333,5.79713726502681,0.283553931693484
6849,5.38825,5.7984493670114,0.410199367011396
6850,5.24541666666667,5.7998017501071,0.55438508344043
6851,5.17133333333333,5.80119197158509,0.629858638251757
6852,5.128,5.80261657253548,0.674616572535483
6853,5.14858333333333,5.80407107786739,0.655487744534062
6854,5.09541666666667,5.80554999630889,0.710133329642217
6855,5.11033333333333,5.80704682040701,0.696713487073682
6856,5.10683333333333,5.80855402652778,0.701720693194452
6857,5.33866666666667,5.81006307485619,0.471396408189515
6858,5.66616666666667,5.81141853589733,0.145251869230658
6859,6.08475,5.81189286614166,-0.272857133858341
6860,6.44308333333333,5.81152715623479,-0.631556177098539
6861,6.50141666666667,5.81047640908576,-0.690940257580912
6862,6.90058333333333,5.80888479781762,-1.09169853551571
6863,6.91333333333333,5.80688566576746,-1.10644766756587
6864,7.03741666666667,5.80460152648641,-1.23281514018026
6865,7.33966666666667,5.80214406373962,-1.53752260292705
6866,7.0925,5.79961413150627,-1.29288586849373
6867,6.90733333333333,5.79710175397959,-1.11023157935374
6868,6.68733333333333,5.79468612556681,-0.892647207766517
6869,6.48708333333333,5.79243561088923,-0.694647722444104
6870,6.2025,5.79040774478214,-0.412092255217862
6871,5.916,5.78864923229489,-0.127350767705112
6872,5.67083333333333,5.78719594869085,0.116362615357524
6873,5.50866666666667,5.78607293944744,0.277406272780765
6874,5.37775,5.78529442025607,0.407544420256071
6875,5.26558333333333,5.78486377702223,0.519280443688896
6876,5.22441666666667,5.7847735658654,0.560356899198728
6877,5.26566666666667,5.78500551311912,0.51933884645245
6878,5.40208333333333,5.78553051533095,0.383447181997619
6879,5.55958333333333,5.78630863926248,0.226725305929149
6880,5.52166666666667,5.78728912188933,0.265622455222663
6881,5.53566666666667,5.78841037040117,0.252743703734495
6882,6.05125,5.78959996220166,-0.261650037798336
6883,6.34975,5.79077464490854,-0.558975355091458
6884,6.61666666666667,5.79184033635355,-0.824826330313116
6885,6.8935,5.79269212458248,-1.10080787541752
6886,7.28558333333333,5.79321426785512,-1.49236906547821
6887,7.5045,5.79328019464533,-1.71121980535467
6888,7.53183333333333,5.79275250364098,-1.73908082969235
6889,7.50416666666667,5.79148296374397,-1.7126837029227
6890,7.37708333333333,5.78945211158469,-1.58763122174864
6891,7.10058333333333,5.78801118205341,-1.31257215127992
6892,6.78908333333333,5.78741379123137,-1.00166954210196
6893,6.51275,5.78750871203654,-0.725241287963462
6894,6.21208333333333,5.78815529610474,-0.423928037228593
6895,5.95941666666667,5.78922347378964,-0.17019319287703
6896,5.75891666666667,5.79059375416278,0.0316770874961083
6897,5.61333333333333,5.79215722501354,0.178823891680211
6898,5.48275,5.79381555284917,0.311065552849174
6899,5.40225,5.79548098289478,0.393230982894777
6900,5.34783333333333,5.79707633909331,0.449243005759982
6901,5.30966666666667,5.79853502410559,0.488868357438923
6902,5.26941666666667,5.79980101931029,0.530384352643622
6903,5.32483333333333,5.80082888480394,0.475995551470607
6904,5.36075,5.80158375940091,0.440833759400914
6905,5.60808333333333,5.80204136063347,0.193958027300136
6906,5.98716666666667,5.80218798475169,-0.184978681914979
6907,6.3375,5.80202050672354,-0.535479493276456
6908,6.48958333333333,5.80154638023484,-0.688036953098491
6909,6.70933333333333,5.80078363768924,-0.908549695644087
6910,6.96341666666667,5.79976089020828,-1.16365577645839
6911,7.02883333333333,5.79851732763134,-1.23031600570199
6912,7.22441666666667,5.79710271851565,-1.42731394815102
6913,7.19258333333333,5.79557741013632,-1.39700592319701
6914,6.83141666666667,5.79401232848629,-1.03740433818038
6915,6.61625,5.79248897827637,-0.823761021723631
6916,6.42383333333333,5.79109944293523,-0.6327338903981
6917,6.20825,5.78994638460939,-0.418303615390608
6918,6.0105,5.78914304416323,-0.221356955836766
6919,5.74016666666667,5.78881324117899,0.0486465745123219
6920,5.54808333333333,5.78909137395676,0.241008040623427
6921,5.36866666666667,5.79000341270673,0.421336746040057
6922,5.25375,5.79103014193101,0.537280141931014
6923,5.22291666666667,5.79209713097523,0.569180464308559
6924,5.11575,5.79321125512416,0.677461255124157
6925,5.1725,5.79437838592006,0.621878385920056
6926,5.07641666666667,5.79560339116265,0.719186724495985
6927,5.37941666666667,5.79689013490916,0.417473468242489
6928,5.19125,5.79824147747424,0.606991477474241
6929,5.243,5.79965927543005,0.556659275430053
6930,5.50041666666667,5.80114438160621,0.300727714939543
6931,5.62933333333333,5.80269664508982,0.173363311756486
6932,5.95708333333333,5.80431491122543,-0.152768422107903
6933,6.01325,5.80599702161509,-0.207252978384915
6934,5.99658333333333,5.8077398141183,-0.188843519215027
6935,6.20416666666667,5.80953912285206,-0.394627543814606
6936,6.39041666666667,5.81138977819083,-0.579026888475845
6937,6.3945,5.81328560676652,-0.581214393233484
6938,6.33366666666667,5.81521943146854,-0.518447235198133
6939,6.17883333333333,5.81718307144377,-0.361650261889564
6940,6.03225,5.81916734209655,-0.213082657903453
6941,5.88166666666667,5.8211620550887,-0.0605046115779695
6942,5.77725,5.82315601833952,0.0459060183395215
6943,5.7165,5.82513703602577,0.108637036025773
6944,5.63125,5.82709190858169,0.195841908581694
6945,5.49158333333333,5.82900643269899,0.337423099365663
6946,5.41791666666667,5.83086540132686,0.412948734660185
6947,5.33241666666667,5.83265260367194,0.500235937005265
6948,5.19833333333333,5.83435082519836,0.636017491865032
6949,5.13075,5.83594184762774,0.705191847627736
6950,5.06166666666667,5.83740644893913,0.775739782272461
6951,5.0745,5.83872440336909,0.764224403369094
6952,4.98775,5.83987448141164,0.852124481411643
6953,5.14791666666667,5.84083444981827,0.6929177831516
6954,5.48608333333333,5.84158107159794,0.355497738264609
6955,5.82316666666667,5.84209010601709,0.0189234393504165
6956,6.10075,5.84236221127713,-0.258387788722872
6957,6.41366666666667,5.84280841392601,-0.570858252740664
6958,6.49766666666667,5.84353565836,-0.654131008306666
6959,6.82691666666667,5.84449012341145,-0.982426543255216
6960,6.89516666666667,5.84562163938788,-1.04954502727879
6961,6.94775,5.84688368807198,-1.10086631192802
6962,6.73941666666667,5.84823340272164,-0.891183263945027
6963,6.36275,5.84963156806995,-0.513118431930047
6964,5.67925,5.85104262032517,0.171792620325171
6965,4.11891666666667,5.85243464717074,1.73351798050407
6966,2.77191666666667,5.8537793877653,3.08186272109863
6967,2.226,5.85505223274267,3.62905223274267
6968,1.71975,5.85623222421186,4.13648222421186
6969,1.3785,5.85730205575704,4.47880205575704
6970,0.978583333333333,5.85824807243761,4.87966473910428
6971,0.757833333333333,5.85906027078813,5.1012269374548
6972,0.984,5.85973229881834,4.87573229881834
6973,0.96425,5.86026145601318,4.89601145601318
6974,0.788583333333333,5.86064869333277,5.07206535999943
6975,2.47158333333333,5.86089861321241,3.38931527987908
6976,2.65833333333333,5.8610194695626,3.20268613622927
6977,3.20375,5.86102316776901,2.65727316776901
6978,3.63091666666667,5.86092526469252,2.23000859802585
6979,4.13716666666667,5.86074496866916,1.72357830200249
6980,4.5835,5.86050513951017,1.27700513951017
6981,5.06891666666667,5.86023228850198,0.791315621835313
6982,5.47425,5.85995657840619,0.385706578406193
6983,5.8075,5.8597118234596,0.0522118234595963
6984,5.84291666666667,5.85953548937417,0.0166188227075015
6985,5.85908333333333,5.85946869333708,0.000385360003752666
6986,5.83733333333333,5.85955620401068,0.02222287067735
6987,5.68883333333333,5.8598464415325,0.171013108199169
6988,5.40666666666667,5.86039147751526,0.453724810848592
6989,5.08033333333333,5.86124903956869,0.780915706235358
6990,4.70233333333333,5.86283941207919,1.16050607874586
6991,4.39758333333333,5.86533519639367,1.46775186306034
6992,4.12591666666667,5.86858153968973,1.74266487302306
6993,3.93441666666667,5.87243378445203,1.93801711778536
6994,3.85533333333333,5.87675746847229,2.02142413513896
6995,3.79191666666667,5.88142832484929,2.08951165818262
6996,3.756,5.88633228198884,2.13033228198884
6997,3.74158333333333,5.89136546360384,2.14978213027051
6998,3.83191666666667,5.89643418871421,2.06451752204754
6999,3.91616666666667,5.90145497164696,1.98528830498029
7000,4.00341666666667,5.90635452203612,1.90293785536945
7001,4.39591666666667,5.9110697448228,1.51515307815613
7002,4.73083333333333,5.91554774025516,1.18471440692183
7003,5.01675,5.91974580388841,0.902995803888412
7004,5.34158333333333,5.92363142658481,0.582048093251484
7005,5.62808333333333,5.92718229451369,0.299098961180363
7006,5.94175,5.93038628915142,-0.0113637108485758
7007,6.18916666666667,5.93324148728144,-0.255925179385231
7008,6.30716666666667,5.93575616099422,-0.371410505672445
7009,6.28466666666667,5.93794877768732,-0.346717888979349
7010,6.185,5.93984800006533,-0.245151999934675
7011,6.078,5.94149268613989,-0.136507313860112
7012,5.90533333333333,5.94293188922972,0.0375985558963858
7013,5.819,5.94422485796057,0.125224857960569
7014,5.652,5.94544103626526,0.293441036265264
7015,5.43825,5.94666006338367,0.50841006338367
7016,5.23975,5.94797177386272,0.708221773862715
7017,5.07116666666667,5.94947619755638,0.878309530889707
7018,4.93783333333333,5.95128355962569,1.01345022629236
7019,4.79066666666667,5.95351428053875,1.16284761387208
7020,4.70891666666667,5.9562989760707,1.24738230940403
7021,4.64625,5.95977845730375,1.31352845730374
7022,4.5575,5.96410373062713,1.40660373062713
7023,4.62716666666667,5.96845226024111,1.34128559357444
7024,4.63966666666667,5.9714127364959,1.33174606982923
7025,4.89841666666667,5.97320009881794,1.07478343215127
7026,5.11366666666667,5.97403781198997,0.860371145323304
7027,5.41866666666667,5.97413328188279,0.555466615216122
7028,5.788,5.97367785545523,0.185677855455229
7029,5.94908333333333,5.97284682075417,0.0237634874208439
7030,6.17591666666667,5.97179940691457,-0.204117259752103
7031,6.40866666666667,5.9706787841594,-0.437987882507268
7032,6.56033333333333,5.96961206379972,-0.590721269533612
7033,6.65591666666667,5.96871029823461,-0.687206368432059
7034,6.45925,5.96806848095122,-0.491181519048776
7035,6.33658333333333,5.96776554652476,-0.368817786808575
7036,6.15425,5.96786437061845,-0.18638562938155
7037,5.90658333333333,5.96841176998361,0.061828436650277
7038,5.71466666666667,5.96943850245958,0.254771835792906
7039,5.467,5.97095926697376,0.503959266973756
7040,5.18441666666667,5.9729727035416,0.788556036874929
7041,4.99475,5.97546139326661,0.980711393266609
7042,4.82283333333333,5.97839185834034,1.15555852500701
7043,4.71316666666667,5.98171456204239,1.26854789537572
7044,4.62675,5.98536390874043,1.35861390874043
7045,4.57775,5.98925824389015,1.41150824389015
7046,4.64833333333333,5.99329985403532,1.34496652070199
7047,4.74208333333333,5.99737496680774,1.25529163347441
7048,4.60941666666667,6.00135375092729,1.39193708426062
7049,4.83975,6.00509031620186,1.16534031620186
7050,5.25858333333333,6.00842271352742,0.749839380194087
7051,5.56133333333333,6.01117293488798,0.44983960155465
7052,5.97916666666667,6.01314691335562,0.0339802466889463
7053,6.41308333333333,6.01421575325181,-0.398867580081518
7054,6.88533333333333,6.01496561043428,-0.870367722899047
7055,7.05883333333333,6.01559375461888,-1.04323957871445
7056,7.20533333333333,6.01614041640905,-1.18919291692428
7057,7.38666666666667,6.01664204787417,-1.3700246187925
7058,7.28,6.0171313225495,-1.2628686774505
7059,7.13825,6.01763713543625,-1.12061286456375
7060,6.89816666666667,6.01818460300152,-0.879982063665154
7061,6.65633333333333,6.01879506317832,-0.637538270155014
7062,6.39408333333333,6.01948607536558,-0.374597257967746
7063,6.12758333333333,6.02027142042816,-0.107311912905166
7064,5.86358333333333,6.02116110069682,0.157577767363487
7065,5.64583333333333,6.02216133996822,0.376328006634886
7066,5.4765,6.02327458350495,0.546774583504946
7067,5.34083333333334,6.02449949803551,0.683666164702165
7068,5.32025,6.02583097175431,0.70558097175431
7069,5.34616666666667,6.02726011432168,0.681093447655015
7070,5.31675,6.02877425686387,0.712024256863869
7071,5.35425,6.03035695197302,0.676106951973018
7072,5.40875,6.0319879737072,0.623237973707197
7073,5.6865,6.03364331759039,0.347143317590389
7074,5.94066666666667,6.03529520061248,0.0946285339458148
7075,6.105,6.03691206122929,-0.0680879387707076
7076,6.461,6.03845855936254,-0.422541440637465
7077,6.67758333333333,6.03989557639985,-0.637687756933484
7078,6.83858333333333,6.04118021519477,-0.797403118138558
7079,6.87833333333333,6.04226580006678,-0.836067533266554
7080,7.04966666666667,6.04310187680123,-1.00656478986544
7081,7.03891666666667,6.04363421264943,-0.995282454017242
7082,6.94091666666667,6.04380479632857,-0.897111870338104
7083,6.81108333333333,6.04355183802176,-0.767531495311568
7084,6.63816666666667,6.04348357888731,-0.594683087779358
7085,6.44916666666667,6.04428686011194,-0.404879806554735
7086,6.21233333333333,6.04582371280804,-0.16650962052529
7087,5.97,6.04796310983313,0.0779631098331262
7088,5.76625,6.05058253294594,0.284332532945941
7089,5.63583333333333,6.05356797280648,0.41773463947315
7090,5.52666666666667,6.05681392897598,0.530147262309313
7091,5.48825,6.06022340991694,0.571973409916938
7092,5.48716666666667,6.06370793299308,0.576541266326409
7093,5.59366666666667,6.06718752446938,0.473520857802715
7094,5.57441666666667,6.07059071951208,0.496174052845415
7095,5.66708333333333,6.07385456218865,0.406771228855322
7096,5.84175,6.07692460546781,0.235174605467806
7097,5.97991666666667,6.07975491121951,0.0998382445528447
7098,6.28158333333333,6.08230805021499,-0.199275283118339
7099,6.45983333333333,6.0845551021267,-0.375278231206635
7100,6.81708333333333,6.08647565552833,-0.730607677804995
7101,7.07583333333333,6.08805780789486,-0.987775525438469
7102,7.29408333333333,6.08929816560248,-1.20478516773085
7103,7.38591666666667,6.09020184392863,-1.29571482273805
7104,7.56016666666667,6.090782467052,-1.46938419961467
7105,7.6515,6.09106216805255,-1.56043783194745
7106,7.58541666666667,6.09107158891144,-1.49434507775523
7107,7.3925,6.09084988051113,-1.30165011948887
7108,7.16108333333333,6.09044470263528,-1.07063863069806
7109,6.90166666666666,6.08991222396882,-0.811754442697844
7110,6.6645,6.08931712209792,-0.57518287790208
7111,6.45225,6.08873258351001,-0.363517416489991
7112,6.27858333333333,6.08824030359375,-0.190343029739582
7113,6.16966666666667,6.08793048663905,-0.0817361800276215
7114,6.0755,6.08790184583707,0.0124018458370694
7115,6.00841666666667,6.08826160328022,0.0798449366135472
7116,6.01366666666667,6.08912548996214,0.0754588232954747
7117,6.04775,6.09061774577775,0.0428677457777491
7118,6.04,6.09243995892167,0.0524399589216662
7119,6.13583333333333,6.0931598043297,-0.0426735290036273
7120,6.09658333333333,6.09282406715009,-0.00375926618323952
7121,6.17808333333333,6.09161982647274,-0.0864635068605946
7122,6.29266666666667,6.08972238970636,-0.202944276960313
7123,6.65758333333333,6.08729529257849,-0.570288040754836
7124,6.97258333333333,6.0844902991355,-0.888093034197833
7125,7.31575,6.08144740174253,-1.23430259825747
7126,7.57475,6.07829482108359,-1.49645517891641
7127,7.67825,6.07514900616145,-1.60310099383855
7128,7.91775,6.07211463429775,-1.84563536570225
7129,7.92066666666667,6.0692846111329,-1.85138205553377
7130,7.86191666666667,6.06674007062615,-1.79517659604052
7131,7.62141666666667,6.06455037505556,-1.55686629161111
7132,7.42325,6.06277311501802,-1.36047688498198
7133,7.14675,6.06145410942919,-1.08529589057081
7134,6.87066666666667,6.0606274055236,-0.810039261143068
7135,6.63058333333333,6.06031527885457,-0.570268054478763
7136,6.44858333333333,6.06052823329422,-0.388055100039106
7137,6.30008333333333,6.06126500103352,-0.238818332299805
7138,6.19158333333333,6.06251254258224,-0.129070790751093
7139,6.09525,6.06424604676895,-0.0310039532310533
7140,6.06366666666667,6.06642893074105,0.00276226407437985
7141,6.02566666666667,6.06901283996476,0.0433461732980911
7142,6.02766666666667,6.07193764822511,0.0442709815584399
7143,6.186,6.07513145762594,-0.110868542374058
7144,6.11375,6.07851059858992,-0.0352394014100819
7145,6.24483333333334,6.08197962985851,-0.162853703474827
7146,6.4785,6.08543133849202,-0.393068661507981
7147,6.78533333333333,6.08874673986954,-0.696586593463787
7148,7.1935,6.09179507768901,-1.10170492231099
7149,7.49775,6.09443382396715,-1.40331617603285
7150,7.71383333333333,6.09650867903952,-1.61732465429381
7151,7.8715,6.09785357156049,-1.77364642843951
7152,7.98158333333333,6.09829065850324,-1.88329267483009
7153,8.05358333333333,6.09763032515978,-1.95595300817355
7154,7.946,6.09567118514091,-1.85032881485909
7155,7.76891666666667,6.0931201607177,-1.67579650594897
7156,7.51816666666667,6.09138560720952,-1.42678105945715
7157,7.25708333333333,6.09038337115025,-1.16669996218308
7158,6.96941666666666,6.09000950333873,-0.879407163327927
7159,6.72908333333333,6.09016610555185,-0.638917227781483
7160,6.53233333333333,6.09076133054449,-0.441572002788836
7161,6.38483333333333,6.0917093820496,-0.293123951283731
7162,6.2435,6.09293051477811,-0.150569485221892
7163,6.17725,6.09435103441899,-0.0828989655810073
7164,6.13091666666667,6.09590329763925,-0.0350133690274239
7165,6.08025,6.09752571208388,0.017275712083884
7166,6.14491666666667,6.09916273637595,-0.0457539302907239
7167,6.14758333333333,6.1007648801165,-0.0468184532168348
7168,6.33783333333333,6.10228870388462,-0.235544629448714
7169,6.47516666666667,6.10369681923742,-0.371469847429253
7170,6.65641666666667,6.10495788871003,-0.55145877795664
7171,6.94266666666667,6.10604662581561,-0.836620040851059
7172,7.26583333333333,6.10694379504534,-1.15888953828799
7173,7.58141666666667,6.1076362118684,-1.47378045479827
7174,7.79725,6.10811674273204,-1.68913325726796
7175,7.88616666666667,6.1083843050615,-1.77778236160517
7176,8.066,6.10844386726004,-1.95755613273997
7177,8.11291666666667,6.10830644870895,-2.00461021795772
7178,8.04741666666667,6.10798911976756,-1.93942754689911
7179,7.80108333333333,6.10751500177321,-1.69356833156012
7180,7.51158333333333,6.10691326704124,-1.40467006629209
7181,7.229,6.10621913886506,-1.12278086113494
7182,6.963,6.10547389151607,-0.857526108483932
7183,6.69233333333333,6.10472485024369,-0.587608483089639
7184,6.50675,6.10402539127539,-0.402724608724612
7185,6.37933333333333,6.10343494181663,-0.275898391516695
7186,6.29366666666667,6.10301898005093,-0.19064768661574
7187,6.24016666666667,6.1028490351398,-0.137317631526869
7188,6.1825,6.10300268722279,-0.0794973127772112
7189,6.22683333333333,6.10356356741747,-0.123269765915864
7190,6.21516666666667,6.10462135781942,-0.110545308847246
7191,6.22408333333333,6.10604122928152,-0.118042104051808
7192,6.35525,6.10658213103038,-0.248667868969623
7193,6.51475,6.10617588779591,-0.408574112204093
7194,6.71966666666667,6.10497245062055,-0.614694216046118
7195,6.97491666666667,6.10311271880598,-0.871803947860693
7196,7.20366666666667,6.10072853991308,-1.10293812675359
7197,7.49708333333334,6.09794270976198,-1.39914062357136
7198,7.65158333333333,6.09486897243203,-1.5567143609013
7199,7.82316666666667,6.0916120202618,-1.73155464640487
7200,8.0245,6.08826749384911,-1.93623250615089
7201,8.10341666666667,6.08492198205098,-2.01849468461569
7202,7.99825,6.08165302198367,-1.91659697801633
7203,7.76175,6.07852909902269,-1.68322090097731
7204,7.51966666666667,6.07560964680273,-1.44405701986394
7205,7.28025,6.07294504721775,-1.20730495278225
7206,7.00091666666667,6.07057663042091,-0.930340036245758
7207,6.77808333333333,6.06853667482462,-0.709546658508707
7208,6.59733333333333,6.06684840710051,-0.530484926232821
7209,6.4595,6.06552600217942,-0.393973997820578
7210,6.33391666666667,6.06457458325145,-0.269342083415222
7211,6.26708333333333,6.06399022176589,-0.203093111567436
7212,6.20158333333333,6.0637599374313,-0.13782339590203
7213,6.17383333333333,6.06386169821543,-0.109971635117898
7214,6.21683333333333,6.06426442034528,-0.152568912988047
7215,6.38933333333333,6.06492796830707,-0.324405365026257
7216,6.25916666666667,6.06580315484625,-0.193363511820417
7217,6.30791666666667,6.0668317409675,-0.241084925699171
7218,6.4325,6.06794643593471,-0.364553564065286
7219,6.64691666666667,6.06907089727103,-0.577845769395639
7220,6.78308333333333,6.07011973075881,-0.712963602574519
7221,6.86516666666666,6.07099849043964,-0.794168176227021
7222,6.97316666666667,6.07160367861433,-0.901562988052338
7223,7.15933333333333,6.07182274584293,-1.0875105874904
7224,7.29966666666666,6.07153409094471,-1.22813257572195
7225,7.35083333333333,6.07066434100482,-1.28016899232851
7226,7.27833333333333,6.0701524143108,-1.20818091902253
7227,7.17641666666667,6.07030099189861,-1.10611567476806
7228,7.07925,6.07101960992479,-1.00823039007521
7229,6.94441666666667,6.07222270231824,-0.872193964348432
7230,6.7945,6.07382960078021,-0.720670399219792
7231,6.64508333333333,6.07576453478431,-0.569318798549023
7232,6.48583333333333,6.0779566315765,-0.407876701756834
7233,6.34325,6.08033991617509,-0.262910083824907
7234,6.26366666666667,6.08285331137077,-0.180813355295896
7235,6.20566666666667,6.08544063772657,-0.120226028940105
7236,6.1795,6.08805061357785,-0.0914493864221457
7237,6.16766666666667,6.09063685503238,-0.07702981163429
7238,6.1655,6.09315787597024,-0.0723421240297615
7239,6.22191666666667,6.09557708804388,-0.126339578622789
7240,6.3545,6.09786280067811,-0.256637199321886
7241,6.46125,6.0999882210701,-0.361261778929898
7242,6.70858333333333,6.10193145418936,-0.60665187914397
7243,7.02666666666667,6.10367550277776,-0.922991163888907
7244,7.31583333333333,6.10520826734954,-1.21062506598379
7245,7.56433333333333,6.10652254619127,-1.45781078714206
7246,7.74383333333333,6.10761603536191,-1.63621729797142
7247,7.97325,6.10849132869273,-1.86475867130727
7248,8.78475,6.1091559177874,-2.6755940822126
7249,8.96458333333333,6.10962219202192,-2.85496114131141
7250,8.92391666666667,6.10990743854465,-2.81400922812202
7251,8.76016666666667,6.11003384227631,-2.65013282439036
7252,8.57216666666667,6.11002848590998,-2.46213818075669
7253,8.36025,6.10992334991107,-2.25032665008893
7254,8.15183333333333,6.10975531251738,-2.04207802081595
7255,7.95066666666667,6.10956614973905,-1.84110051692762
7256,7.72283333333333,6.10940253535856,-1.61343079797477
7257,7.52708333333333,6.10931604093078,-1.41776729240255
7258,7.36125,6.1093631357829,-1.2518868642171
7259,7.21658333333333,6.10960518701448,-1.10697814631884
7260,7.11375,6.11010845949746,-1.00364154050254
7261,7.03866666666667,6.11094411587608,-0.927722550790587
7262,6.98466666666667,6.112188216567,-0.872478450099673
7263,6.85525,6.11392171975918,-0.741328280240822
7264,6.67108333333333,6.11592845399558,-0.555154879337748
7265,6.833,6.11691660564913,-0.71608339435087
7266,7.05425,6.11692031748575,-0.937329682514247
7267,7.30666666666667,6.11614950834216,-1.19051715832451
7268,7.59033333333333,6.11479784178871,-1.47553549154462
7269,7.88208333333333,6.11304272612934,-1.76904060720399
7270,8.0305,6.11104531440164,-1.91945468559836
7271,8.17333333333333,6.10895050437682,-2.06438282895651
7272,8.31191666666667,6.10688693855971,-2.20502972810696
7273,8.46941666666667,6.10496700418874,-2.36444966247793
7274,8.37966666666667,6.10328683323599,-2.27637983343068
7275,8.15458333333333,6.10192630240715,-2.05265703092618
7276,7.90608333333333,6.10094903314154,-1.80513430019179
7277,7.63925,6.10040239161208,-1.53884760838792
7278,7.41233333333333,6.10031748872534,-1.31201584460799
7279,7.15016666666667,6.10070918012148,-1.04945748654518
7280,6.934,6.10157606617432,-0.832423933825676
7281,6.73991666666667,6.10290049199128,-0.637016174675393
7282,6.60325,6.10464854741339,-0.498601452586613
7283,6.492,6.10677006701532,-0.385229932984682
7284,6.449,6.10919863010536,-0.339801369894642
7285,6.41191666666667,6.11185156072541,-0.300065105941257
7286,6.37075,6.11462992765102,-0.256120072348983
7287,6.44108333333333,6.11741854439132,-0.32366478894201
7288,6.45066666666667,6.12008596918909,-0.330580697477576
7289,6.60175,6.12248450502074,-0.479265494979261
7290,6.86858333333333,6.12445019959627,-0.744133133737061
7291,7.11,6.12580284535932,-0.984197154640677
7292,7.49133333333333,6.12634597948716,-1.36498735384617
7293,7.807,6.12590148976878,-1.68109851023122
7294,8.03733333333333,6.12495099488247,-1.91238233845086
7295,8.19408333333333,6.12377934577152,-2.07030398756181
7296,8.24933333333333,6.12246148939898,-2.12687184393435
7297,8.44166666666667,6.12106533039199,-2.32060133627468
7298,8.34725,6.11965173104176,-2.22759826895824
7299,8.07675,6.1182745113036,-1.95847548869641
7300,7.81141666666667,6.11698044879686,-1.69443621786981
7301,7.55483333333333,6.11580927880502,-1.43902405452831
7302,7.31133333333333,6.1147936942756,-1.19653963905773
7303,7.0455,6.11395934582023,-0.931540654179769
7304,6.84491666666667,6.1133248417146,-0.731591824952069
7305,6.70883333333333,6.11290174789849,-0.595931585434839
7306,6.63066666666667,6.11269458797576,-0.517972078690911
7307,6.57266666666667,6.11270084321435,-0.459965823452325
7308,6.53683333333333,6.11291095254627,-0.423922380787061
7309,6.53875,6.11330831256763,-0.425441687432368
7310,6.64208333333333,6.11386927753861,-0.528214055794717
7311,6.70658333333333,6.11456315938347,-0.592020173949856
7312,6.81491666666667,6.11535222769056,-0.699564438976114
7313,7.0455,6.11619170971228,-0.929308290287718
7314,7.29191666666667,6.11702979036515,-1.17488687630152
7315,7.58441666666667,6.11780761222975,-1.46660905443692
7316,7.87075,6.11845927555075,-1.75229072444925
7317,8.12525,6.11891183823688,-2.00633816176312
7318,8.317,6.11908531586098,-2.19791468413902
7319,8.4125,6.11889268165994,-2.29360731834006
7320,8.556,6.11823986653476,-2.43776013346524
7321,8.59825,6.11702575905049,-2.48122424094951
7322,8.44941666666667,6.11514220543629,-2.33427446123038
7323,8.23975,6.11349753135394,-2.12625246864606
7324,7.97291666666667,6.11293309438793,-1.85998357227874
7325,7.69508333333333,6.11323974622432,-1.58184358710901
7326,7.42025,6.11422320301161,-1.30602679698839
7327,7.2145,6.11570404645652,-1.09879595354349
7328,7.04333333333333,6.11751772382393,-0.925815609509396
7329,6.94058333333333,6.11951454793698,-0.821068785396355
7330,6.87841666666667,6.12155969717694,-0.756856969489728
7331,6.81383333333333,6.12353321548333,-0.690300117849996
7332,6.7975,6.12533001235385,-0.672169987646146
7333,6.81675,6.1268598628444,-0.689890137155598
7334,6.85625,6.12804740756908,-0.728202592430924
7335,6.9135,6.12883215270017,-0.784667847299827
7336,7.1015,6.12916846996819,-0.972331530031807
7337,7.23958333333333,6.12902559666183,-1.1105577366715
7338,7.40933333333333,6.12838763562797,-1.28094569770536
7339,7.72041666666667,6.12725355527172,-1.59316311139495
7340,7.91516666666667,6.12563718955636,-1.78952947711031
7341,8.21508333333333,6.12356723800339,-2.09151609532994
7342,8.38166666666667,6.12108726569249,-2.26057940097418
7343,8.51983333333333,6.11825570326156,-2.40157763007177
7344,8.63941666666667,6.11514584690667,-2.52427081975999
7345,8.68466666666667,6.11184585838213,-2.57282080828454
7346,8.60691666666667,6.1084587650004,-2.49845790166627
7347,8.37675,6.10510245963218,-2.27164754036782
7348,8.10291666666667,6.10190970070635,-2.00100696596032
7349,7.81266666666667,6.09902811220999,-1.71363855445668
7350,7.52208333333333,6.09662018368838,-1.42546314964495
7351,7.28008333333333,6.094863270245,-1.18522006308833
7352,7.097,6.09394959254152,-1.00305040745848
7353,6.93475,6.09408623679783,-0.840663763202168
7354,6.86383333333333,6.09498900747054,-0.768844325862792
7355,6.84541666666667,6.09511145598087,-0.750305210685795
7356,6.82508333333333,6.09446459649915,-0.73061873683418
7357,6.819,6.09319624198491,-0.72580375801509
7358,6.8455,6.09144488407512,-0.754055115924879
7359,6.87758333333333,6.08933969308417,-0.78824364024916
7360,6.98991666666667,6.08700051800386,-0.902916148662806
7361,7.20675,6.08453788650343,-1.12221211349657
7362,7.47958333333333,6.08205300492951,-1.39753032840382
7363,7.76333333333333,6.07963775830618,-1.68369557502715
7364,8.1235,6.07737471033492,-2.04612528966508
7365,8.385,6.07533710339463,-2.30966289660537
7366,8.61275,6.07358885854165,-2.53916114145835
7367,8.7875,6.07218457550973,-2.71531542449027
7368,8.88091666666667,6.07116953271002,-2.80974713395665
7369,8.85383333333333,6.07057968723112,-2.78325364610221
7370,8.63783333333333,6.07044167483904,-2.56739165849429
7371,8.4225,6.07077280997719,-2.3517271900228
7372,8.14575,6.07158108576644,-2.07416891423356
7373,7.82808333333333,6.07286517400505,-1.75521815932828
7374,7.53258333333333,6.07461442516869,-1.45796890816464
7375,7.26333333333333,6.0768088684105,-1.18652446492283
7376,7.07583333333333,6.07941921156098,-0.996414121772351
7377,6.94208333333333,6.08240684112809,-0.85967649220524
7378,6.83308333333333,6.0857238222972,-0.747359511036133
7379,6.756,6.08931289893109,-0.66668710106891
7380,6.73975,6.09310749356998,-0.646642506430024
7381,6.69558333333333,6.09703170743148,-0.598551625901847
7382,6.74908333333333,6.10100032041066,-0.648083012922671
7383,6.70033333333333,6.10491879107997,-0.595414542253356
7384,6.82075,6.10868325668932,-0.712066743310683
7385,7.00733333333333,6.11218053316599,-0.895152800167335
7386,7.30075,6.11528811511474,-1.18546188488526
7387,7.60683333333333,6.11787417581769,-1.48895915751564
7388,7.95291666666667,6.11979756723443,-1.83311909943224
7389,8.25091666666667,6.12090782000194,-2.13000884666473
7390,8.401,6.12104514343463,-2.27995485656537
7391,8.5585,6.12004042552432,-2.43845957447568
7392,8.64775,6.11773863571121,-2.53001136428879
7393,8.6385,6.11557587390576,-2.52292412609424
7394,8.46141666666667,6.11435647292065,-2.34706019374602
7395,8.21366666666667,6.11390533657154,-2.09976133009513
7396,7.93358333333333,6.11405972247222,-1.81952361086111
7397,7.65566666666667,6.11466924203463,-1.54099742463204
7398,7.417,6.11559586046887,-1.30140413953113
7399,7.23491666666667,6.11671389678316,-1.11820276988351
7400,7.12466666666667,6.11791002378389,-1.00675664288278
7401,7.07275,6.11908326807558,-0.953666731924416
7402,7.05016666666667,6.12014501006091,-0.930021656605764
7403,7.07766666666667,6.12101898394068,-0.95664768272599
7404,7.12516666666667,6.12164127771387,-1.0035253889528
7405,7.18533333333334,6.12196033317758,-1.06337300015576
7406,7.2435,6.12193694592708,-1.12156305407292
7407,7.25716666666667,6.12154426535575,-1.13562240131092
7408,7.32241666666667,6.12076779465515,-1.20164887201152
7409,7.41733333333333,6.11960539081498,-1.29772794251835
7410,7.56658333333333,6.11806726462307,-1.44851606871026
7411,7.76316666666667,6.11617598066541,-1.64699068600126
7412,7.98775,6.11396645732614,-1.87378354267386
7413,8.21233333333333,6.11148596678751,-2.10084736654581
7414,8.39758333333333,6.10879413502998,-2.28878919830335
7415,8.57108333333333,6.10596294183209,-2.46512039150124
7416,8.64908333333334,6.10307672077057,-2.54600661256277
7417,8.57716666666667,6.10023215922028,-2.47693450744639
7418,8.382,6.09753829835423,-2.28446170164577
7419,8.13891666666667,6.09511653314357,-2.0438001335231
7420,7.86325,6.0931006123576,-1.7701493876424
7421,7.59475,6.09163663856376,-1.50311336143624
7422,7.36825,6.09088306812766,-1.27736693187234
7423,7.18266666666667,6.09101071121302,-1.09165595545365
7424,7.05891666666667,6.09189911017839,-0.96701755648828
7425,6.98108333333333,6.09274438372811,-0.888338949605222
7426,6.98991666666667,6.09349857070492,-0.896418095961747
7427,7.00316666666667,6.09417152380599,-0.908995142860676
7428,7.05125,6.09477289376492,-0.956477106235079
7429,7.07233333333333,6.09531212935175,-0.977021203981579
7430,7.08325,6.09579847737298,-0.98745152262702
7431,7.141,6.09624098267154,-1.04475901732846
7432,7.12175,6.09664848812683,-1.02510151187317
7433,7.28166666666667,6.09702963465466,-1.18463703201201
7434,7.4875,6.09739286120732,-1.39010713879268
7435,7.69333333333333,6.09774640477353,-1.5955869285598
7436,7.94258333333333,6.09809830037845,-1.84448503295488
7437,8.18491666666667,6.09845638108369,-2.08646028558298
7438,8.35816666666667,6.09882827798732,-2.25933838867935
7439,8.436,6.09922142022383,-2.33677857977617
7440,8.48933333333333,6.09964303496418,-2.38969029836915
7441,8.45083333333333,6.10010014741576,-2.35073318591757
7442,8.2575,6.10059958082241,-2.1569004191776
7443,8.0125,6.10114795646441,-1.91135204353559
7444,7.75816666666667,6.1017516936585,-1.65641497300817
7445,7.50408333333333,6.10241700975786,-1.40166632357547
7446,7.28791666666667,6.1031499201521,-1.18476674651457
7447,7.1245,6.1039562382673,-1.0205437617327
7448,6.9965,6.10484157556597,-0.891658424434027
7449,6.90883333333333,6.10581134154707,-0.80302199178626
7450,6.8495,6.106870743746,-0.742629256253999
7451,6.81508333333333,6.10802478773462,-0.707058545598715
7452,6.82158333333333,6.10927827712121,-0.71230505621212
7453,6.83966666666667,6.11063581355053,-0.729030853116142
7454,6.85391666666667,6.11210179670375,-0.741814869962917
7455,6.91441666666667,6.11368042429852,-0.800736242368148
7456,6.94741666666667,6.11537569208891,-0.832040974577759
7457,7.10633333333333,6.11696479532031,-0.989368538013024
7458,7.339,6.1176178905996,-1.2213821094004
7459,7.51441666666667,6.1174040762859,-1.39701259038077
7460,7.76,6.11648123082255,-1.64351876917745
7461,7.90341666666667,6.1149969107992,-1.78841975586747
7462,7.95133333333333,6.11308835095187,-1.83824498238146
7463,8.06716666666667,6.11088246416287,-1.9562842025038
7464,8.22341666666667,6.10849584146089,-2.11492082520578
7465,8.27575,6.10603475202092,-2.16971524797908
7466,8.11425,6.10359514316433,-2.01065485683567
7467,7.91433333333333,6.10126264035877,-1.81307069297456
7468,7.61375,6.09911254721827,-1.51463745278173
7469,7.383,6.09720984550318,-1.28579015449682
7470,7.15708333333333,6.09560919512017,-1.06147413821316
7471,6.88625,6.09435493412228,-0.791895065877717
7472,6.6855,6.09348107870886,-0.592018921291135
7473,6.527,6.09301132322561,-0.43398867677439
7474,6.42125,6.09295904016455,-0.328290959835452
7475,6.3405,6.09332728016404,-0.247172719835958
7476,6.26866666666667,6.09410877200879,-0.174557894657877
7477,6.26275,6.09528592262984,-0.167464077370162
7478,6.24408333333333,6.09683081710455,-0.147252516228783
7479,6.20766666666667,6.09870521865663,-0.108961448010042
7480,6.267,6.10086056865612,-0.166139431343876
7481,6.54975,6.10323798661942,-0.446512013380585
7482,6.75083333333333,6.10576827020922,-0.645065063124114
7483,7.12483333333333,6.10837189523458,-1.01646143809875
7484,7.39583333333333,6.11095901565088,-1.28487431768245
7485,7.65608333333333,6.11342946355986,-1.54265386977347
7486,7.86725,6.11567274920955,-1.75157725079045
7487,8.1285,6.11756806099437,-2.01093193900563
7488,8.194,6.11898426545504,-2.07501573454496
7489,8.26191666666667,6.11977990727862,-2.14213675938805
7490,8.20516666666667,6.120055224571,-2.08511144209567
7491,8.01391666666667,6.12105645073561,-1.89286021593106
7492,7.821,6.12291171671644,-1.69808828328356
7493,7.62633333333333,6.12554757158862,-1.50078576174471
7494,7.4335,6.12889313051264,-1.30460686948736
7495,7.21533333333333,6.13288007473442,-1.08245325859891
7496,7.00933333333333,6.13744265158525,-0.871890681748082
7497,6.84133333333333,6.14251767448182,-0.69881565885151
7498,6.73066666666667,6.14804452292623,-0.582622143740442
7499,6.6315,6.15396514250595,-0.477534857494047
7500,6.70725,6.16022404489387,-0.547025955106126
7501,6.79483333333333,6.16676830784827,-0.628065025485065
7502,6.83166666666667,6.17354757521279,-0.658119091453875
7503,6.92966666666667,6.18051405691653,-0.749152609750145
7504,7.07633333333333,6.18762252897392,-0.888710804359414
7505,7.25208333333333,6.19483033348482,-1.05725299984851
7506,7.42766666666667,6.20209737863448,-1.22556928803219
7507,7.64941666666667,6.20938613869355,-1.44003052797312
7508,7.87558333333333,6.21666165401806,-1.65892167931527
7509,8.04558333333333,6.22389153104944,-1.82169180228389
7510,8.25641666666666,6.23104594231453,-2.02537072435213
7511,8.42958333333333,6.23809762642554,-2.19148570690779
7512,8.54433333333333,6.24502188808009,-2.29931144525324
7513,8.57166666666667,6.25179659806119,-2.31987006860548
7514,8.52,6.25840219323726,-2.26159780676274
7515,8.35358333333333,6.26482167656209,-2.08876165677124
7516,8.14358333333333,6.27104061707488,-1.87254271625845
7517,7.91066666666667,6.27704714990022,-1.63361951676645
7518,7.6515,6.2828319762481,-1.3686680237519
7519,7.4005,6.28838836341391,-1.11211163658609
7520,7.21075,6.29371214477841,-0.917037855221595
7521,7.08333333333333,6.29880171980778,-0.784531613525555
7522,7.01008333333333,6.30365805405358,-0.70642527927975
7523,6.982,6.30828467915278,-0.673715320847218
7524,7.02108333333333,6.31268769282774,-0.708395640505592
7525,7.06416666666667,6.3168757588862,-0.747290907780473
7526,7.10666666666667,6.32086010722131,-0.785806559445363
7527,7.13675,6.32465453381161,-0.812095466188392
7528,7.23758333333333,6.32827540072104,-0.909307932612293
7529,7.36983333333333,6.33174163609892,-1.0380916972344
7530,7.54358333333333,6.33507473417999,-1.20850859915334
7531,7.72675,6.33829875528437,-1.38845124471563
7532,7.96525,6.34144032581757,-1.62380967418243
7533,8.0695,6.34452863827049,-1.72497136172951
7534,8.36325,6.34769441310647,-2.01555558689353
7535,8.38541666666667,6.35112575446899,-2.03429091219768
7536,8.37533333333334,6.35478756069837,-2.02054577263497
7537,8.56666666666667,6.35864151543377,-2.2080251512329
7538,8.56841666666667,6.3626518976424,-2.20576476902427
7539,8.55033333333333,6.36678558161957,-2.18354775171376
7540,8.38783333333333,6.37101203698866,-2.01682129634467
7541,8.14941666666667,6.3753033287011,-1.77411333796557
7542,7.84625,6.37963411703643,-1.46661588296357
7543,7.59233333333333,6.38398165760226,-1.20835167573107
7544,7.37708333333333,6.38832580133427,-0.988757531999061
7545,7.27691666666667,6.3926489944962,-0.884267672170466
7546,7.22375,6.3969362786799,-0.826813721320097
7547,7.2405,6.40117529080528,-0.839324709194724
7548,7.3295,6.40535626312031,-0.924143736879694
7549,7.37166666666667,6.40947202320105,-0.962194643465615
7550,7.40033333333333,6.41351799395166,-0.98681533938167
7551,7.46433333333333,6.41749219360433,-1.046841139729
7552,7.5155,6.42139523571937,-1.09410476428063
7553,7.66166666666667,6.42523032918512,-1.23643633748155
7554,7.79508333333333,6.42900327821805,-1.36608005511528
7555,7.98341666666667,6.43272248236266,-1.55069418430401
7556,8.07925,6.43639893649155,-1.64285106350845
7557,8.18416666666667,6.44004623080539,-1.74412043586128
7558,8.20825,6.44368055083292,-1.76456944916708
7559,8.19858333333333,6.44732067743098,-1.75126265590235
7560,8.12016666666667,6.45098798678446,-1.66917867988221
7561,8.00691666666667,6.45470645040632,-1.55221021626035
7562,7.86316666666667,6.45850263513764,-1.40466403152903
7563,7.75658333333333,6.46240570314753,-1.2941776301858
7564,7.60616666666667,6.46644741193319,-1.13971925473348
7565,7.48083333333333,6.47066211431992,-1.01017121901341
7566,7.34475,6.47508675846105,-0.869663241538945
7567,7.25425,6.47976088783804,-0.774489112161962
7568,7.18958333333333,6.48472664126038,-0.704856692072954
7569,7.1215,6.48998730785115,-0.631512692148848
7570,7.04925,6.49517156373841,-0.55407843626159
7571,7.07616666666667,6.50017919277323,-0.575987473893438
7572,7.08725,6.50500908989138,-0.58224091010862
7573,7.09625,6.50966093572791,-0.58658906427209
7574,7.16275,6.51413519661718,-0.648614803382823
7575,7.222,6.51843312459283,-0.703566875407174
7576,7.23866666666667,6.5225567573878,-0.716109909278865
7577,7.35441666666667,6.52650891843435,-0.82790774823232
7578,7.47541666666667,6.530293216864,-0.945123449802675
7579,7.54875,6.53391404750757,-1.01483595249243
7580,7.68125,6.53737659089521,-1.14387340910479
7581,7.84241666666667,6.54068681325632,-1.30172985341035
7582,7.94883333333333,6.54385146651964,-1.40498186681369
7583,8.03208333333333,6.54687808831315,-1.48520524502018
7584,8.03166666666667,6.54977500196419,-1.48189166470248
7585,7.95325,6.55255131649934,-1.40069868350066
7586,7.7865,6.55521692664452,-1.23128307335548
7587,7.54083333333333,6.5577825128249,-0.98305082050843
7588,7.30666666666667,6.56025954116499,-0.746407125501683
7589,7.09275,6.56266026348856,-0.530089736511438
7590,6.95316666666667,6.5649977173187,-0.388168949347966
7591,6.86958333333333,6.56728572587779,-0.302297607455539
7592,6.86566666666667,6.5695388980875,-0.296127768579175
7593,6.83766666666667,6.57177262856878,-0.265894038097886
7594,6.82108333333333,6.57400309764192,-0.247080235691411
7595,6.80216666666667,6.57624727132646,-0.225919395340211
7596,6.79566666666667,6.57852290134126,-0.217143765325411
7597,6.80341666666667,6.58084852510447,-0.222568141562204
7598,6.79516666666667,6.58324346573353,-0.211923200933143
7599,6.69683333333333,6.58572783204518,-0.111105501288147
7600,6.71683333333333,6.58825745561016,-0.128575877723168
7601,6.85191666666667,6.59066487142121,-0.261251795245464
7602,6.97033333333333,6.59292793337407,-0.377405399959263
7603,7.09225,6.59503461614182,-0.497215383858181
7604,7.28033333333333,6.59697445278868,-0.683358880544648
7605,7.38591666666667,6.59873853477002,-0.787178131896648
7606,7.478,6.60031951193235,-0.877680488067654
7607,7.54066666666667,6.60171159251331,-0.938955074153364
7608,7.68925,6.6029105431417,-1.0863394568583
7609,7.61383333333333,6.60391368883747,-1.00991964449586
7610,7.50925,6.60471991301169,-0.904530086988305
7611,7.31283333333333,6.60532965746661,-0.70750367586672
7612,6.99816666666667,6.60574492239559,-0.392421744271081
7613,6.56016666666667,6.60596926638315,0.0458025997164784
7614,6.17258333333333,6.60600780640495,0.43342447307162
7615,5.83016666666667,6.6058672178278,0.775700551161131
7616,5.46575,6.60555573440965,1.13980573440965
7617,5.321,6.6050831482996,1.2840831482996
7618,5.19366666666667,6.60446081003787,1.4107941433712
7619,5.22183333333333,6.60370162855587,1.38186829522254
7620,5.35858333333333,6.60282007117611,1.24423673784278
7621,5.478,6.60183216361227,1.12383216361227
7622,5.617,6.60075548996916,0.98375548996916
7623,5.77291666666667,6.59960919274274,0.826692526076074
7624,5.63375,6.59841397282013,0.964663972820126
7625,5.85325,6.59719208947955,0.743942089479554
7626,6.07458333333333,6.59596736039042,0.521384027057092
7627,6.10425,6.59476516161327,0.490515161613267
7628,6.2295,6.59361242759977,0.364112427599772
7629,6.51233333333333,6.59253765119276,0.0802043178594314
7630,6.83383333333333,6.5915708836262,-0.242262449707126
7631,7.17658333333333,6.59074373452522,-0.585839598808112
7632,7.45216666666667,6.59008937190606,-0.862077294760613
7633,7.63875,6.58964252217613,-1.04910747782387
7634,7.48925,6.58943947013398,-0.899810529866024
7635,7.42183333333333,6.58951805896929,-0.832315274364037
7636,7.31133333333333,6.58991769026291,-0.721415643070416
7637,7.21525,6.59067932398682,-0.62457067601318
7638,7.052,6.59184547850413,-0.460154521495866
7639,6.90266666666667,6.59346023056912,-0.309206436097546
7640,6.78408333333333,6.5955692153272,-0.188514118006127
7641,6.73791666666667,6.59821962631493,-0.139697040351742
7642,6.70475,6.60146021546,-0.10328978454
7643,6.73633333333333,6.60534129308126,-0.130992040252067
7644,6.795,6.60944938437123,-0.185550615628773
7645,6.8725,6.61305798484323,-0.259442015156771
7646,6.92133333333333,6.61618280969629,-0.30515052363704
7647,7.01691666666667,6.61885025990434,-0.398066406762327
7648,7.06391666666667,6.62108637165192,-0.442830295014748
7649,7.15433333333333,6.62291681633416,-0.531416516999171
7650,7.33175,6.62436690055679,-0.707383099443212
7651,7.51075,6.62546156613614,-0.885288433863859
7652,7.59208333333333,6.62622539009915,-0.965857943234182
7653,7.65816666666667,6.62668258468334,-1.03148408198333
7654,7.77783333333333,6.62685699733685,-1.15097633599648
7655,7.77758333333333,6.62677211071841,-1.15081122261492
7656,7.92925,6.62645104269734,-1.30279895730266
7657,7.87008333333333,6.62591654635358,-1.24416678697975
7658,7.8615,6.62519100997765,-1.23630899002235
7659,7.74775,6.62429645707069,-1.12345354292931
7660,7.58391666666667,6.62325454634441,-0.960662120322258
7661,7.42441666666667,6.62208657172116,-0.802330094945515
7662,7.18991666666667,6.62081346233384,-0.569103204332827
7663,7.03158333333333,6.619455782526,-0.412127550807329
7664,6.98991666666667,6.61803373185176,-0.371882934814913
7665,6.94241666666667,6.61656714507584,-0.325849521590834
7666,6.90508333333333,6.61507549217356,-0.29000784115977
7667,6.91666666666667,6.61357787833086,-0.303088788335812
7668,6.97383333333333,6.61209304394425,-0.361740289389078
7669,7.026,6.61063936462086,-0.415360635379135
7670,7.08008333333333,6.60923485117842,-0.470848482154909
7671,7.11316666666667,6.60789714964524,-0.505269517021428
7672,7.1695,6.60664354126025,-0.562856458739748
7673,7.31983333333333,6.60549094247297,-0.714342390860359
7674,7.408,6.60445590494352,-0.803544095056481
7675,7.4885,6.60355461554262,-0.884945384457381
7676,7.65416666666667,6.60280289635159,-1.05136377031508
7677,7.85258333333333,6.60221620466236,-1.25036712867097
7678,7.94658333333333,6.60180963297743,-1.3447737003559
7679,8.06316666666667,6.60159790900994,-1.46156875765673
7680,8.15058333333334,6.60159539568359,-1.54898793764975
7681,8.15033333333333,6.60181609113271,-1.54851724220062
7682,8.09108333333333,6.60227362870221,-1.48880970463112
7683,7.96258333333333,6.60298127694762,-1.35960205638571
7684,7.77033333333333,6.60395193963504,-1.16638139369829
7685,7.54075,6.6051981557412,-0.935551844258802
7686,7.35141666666667,6.6067320994534,-0.744684567213265
7687,7.19333333333333,6.60856558016958,-0.584767753163754
7688,7.05675,6.61071004249823,-0.446039957501775
7689,7.00275,6.61317656625847,-0.38957343374153
7690,7.00116666666667,6.61597586648002,-0.385190800186648
7691,7.03675,6.61911829340319,-0.417631706596806
7692,7.02691666666667,6.6226138324789,-0.404302834187771
7693,7.01175,6.62647210436865,-0.385277895631348
7694,6.98191666666667,6.63054685137591,-0.351369815290757
7695,6.91208333333333,6.63354465789309,-0.278538675440238
7696,6.85625,6.63533591588878,-0.220914084111217
7697,7.069,6.63611058262153,-0.432889417378469
7698,6.99725,6.63604597786532,-0.36120402213468
7699,6.84633333333333,6.63530678390958,-0.211026549423751
7700,6.42283333333333,6.63404504555917,0.211211712225845
7701,6.20458333333333,6.63240017013442,0.427816836801089
7702,6.23408333333333,6.63049892747107,0.396415594137736
7703,6.05466666666667,6.62845544992031,0.573788783253637
7704,5.89683333333333,6.62637123234878,0.729537899015455
7705,5.73775,6.62433513213857,0.886585132138573
7706,5.64,6.6224233691872,0.982423369187196
7707,5.56983333333333,6.62069952590762,1.05086619257429
7708,5.50441666666667,6.61921454722824,1.11479788056157
7709,5.46041666666667,6.6180067405929,1.15759007392623
7710,5.435,6.61710177596091,1.18210177596091
7711,5.39933333333333,6.61651268580698,1.21717935247365
7712,5.29883333333333,6.6162398651213,1.31740653178797
7713,5.20241666666667,6.61627107140947,1.4138544047428
7714,5.11775,6.61658142469255,1.49883142469255
7715,5.07633333333333,6.61713340750704,1.54080007417371
7716,5.07816666666667,6.61787686490488,1.53971019823821
7717,5.0905,6.61874900445346,1.52824900445346
7718,5.061,6.6196743962356,1.5586743962356
7719,5.06025,6.62056497284956,1.56031497284956
7720,5.11316666666667,6.62132002940906,1.50815336274239
7721,5.25883333333333,6.62182622354324,1.36299289020991
7722,5.38425,6.62195757539669,1.2377075753967
7723,5.63283333333333,6.62157546762946,0.988742134296135
7724,5.7765,6.62054726968669,0.844047269686694
7725,5.852,6.6192509495469,0.767250949546896
7726,5.80983333333333,6.61792902144183,0.808095688108495
7727,5.74758333333333,6.61662713862727,0.869043805293944
7728,5.73575,6.61538666114501,0.879636661145014
7729,5.63658333333333,6.61424465582279,0.977661322489463
7730,5.57566666666667,6.61323389627433,1.03756722960766
7731,5.53516666666667,6.61238286289933,1.07721619623266
7732,5.515,6.61171574288347,1.09671574288347
7733,5.465,6.6112524301984,1.1462524301984
7734,5.36216666666667,6.61100852560176,1.24884185893509
7735,5.28191666666667,6.61099533663714,1.32907866997047
7736,5.2205,6.61121987763414,1.39071987763414
7737,5.14275,6.61168486970831,1.46893486970831
7738,5.12708333333333,6.61238874076119,1.48530540742786
7739,5.07358333333333,6.61332562548029,1.53974229214696
7740,5.08208333333333,6.61448536533911,1.53240203200578
7741,5.00508333333333,6.61585350859712,1.61077017526379
7742,4.88158333333333,6.61741131029975,1.73582797696642
7743,4.85483333333333,6.61913573227842,1.76430239894509
7744,4.87016666666667,6.62099944315054,1.75083277648387
7745,4.79758333333333,6.62297081831947,1.82538748498614
7746,5.02475,6.62501393997458,1.60026393997458
7747,4.97083333333333,6.62708859709118,1.65625526375785
7748,4.99916666666667,6.62915028543057,1.6299836187639
7749,4.99108333333333,6.63115020754005,1.64006687420672
7750,5.18341666666667,6.63303527275286,1.44961860608619
7751,5.34183333333333,6.63474809718825,1.29291476385492
7752,5.46675,6.63622700375141,1.16947700375141
7753,5.42916666666667,6.63740602213355,1.20823935546688
7754,5.40958333333333,6.63821537657845,1.22863204324512
7755,5.43308333333333,6.63885668008176,1.20577334674843
7756,5.42175,6.6395259204748,1.2177759204748
7757,5.50316666666667,6.64020581220903,1.13703914554236
7758,5.48991666666667,6.64088070330462,1.15096403663795
7759,5.53983333333333,6.64153657535054,1.10170324201721
7760,5.52033333333333,6.64216104350448,1.12182771017115
7761,5.56291666666667,6.64274335649289,1.07982668982622
7762,5.42658333333333,6.643274396611,1.21669106327767
7763,4.794,6.64374667972277,1.84974667972277
7764,4.16758333333333,6.64415435526092,2.47657102192759
7765,4.0875,6.64449320622694,2.55699320622694
7766,4.281,6.64476064919106,2.36376064919106
7767,4.59066666666667,6.64495573429226,2.05428906762559
7768,4.774,6.6450791452383,1.8710791452383
7769,4.95508333333333,6.64513319930567,1.69004986597234
7770,5.04683333333333,6.64512184733963,1.5982885140063
7771,5.21383333333333,6.64505067375419,1.43121734042086
7772,5.17408333333333,6.64492689653212,1.47084356319879
7773,5.21558333333333,6.64475936722494,1.42917603389161
7774,5.307,6.64455857095291,1.33755857095291
7775,5.35075,6.64433662640509,1.29358662640509
7776,5.37433333333333,6.64410728583925,1.26977395250592
7777,5.30458333333333,6.64388593508193,1.3393026017486
7778,5.19525,6.64368959352844,1.44843959352844
7779,5.13783333333333,6.64353691414282,1.50570358080949
7780,5.1215,6.6434481834579,1.5219481834579
7781,5.12441666666667,6.64344532157521,1.51902865490854
7782,5.076,6.6435518821651,1.5675518821651
7783,5.05125,6.64379305246663,1.59254305246663
7784,5.09208333333333,6.64419565328763,1.5521123199543
7785,5.1195,6.64478813900469,1.52528813900469
7786,5.13075,6.64560059756315,1.51485059756315
7787,5.17133333333333,6.64666475047709,1.47533141714376
7788,5.13966666666667,6.64786218638159,1.50819551971492
7789,5.157,6.64880797293519,1.49180797293519
7790,5.19858333333333,6.64951993009053,1.4509365967572
7791,5.24258333333333,6.65003897823406,1.40745564490073
7792,5.23483333333333,6.6504038020737,1.41557046874037
7793,5.38625,6.65065085063892,1.26440085063892
7794,5.3775,6.65081433728064,1.27331433728064
7795,5.47291666666667,6.65092623967132,1.17800957300465
7796,5.54175,6.6510162998049,1.1092662998049
7797,5.6155,6.65111202399682,1.03561202399682
7798,5.61466666666667,6.65123868288403,1.03657201621736
7799,5.59958333333333,6.65141931142497,1.05183597809164
7800,5.61075,6.65167470889959,1.04092470889959
7801,5.59083333333333,6.65202343890933,1.061190105576
7802,5.46875,6.65248182937713,1.18373182937713
7803,5.3205,6.65306397254745,1.33256397254745
7804,5.28908333333333,6.65378172498622,1.36469839165289
7805,5.26541666666667,6.6546447075809,1.38922804091423
7806,5.28325,6.65566030554043,1.37241030554043
7807,5.31266666666667,6.65683366839525,1.34416700172858
7808,5.32133333333333,6.65816770999732,1.33683437666399
7809,5.3945,6.65966310852008,1.26516310852008
7810,5.56066666666667,6.66131830645847,1.1006516397918
7811,5.67041666666667,6.66312951062895,0.992712843962276
7812,5.7545,6.66509069216945,0.910590692169453
7813,5.80566666666667,6.66719358653944,0.86152691987277
7814,5.86641666666667,6.66942769351985,0.803011026853182
7815,5.92075,6.67178027721314,0.75103027721314
7816,6.02283333333333,6.67423636604325,0.651403032709919
7817,6.05833333333333,6.67677875275563,0.618445419422302
7818,6.168,6.67941380896913,0.511413808969134
7819,6.22941666666667,6.68228649728365,0.452869830616979
7820,6.32941666666667,6.68537164220125,0.355954975534577
7821,6.42033333333333,6.68861063250275,0.268277299169422
7822,6.46408333333333,6.69194870301597,0.22786536968264
7823,6.51066666666667,6.69533493461568,0.184668267949011
7824,6.54308333333333,6.69872225422364,0.155638920890314
7825,6.51208333333333,6.7020674348086,0.189984101475266
7826,6.51983333333333,6.70533109538625,0.185497762052922
7827,6.46691666666667,6.7084777010193,0.241561034352632
7828,6.39575,6.71147556281741,0.315725562817414
7829,6.357,6.71429683793724,0.357296837937237
7830,6.33908333333333,6.71691752958239,0.377834196249061
7831,6.31633333333333,6.71931748700348,0.402984153670152
7832,6.27575,6.72148040549809,0.445730405498086
7833,6.20225,6.72339382641076,0.521143826410759
7834,6.16183333333333,6.72504913713304,0.563215803799706
7835,6.19191666666667,6.72644157110343,0.534524904436759
7836,6.20141666666667,6.72757020780743,0.526153541140755
7837,6.21166666666667,6.72843797277749,0.516771306110822
7838,6.20025,6.72905163759307,0.528801637593072
7839,6.205,6.72942181988059,0.524421819880587
7840,6.225,6.72956298331344,0.504562983313437
7841,6.45116666666667,6.729493437612,0.278326770945325
7842,6.59475,6.72923533854362,0.134485338543618
7843,6.61616666666667,6.72881468792264,0.112648021255967
7844,6.62441666666667,6.72826133361036,0.103844666943688
7845,6.25575,6.72760896951507,0.471858969515071
7846,5.60116666666667,6.72689513559204,1.12572846892537
7847,4.82983333333333,6.7261612178435,1.89632788451017
7848,4.29833333333333,6.72545244831867,2.42711911498534
7849,4.05833333333333,6.72481790511376,2.66648457178043
7850,4.18566666666667,6.72431051237192,2.53864384570525
7851,4.49591666666667,6.72398704028333,2.22807037361666
7852,4.74166666666667,6.72390810508509,1.98224143841842
7853,5.05658333333333,6.72413816906132,1.66755483572799
7854,5.47566666666667,6.72474554054311,1.24907887387644
7855,5.81433333333333,6.72573880509549,0.911405471762159
7856,5.93208333333333,6.72645224412265,0.794368910789317
7857,5.5325,6.7267325255082,1.1942325255082
7858,4.72658333333333,6.72663277303627,2.00004943970294
7859,4.02225,6.72620438307682,2.70395438307682
7860,3.57608333333333,6.72549702458562,3.14941369125229
7861,3.48866666666667,6.72455863910429,3.23589197243762
7862,3.62325,6.72343544076029,3.10018544076029
7863,3.86475,6.72217191626688,2.85742191626688
7864,4.07066666666667,6.72081082492318,2.65014415825651
7865,4.24691666666667,6.71939319861414,2.47247653194747
7866,4.54683333333333,6.71795834181053,2.1711250084772
7867,4.55216666666667,6.71654383156895,2.16437716490228
7868,4.54008333333333,6.71518551753184,2.17510218419851
7869,4.65266666666667,6.71391752192747,2.0612508552608
7870,4.75691666666667,6.71277223956994,1.95585557290327
7871,4.92958333333333,6.71178033785918,1.78219700452585
7872,4.98325,6.71097075678097,1.72772075678097
7873,4.6715,6.71037070890688,2.03887070890688
7874,4.7495,6.71000567939435,1.96050567939435
7875,4.74133333333333,6.70989942598664,1.96856609265331
7876,4.6415,6.71007397901283,2.06857397901283
7877,4.54891666666667,6.71054964138786,2.16163297472119
7878,4.45383333333333,6.71134498861246,2.25751165527913
7879,4.27616666666667,6.71247686877324,2.43631020210657
7880,4.17508333333333,6.71396040254259,2.53887706920926
7881,4.06725,6.71580898317878,2.64855898317878
7882,4.15958333333333,6.71803427652588,2.55845094319255
7883,3.92758333333333,6.7206462210138,2.79306288768047
7884,3.87641666666667,6.72365302765828,2.84723636099161
7885,3.63125,6.72704028988557,3.09579028988557
7886,3.58541666666667,6.73037245809079,3.14495579142412
7887,3.52991666666667,6.73349631880155,3.20357965213488
7888,3.50383333333333,6.73644013382787,3.23260680049454
7889,3.44433333333333,6.73923041929543,3.29489708596209
7890,3.35425,6.74189194564554,3.38764194564554
7891,3.3755,6.74444773763519,3.36894773763519
7892,3.06841666666667,6.74691907433702,3.67850240767035
7893,3.0125,6.74932548913932,3.73682548913932
7894,2.73183333333333,6.75168476974604,4.01985143641271
7895,3.04183333333333,6.75401295817679,3.71217962484346
7896,2.94658333333333,6.75632435076683,3.8097410174335
7897,3.32033333333333,6.75863149816706,3.43829816483373
7898,3.13291666666667,6.76094520534407,3.6280285386774
7899,3.05408333333333,6.76327453158008,3.70919119824675
7900,3.01333333333333,6.76562679047297,3.75229345713964
7901,2.92108333333333,6.76800754993628,3.84692421660295
7902,2.93258333333333,6.77042063219921,3.83783729886588
7903,2.87908333333333,6.77286811380659,3.89378478047326
7904,2.77816666666667,6.77535032561894,3.99718365895227
7905,2.64033333333333,6.77786585281242,4.13753251947909
7906,2.51008333333333,6.78041153487883,4.2703282015455
7907,2.36783333333333,6.78298246562566,4.41514913229233
7908,2.39866666666667,6.78557199317602,4.38690532650936
7909,2.25725,6.78817171996871,4.53092171996871
7910,2.14575,6.79077150275815,4.64502150275815
7911,2.1275,6.79335945261445,4.66585945261445
7912,2.02383333333333,6.79592193492334,4.77208860159001
7913,1.94366666666667,6.79844356938623,4.85477690271956
7914,1.82866666666667,6.80090723002019,4.97224056335352
7915,1.85966666666667,6.80329768395259,4.94363101728592
7916,1.99366666666667,6.8057794689186,4.81211280225193
7917,1.83816666666667,6.80839695848992,4.97023029182325
7918,1.98716666666667,6.81107989317646,4.82391322650979
7919,1.88333333333333,6.81376314459993,4.9304298112666
7920,1.642,6.81638671549379,5.17438671549379
7921,1.49775,6.81889573970331,5.32114573970331
7922,0.752333333333333,6.8212404821855,6.06890714885217
7923,0.484333333333333,6.82337633900918,6.33904300567585
7924,0.385166666666667,6.82526383735494,6.44009717068828
7925,0.389083333333333,6.82686863551515,6.43778530218181
7926,0.531833333333333,6.82816152289393,6.2963281895606
7927,0.666916666666667,6.82911842000722,6.16220175334055
7928,0.489583333333333,6.82972037848272,6.34013704514938
7929,0.32425,6.82995358105989,6.50570358105989
7930,0.365333333333333,6.82980934159,6.46447600825667
7931,0.404083333333333,6.82928410503609,6.42520077170275
7932,0.615083333333333,6.82837944747295,6.21329611413961
7933,0.280333333333333,6.82710207608718,6.54676874275385
7934,0.286166666666667,6.82546382917715,6.53929716251048
7935,0.348666666666667,6.823481676153,6.47481500948633
7936,0.382416666666667,6.82117771753666,6.43876105086999
7937,0.386333333333333,6.81857918496183,6.43224585162849
7938,0.41075,6.81571844117398,6.40496844117398
7939,0.404666666666667,6.81263298003038,6.40796631336371
7940,0.537083333333333,6.80936542650005,6.27228209316672
7941,0.518333333333333,6.80596353666383,6.28763020333049
7942,0.418916666666667,6.80248019771428,6.38356353104762
7943,0.408916666666667,6.7989734279558,6.39005676128913
7944,0.526666666666667,6.79550637680451,6.26883971013785
7945,0.494833333333333,6.79214732478836,6.29731399145503
7946,0.411833333333333,6.78896968354704,6.37713635021371
7947,0.427583333333333,6.78605199583203,6.3584686624987
7948,0.388166666666667,6.7834779355066,6.39531126883994
7949,0.39025,6.78133630754579,6.39108630754579
7950,0.3635,6.7797210480364,6.4162210480364
7951,0.303166666666667,6.77873122417703,6.47556455751037
7952,0.27575,6.77847103427807,6.50272103427807
7953,0.26225,6.77904980776164,6.51679980776164
7954,0.264083333333333,6.7805820051617,6.51649867182836
7955,0.23575,6.78310797526436,6.54735797526436
7956,0.225083333333333,6.78611007123008,6.56102673789674
7957,0.210916666666667,6.78941347727056,6.57849681060389
7958,0.18475,6.79295208391993,6.60820208391993
7959,0.172666666666667,6.79666531284915,6.62399864618248
7960,0.165333333333333,6.80049811686601,6.63516478353268
7961,0.160666666666667,6.80440097991514,6.64373431324847
7962,0.188416666666667,6.80832991707799,6.61991325041133
7963,0.178666666666667,6.81224647457287,6.6335798079062
7964,0.175333333333333,6.8161177297549,6.64078439642157
7965,0.139083333333333,6.81991629111606,6.68083295778273
7966,0.0984166666666667,6.82362029828513,6.72520363161847
7967,0.1815,6.82721342202777,6.64571342202777
7968,0.135166666666667,6.83068486424643,6.69551819757976
7969,0.144666666666667,6.83402935798042,6.68936269131375
7970,0.147166666666667,6.83724716740588,6.69008050073922
7971,0.151,6.8403440878358,6.6893440878358
7972,0.129166666666667,6.84333144571997,6.7141647790533
7973,0.149916666666667,6.84622609864504,6.69630943197838
7974,0.185583333333333,6.8490504353345,6.66346710200117
7975,0.189833333333333,6.85183237564865,6.66199904231532
7976,0.215083333333333,6.85460537058465,6.63952203725132
7977,0.14925,6.85740840227648,6.70815840227648
7978,0.191916666666667,6.86028598399495,6.66836931732829
7979,0.18775,6.86328816014773,6.67553816014773
7980,0.142166666666667,6.8664705062793,6.72430383961264
7981,0.158833333333333,6.86989412907099,6.71106079573765
7982,0.153,6.87362566634094,6.72062566634094
7983,0.170583333333333,6.87773728704416,6.70715395371083
7984,0.14425,6.88230669127248,6.73805669127248
7985,0.188333333333333,6.88696037635046,6.69862704301713
7986,0.269666666666667,6.89099968118403,6.62133301451736
7987,0.362583333333333,6.89453594519206,6.53195261185873
7988,0.528666666666667,6.89768638534015,6.36901971867348
7989,0.637333333333333,6.90055810728948,6.26322477395615
7990,0.510083333333333,6.90324810539683,6.3931647720635
7991,0.746166666666667,6.9058432627146,6.15967659604794
7992,0.824,6.90842035099077,6.08442035099077
7993,0.82525,6.91104603066892,6.08579603066893
7994,0.712666666666667,6.91377685088825,6.20111018422159
7995,0.78,6.91665924948355,6.13665924948355
7996,0.884,6.91972955298519,6.03572955298519
7997,0.681,6.92301397661918,6.24201397661918
7998,0.536916666666667,6.92652862430711,6.38961195764044
7999,0.61325,6.93027948866616,6.31702948866616
8000,0.52525,6.93426245100912,6.40901245100912
8001,0.494666666666667,6.93846328134439,6.44379661467773
8002,0.409333333333333,6.94285763837597,6.53352430504264
8003,0.364666666666667,6.94741106950344,6.58274440283677
8004,0.308666666666667,6.952079010822,6.64341234415533
8005,0.253083333333333,6.95680678712244,6.70372345378911
8006,0.25375,6.96152961189117,6.70777961189117
8007,0.224666666666667,6.96617258731016,6.7415059206435
8008,0.199333333333333,6.97065070425703,6.7713173709237
8009,0.19025,6.97486884230497,6.78461884230497
8010,0.18275,6.97872176972278,6.79597176972278
8011,0.169333333333333,6.98209414347485,6.81276081014151
8012,0.155083333333333,6.98486050922118,6.82977717588785
8013,0.1235,6.98688530131738,6.86338530131738
8014,0.121833333333333,6.98802417058298,6.86619083724965
8015,0.111916666666667,6.9882591865477,6.87634251988104
8016,0.0949166666666666,6.9878067612094,6.89289009454273
8017,0.0720833333333333,6.98688979847223,6.91480646513889
8018,0.0578333333333333,6.98571129437379,6.92787796104046
8019,0.0539166666666667,6.98445433708518,6.93053767041851
8020,0.0525833333333333,6.9832821069109,6.93069877357757
8021,0.0533333333333333,6.98233787628895,6.92900454295562
8022,0.0550833333333333,6.98174500979078,6.92666167645745
8023,0.0594166666666667,6.98160696412128,6.92219029745461
8024,0.0785,6.98200728811881,6.90350728811881
8025,0.193666666666667,6.9830096227552,6.78934295608853
8026,0.368416666666667,6.98465770113571,6.61624103446904
8027,0.40175,6.98697534849907,6.58522534849907
8028,0.709666666666667,6.98996648221748,6.28029981555082
8029,1.12091666666667,6.99361511179659,5.87269844512992
8030,1.39075,6.9978853388755,5.6071353388755
8031,1.34191666666667,7.00272135722677,5.6608046905601
8032,1.90458333333333,7.00804745275642,5.10346411942309
8033,2.46625,7.01376800350394,4.54751800350394
8034,2.87425,7.01976747964225,4.14551747964225
8035,2.90383333333333,7.02591044347775,4.12207711014442
8036,2.88958333333333,7.03204154945029,4.14245821611696
8037,3.03641666666667,7.03798554413319,4.00156887746652
8038,3.54966666666667,7.0435472662332,3.49388059956653
8039,4.26075,7.04851164659055,2.78776164659055
8040,4.31825,7.05264370817893,2.73439370817893
8041,4.2525,7.05622951805664,2.80372951805664
8042,4.28958333333333,7.05987648618451,2.77029315285118
8043,4.23025,7.06358107610551,2.83333107610551
8044,4.16158333333333,7.06733700507843,2.9057536717451
8045,4.08816666666667,7.07113829351079,2.98297162684412
8046,3.94625,7.07497926495884,3.12872926495884
8047,3.75758333333333,7.07885454612754,3.32127121279421
8048,3.66933333333333,7.08275906687061,3.41342573353728
8049,3.50166666666667,7.08668806019046,3.58502139352379
8050,3.426,7.09063706223826,3.66463706223826
8051,3.38991666666667,7.09460191231388,3.70468524564721
8052,3.27941666666667,7.09857875286594,3.81916208619927
8053,3.35691666666667,7.10256402949176,3.74564736282509
8054,3.45591666666667,7.10655449093742,3.65063782427075
8055,3.56541666666667,7.11054718909769,3.54513052243102
8056,3.6935,7.1145394790161,3.4210394790161
8057,3.74041666666667,7.11852901888489,3.37811235221822
8058,3.91716666666667,7.12251377004502,3.20534710337835
8059,4.10575,7.12649199698619,3.0207419969862
8060,4.56733333333333,7.13046226734684,2.56312893401351
8061,4.6825,7.1344234519141,2.4519234519141
8062,4.6035,7.13837472462385,2.53487472462385
8063,4.76,7.1423155625607,2.3823155625607
8064,4.808,7.14624574595798,2.33824574595798
8065,4.88775,7.15016535819774,2.26241535819774
8066,4.85741666666667,7.15407478581077,2.2966581191441
8067,4.90325,7.15797471847658,2.25472471847658
8068,4.97475,7.16186614902341,2.18711614902341
8069,5.1225,7.16575037342823,2.04325037342823
8070,5.22208333333333,7.16962899081672,1.94754565748339
8071,5.274,7.1735039034633,1.8995039034633
8072,5.21708333333333,7.17737731679112,1.96029398345779
8073,5.12666666666667,7.18125173937205,2.05458507270538
8074,5.0315,7.1851299829267,2.1536299829267
8075,4.92158333333333,7.18901516232438,2.26743182899105
8076,4.85566666666667,7.19291069558315,2.33724402891648
8077,4.82091666666667,7.19684272048437,2.3759260538177
8078,4.769,7.20080771807151,2.43180771807151
8079,4.76325,7.20476554619421,2.44151554619421
8080,4.816,7.20867860005554,2.39267860005554
8081,4.87758333333333,7.21251181354745,2.33492848021412
8082,4.93625,7.21623265925075,2.27998265925075
8083,4.98575,7.21981114843512,2.23406114843512
8084,5.14833333333333,7.22321983105912,2.07488649772579
8085,5.33158333333333,7.22643379577019,1.89485046243686
8086,5.36525,7.22943066990463,1.86418066990463
8087,5.3625,7.2321906194876,1.8696906194876
8088,5.47841666666667,7.23469634923316,1.75627968256649
8089,5.46875,7.23693310254422,1.76818310254422
8090,5.35816666666667,7.23888866151257,1.8807219948459
8091,5.59041666666667,7.24055334691887,1.6501366802522
8092,5.74675,7.24192001823265,1.49517001823265
8093,5.90533333333333,7.24298407361231,1.33765074027898
8094,5.99491666666667,7.24374344990513,1.24882678323846
8095,6.03241666666667,7.24419862264725,1.21178195598058
8096,5.95158333333333,7.24435260606369,1.29276927273036
8097,5.83325,7.24421095306834,1.41096095306834
8098,5.6805,7.24378175526396,1.56328175526396
8099,5.54316666666667,7.24307564294218,1.69990897627551
8100,5.38491666666667,7.24210578508351,1.85718911841684
8101,5.22125,7.24088788935733,2.01963788935733
8102,4.77241666666667,7.23944020212187,2.4670235354552
8103,3.17375,7.23778350842426,4.06403350842426
8104,2.00358333333333,7.23594113200049,5.23235779866716
8105,1.40908333333333,7.23393893527542,5.82485560194209
8106,1.00166666666667,7.23180531936279,6.23013865269612
8107,1.024,7.22957122406519,6.20557122406519
8108,1.04141666666667,7.22727012787412,6.18585346120745
8109,1.13458333333333,7.2249380479699,6.09035471463657
8110,1.24808333333333,7.22261354022177,5.97453020688844
8111,1.73125,7.22033769918782,5.48908769918782
8112,2.18225,7.21815415811501,5.03590415811501
8113,2.33566666666667,7.21610908893917,4.8804424222725
8114,2.53675,7.21425120228501,4.67750120228501
8115,2.69833333333333,7.21263174746611,4.51429841413278
8116,2.831,7.21130451248491,4.38030451248491
8117,3.03116666666667,7.21032582403275,4.17915915736608
8118,3.25058333333333,7.20975454748981,3.95917121415648
8119,3.37866666666667,7.20965208692515,3.83098542025848
8120,3.51591666666667,7.21008238509672,3.69416571843005
8121,3.47133333333333,7.21111192345131,3.73977859011798
8122,3.40266666666667,7.21280972212462,3.81014305545795
8123,3.33033333333333,7.21520770166809,3.88487436833476
8124,3.26916666666667,7.21794686545839,3.94878019879172
8125,3.23783333333333,7.2208994983562,3.98306616502287
8126,3.31525,7.22403581505851,3.90878581505851
8127,3.23066666666667,7.22732744298762,3.99666077632095
8128,3.21216666666667,7.23074742229111,4.01858075562444
8129,3.35383333333333,7.23427020584186,3.88043687250852
8130,3.52166666666667,7.23787165923804,3.71620499257137
8131,3.6845,7.24152906080314,3.55702906080314
8132,3.77741666666667,7.24522110158593,3.46780443491926
8133,3.9635,7.24892788536047,3.28542788536047
8134,4.03016666666667,7.25263092862614,3.22246426195947
8135,4.00825,7.2563131606076,3.2480631606076
8136,4.32416666666667,7.25995892325481,2.93579225658814
8137,4.33483333333333,7.26355397124303,2.9287206379097
8138,4.41666666666667,7.26708547197281,2.85041880530614
8139,4.661,7.27054200557002,2.60954200557002
8140,4.82875,7.27391356488579,2.44516356488579
8141,4.94658333333333,7.27719155549658,2.33060822216325
8142,5.025,7.28036879570413,2.25536879570413
8143,4.997,7.28343951653549,2.28643951653549
8144,4.96158333333333,7.28639936174298,2.32481602840965
8145,4.884,7.28924538780426,2.40524538780426
8146,4.8035,7.29197606392224,2.48847606392224
8147,4.75858333333333,7.29459127202517,2.53600793869184
8148,4.71641666666667,7.29709230676657,2.5806756400999
8149,4.6545,7.29948187552526,2.64498187552526
8150,4.52975,7.30176409840537,2.77201409840537
8151,4.43291666666667,7.30394450823631,2.87102784156964
8152,4.42008333333333,7.30603005057281,2.88594671723948
8153,4.41191666666667,7.30802908369487,2.8961124170282
8154,4.49975,7.3099513786078,2.8102013786078
8155,4.58666666666667,7.31180811904222,2.72514145237555
8156,4.64425,7.31361190145402,2.66936190145402
8157,4.62575,7.31537673502441,2.68962673502441
8158,4.61075,7.31711804165989,2.70636804165989
8159,4.66308333333333,7.31885265599226,2.65576932265893
8160,4.643,7.3205988253786,2.6775988253786
8161,4.68375,7.32237620990132,2.63862620990132
8162,4.7785,7.32420588236809,2.54570588236809
8163,4.8255,7.3261103283119,2.5006103283119
8164,4.9555,7.32811344599103,2.37261344599103
8165,4.97016666666667,7.33024054638907,2.3600738797224
8166,4.98466666666667,7.33251835321488,2.34785168654821
8167,4.96941666666667,7.33497500290265,2.36555833623598
8168,4.93483333333333,7.33764004461184,2.40280671127851
8169,4.87866666666667,7.34054444022722,2.46187777356055
8170,4.81425,7.34372056435886,2.52947056435886
8171,4.73116666666667,7.34720220434212,2.61603553767545
8172,4.707,7.35102456023765,2.64402456023765
8173,4.64933333333333,7.35522424483142,2.70589091149809
8174,4.61366666666667,7.35983928363467,2.746172616968
8175,4.61191666666667,7.36477117737197,2.7528545107053
8176,4.68175,7.36921561023058,2.68746561023058
8177,4.77225,7.37309422422583,2.60084422422583
8178,4.92525,7.37647406978108,2.45122406978108
8179,5.07625,7.37941840189737,2.30316840189737
8180,5.25116666666667,7.38198668015338,2.13082001348671
8181,5.39183333333333,7.38423456870547,1.99240123537214
8182,5.51641666666667,7.38621393628767,1.869797269621
8183,5.57208333333333,7.38797285621163,1.8158895228783
8184,5.55766666666667,7.38955560636671,1.83188893970004
8185,5.54391666666667,7.39100266921989,1.84708600255323
8186,5.56041666666667,7.39235073181585,1.83193406514918
8187,5.59508333333333,7.39363268577691,1.79854935244358
8188,5.65891666666667,7.39487762730304,1.73596096063637
8189,5.64433333333333,7.39611085717189,1.75177752383856
8190,5.65375,7.39735388073877,1.74360388073877
8191,5.61808333333333,7.39862440793665,1.78054107460332
8192,5.55591666666667,7.39993635327615,1.84401968660948
8193,5.47333333333333,7.40129983584557,1.92796650251224
8194,5.36508333333333,7.40272117931086,2.03763784597753
8195,5.2505,7.40420291191563,2.15370291191563
8196,5.13866666666667,7.40574376648116,2.26707709981449
8197,4.96125,7.40733868040638,2.44608868040638
8198,4.84625,7.40897879566789,2.56272879566789
8199,4.77608333333333,7.41065145881996,2.63456812548663
8200,4.72575,7.41234022099449,2.68659022099449
8201,4.796,7.41402483790108,2.61802483790108
8202,5.00841666666667,7.41568126982696,2.40726460316029
8203,5.16308333333333,7.41728168163704,2.25419834830371
8204,5.31358333333333,7.41879444277389,2.10521110944056
8205,5.38591666666667,7.42018412725773,2.03426746059106
8206,5.50908333333333,7.42141151368646,1.91232818035313
8207,5.58425,7.42243358523562,1.83818358523562
8208,5.5785,7.42320352965842,1.84470352965842
8209,5.516,7.42367073928575,1.90767073928575
8210,5.49375,7.42378081102612,1.93003081102612
8211,5.43933333333333,7.42351116973184,1.98417783639851
8212,5.464,7.42338079602715,1.95938079602715
8213,5.5175,7.42353736645614,1.90603736645614
8214,5.557,7.42392954358528,1.86692954358528
8215,5.53308333333333,7.42450963623779,1.89142630290446
8216,5.47558333333333,7.42523359949363,1.9496502661603
8217,5.35566666666667,7.42606103468951,2.07039436802284
8218,5.17016666666667,7.42695518941889,2.25678852275222
8219,5.11083333333333,7.42788295753199,2.31704962419866
8220,5.00025,7.42881487913576,2.42856487913576
8221,4.848,7.42972514059391,2.58172514059391
8222,4.88758333333333,7.43059157452689,2.54300824119356
8223,4.95683333333333,7.43139565981192,2.47456232647859
8224,4.963,7.43212252158294,2.46912252158294
8225,5.01175,7.43276093123066,2.42101093123066
8226,5.02508333333333,7.43330330640252,2.40821997306919
8227,5.13525,7.43374571100273,2.29849571100273
8228,5.32141666666667,7.43408785519224,2.11267118852557
8229,5.45541666666667,7.43433309538873,1.97891642872206
8230,5.58175,7.43448843426667,1.85273843426667
8231,5.68075,7.43456452075723,1.75381452075723
8232,5.72766666666667,7.43457565004837,1.7069089833817
8233,5.71333333333333,7.43453976358477,1.72120643025144
8234,5.67108333333333,7.43447844906787,1.76339511573454
8235,5.68483333333333,7.43441694045587,1.74958360712254
8236,5.71108333333333,7.43438411796371,1.72330078463037
8237,5.72266666666667,7.43441250806305,1.71174584139638
8238,5.78033333333333,7.43453828348235,1.65420495014902
8239,5.78783333333333,7.43480126320679,1.64696792987346
8240,5.72675,7.43524491247829,1.70849491247829
8241,5.654,7.43591634279554,1.78191634279554
8242,5.54091666666667,7.43686631191397,1.8959496452473
8243,5.42691666666667,7.43814922384575,2.01123255717908
8244,5.28333333333333,7.43982312885981,2.15648979552648
8245,5.15241666666667,7.44194972348183,2.28953305681516
8246,5.06066666666667,7.44459435049423,2.38392768382756
8247,5.03425,7.4478208622182,2.4135708622182
8248,5.01041666666667,7.45107615375054,2.44065948708387
8249,5.04883333333333,7.45397221342296,2.40513888008963
8250,5.04041666666667,7.45653928952103,2.41612262285436
8251,5.20716666666667,7.45880646989913,2.25163980323246
8252,5.37875,7.46080168198044,2.08205168198044
8253,5.54975,7.46255169275693,1.91280169275693
8254,5.728,7.46408210878937,1.73608210878937
8255,5.90566666666667,7.46541737620734,1.55975070954067
8256,5.91633333333333,7.46658078070923,1.5502474473759
8257,5.873,7.4675944475622,1.5945944475622
8258,5.86241666666667,7.46847934160223,1.60606267493556
8259,5.84675,7.46925526723411,1.62250526723411
8260,5.89891666666667,7.46994086843141,1.57102420176474
8261,6.0065,7.47055362873651,1.46405362873651
8262,6.11025,7.47110987126058,1.36085987126059
8263,6.11925,7.47162475868362,1.35237475868362
8264,6.08266666666667,7.4721122932544,1.38944562658773
8265,6.0065,7.4725853167905,1.4660853167905
8266,5.8895,7.4730555106783,1.5835555106783
8267,5.74766666666667,7.47353339587299,1.72586672920632
8268,5.63183333333333,7.47402833289854,1.84219499956521
8269,5.48983333333333,7.47454852184774,1.98471518851441
8270,5.35408333333333,7.47510100238217,2.12101766904884
8271,5.29391666666667,7.47569165373221,2.18177498706554
8272,5.19683333333333,7.47632519469706,2.27949186136373
8273,5.22875,7.47700518364468,2.24825518364468
8274,5.28408333333333,7.47773401851188,2.19365068517855
8275,5.37175,7.47851293680423,2.10676293680423
8276,5.43991666666667,7.47934201559611,2.03942534892944
8277,5.61258333333333,7.48022017153072,1.8676368381974
8278,5.71933333333333,7.48114516082005,1.76181182748672
8279,5.80375,7.48211357924487,1.67836357924487
8280,5.83033333333333,7.48312086215477,1.65278752882144
8281,5.80125,7.48416128446815,1.68291128446815
8282,5.785,7.48522796067219,1.70022796067219
8283,5.81533333333333,7.48631284482288,1.67097951148955
8284,5.8585,7.48740673054501,1.62890673054501
8285,5.94966666666667,7.48849925103216,1.53883258436549
8286,6.02841666666667,7.48957887904674,1.46116221238007
8287,6.07158333333333,7.49063292691992,1.41904959358659
8288,6.0495,7.49164828455453,1.44214828455453
8289,6.00033333333333,7.49291370799645,1.49258037466311
8290,5.92441666666667,7.49463429103979,1.57021762437312
8291,5.8365,7.496755356253,1.660255356253
8292,5.7525,7.49922494252172,1.74672494252172
8293,5.65116666666667,7.50199380504879,1.85082713838212
8294,5.55633333333333,7.50501541535425,1.94868208202092
8295,5.46116666666667,7.50824596127536,2.04707929460869
8296,5.41708333333333,7.51164434696656,2.09456101363323
8297,5.41275,7.51517219289951,2.10242219289951
8298,5.46083333333333,7.51879383586307,2.05796050252974
8299,5.57016666666667,7.52247632896329,1.95230966229663
8300,5.72233333333333,7.52618944162345,1.80385610829012
8301,5.831,7.52990565958401,1.69890565958401
8302,5.94825,7.53360018490264,1.58535018490264
8303,6.05208333333333,7.53725093595422,1.48516760262089
8304,6.06641666666667,7.54083854743081,1.47442188076414
8305,6.02333333333333,7.54434637034171,1.52101303700838
8306,6.05225,7.54776047201339,1.49551047201339
8307,6.0615,7.55106963608953,1.48956963608953
8308,6.09158333333333,7.55426536253104,1.46268202919771
8309,6.14841666666667,7.557341867616,1.40892520094933
8310,6.23108333333333,7.5602960839397,1.32921275060637
8311,6.31291666666667,7.56312766041464,1.25021099374797
8312,6.33475,7.56583896227054,1.23108896227054
8313,6.37008333333333,7.56843507105428,1.19835173772095
8314,6.34866666666667,7.57092378462998,1.22225711796331
8315,6.28016666666667,7.57331561717895,1.29314895051228
8316,6.17225,7.5756237991997,1.4033737991997
8317,6.01483333333333,7.57786427750795,1.56303094417462
8318,5.956,7.58005571523662,1.62405571523662
8319,5.82591666666667,7.58221949183584,1.75630282516917
8320,5.74816666666667,7.58437970307292,1.83621303640625
8321,5.64841666666667,7.58656316103241,1.93814649436574
8322,5.64883333333333,7.58879939411602,1.9399660607827
8323,5.7085,7.59112064704271,1.88262064704271
8324,5.79458333333333,7.5935618808486,1.79897854751527
8325,5.932,7.59616077288704,1.66416077288704
8326,6.03883333333333,7.59880159400103,1.5599682606677
8327,6.112,7.60125901062198,1.48925901062198
8328,6.08266666666667,7.6035622556124,1.52089558894573
8329,6.08825,7.60574242467518,1.51749242467518
8330,6.11775,7.60782825554587,1.49007825554587
8331,6.17008333333333,7.60984612799261,1.43976279465928
8332,6.24425,7.6118200638162,1.3675700638162
8333,6.33075,7.61377172685007,1.28302172685007
8334,6.45441666666667,7.61572042296025,1.16130375629358
8335,6.51058333333333,7.61768310004542,1.10709976671209
8336,6.558,7.61967434803691,1.06167434803691
8337,6.51508333333333,7.62170639889864,1.10662306556531
8338,6.46775,7.62378912662718,1.15603912662718
8339,6.39075,7.62593004725173,1.23518004725173
8340,6.24875,7.62813431883412,1.37938431883412
8341,6.14066666666667,7.63040474146881,1.48973807480214
8342,6.04066666666667,7.63274175728289,1.59207509061622
8343,5.94591666666667,7.63514345043606,1.68922678376939
8344,5.86283333333333,7.63760554712069,1.77477221378736
8345,5.84733333333333,7.64012141556175,1.79278808222842
8346,5.86225,7.64268206601684,1.78043206601684
8347,5.91641666666667,7.6452761507762,1.72885948410953
8348,6,7.64788996416269,1.64788996416269
8349,6.12041666666667,7.65050744253183,1.53009077586516
8350,6.35641666666667,7.65311016427172,1.29669349760505
8351,6.34283333333333,7.65567734980312,1.31284401646979
8352,6.37741666666667,7.65818586157943,1.28076919491276
8353,6.45941666666667,7.66061020408666,1.20119353741999
8354,6.48,7.66292252384345,1.18292252384345
8355,6.446,7.66509260940108,1.21909260940108
8356,6.48058333333333,7.66708789134345,1.18650455801012
8357,6.54175,7.66887344228709,1.12712344228709
8358,6.56766666666667,7.67041197688118,1.10274531021451
8359,6.69033333333333,7.67166385180751,0.981330518474181
8360,6.76441666666667,7.6725870657805,0.908170399113827
8361,6.79308333333333,7.67319193957729,0.880108606243962
8362,6.83558333333333,7.67354820014406,0.837964866810734
8363,6.775,7.67368456859412,0.898684568594119
8364,6.62,7.67362858260455,1.05362858260455
8365,6.50616666666667,7.67340675804643,1.16724009137976
8366,6.33358333333333,7.67304458898481,1.33946125565148
8367,6.20616666666667,7.67256654767873,1.46639988101206
8368,6.076,7.6719960845812,1.5959960845812
8369,5.9515,7.67135562833922,1.71985562833922
8370,5.93866666666667,7.67066658579377,1.7319999191271
8371,5.92216666666667,7.66994934197981,1.74778267531314
8372,5.82675,7.66922326012627,1.84247326012627
8373,5.84958333333333,7.66850668165607,1.81892334832274
8374,5.89708333333333,7.66781692618613,1.7707335928528
8375,5.96516666666667,7.66717029152733,1.70200362486066
8376,5.97683333333333,7.66658205368452,1.68974872035119
8377,5.99266666666667,7.66606646685655,1.67339980018988
8378,5.91583333333333,7.66563676343626,1.74980343010293
8379,5.87558333333333,7.66530515401045,1.78972182067712
8380,5.88416666666667,7.66508282735991,1.78091616069324
8381,5.90341666666667,7.6649799504594,1.76156328379273
8382,5.89841666666667,7.66500566847769,1.76658900181102
8383,5.93116666666667,7.6651681047775,1.73400143811083
8384,5.94175,7.66547436091555,1.72372436091555
8385,5.9965,7.66593051664253,1.66943051664253
8386,6.01733333333333,7.66654162990312,1.64920829656979
8387,6.08383333333333,7.66731173683598,1.58347840350265
8388,6.04833333333333,7.66824385177374,1.61991051844041
8389,6.02958333333333,7.66933996724302,1.63975663390969
8390,5.95425,7.67060105396443,1.71635105396443
8391,5.863,7.67202706085254,1.80902706085254
8392,5.80525,7.67361691501592,1.86836691501592
8393,5.72466666666667,7.67536852175711,1.95070185509044
8394,5.66775,7.67727876457264,2.00952876457264
8395,5.63516666666667,7.67934350515302,2.04417683848635
8396,5.65233333333333,7.68155758338272,2.02922425004939
8397,5.73158333333333,7.68391481734023,1.9523314840069
8398,5.72925,7.68640800329798,1.95715800329798
8399,5.90125,7.68902891572241,1.78777891572241
8400,6.002,7.69176830727394,1.68976830727394
8401,5.96208333333333,7.69461590880694,1.73253257547361
8402,5.91366666666667,7.69756042936981,1.78389376270314
8403,5.90675,7.70058955620489,1.79383955620489
8404,5.87958333333333,7.70368995474852,1.82410662141519
8405,5.91633333333333,7.70684726863102,1.79051393529769
8406,6.02133333333333,7.71004611967669,1.68871278634336
8407,6.15291666666667,7.7132701079038,1.56035344123713
8408,6.33191666666667,7.71650181152462,1.38458514485795
8409,6.46383333333333,7.71972278694538,1.25588945361205
8410,6.47908333333333,7.72291356876632,1.24383023543299
8411,6.47291666666667,7.72605366978163,1.25313700311496
8412,6.41133333333333,7.72912158097951,1.31778824764618
8413,6.33325,7.7321447879526,1.3988947879526
8414,6.22816666666667,7.73519243253177,1.5070257658651
8415,6.13966666666667,7.73826624209432,1.59859957542765
8416,6.10508333333333,7.74136703343086,1.63628370009753
8417,6.09766666666667,7.74449557677623,1.64682891010956
8418,6.10275,7.74765259580946,1.64490259580946
8419,6.18025,7.75083876765378,1.57058876765378
8420,6.336,7.75405472287663,1.41805472287663
8421,6.55025,7.75730104548967,1.20705104548967
8422,6.67366666666667,7.76057827294875,1.08691160628208
8423,6.76916666666667,7.76388689615393,0.994720229487265
8424,6.786,7.76722735944948,0.98122735944948
8425,6.74975,7.77060006062386,1.02085006062386
8426,6.69525,7.77400535090975,1.07875535090975
8427,6.70725,7.77744353498404,1.07019353498404
8428,6.72125,7.78091487096781,1.05966487096781
8429,6.78958333333333,7.78441957042635,0.994836237093022
8430,6.99041666666667,7.78795779836917,0.797541131702502
8431,7.14275,7.79152967324997,0.64877967324997
8432,7.18,7.79513526696666,0.615135266966658
8433,7.163,7.79877460486135,0.635774604861351
8434,7.09575,7.80244766572037,0.706697665720371
8435,6.9975,7.80615438177424,0.808654381774243
8436,6.88358333333333,7.8098946386977,0.926311305364371
8437,6.75183333333333,7.81366827560968,1.06183494227635
8438,6.61166666666667,7.81747508507333,1.20580841840666
8439,6.52058333333333,7.821314813096,1.30073147976267
8440,6.46616666666667,7.82518715912924,1.35902049246257
8441,6.43508333333333,7.82909177606881,1.39400844273548
8442,6.46941666666667,7.83302827025468,1.36361160358801
8443,6.55316666666667,7.83699620147102,1.28382953480435
8444,6.63408333333333,7.84099508294621,1.20691174961288
8445,6.74108333333333,7.84502438135283,1.1039410480195
8446,6.90133333333333,7.84908351680766,0.947750183474334
8447,6.99566666666667,7.85317186287171,0.857505196205044
8448,7.02341666666667,7.85728874655018,0.833872079883506
8449,6.98158333333333,7.86143344829246,0.879850114959126
8450,6.968,7.86560520199217,0.897605201992166
8451,6.95391666666667,7.86980319498712,0.91588652832045
8452,7.07275,7.87402656805934,0.801276568059341
8453,7.13633333333333,7.87827441543506,0.741941082101726
8454,7.2635,7.8825457847847,0.6190457847847
8455,7.37141666666667,7.88683967722291,0.515423010556241
8456,7.43283333333333,7.89115504730853,0.458321713975202
8457,7.51,7.89549080304462,0.385490803044616
8458,7.48466666666667,7.89984580587842,0.415179139211745
8459,7.39525,7.90421887070139,0.508968870701394
8460,7.25316666666667,7.90860876584922,0.655442099182546
8461,7.087,7.91301421310176,0.826014213101756
8462,6.95741666666667,7.91743388768309,0.960017221016422
8463,6.80766666666667,7.92186641826151,1.11419975159484
8464,6.68383333333334,7.92630920467272,1.24247587133938
8465,6.56125,7.93074449106042,1.36949449106042
8466,6.53008333333333,7.9351778076166,1.40509447428327
8467,6.48483333333333,7.93962290916838,1.45478957583505
8468,6.51266666666667,7.94409272868508,1.43142606201841
8469,6.57633333333333,7.94859937727821,1.37226604394488
8470,6.71575,7.95315414420152,1.23740414420152
8471,6.81766666666667,7.95776749685096,1.14010083018429
8472,6.84733333333333,7.96244908076468,1.11511574743135
8473,6.81991666666667,7.96720771962305,1.14729105295638
8474,6.87216666666667,7.97205141524864,1.09988474858197
8475,6.93258333333333,7.97698734760623,1.0444040142729
8476,6.97191666666667,7.98202187480283,1.01010520813616
8477,7.074,7.98716053308764,0.91316053308764
8478,7.156,7.99240803685207,0.83640803685207
8479,7.2975,7.99776827862975,0.700268278629745
8480,7.36733333333333,8.0032443290965,0.635910995763173
8481,7.41291666666667,8.00883843707038,0.595921770403712
8482,7.4315,8.01455202951164,0.583052029511641
8483,7.39141666666667,8.02038571152274,0.628969044856069
8484,7.27241666666667,8.02633926634835,0.75392259968168
8485,7.15866666666667,8.03241165537536,0.873744988708686
8486,7.05191666666667,8.03860101813285,0.986684351466178
8487,6.9335,8.04490467229213,1.11140467229213
8488,6.80241666666667,8.05131911366671,1.24890244700004
8489,6.71591666666667,8.05784001621231,1.34192334954564
8490,6.6425,8.06446223202687,1.42196223202687
8491,6.583,8.07117979135051,1.48817979135051
8492,6.59083333333333,8.0779859025656,1.48715256923227
8493,6.65858333333333,8.08487295219669,1.42628961886336
8494,6.78233333333333,8.09183250491056,1.30949917157723
8495,6.84516666666667,8.09885530351617,1.2536886368495
8496,6.81475,8.10593126896473,1.29118126896473
8497,6.75016666666667,8.11304950034962,1.36288283368295
8498,6.79683333333333,8.12019827490646,1.32336494157313
8499,6.84408333333333,8.12736504801307,1.28328171467974
8500,6.90541666666667,8.13453645318947,1.2291197865228
8501,6.99058333333333,8.1416983020979,1.15111496876457
8502,7.06166666666667,8.1488355845428,1.08716891787613
8503,7.16466666666667,8.15593246847084,0.991265801804174
8504,7.29708333333333,8.16297229997089,0.865888966637556
8505,7.39933333333333,8.169937603274,0.770604269940674
8506,7.50083333333333,8.17681008075348,0.675976747420154
8507,7.548,8.18357061292482,0.635570612924822
8508,7.50966666666667,8.19019925844573,0.680532591779055
8509,7.43775,8.1966752541161,0.758925254116105
8510,7.32391666666667,8.20297701487809,0.879060348211419
8511,7.16433333333333,8.20908213381601,1.04474880048268
8512,7.03758333333333,8.21496738215641,1.17738404882308
8513,6.9495,8.22060870926805,1.27110870926805
8514,6.9195,8.22598124266188,1.30648124266188
8515,6.89916666666667,8.23105928799109,1.33189262132442
8516,6.95391666666667,8.23581632905105,1.28189966238438
8517,6.99141666666667,8.24022502777936,1.24880836111269
8518,7.00116666666667,8.24425722425582,1.24309055758915
8519,6.97116666666667,8.24788393670243,1.27671727003576
8520,7.01466666666667,8.25107536148343,1.23640869481676
8521,7.06766666666667,8.25380087310525,1.18613420643858
8522,7.07008333333333,8.25602902421652,1.18594569088319
8523,7.07816666666667,8.25772754560809,1.17956087894142
8524,7.12825,8.25886334621303,1.13061334621303
8525,7.23858333333333,8.25940271941276,1.02081938607943
8526,7.41,8.25956531540412,0.849565315404117
8527,7.60258333333333,8.25958939741013,0.657006064076802
8528,7.76641666666667,8.25950737206238,0.493090705395709
8529,7.90583333333333,8.25934991291149,0.353516579578159
8530,7.9405,8.25914596042714,0.318645960427141
8531,7.91216666666667,8.25892272199807,0.346756055331398
8532,7.78916666666667,8.25870567193206,0.469539005265387
8533,7.67383333333333,8.25851855145594,0.584685218122613
8534,7.5015,8.25838336871561,0.756883368715615
8535,7.34783333333333,8.25832039877601,0.91048706544268
8536,7.19241666666667,8.25834818362113,1.06593151695446
8537,7.09225,8.258483532154,1.166233532154
8538,7.04733333333333,8.25874152019673,1.2114081868634
8539,7.026,8.25913549049047,1.23313549049047
8540,6.99091666666667,8.25967705269541,1.26876038602874
8541,7.01233333333333,8.26037608339081,1.24804275005748
8542,7.05608333333333,8.26124072607497,1.20515739274164
8543,7.10025,8.26227739116524,1.16202739116524
8544,7.12058333333333,8.26349075599803,1.1429074226647
8545,7.097,8.2648837648288,1.1678837648288
8546,7.04633333333333,8.26645762883206,1.22012429549873
8547,7.07033333333333,8.26821182610137,1.19787849276804
8548,7.15291666666667,8.27014410164934,1.11722743498267
8549,7.2495,8.27225046740765,1.02275046740765
8550,7.3375,8.27452520222701,0.937025202227007
8551,7.44991666666667,8.27696085187719,0.827044185210516
8552,7.415,8.27954822904701,0.864548229047005
8553,7.48091666666667,8.28227641334434,0.801359746677668
8554,7.45275,8.28513275129611,0.832382751296112
8555,7.44708333333333,8.2881028563483,0.841019523014973
8556,7.43225,8.29117060886594,0.858920608865938
8557,7.42441666666667,8.2943181561331,0.869901489466431
8558,7.42566666666667,8.29752591235292,0.871859245686254
8559,7.3545,8.30077255864759,0.946272558647589
8560,7.39408333333333,8.30403504305834,0.909951709725006
8561,7.4225,8.30728858054545,0.884788580545449
8562,7.49666666666667,8.31050665298827,0.813839986321602
8563,7.53833333333333,8.31366100918519,0.775327675851864
8564,7.49633333333333,8.31672166485366,0.820388331520332
8565,7.8525,8.31965690263017,0.467156902630168
8566,7.82408333333333,8.32243327207026,0.49834993873693
8567,7.95,8.32511249092777,0.37511249092777
8568,7.8655,8.32788406335041,0.46238406335041
8569,8.10425,8.33074682109068,0.226496821090679
8570,8.20491666666667,8.33369191926683,0.12877525260016
8571,8.25591666666667,8.33670992208015,0.080793255413484
8572,8.27283333333333,8.33979080281497,0.066957469481645
8573,8.22533333333333,8.34292394383865,0.117590610505324
8574,8.15733333333333,8.34609813660159,0.188764803268262
8575,8.06241666666667,8.34930158163722,0.286884914970555
8576,7.95491666666667,8.35252188856202,0.39760522189535
8577,7.894,8.35574607607549,0.461746076075489
8578,7.79075,8.35896057196017,0.568210571960171
8579,7.59841666666667,8.36215121308165,0.763734546414979
8580,7.41591666666667,8.36530324538854,0.949386578721869
8581,7.30141666666667,8.36840132391249,1.06698465724582
8582,7.25016666666667,8.3714295127682,1.12126284610153
8583,7.17183333333333,8.37437128515338,1.20253795182005
8584,7.14975,8.3772095233488,1.2274595233488
8585,7.08608333333333,8.37992651871826,1.29384318538493
8586,7.07908333333333,8.38250397170859,1.30342063837526
8587,6.88633333333333,8.38492299184965,1.49858965851632
8588,6.61491666666667,8.38716409775437,1.7722474310877
8589,6.44983333333333,8.38920721711867,1.93937388378534
8590,6.16425,8.39103168672154,2.22678168672154
8591,5.74725,8.392616252425,2.645366252425
8592,5.5125,8.39393906917409,2.88143906917409
8593,5.24025,8.3949777009969,3.1547277009969
8594,5.12866666666667,8.39570912100456,3.26704245433789
8595,5.08191666666667,8.39610971139122,3.31419304472455
8596,4.96133333333333,8.39615526343409,3.43482193010076
8597,4.87566666666667,8.3958209774934,3.52015431082673
8598,4.84858333333333,8.39508146301241,3.54649812967908
8599,4.77983333333333,8.39391073851743,3.6140774051841
8600,4.90966666666667,8.3922822316178,3.48261556495113
8601,4.80891666666667,8.3901687790059,3.58125211233923
8602,4.65891666666667,8.38754262645715,3.72862595979048
8603,4.18775,8.38437542883,4.19662542883
8604,3.32908333333333,8.38063825006592,5.05155491673259
8605,2.56141666666667,8.37630156318945,5.81488489652278
8606,1.715,8.37133525030814,6.65633525030814
8607,1.15175,8.3657086026126,7.2139586026126
8608,0.356583333333333,8.3593681272856,8.00278479395227
8609,0.240666666666667,8.35222076895386,8.11155410228719
8610,0.16825,8.34434574304289,8.17609574304289
8611,0.17275,8.33583894537305,8.16308894537305
8612,0.172833333333333,8.32679187610713,8.1539585427738
8613,0.181666666666667,8.31729163975032,8.13562497308366
8614,0.180666666666667,8.30742094515025,8.12675427848358
8615,0.20375,8.29725810549695,8.09350810549695
8616,0.204833333333333,8.28687703832289,8.08204370498956
8617,0.241,8.27634726550295,8.03534726550295
8618,0.258583333333333,8.26573391325442,8.00715057992109
8619,0.296583333333333,8.25509771213703,7.9585143788037
8620,0.502,8.24449499705293,7.74249499705293
8621,1.26091666666667,8.23397770724667,6.97306104058
8622,2.19916666666667,8.22359338630523,6.02442671963856
8623,2.90683333333333,8.21338518215802,5.30655184882469
8624,3.28075,8.20339184707686,4.92264184707686
8625,3.62783333333333,8.19364773767599,4.56581440434266
8626,4.026,8.18418281491207,4.15818281491207
8627,4.204,8.17502264408419,3.97102264408419
8628,4.29966666666667,8.16618839483385,3.86652172816718
8629,4.43925,8.15769684114497,3.71844684114497
8630,4.51025,8.1495603613439,3.6393103613439
8631,4.52508333333333,8.14178693809939,3.61670360476606
8632,4.55516666666667,8.13438015842263,3.57921349175596
8633,4.66225,8.12733921366723,3.46508921366723
8634,4.7375,8.12065889952921,3.38315889952921
8635,4.84991666666667,8.11432961604701,3.26441294938034
8636,4.91425,8.1083373676015,3.1940873676015
8637,5.384,8.10266376291596,2.71866376291596
8638,5.51466666666667,8.09728601505609,2.58261934838942
8639,5.62316666666667,8.09217694143002,2.46901027476335
8640,5.65025,8.0873049637883,2.4370549637883
8641,5.92683333333333,8.08263410822388,2.15580077489055
8642,6.08625,8.07812400517216,1.99187400517216
8643,6.26216666666667,8.07372988941094,1.81156322274427
8644,6.45775,8.06940260006044,1.61165260006044
8645,6.515,8.06508858058331,1.55008858058331
8646,6.46725,8.06088363562666,1.59363363562666
8647,6.363,8.05764285636507,1.69464285636507
8648,6.24516666666667,8.05537204192564,1.81020537525897
8649,6.14383333333333,8.05391740435052,1.91008407101719
8650,6.02508333333333,8.05313553955864,2.02805220622531
8651,5.89775,8.05289342734578,2.15514342734578
8652,5.795,8.05306843138451,2.25806843138451
8653,5.66883333333333,8.05354829922419,2.38471496589086
8654,5.48791666666667,8.05423116229103,2.56631449562436
8655,5.39866666666667,8.05502553588803,2.65635886922136
8656,5.28016666666667,8.05585031919499,2.77568365252832
8657,5.26033333333333,8.05663479526855,2.79630146193522
8658,5.2695,8.05731863104213,2.78781863104213
8659,5.23291666666667,8.05785187732598,2.82493521065931
8660,5.22983333333333,8.05819496880717,2.82836163547384
8661,5.182,8.05831872404954,2.87631872404954
8662,5.0865,8.05820434549379,2.97170434549379
8663,5.0655,8.0578434194574,2.9923434194574
8664,4.98241666666667,8.05723791613466,3.07482124946799
8665,5.08808333333333,8.05640018959669,2.96831685626336
8666,5.15316666666667,8.05535297779141,2.90218631112474
8667,5.25158333333333,8.05412940254355,2.80254606921022
8668,5.52508333333333,8.05277296955464,2.52768963622131
8669,5.76491666666667,8.05133756840305,2.28642090173638
8670,5.8405,8.04988747254393,2.20938747254393
8671,5.85258333333333,8.04849733930926,2.19591400597593
8672,5.8575,8.04725220990782,2.18975220990782
8673,5.8225,8.04624750942521,2.22374750942521
8674,5.80316666666667,8.04558904682384,2.24242238015716
8675,5.84233333333333,8.04539301494291,2.20305968160958
8676,5.80591666666667,8.0457665656091,2.23984989894243
8677,5.816,8.04597673452078,2.22997673452078
8678,5.82983333333333,8.04567232904796,2.21583899571463
8679,5.8295,8.04495656724808,2.21545656724808
8680,5.94,8.04392616448366,2.10392616448366
8681,6.04583333333333,8.04267133342234,1.99683800008901
8682,6.17591666666667,8.04127578403683,1.86535911737016
8683,6.3625,8.03981672360497,1.67731672360497
8684,6.548,8.03836485670969,1.49036485670969
8685,6.73208333333333,8.03698438523902,1.30490105190569
8686,6.87558333333333,8.0357330083861,1.16014967505277
8687,6.91675,8.03466192264916,1.11791192264916
8688,7.11625,8.03381582183153,0.917565821831528
8689,7.37025,8.03323289704165,0.662982897041649
8690,7.55408333333333,8.03294483669306,0.47886150335973
8691,7.66616666666667,8.0329768265044,0.366810159837725
8692,7.73891666666667,8.0333475494994,0.294430882832726
8693,7.75283333333333,8.0340691860069,0.281235852673575
8694,7.68841666666667,8.03514741366086,0.346730746994191
8695,7.552,8.03658140740031,0.484581407400306
8696,7.45616666666667,8.03836383946939,0.582197172802717
8697,7.38058333333333,8.04048087941734,0.659897546084014
8698,7.233,8.04291219409853,0.809912194098529
8699,7.08825,8.04563094767238,0.957380947672382
8700,6.95833333333333,8.04860380160346,1.09027046827013
8701,6.836,8.0517909146614,1.2157909146614
8702,6.72083333333333,8.05514594292096,1.33431260958763
8703,6.584,8.05861603976199,1.47461603976199
8704,6.549,8.06214185586944,1.51314185586944
8705,6.55191666666667,8.06565753923337,1.5137408725667
8706,6.47658333333333,8.06909073514892,1.59250740181559
8707,6.30841666666667,8.07242941354307,1.76401274687641
8708,6.09633333333333,8.0757468013782,1.97941346804487
8709,5.80233333333333,8.07903194185527,2.27669860852194
8710,5.67058333333333,8.08227340782687,2.41169007449354
8711,5.65875,8.08546115810283,2.42671115810283
8712,5.70183333333333,8.08858653745027,2.38675320411694
8713,5.85833333333333,8.0916422765936,2.23330894326027
8714,5.933,8.09462249221447,2.16162249221447
8715,6.10441666666667,8.09752268695183,1.99310602028516
8716,6.25041666666667,8.1003397494019,1.84992308273523
8717,6.29175,8.10307195411817,1.81132195411817
8718,6.45925,8.10571896161141,1.64646896161141
8719,6.56925,8.10828181834967,1.53903181834967
8720,6.66508333333333,8.11076295675825,1.44567962342492
8721,6.70458333333333,8.11316619521975,1.40858286188642
8722,6.69033333333333,8.11549673807404,1.42516340474071
8723,6.78841666666667,8.11776117561825,1.32934450895158
8724,6.63608333333333,8.11996748410681,1.48388415077348
8725,6.61725,8.1221250257514,1.5048750257514
8726,6.52491666666667,8.12424454872098,1.59932788205431
8727,6.532,8.1263381871418,1.5943381871418
8728,6.54933333333333,8.12841946109737,1.57908612776404
8729,6.57066666666667,8.13050327662848,1.55983660996181
8730,6.60058333333333,8.13260592573319,1.53202259239986
8731,6.74808333333333,8.13474508636683,1.3866617530335
8732,6.913,8.13693982244204,1.22393982244204
8733,6.942,8.13921058382868,1.19721058382868
8734,6.99775,8.14157920635392,1.14382920635392
8735,7.27641666666667,8.1440689118022,0.867652245135531
8736,7.29275,8.14670430791523,0.853954307915231
8737,7.30208333333333,8.14951138839199,0.847428055058664
8738,7.35125,8.15251753288875,0.801267532888755
8739,7.31533333333333,8.15575150701905,0.840418173685718
8740,7.50708333333333,8.15924346235368,0.652160129020348
8741,7.76233333333333,8.16302493642074,0.400691603087407
8742,7.99933333333333,8.1671321234544,0.167798790121068
8743,8.14783333333333,8.17160968831751,0.0237763549841805
8744,8.0925,8.17643567546569,0.0839356754656944
8745,7.95841666666667,8.18157610260632,0.223159435939653
8746,7.84941666666667,8.18699787032835,0.337581203661681
8747,7.68383333333333,8.19266876210233,0.508835428768996
8748,7.54516666666667,8.19855744428038,0.653390777613705
8749,7.43483333333333,8.20463346609621,0.769800132762883
8750,7.30266666666667,8.21086725966514,0.908200592998473
8751,7.22475,8.21723013998405,0.992480139984053
8752,7.148,8.22369430493142,1.07569430493142
8753,7.14033333333333,8.23023283526729,1.08989950193396
8754,7.22,8.23681969463333,1.01681969463333
8755,7.29991666666667,8.24342972955275,0.943513062886083
8756,7.31008333333333,8.25003866943039,0.939955336097056
8757,7.36683333333333,8.25662312655263,0.889789793219303
8758,7.35233333333333,8.26316059608748,0.910827262754151
8759,7.39866666666667,8.26962945608451,0.870962789417837
8760,7.51908333333333,8.27600896747487,0.756925634141544
8761,7.5715,8.28227927407133,0.710779274071328
8762,7.70475,8.28842140256821,0.583671402568206
8763,7.83341666666667,8.29441726254143,0.461000595874756
8764,7.94683333333333,8.3002496464485,0.353416313115166
8765,8.098,8.3059022296285,0.207902229628504
8766,8.21083333333333,8.31135957030213,0.100526236968804
8767,8.26308333333333,8.31660710957165,0.0535237762383147
8768,8.25933333333333,8.32163117142089,0.0622978380875612
8769,8.17158333333333,8.32641896271531,0.154835629381978
8770,8.03841666666667,8.33095857320192,0.292541906535247
8771,7.90541666666667,8.33523897550933,0.429822308842655
8772,7.71358333333333,8.33925002514773,0.625666691814399
8773,7.52058333333333,8.34298246050891,0.82239912717558
8774,7.339,8.34642790286623,1.00742790286623
8775,7.15233333333333,8.34957885637465,1.19724552304132
8776,7.01333333333333,8.3524287080707,1.33909537473737
8777,6.93766666666667,8.35497172787251,1.41730506120584
8778,6.9225,8.35720306857979,1.43470306857979
8779,6.97891666666667,8.35911876587383,1.38020209920716
8780,7.14925,8.36071573831752,1.21146573831752
8781,7.25958333333333,8.36199178735533,1.102408454022
8782,7.37191666666667,8.36294559731331,0.991028930646636
8783,7.43791666666667,8.36350021532587,0.925583548659198
8784,7.41483333333333,8.36358952374642,0.94875619041309
8785,7.37875,8.36327157429993,0.984521574299926
8786,7.35975,8.36260188638164,1.00285188638164
8787,7.36525,8.36163280774226,0.996382807742256
8788,7.40833333333333,8.36041351448792,0.952080181154594
8789,7.53425,8.35899001108024,0.824740011080239
8790,7.70716666666667,8.35740513033624,0.650238463669575
8791,7.85358333333333,8.35569853342844,0.502115200095106
8792,7.95716666666667,8.35390670988475,0.396740043218084
8793,7.92741666666667,8.35206297758859,0.424646310921919
8794,7.84141666666667,8.35019748277878,0.50878081611211
8795,7.69825,8.34833720004961,0.650087200049615
8796,7.51883333333333,8.34650593235083,0.8276725990175
8797,7.352,8.34472431098761,0.99272431098761
8798,7.17291666666667,8.34300979562059,1.17009312895392
8799,7.03483333333333,8.34137667426585,1.30654334093252
8800,6.90916666666667,8.33983606329492,1.43066939662825
8801,6.81675,8.33839590743479,1.52164590743479
8802,6.88333333333333,8.33706097976787,1.45372764643454
8803,6.98475,8.33583288173205,1.35108288173205
8804,6.96558333333333,8.33471004312065,1.36912670978732
8805,7.0265,8.33368772208245,1.30718772208245
8806,7.15966666666667,8.33275800512167,1.173091338455
8807,7.25516666666667,8.33190980709798,1.07674314043131
8808,7.19983333333333,8.3311288712265,1.13129553789317
8809,7.27291666666667,8.3303977690778,1.05748110241113
8810,7.34933333333333,8.32969590057789,0.980362567244562
8811,7.52058333333333,8.32899949400825,0.808416160674921
8812,7.74891666666667,8.32828160600579,0.579364939339117
8813,7.81141666666667,8.32751212156286,0.516095454896194
8814,8.02716666666667,8.32665775402729,0.299491087360623
8815,8.15508333333333,8.32568204510233,0.170598711769005
8816,8.32075,8.3245453648467,0.00379536484669885
8817,8.29691666666667,8.32320491167454,0.0262882450078745
8818,8.24608333333333,8.32161471235547,0.075531379022145
8819,8.08883333333333,8.31968800778349,0.230854674450159
8820,7.95841666666667,8.31733834594034,0.358921679273674
8821,7.78583333333333,8.31464784518998,0.528814511856646
8822,7.58,8.31170124627475,0.731701246274749
8823,7.446,8.30857741190522,0.862577411905217
8824,7.30475,8.30534932676011,1.00059932676011
8825,7.20216666666667,8.30208409748635,1.09991743081968
8826,7.14308333333333,8.29884295269903,1.1557596193657
8827,7.16941666666667,8.29568124298144,1.12626457631477
8828,7.20933333333333,8.29264844088504,1.08331510755171
8829,7.207,8.28978814092949,1.08278814092949
8830,7.21125,8.28713805960262,1.07588805960262
8831,7.20483333333333,8.28473003536045,1.07989670202712
8832,7.23183333333333,8.28259002862717,1.05075669529384
8833,7.19058333333333,8.28073812179517,1.09015478846184
8834,7.34966666666667,8.27918851922501,0.929521852558344
8835,7.43758333333333,8.27794954724546,0.840366213912128
8836,7.54908333333333,8.27702365415343,0.7279403208201
8837,7.70033333333333,8.27640741021405,0.57607407688072
8838,7.87866666666667,8.27609150766062,0.397424840993948
8839,7.98125,8.27606076069462,0.294810760694616
8840,8.032,8.27629410548571,0.244294105485711
8841,8.03633333333333,8.27676460017175,0.240431266838424
8842,7.94891666666667,8.27743942485878,0.328522758192109
8843,7.81891666666667,8.278279881621,0.45936321495433
8844,7.69066666666667,8.27924139450082,0.588574727834149
8845,7.5,8.28027350950882,0.780273509508818
8846,7.32083333333333,8.28131989462377,0.960486561290437
8847,7.18875,8.28231833979261,1.09356833979261
8848,7.06725,8.28320075693049,1.21595075693049
8849,7.04841666666667,8.28389317992071,1.23547651325404
8850,7.05158333333333,8.28431576461479,1.23273243128146
8851,7.08608333333333,8.28438278883239,1.19829945549906
8852,7.12183333333333,8.28400265236139,1.16216931902806
8853,7.15516666666667,8.28307787695784,1.12791121029117
8854,7.20266666666667,8.28150510634597,1.0788384396793
8855,7.21341666666667,8.27930435994932,1.06588769328265
8856,7.27458333333333,8.27718622381996,1.00260289048663
8857,7.4255,8.27526354716451,0.849763547164511
8858,7.4445,8.27352001384148,0.829020013841479
8859,7.45841666666667,8.27193930943043,0.813522642763759
8860,7.57016666666667,8.27050512123199,0.700338454565322
8861,7.71683333333333,8.26920113826784,0.552367804934512
8862,7.87716666666667,8.26801105128072,0.390844384614053
8863,7.84983333333333,8.26691855273442,0.417085219401094
8864,7.81408333333333,8.2659073368138,0.451824003480467
8865,7.67983333333333,8.26496109942475,0.585127766091417
8866,7.52825,8.26406353819424,0.73581353819424
8867,7.35391666666667,8.26319835247029,0.909281685803622
8868,7.20716666666667,8.26234924332198,1.05518257665531
8869,7.07216666666667,8.26149991353944,1.18933324687277
8870,6.94366666666667,8.26063406763386,1.31696740096719
8871,6.83008333333333,8.25973541183748,1.42965207850415
8872,6.74075,8.2587876541036,1.5180376541036
8873,6.78483333333333,8.25777450410658,1.47294117077325
8874,6.86358333333333,8.25667967324184,1.39309633990851
8875,7.03466666666667,8.25548687462585,1.22082020795918
8876,7.2655,8.25417982309613,0.98867982309613
8877,7.42933333333333,8.25274223521127,0.823408901877941
8878,7.62458333333333,8.25115782925091,0.626574495917577
8879,7.78916666666667,8.24941032521574,0.460243658549068
8880,8.03025,8.24748344482752,0.217233444827515
8881,8.32108333333333,8.24536091152905,-0.0757224218042811
8882,8.46091666666667,8.24302645048421,-0.217890216182465
8883,8.5375,8.2404637885779,-0.297036211422096
8884,8.50225,8.23765665441612,-0.264593345583876
8885,8.37675,8.2345887783259,-0.142161221674098
8886,8.16191666666666,8.23124389235533,0.0693272256886672
8887,7.89866666666667,8.22760573027355,0.328939063606879
8888,7.56833333333333,8.22365802757077,0.655324694237439
8889,7.3435,8.21940129093107,0.875901290931069
8890,7.18058333333333,8.21492089092418,1.03433755759085
8891,7.06616666666667,8.21028194279873,1.14411527613206
8892,6.93983333333333,8.20554047978665,1.26570714645332
8893,6.8995,8.20074856806433,1.30124856806433
8894,6.86925,8.19595430675262,1.32670430675262
8895,6.8545,8.19120182791686,1.33670182791686
8896,6.8935,8.18653129656685,1.29303129656685
8897,6.94291666666667,8.18197891065684,1.23906224399017
8898,7.04425,8.17757690108559,1.13332690108559
8899,7.19208333333333,8.1733535316963,0.981270198362968
8900,7.30516666666667,8.16933309927664,0.864166432609967
8901,7.44725,8.16553593355875,0.718285933558754
8902,7.49808333333333,8.16197839721926,0.663895063885935
8903,7.2235,8.15867288587926,0.935172885879256
8904,7.10075,8.15562782810428,1.05487782810428
8905,6.61766666666667,8.15284768540435,1.53518101873768
8906,4.95916666666667,8.15033295223398,3.19116628556731
8907,4.14816666666667,8.14808015599211,3.99991348932544
8908,3.57566666666667,8.14608185702218,4.57041519035551
8909,3.434,8.14432664861209,4.71032664861209
8910,2.68,8.14279915699422,5.46279915699422
8911,2.51791666666667,8.14148004134539,5.62356337467872
8912,2.39225,8.14034599378693,5.74809599378693
8913,2.0135,8.13936973938459,6.12586973938459
8914,2.27491666666667,8.13852003614865,5.86360336948198
8915,2.11558333333333,8.13776167503381,6.02217834170048
8916,2.13966666666667,8.13705547993925,5.99738881327258
8917,2.43041666666667,8.13635830770863,5.70594164104196
8918,2.70533333333333,8.13562304813009,5.43028971479676
8919,3.23858333333333,8.1347986239362,4.89621529060287
8920,3.73183333333333,8.13382999080405,4.40199665747072
8921,3.98383333333333,8.13265813735515,4.14882480402182
8922,4.30083333333333,8.13122008515551,3.83038675182218
8923,4.58266666666667,8.12944888871561,3.54678222204894
8924,4.54983333333333,8.12727363549038,3.57744030215705
8925,4.78316666666667,8.12461944587923,3.34145277921257
8926,4.99291666666667,8.12140747322606,3.12849080655939
8927,5.26408333333333,8.11755490381919,2.85347157048586
8928,5.49216666666667,8.11297495689146,2.62080829022479
8929,5.69491666666667,8.10810151026253,2.41318484359586
8930,5.75275,8.10388330207974,2.35113330207974
8931,5.78458333333333,8.10025435345645,2.31567102012312
8932,5.74533333333333,8.09712560343487,2.35179227010154
8933,5.59541666666667,8.09441372070389,2.49899705403722
8934,5.35666666666667,8.09204110359908,2.73537443693241
8935,5.15308333333333,8.08993588010271,2.93685254676938
8936,5.02708333333333,8.08803190784373,3.0609485745104
8937,4.933,8.08626877409777,3.15326877409777
8938,4.88083333333333,8.08459179578716,3.20375846245383
8939,4.88366666666667,8.08295201948092,3.19928535281425
8940,4.938,8.08130622139474,3.14330622139474
8941,4.96191666666667,8.07961690739101,3.11770024072434
8942,4.94075,8.07785231297881,3.13710231297881
8943,4.94791666666667,8.07598640331389,3.12806973664722
8944,4.99075,8.0739988731987,3.0832488731987
8945,5.02025,8.07187514708238,3.05162514708238
8946,5.08941666666667,8.06960637906074,2.98018971239407
8947,5.13425,8.0671894528763,2.9329394528763
8948,5.14091666666667,8.06462698191826,2.92371031525159
8949,5.12233333333333,8.06192730922249,2.93959397588916
8950,5.11891666666667,8.05910450747157,2.9401878408049
8951,5.02891666666667,8.05617837899475,3.02726171232808
8952,5.02616666666667,8.05317445576798,3.02700778910131
8953,5.01775,8.05012399941389,3.03237399941389
8954,4.951,8.0470640012018,3.0960640012018
8955,4.88925,8.04403718204771,3.15478718204771
8956,4.77116666666667,8.04109199251431,3.26992532584764
8957,4.58866666666667,8.03828261281099,3.44961594614432
8958,4.33375,8.03566895279382,3.70191895279382
8959,4.15766666666667,8.03331665196554,3.87564998529886
8960,4.01183333333333,8.03129707947559,4.01946374614226
8961,3.86525,8.02968733412011,4.16443733412011
8962,3.78541666666667,8.02857024434191,4.24315357767524
8963,3.69908333333333,8.02803436823049,4.32895103489716
8964,3.60966666666667,8.02817399352205,4.41850732685538
8965,3.53466666666667,8.02908913759945,4.49442247093278
8966,3.52575,8.03088554749226,4.50513554749226
8967,3.58741666666667,8.03367469987673,4.44625803321006
8968,3.61466666666667,8.03757357220546,4.42290690553879
8969,3.74508333333333,8.04184766691197,4.29676433357864
8970,3.85708333333333,8.04578014264296,4.18869680930963
8971,3.96383333333333,8.04943449773161,4.08560116439828
8972,4.07466666666667,8.05286984116347,3.9782031744968
8973,4.33825,8.05614089257646,3.71789089257646
8974,4.50441666666667,8.05929798226089,3.55488131559422
8975,4.733,8.06238705115942,3.32938705115942
8976,4.83091666666667,8.0654496508671,3.23453298420043
8977,4.98891666666667,8.06852294363135,3.07960627696468
8978,5.09133333333333,8.07163970235195,2.98030636901862
8979,5.1765,8.07482831058106,2.89832831058107
8980,5.40208333333333,8.07811276252322,2.67602942918989
8981,5.52825,8.08151266303534,2.55326266303534
8982,5.65541666666667,8.08504322762668,2.42962656096001
8983,5.62316666666667,8.0887152824589,2.46554861579223
8984,5.5945,8.09253526434602,2.49803526434602
8985,5.43916666666667,8.09650522075444,2.65733855408777
8986,5.29341666666667,8.10062280980292,2.80720614313625
8987,5.18108333333333,8.10488130026261,2.92379796692928
8988,5.14083333333333,8.10926957155702,2.96843623822369
8989,5.10333333333333,8.11377211376203,3.0104387804287
8990,5.09291666666667,8.1183690276059,3.02545236093923
8991,5.10466666666667,8.12303602446926,3.01836935780259
8992,5.20358333333333,8.12774442638511,2.92416109305178
8993,5.30583333333333,8.13246116603882,2.82662783270549
8994,5.48425,8.13714878676815,2.65289878676815
8995,5.7025,8.14176544256321,2.43926544256321
8996,5.90275,8.1462648980665,2.2435148980665
8997,6.03766666666667,8.15059652857287,2.1129298619062
8998,6.23775,8.15470532002957,1.91695532002957
8999,6.30816666666667,8.1585318690362,1.85036520236953
9000,6.354,8.16201238284475,1.80801238284475
9001,6.46683333333333,8.16507867935957,1.69824534602624
9002,6.48933333333333,8.16765818713738,1.67832485380405
9003,6.65025,8.16996993356702,1.51971993356702
9004,6.82608333333333,8.17249669014387,1.34641335681054
9005,6.93108333333333,8.1752439035721,1.24416057023877
9006,6.9745,8.17820707308109,1.20370707308109
9007,6.87325,8.18138106469964,1.30813106469964
9008,6.73625,8.18476011125602,1.44851011125602
9009,6.57,8.18833781237797,1.61833781237797
9010,6.36466666666667,8.19210713449265,1.82744046782598
9011,6.17466666666667,8.19606041082671,2.02139374416004
9012,6.00175,8.20018934140624,2.19843934140624
9013,5.86841666666667,8.20448499305678,2.33606832639011
9014,5.772,8.20893779940333,2.43693779940333
9015,5.7095,8.21353756087036,2.50403756087035
9016,5.73441666666667,8.21827344468176,2.48385677801509
9017,5.88108333333333,8.22313398486091,2.34205065152758
9018,6.0045,8.22810708223064,2.22360708223064
9019,6.20783333333333,8.23318000441321,2.02534667107988
9020,6.506,8.23833938583036,1.73233938583036
9022,7.76416666666667,8.24886089805261,0.484694231385944
9023,7.96475,8.25419313169845,0.289443131698453
9024,8.33066666666667,8.25955203026036,-0.071114636406314
9025,8.65941666666667,8.26492106215733,-0.394495604509345
9026,8.9805,8.27028306260783,-0.710216937392168
9027,9.25475,8.27562023362979,-0.97912976637021
9028,9.26075,8.28091414404057,-0.979835855959426
9029,9.166,8.28614572945702,-0.879854270542985
9030,9.03025,8.29129529229539,-0.738954707704606
9031,8.91225,8.29634250177146,-0.615907498228545
9032,8.81575,8.30126639390039,-0.514483606099608
9033,8.75608333333333,8.30604537149685,-0.450037961836479
9034,8.74658333333333,8.31065720417494,-0.435926129158389
9035,8.71841666666667,8.31507902834822,-0.403337638318449
9036,8.76083333333333,8.31928734722971,-0.441545986103623
9037,8.75675,8.32325803083187,-0.433491969168131
9038,8.86425,8.32696631596663,-0.537283684033365
9039,8.86383333333333,8.33038680624538,-0.533446527087946
9040,8.87358333333333,8.33349347207895,-0.540089861254376
9041,8.91966666666667,8.33625965067763,-0.583407015989035
9042,9.07816666666667,8.33865804605118,-0.739508620615494
9043,9.20841666666666,8.34066072900878,-0.867755937657883
9044,9.45658333333333,8.3422391371591,-1.11434419617423
9045,9.64025,8.34336407491025,-1.29688592508975
9046,9.82758333333333,8.34400571346979,-1.48357761986354
9047,9.94125,8.34413359084476,-1.59711640915524
9048,10.0325,8.34371661184163,-1.68878338815837
9049,9.9605,8.34277019392519,-1.61772980607481
9050,9.92058333333333,8.34235245619864,-1.57823087713469
9051,9.83841666666667,8.34282720617588,-1.49558946049079
9052,9.6955,8.34408545070153,-1.35141454929847
9053,9.53758333333333,8.3460231577792,-1.19156017555413
9054,9.32825,8.34854125657152,-0.979708743428484
9055,9.1115,8.35154563740007,-0.759954362599926
9056,8.90833333333333,8.35494715174548,-0.55338618158785
9057,8.74141666666667,8.35866161224734,-0.382755054419334
9058,8.63883333333333,8.36260979270423,-0.276223540629097
9059,8.487,8.36671742807377,-0.120282571926229
9060,8.36316666666667,8.37091521447253,0.00774854780586232
9061,8.262,8.3751388091761,0.113138809176103
9062,8.09891666666667,8.37932883061906,0.280412163952395
9063,8.02008333333333,8.38343085839499,0.363347525061661
9064,7.956,8.38739543325646,0.431395433256458
9065,7.84483333333333,8.39117805711503,0.546344723781701
9066,7.91683333333333,8.39473919304128,0.477905859707946
9067,8.06625,8.39804426526476,0.331794265264756
9068,8.3335,8.40106365917402,0.0675636591740236
9069,8.48058333333333,8.40377272131664,-0.0768106120166934
9070,8.52508333333333,8.40615175939914,-0.118931573934189
9071,8.66441666666667,8.40818604228708,-0.256230624379587
9072,8.77125,8.409865800005,-0.361384199994998
9073,8.83383333333333,8.41118622373644,-0.422647109596889
9074,8.83958333333333,8.41214746582393,-0.427435867509404
9075,8.92475,8.41275463976899,-0.511995360231008
9076,8.9905,8.41301782023216,-0.57748217976784
9077,9.00725,8.41295204303296,-0.594297956967042
9078,9.03408333333333,8.4125773051499,-0.621506028183429
9079,9.10291666666667,8.4119185647205,-0.690998101946169
9080,9.03233333333333,8.41100574104127,-0.621327592292058
9081,8.84141666666667,8.40987371456772,-0.431542952098953
9082,8.66166666666667,8.40856232691434,-0.253104339752332
9083,8.48216666666667,8.40711638085464,-0.0750502858120328
9084,8.28725,8.4055856403211,0.118335640321103
9085,8.1345,8.40402483040523,0.269524830405233
9086,7.97683333333333,8.40249363735751,0.425660304024177
9087,7.85016666666667,8.40105670858741,0.550890041920743
9088,7.7845,8.39978365266343,0.615283652663428
9089,7.76791666666667,8.39874903931303,0.630832372646356
9090,7.91716666666667,8.39803239942268,0.480865732756008
9091,7.89191666666667,8.39771822503785,0.505801558371183
9092,8.19208333333333,8.39789596936301,0.205812636029684
9093,8.37941666666667,8.39835774623011,0.0189410795634437
9094,8.45975,8.39859397393495,-0.0611560260650474
9095,8.76283333333333,8.39864912162468,-0.36418421170865
9096,8.85358333333333,8.39857827848325,-0.455005054850075
9097,8.83375,8.3984322539916,-0.435317746008396
9098,8.9865,8.39825757792762,-0.588242422072375
9099,9.07508333333333,8.39809650036618,-0.676986832967149
9100,9.25075,8.3979869916791,-0.852763008320895
9101,9.24083333333333,8.39796274253519,-0.842870590798135
9102,9.229,8.39805316390022,-0.830946836099779
9103,9.42741666666667,8.39828338703692,-1.02913327962975
9104,9.40808333333333,8.398674263505,-1.00940906982833
9105,9.249,8.39924236516113,-0.849757634838875
9106,9.02283333333333,8.39999998415895,-0.622833349174384
9107,8.74591666666667,8.40095513294907,-0.344961533717603
9108,8.50166666666666,8.40211154427907,-0.0995551223875903
9109,8.26591666666667,8.4034686711935,0.137552004526828
9110,8.039,8.40502168703387,0.366021687033866
9111,7.86958333333333,8.40676148543866,0.537178152105326
9112,7.72866666666667,8.40867468034332,0.680008013676651
9113,7.67483333333333,8.41074360598028,0.735910272646946
9114,7.65741666666667,8.41294631687891,0.755529650212241
9115,7.74383333333333,8.41525658786558,0.671423254532251
9116,7.84258333333333,8.41764391406361,0.575060580730279
9117,8.05008333333333,8.42007351089329,0.369990177559956
9118,8.0755,8.42250631407187,0.347006314071873
9119,8.25925,8.4248989796136,0.165648979613598
9120,8.34416666666666,8.42720388382966,0.0830372171629978
9121,8.408,8.42936912332821,0.0213691233282134
9122,8.46516666666667,8.4313385150144,-0.0338281516522674
9123,8.64991666666667,8.43305159609032,-0.216865070576347
9124,8.76308333333333,8.43444362405505,-0.328639709278285
9125,8.83791666666667,8.43544557670461,-0.402471089962063
9126,9.11158333333333,8.43598415213201,-0.675599181201317
9127,9.15133333333333,8.43602122249517,-0.715312110838155
9128,8.98791666666667,8.43657514947489,-0.551341517191778
9129,8.7395,8.43799913427699,-0.301500865723014
9130,8.52166666666667,8.44013340109983,-0.0815332655668417
9131,8.32866666666667,8.44282853592492,0.11416186925825
9132,8.14491666666667,8.44594548651689,0.301028819850222
9133,8.01933333333333,8.4493555624235,0.430022229090172
9134,7.94083333333333,8.45294043497564,0.512107101642306
9135,7.8675,8.45659213728731,0.589092137287309
9136,7.81708333333333,8.46021306425566,0.643129730922333
9137,7.87758333333333,8.46371597256097,0.586132639227641
9138,7.98158333333333,8.46702398066663,0.485440647333301
9139,8.08191666666667,8.47007056881918,0.388153902152506
9140,8.30341666666667,8.47279957904826,0.16938291238159
9141,8.55433333333333,8.47516521516667,-0.0791681181666597
9142,8.71333333333333,8.47713204277032,-0.236201290563011
9143,8.85358333333333,8.47867498923825,-0.374908344095081
9144,8.93933333333333,8.47977934373263,-0.4595539896007
9145,9.0575,8.48044075719877,-0.577059242801234
9146,9.148,8.48066524236508,-0.66733475763492
9147,9.19716666666667,8.48046917374313,-0.71669749292354
9148,9.36183333333333,8.4798792876276,-0.881954045705729
9149,9.53816666666667,8.4789326820963,-1.05923398457037
9150,9.55383333333333,8.47767681701018,-1.07615651632315
9151,9.59391666666667,8.47616951401331,-1.11774715265336
9152,9.50666666666667,8.47447895653288,-1.03218771013379
9153,9.32616666666667,8.47268368977921,-0.853482976887456
9154,9.02866666666667,8.47087262074578,-0.557794045920891
9155,8.79966666666667,8.46914501820915,-0.330521648457518
9156,8.61983333333333,8.46761051272905,-0.152222820604281
9157,8.39641666666667,8.46638909664831,0.069972429981636
9158,8.25758333333333,8.4656111240929,0.208027790759568
9159,8.1885,8.46541731097192,0.276917310971918
9160,8.09333333333333,8.46595873497759,0.372625401644262
9161,8.1035,8.46739683558528,0.363896835585278
9162,8.24258333333333,8.46941000816353,0.226826674830198
9163,8.4885,8.47028082339391,-0.0182191766060935
9164,8.7285,8.47002265548296,-0.25847734451704
9165,8.84275,8.46882707572353,-0.373922924276471
9166,8.993,8.46687231346849,-0.526127686531506
9167,9.27216666666667,8.46432325613079,-0.807843410535884
9168,9.46533333333333,8.46133144918338,-1.00400188414995
9169,9.59491666666667,8.45803509615929,-1.13688157050738
9170,9.70933333333334,8.45455905865158,-1.25477427468176
9171,9.95508333333333,8.45101485631337,-1.50406847701996
9172,10.0873333333333,8.4475006668578,-1.6398326664755
9173,10.26575,8.44410132605809,-1.82164867394191
9174,10.3711666666667,8.44088832774746,-1.93027833891924
9175,10.3601666666667,8.43791982381922,-1.92224684284748
9176,10.1978333333333,8.4352406242267,-1.7625927091066
9177,9.95641666666667,8.43288219698327,-1.5235344696834
9178,9.65233333333333,8.43086266816238,-1.22147066517095
9179,9.35266666666667,8.42918682189748,-0.923479844769194
9180,9.09,8.42784610038209,-0.662153899617909
9181,8.82241666666667,8.42681860386978,-0.395598062796891
9182,8.60366666666667,8.42606909067415,-0.177597575992518
9183,8.40108333333333,8.42554897716886,0.02446564383553
9184,8.27975,8.4251963377876,0.145446337787602
9185,8.28391666666667,8.42493590502412,0.141019238357448
9186,8.337,8.4246790694322,0.0876790694321965
9187,8.49183333333333,8.42432387962567,-0.0675094537076575
9188,8.73825,8.42375504227842,-0.314494957721578
9189,8.92058333333333,8.42284392212437,-0.497739411208956
9190,9.24008333333333,8.42144854195749,-0.818634791375839
9191,9.4695,8.41941358263179,-1.05008641736821
9192,9.58925,8.41657038306133,-1.17267961693867
9193,9.717,8.41273694022022,-1.30426305977978
9194,9.87991666666667,8.40822441261325,-1.47169225405342
9195,10.0686666666667,8.40379789453648,-1.66486877213022
9196,10.2951666666667,8.39943843589411,-1.89572823077259
9197,10.4694166666667,8.39511515009132,-2.07430151657538
9198,10.5375833333333,8.39079975344099,-2.14678357989231
9199,10.3784166666667,8.38646656516369,-1.99195010150301
9200,10.1230833333333,8.38209250738771,-1.74099082594559
9201,9.79725,8.377657105149,-1.419592894851
9202,9.4595,8.37314248639124,-1.08635751360876
9203,9.12008333333333,8.36853338196579,-0.75154995136754
9204,8.8285,8.3638171256317,-0.464682874368298
9205,8.5595,8.35898365405573,-0.200516345944266
9206,8.38875,8.35402550681234,-0.034724493187662
9207,8.28425,8.34893782638366,0.0646878263836577
9208,8.13583333333333,8.34371835815954,0.20788502482621
9209,8.05,8.33836745043753,0.288367450437525
9210,7.99158333333333,8.33288805442285,0.341304721089517
9211,8.07125,8.32728572422844,0.25603572422844
9212,8.54383333333333,8.32156861687493,-0.222264716458399
9213,9.19008333333333,8.31574749229065,-0.874335841042685
9214,9.22058333333333,8.30983571331161,-0.910747620021723
9215,9.20858333333333,8.30384924568153,-0.904734087651798
9216,9.12441666666667,8.29780665805183,-0.826610008614836
9217,9.13933333333333,8.29172912198163,-0.847604211351703
9218,9.11583333333333,8.28564041193771,-0.830192921395616
9219,9.14858333333333,8.2795669052946,-0.869016428038732
9220,9.11041666666667,8.27353758233448,-0.836879084332189
9221,9.13533333333333,8.26758402624726,-0.867749307086074
9222,9.12291666666667,8.26174042313052,-0.861176243536152
9223,9.23441666666667,8.25604356198955,-0.978373104677116
9224,9.18008333333333,8.25053283473735,-0.929550498595983
9225,9.01133333333333,8.24524791999878,-0.766085413334551
9226,8.8295,8.23989294899939,-0.589607051000613
9227,8.699,8.23428311494241,-0.464716885057591
9228,8.46625,8.22847911134224,-0.237770888657757
9229,8.35391666666666,8.22253749515903,-0.131379171507628
9230,8.20608333333333,8.21651068679865,0.0104273534653228
9231,8.137,8.21044697011273,0.0734469701127267
9232,8.06525,8.20439049239862,0.139140492398621
9233,7.92625,8.19838126439944,0.272131264399436
9234,7.99491666666667,8.19245516030401,0.197538493637344
9235,8.15108333333333,8.18664391774695,0.0355605844136146
9236,8.29991666666667,8.18097513780855,-0.118941528858116
9237,8.53325,8.17547228501491,-0.357777714985092
9238,8.67558333333333,8.17015468733782,-0.505428645995513
9239,8.83975,8.16503753619483,-0.674712463805173
9240,8.89983333333333,8.16013188644923,-0.739701446884096
9241,9.00358333333333,8.15544465641007,-0.848138676923265
9242,9.16066666666667,8.15097862783209,-1.00968803883458
9243,9.40441666666667,8.14673244591584,-1.25768422075083
9244,9.4635,8.14270061930755,-1.32079938069245
9245,9.43616666666667,8.13887352009921,-1.29729314656746
9246,9.52725,8.13523738382858,-1.39201261617142
9247,9.48291666666667,8.13177430947913,-1.35114235718754
9248,9.41191666666667,8.12846225948007,-1.2834544071866
9249,9.22291666666667,8.12527505970636,-1.09764160696031
9250,9.003,8.12218239947871,-0.880817600521292
9251,8.76616666666667,8.11914983156355,-0.647016835103118
9252,8.54125,8.11613877217308,-0.425111227826925
9253,8.34275,8.1131065009652,-0.2296434990348
9254,8.10375,8.11000616104359,0.00625616104359317
9255,7.95141666666667,8.10678675895766,0.155370092290987
9256,7.86058333333333,8.10339316470254,0.24280983136921
9257,7.73883333333333,8.09976611171913,0.360932778385799
9258,7.65608333333333,8.09584219689405,0.439758863560725
9259,7.69766666666667,8.09155388055968,0.393887213893011
9260,7.8575,8.08682948649412,0.229329486494125
9261,8.0555,8.08159320192123,0.026093201921233
9262,8.392,8.0757650775106,-0.316234922489397
9263,8.612,8.06926102737756,-0.542738972622438
9264,8.67366666666667,8.06217216403888,-0.611494502627794
9265,8.93008333333333,8.05507111827255,-0.875012215060782
9266,9.10408333333333,8.04803087015584,-1.05605246317749
9267,9.23908333333333,8.04107425137459,-1.19800908195874
9268,9.23791666666667,8.03422199645974,-1.20369467020693
9269,9.6655,8.02749274278738,-1.63800725721262
9270,9.5945,8.02090303057873,-1.57359696942127
9271,9.49083333333333,8.01446730290012,-1.47636603043321
9272,9.32625,8.00819790566303,-1.31805209433697
9273,9.09116666666667,8.00210508762405,-1.08906157904262
9274,8.851,7.99619700038491,-0.854802999615094
9275,8.6015,7.99047969839246,-0.611020301607542
9276,8.32616666666667,7.98495713893868,-0.341209527727988
9277,8.035,7.97963118216069,-0.0553688178393088
9278,7.75266666666667,7.97450159104072,0.221834924374054
9279,7.592,7.96956603140615,0.377566031406146
9280,7.54216666666667,7.96482007192945,0.422653405262782
9281,7.38158333333333,7.96025718412826,0.578673850794935
9282,7.32816666666667,7.95586874236534,0.627702075698667
9283,7.53041666666667,7.95164402384854,0.421227357181874
9284,7.52133333333333,7.9475702086309,0.426236875297567
9285,7.881,7.94363237961053,0.0626323796105295
9286,8.00866666666667,7.93981352253071,-0.0688531441359634
9287,8.24908333333333,7.93609452597982,-0.312988807353512
9288,8.38208333333333,7.93245418139138,-0.449629151941946
9289,8.49625,7.92886918304405,-0.567380816955946
9290,8.62591666666667,7.9253141280616,-0.700602538605067
9291,8.71775,7.92176151641294,-0.795988483587064
9292,8.956,7.91818175091209,-1.03781824908791
9293,8.89891666666667,7.91454313721821,-0.984373529448458
9294,8.71641666666667,7.9108118838356,-0.805604782831065
9295,8.49333333333333,7.90695210211368,-0.58638123121965
9296,8.35225,7.90298673274812,-0.44926326725188
9297,8.17225,7.89912390546205,-0.273126094537951
9298,8.04658333333333,7.89538380222328,-0.151199531110055
9299,7.88683333333333,7.89176506850102,0.00493173516769208
9300,7.82125,7.88826620027679,0.0670162002767869
9301,7.77725,7.88488554404435,0.10763554404435
9302,7.78458333333333,7.88162129680977,0.0970379634764429
9303,7.7875,7.87847150609139,0.0909715060913925
9304,7.82,7.87543406991983,0.0554340699198264
9305,7.84566666666667,7.87250673683797,0.0268400701713043
9306,8.153,7.86968710590101,-0.283312894098987
9307,8.42991666666667,7.8669726266764,-0.562944039990272
9308,8.53741666666667,7.86436059924387,-0.673056067422802
9309,8.70325,7.86184817419544,-0.841401825804564
9310,9.02375,7.8594323526354,-1.1643176473646
9311,9.24841666666667,7.85710998618034,-1.39130668048633
9312,9.424,7.85487777695909,-1.56912222304091
9313,9.65466666666667,7.85273227761281,-1.80193438905386
9314,9.76325,7.8506698912949,-1.9125801087051
9315,9.72066666666666,7.84868687167105,-1.87197979499561
9316,9.6075,7.84677932291924,-1.76072067708076
9317,9.45825,7.84494319972972,-1.61330680027028
9318,9.25833333333333,7.84317430730501,-1.41515902602831
9319,9.00241666666667,7.84146830135994,-1.16094836530673
9320,8.747,7.83982068812159,-0.907179311878407
9321,8.49241666666667,7.83822682432934,-0.654189842337336
9322,8.2715,7.83668191723482,-0.434818082765182
9323,8.061,7.83518102460197,-0.225818975398031
9324,7.84408333333333,7.833719054707,-0.0103642786263309
9325,7.72375,7.83229076633839,0.108540766338395
9326,7.68125,7.83089076879692,0.149640768796925
9327,7.57441666666667,7.82951352189563,0.255096855228965
9328,7.55466666666667,7.82815333595985,0.273486669293182
9329,7.60275,7.82680437182718,0.224054371827181
9330,7.9075,7.82546064084751,-0.0820393591524891
9331,8.19691666666667,7.82404116616567,-0.372875500500999
9332,8.4,7.82232754929996,-0.57767245070004
9333,8.64041666666667,7.82035687013595,-0.820059796530724
9334,8.81691666666667,7.81818269282274,-0.99873397384393
9335,9.01866666666667,7.81585531874038,-1.20281134792629
9336,9.24958333333333,7.81342178649985,-1.43616154683348
9337,9.33016666666667,7.81092587194303,-1.51924079472364
9338,9.41975,7.80840808814278,-1.61134191185722
9339,9.404,7.80590568540284,-1.59809431459716
9340,9.25216666666667,7.80345265125791,-1.44871401540876
9341,9.08841666666667,7.80107971047361,-1.28733695619306
9342,8.892,7.7988143250465,-1.0931856749535
9343,8.6525,7.79668069420406,-0.855819305795943
9344,8.47016666666667,7.79469975440469,-0.675466912261979
9345,8.24975,7.79288917933774,-0.456860820662256
9346,8.07125,7.79126337992349,-0.279986620076508
9347,7.89041666666667,7.78983350431313,-0.100583162353537
9348,7.70816666666667,7.7886074378888,0.0804407712221336
9349,7.58283333333333,7.78758980326356,0.204756469930231
9350,7.52491666666667,7.7867819602814,0.261865293614732
9351,7.41591666666667,7.78618200601724,0.370265339350575
9352,7.35433333333333,7.78578477477694,0.431451441443614
9353,7.27041666666667,7.78558183809728,0.515165171430612
9354,7.31375,7.78556150474597,0.471811504745969
9355,7.55241666666667,7.78570882072165,0.233292154054977
9356,7.85891666666667,7.78600556925389,-0.0729110974127787
9357,8.23666666666667,7.7864302708032,-0.450236395863469
9358,8.6785,7.78695818306101,-0.891541816938989
9359,8.88458333333333,7.78756130094968,-1.09702203238365
9360,9.29608333333333,7.7882083566225,-1.50787497671083
9361,9.51616666666667,7.7888648194637,-1.72730184720297
9362,9.59566666666666,7.78949289608842,-1.80617377057824
9363,9.574,7.79005153034276,-1.78394846965724
9364,9.37933333333333,7.79049640330371,-1.58883693002962
9365,9.093,7.79077993327923,-1.30222006672077
9366,8.81591666666667,7.79102939955255,-1.02488726711412
9367,8.51858333333333,7.79169055313751,-0.726892780195823
9368,8.30258333333333,7.79274886291273,-0.509834470420595
9369,8.14083333333333,7.79416265817898,-0.346670675154348
9370,7.99958333333333,7.79589199459636,-0.203691338736974
9371,7.88925,7.79789865418431,-0.0913513458156885
9372,7.79291666666667,7.80014614532165,0.00722947865498114
9373,7.69758333333333,7.80259970274653,0.105016369413202
9374,7.63475,7.80522628755646,0.170476287556455
9375,7.62441666666667,7.80799458720828,0.183577920541606
9376,7.64758333333333,7.8108750155182,0.16329168218487
9377,7.72566666666667,7.81383971266178,0.0881730459951102
9378,7.87983333333333,7.81686254517392,-0.0629707881594106
9379,8.04758333333333,7.81991910594888,-0.227664227384455
9380,8.33658333333333,7.82298671424025,-0.513596619093082
9381,8.62508333333333,7.82604441566099,-0.799038917672337
9382,8.93583333333333,7.82907298218342,-1.10676035114991
9383,9.15108333333333,7.83205491213917,-1.31902842119416
9384,9.315,7.83497443021926,-1.48002556978074
9385,9.37925,7.83781748747403,-1.54143251252597
9386,9.40266666666667,7.8405717613132,-1.56209490535347
9387,9.40758333333333,7.84322665550582,-1.56435667782751
9388,9.49083333333333,7.84577330018028,-1.64506003315305
9389,9.27141666666667,7.84820455182435,-1.42321211484232
9390,9.01883333333333,7.85051499328513,-1.1683183400482
9391,8.78758333333333,7.85270093376907,-0.934882399564265
9392,8.53091666666667,7.85476040884197,-0.676156257824702
9393,8.31833333333333,7.85669318042899,-0.46164015290434
9394,8.14491666666667,7.85850073681463,-0.286415929852036
9395,7.98725,7.86018629264276,-0.127063707357245
9396,7.86516666666667,7.86175478891655,-0.00341187775011509
9397,7.78891666666667,7.86321289299859,0.074296226331918
9398,7.6665,7.86456899861076,0.198068998610758
9399,7.594,7.86583322583432,0.271833225834317
9400,7.54891666666667,7.86701742110987,0.318100754443202
9401,7.60966666666667,7.86813515723737,0.258468490570702
9402,7.78891666666667,7.86920173337612,0.0802850667094539
9403,8.12266666666667,7.87022721885222,-0.25243944781445
9404,8.42441666666667,7.87109616257924,-0.553320504087433
9405,8.61175,7.87177937987434,-0.739970620125662
9406,8.80358333333333,7.8722996375605,-0.931283695772834
9407,8.98891666666667,7.87267910805935,-1.11623755860732
9408,9.13333333333333,7.87293936939122,-1.26039396394211
9409,9.23508333333333,7.87310140517508,-1.36198192815825
9410,9.37491666666667,7.87318560462861,-1.50173106203806
9411,9.51766666666667,7.87321176256814,-1.64445490409853
9412,9.59925,7.87319907940868,-1.72605092059132
9413,9.45375,7.87316616116391,-1.58058383883609
9414,9.25075,7.87313101944619,-1.37761898055381
9415,8.98025,7.87311107146654,-1.10713892853346
9416,8.65466666666667,7.87312314003468,-0.781543526631991
9417,8.32008333333333,7.87318345355897,-0.446899879774355
9418,7.93225,7.87330764604648,-0.0589423539535217
9419,7.64933333333333,7.87351075710292,0.224177423769585
9420,7.4505,7.87380723193268,0.423307231932682
9421,7.30383333333333,7.87421092133885,0.57037758800552
9422,7.17891666666667,7.87473508172316,0.695818415056494
9423,7.06758333333333,7.87539237508604,0.807809041752711
9424,7.0365,7.87619486902657,0.839694869026572
9425,7.11741666666667,7.87715403674252,0.759737370075853
9426,7.26475,7.87828075703033,0.613530757030331
9427,7.39516666666667,7.87958531428511,0.484418647618439
9428,7.5995,7.88107739850064,0.281577398500642
9429,7.82866666666667,7.88276610526939,0.0540994386027176
9430,8.0555,7.88465993578248,-0.17084006421752
9431,8.19383333333333,7.88676679682972,-0.307066536503607
9432,8.30325,7.8890940007996,-0.414155999200402
9433,8.377,7.89164826567926,-0.485351734320743
9434,8.45558333333334,7.89443571505453,-0.561147618278814
9435,8.58258333333333,7.8974618781099,-0.685121455223426
9436,8.71916666666667,7.90073168962857,-0.818434977038104
9437,8.71191666666667,7.90424948999236,-0.807667176674313
9438,8.66383333333333,7.9080190251818,-0.755814308151531
9439,8.4035,7.91204344677608,-0.491456553223916
9440,8.19666666666667,7.91632531195308,-0.280341354713593
9441,7.98433333333333,7.92086658348933,-0.0634667498440047
9442,7.85533333333333,7.92566862976004,0.0703352964267081
9443,7.73558333333333,7.93060882257709,0.195025489243762
9444,7.62416666666667,7.93529481781302,0.311128151146346
9445,7.53741666666667,7.93968669388722,0.402270027220546
9446,7.55166666666667,7.94377351082424,0.392106844157568
9447,7.53866666666667,7.94754555120593,0.408878884539264
9448,7.58125,7.95099432017147,0.369744320171471
9449,7.6525,7.95411254541732,0.301612545417318
9450,7.79116666666667,7.95689417719726,0.165727510530591
9451,8.03658333333333,7.95933438832239,-0.0772489450109397
9452,8.28316666666667,7.96142957416111,-0.321737092505563
9453,8.48908333333333,7.96317735263912,-0.525905980694207
9454,8.63316666666667,7.96457656423946,-0.668590102427212
9455,8.74258333333333,7.96562727200244,-0.77695606133089
9456,8.84441666666667,7.96633076152571,-0.878085905140957
9457,9.06575,7.96668954096422,-1.09906045903578
9458,9.20608333333333,7.96670734103022,-1.23937599230311
9459,9.22758333333333,7.96638911499328,-1.26119421834005
9460,9.14841666666667,7.96574103868028,-1.18267562798639
9461,9.05616666666667,7.9647705104754,-1.09139615619126
9462,8.87483333333333,7.96348615132015,-0.911347182013182
9463,8.458,7.96189780471331,-0.496102195286687
9464,8.29366666666666,7.96001653671102,-0.333650129955641
9465,7.935,7.95785463592668,0.0228546359266852
9466,7.234,7.95542561353105,0.721425613531046
9467,6.67108333333333,7.95274420325215,1.28166086991882
9468,6.43858333333333,7.94982636137533,1.511243028042
9469,6.32708333333333,7.94668926674327,1.61960593340994
9470,6.54591666666667,7.94335132075593,1.39743465408926
9471,6.68058333333333,7.9398321473706,1.25924881403727
9472,7.03291666666667,7.93615259310185,0.903235926435181
9473,7.23025,7.93233472702159,0.702084727021593
9474,7.52225,7.92840184075903,0.406151840759035
9475,7.93466666666667,7.92437844850069,-0.0102882181659778
9476,7.9,7.92029028699039,0.0202902869903934
9477,7.821,7.91616431552927,0.0951643155292752
9478,7.59716666666667,7.91202871597578,0.314862049309111
9479,7.30141666666667,7.90791289274567,0.606496226078999
9480,7.15025,7.903847472812,0.753597472812003
9481,7.19316666666667,7.89986430570516,0.706697639038487
9482,7.1715,7.89599646351282,0.724496463512815
9483,7.06883333333333,7.89227824087997,0.823444907546639
9484,6.98016666666667,7.88874515500892,0.908578488342253
9485,6.785,7.88543394565929,1.10043394565929
9486,6.712,7.88238257514799,1.17038257514799
9487,6.80875,7.87963022834925,1.07088022834925
9488,6.67858333333333,7.87694704726223,1.1983637139289
9489,6.5775,7.87385647430593,1.29635647430593
9490,6.39766666666667,7.87041094423264,1.47274427756597
9491,6.24116666666667,7.86667384926306,1.62550718259639
9492,6.00916666666667,7.86270508616149,1.85353841949482
9493,5.69166666666667,7.85856105623585,2.16689438956918
9494,5.1525,7.85429466533769,2.70179466533769
9495,4.79483333333333,7.84995532386216,3.05512199052882
9496,4.60683333333333,7.84558894674803,3.23875561341471
9497,4.38983333333333,7.84123795347772,3.45140462014439
9498,4.24225,7.83694126807724,3.59469126807724
9499,4.01433333333333,7.83273431911622,3.81840098578289
9500,3.93541666666667,7.82864903970791,3.89323237304124
9501,3.90275,7.82471386750918,3.92196386750918
9502,3.93016666666667,7.82095374472053,3.89078707805386
9503,3.93616666666667,7.81739011808606,3.8812234514194
9504,3.9655,7.81404093889351,3.84854093889351
9505,3.8435,7.81092066297422,3.96742066297422
9506,3.88175,7.80804025070314,3.92629025070314
9507,3.80691666666667,7.80540716699887,3.9984905003322
9508,3.70075,7.80302538132361,4.10227538132361
9509,3.62325,7.80089536768318,4.17764536768318
9510,3.56983333333333,7.79901410462701,4.22918077129368
9511,3.54508333333333,7.79737507524817,4.25229174191484
9512,3.48633333333333,7.79596826718333,4.30963493385
9513,3.491,7.79478017261278,4.30378017261278
9514,3.42216666666667,7.79379378826043,4.37162712159376
9515,3.33983333333333,7.79298861539383,4.4531552820605
9516,3.20033333333333,7.79234065982412,4.59200732649079
9517,3.06533333333333,7.79182243190606,4.72648909857273
9518,2.9185,7.79140294653805,4.87290294653805
9519,2.789,7.7910477231621,5.0020477231621
9520,2.62925,7.79071878576381,5.16146878576382
9521,2.48225,7.79037466287245,5.30812466287245
9522,2.26191666666667,7.78997038756087,5.5280537208942
9523,2.11616666666667,7.78945749744555,5.67329083077888
9524,2.06466666666667,7.78878403468659,5.72411736801992
9525,1.84616666666667,7.78789454598771,5.94172787932104
9526,1.636,7.78673008259624,6.15073008259624
9527,1.48241666666667,7.78522820030314,6.30281153363647
9528,1.35525,7.78332295944299,6.42807295944299
9529,1.35458333333333,7.78094492489396,6.42636159156063
9530,1.5995,7.77821944685477,6.17871944685477
9531,2.318,7.77662108210477,5.45862108210477
9532,3.83983333333333,7.77631540442852,3.93648207109519
9533,4.96866666666667,7.77712769617438,2.80846102950771
9534,5.58941666666667,7.77889444456784,2.18947777790117
9535,5.96433333333333,7.78146334171151,1.81713000837818
9536,6.09191666666667,7.78469328458511,1.69277661791844
9537,6.13183333333333,7.7884543750455,1.65662104171217
9538,6.123,7.79262791982667,1.66962791982667
9539,6.2125,7.79710643053972,1.58460643053971
9540,6.29783333333333,7.80179362367287,1.50396029033954
9541,6.27325,7.80660442059148,1.53335442059148
9542,6.26116666666667,7.81146494753804,1.55029828087137
9543,6.32516666666667,7.81631253563214,1.49114586896547
9544,6.48608333333333,7.82109572087052,1.33501238753719
9545,6.71116666666667,7.82577424412702,1.11460757746035
9546,6.90758333333333,7.83031905115263,0.922735717819296
9547,7.11216666666667,7.83471229257544,0.722545625908768
9548,7.3125,7.83894732390068,0.526447323900682
9549,7.47333333333333,7.84302870551071,0.369695372177381
9550,7.58916666666666,7.846972202665,0.257805535998341
9551,7.69875,7.85080478550015,0.15205478550015
9552,7.8415,7.85456462902989,0.0130646290298859
9553,7.86958333333333,7.85830111314506,-0.0112822201882743
9554,7.82225,7.86207482261364,0.0398248226136353
9555,7.74408333333333,7.86595754708072,0.121874213747394
9556,7.66916666666667,7.87003228106854,0.200865614401873
9557,7.57208333333333,7.87439322397644,0.302309890643112
9558,7.46891666666667,7.87914578008089,0.410229113414223
9559,7.39566666666667,7.88440655853549,0.488739891868825
9560,7.35475,7.89030337337097,0.535553373370967
9561,7.35283333333333,7.89697524349516,0.544141910161827
9562,7.42191666666667,7.90452635885886,0.482609692192192
9563,7.4985,7.91195956484674,0.413459564846739
9564,7.57433333333333,7.91887089401986,0.344537560686527
9565,7.65416666666667,7.92533383390433,0.271167167237658
9566,7.70425,7.93141795560694,0.227167955606939
9567,7.76525,7.93718891381516,0.171938913815165
9568,7.879,7.94270844679716,0.0637084467971585
9569,7.99458333333333,7.94803437640176,-0.0465489569315736
9570,8.17,7.95322060805848,-0.216779391941521
9571,8.3275,7.95831713077752,-0.369182869222476
9572,8.46,7.96337001714978,-0.496629982850224
9573,8.59733333333334,7.9684214233468,-0.628911909986541
9574,8.69058333333333,7.97350958912084,-0.717073744212491
9575,8.8005,7.97866883780483,-0.821831162195173
9576,8.82941666666667,7.98392957631237,-0.8454870903543
9577,8.87566666666667,7.98931829513776,-0.886348371528907
9578,8.75925,7.99485756835598,-0.764392431644022
9579,8.64708333333333,8.00056605362268,-0.646517279710654
9580,8.45333333333333,8.00645849217419,-0.44687484115914
9581,8.22566666666667,8.01254570882755,-0.213120957839125
9582,8.05066666666667,8.01883461198044,-0.0318320546862267
9583,7.90433333333333,8.02532819361127,0.120994860277939
9584,7.83666666666667,8.03202552927909,0.195358862612418
9585,7.78883333333333,8.03892177812365,0.250088444790319
9586,7.74133333333333,8.04600818286538,0.304674849532054
9587,7.73766666666667,8.0532720698054,0.315605403138734
9588,7.72475,8.0606968488255,0.335946848825504
9589,7.71008333333333,8.06826201338816,0.358178680054833
9590,7.72341666666667,8.07594314053654,0.352526473869868
9591,7.74333333333333,8.08371189089447,0.340378557561139
9592,7.80108333333333,8.09153600866648,0.29045267533315
9593,7.84025,8.09937932163778,0.259129321637777
9594,7.92725,8.10720152685713,0.179951526857129
9595,8.02425,8.11481281024571,0.0905628102457143
9596,8.14375,8.12208576713983,-0.0216642328601715
9597,8.24533333333333,8.12903827753031,-0.116295055803018
9598,8.3815,8.13568811659951,-0.245811883400487
9599,8.48241666666667,8.14205295472131,-0.340363711945356
9600,8.57466666666667,8.1481503574611,-0.426516309205574
9601,8.63216666666667,8.15399778557578,-0.478168881090893
9602,8.71583333333333,8.15961259501378,-0.556220738319551
9603,8.72025,8.16501203691505,-0.55523796308495
9604,8.66708333333333,8.17021325761105,-0.496870075722281
9605,8.546,8.17523329862476,-0.37076670137524
9606,8.40916666666667,8.18008909667068,-0.22907756999599
9607,8.23008333333333,8.18479748365482,-0.0452858496785051
9608,8.06058333333333,8.18937518667473,0.128791853341401
9609,7.92758333333333,8.19383882801945,0.26625549468612
9610,7.80983333333333,8.19820492516955,0.388371591836222
9611,7.70391666666667,8.20248989079713,0.498573224130457
9612,7.66108333333333,8.20671003276578,0.545626699432448
9613,7.62175,8.21088155413063,0.58913155413063
9614,7.63275,8.21502055313833,0.582270553138327
9615,7.63683333333333,8.21914302322703,0.582309689893696
9616,7.6915,8.22326485302641,0.531764853026408
9617,7.78416666666667,8.22740182635766,0.443235159690993
9618,7.90358333333333,8.23156962223351,0.327986288900181
9619,8.05991666666667,8.23578381485818,0.175867148191511
9620,8.17266666666667,8.24005987362742,0.0673932069607499
9621,8.33033333333333,8.2444131631285,-0.0859201702048313
9622,8.47983333333333,8.2488589431402,-0.230974390193129
9623,8.59266666666667,8.25341236863283,-0.33925429803384
9624,8.67583333333333,8.25808848976821,-0.417744843565123
9625,8.76158333333333,8.26290225189967,-0.498681081433661
9626,8.88933333333333,8.26786849557208,-0.621464837761252
9627,8.93733333333333,8.2730019565218,-0.664331376811527
9628,8.95066666666667,8.27831726567674,-0.672349400989932
9629,8.85633333333333,8.2838289491563,-0.572504384177034
9630,8.70208333333333,8.28955142827141,-0.412531905061925
9631,8.52066666666667,8.29549901952451,-0.225167647142161
9632,8.35033333333333,8.30168593460958,-0.0486473987237535
9633,8.18983333333333,8.30812628041209,0.118292947078755
9634,8.06391666666667,8.31483405900904,0.250917392342368
9635,7.96925,8.32135897168756,0.352108971687556
9636,7.89858333333333,8.32730173183531,0.428718398501979
9637,7.85166666666667,8.33277787535078,0.481111208684105
9638,7.8785,8.33789513271567,0.459395132715666
9639,7.91766666666667,8.34275337381564,0.425086707148968
9640,7.98108333333333,8.3474446079403,0.36636127460697
9641,8.12016666666667,8.35205298378321,0.231886317116539
9642,8.29816666666667,8.35665478944187,0.0584881227751985
9643,8.49283333333333,8.36131845241774,-0.131514880915594
9644,8.689,8.36610453961621,-0.322895460383787
9645,8.81166666666667,8.37106575734665,-0.440600909320018
9646,8.98216666666667,8.37624695132235,-0.605919715344317
9647,9.12133333333333,8.38168510666057,-0.739648226672763
9648,9.18033333333333,8.3874093478825,-0.792923985450834
9649,9.261,8.39344093891328,-0.867559061086714
9650,9.35391666666666,8.39979328308203,-0.954123383584628
9651,9.40333333333333,8.40647192312178,-0.996861410211547
9652,9.33441666666667,8.41347454116953,-0.920942125497135
9653,9.25083333333333,8.42079095876623,-0.830042374567102
9654,9.04666666666667,8.42840313685676,-0.61826352980991
9655,8.85316666666667,8.43628517578997,-0.416881490876699
9656,8.64866666666667,8.44440331531865,-0.20426335134802
9657,8.47058333333333,8.45271593459954,-0.0178673987337898
9658,8.32975,8.46117355219333,0.131423552193329
9659,8.21966666666667,8.46971882606465,0.250052159397983
9660,8.12666666666667,8.4782865535821,0.351619886915431
9661,8.10675,8.48680367151821,0.38005367151821
9662,8.04133333333333,8.49518925604946,0.45385592271613
9663,8.108,8.50335452275629,0.395354522756291
9664,8.14658333333333,8.51120282662308,0.364619493289752
9665,8.2705,8.51862966203817,0.248129662038165
9666,8.422,8.52552266279382,0.103522662793821
9667,8.61641666666667,8.53176160208628,-0.0846550645803887
9668,8.83633333333333,8.53721839251572,-0.29911494081761
9669,8.98175,8.54175708608627,-0.439992913913729
9670,9.13083333333333,8.54523387420601,-0.585599459127323
9671,9.27825,8.54758996463528,-0.730660035364716
9672,9.41216666666667,8.54964651641829,-0.862520150248384
9673,9.5225,8.5515823468272,-0.970917653172799
9674,9.54841666666667,8.55333949748037,-0.995077169186301
9675,9.52425,8.55486640307306,-0.96938359692694
9676,9.4175,8.55611789137748,-0.861382108622518
9677,9.27358333333333,8.55705518324278,-0.716528150090548
9678,9.10958333333333,8.55764589259504,-0.551937440738293
9679,8.886,8.55786402643727,-0.32813597356273
9680,8.66666666666667,8.55768998484943,-0.108976681817243
9681,8.49966666666667,8.5571105609884,0.0574438943217341
9682,8.32166666666667,8.55611894108803,0.234452274421356
9683,8.16991666666667,8.55471470445906,0.384798037792386
9684,8.09325,8.55290382348919,0.459653823489191
9685,8.00641666666667,8.55069866364307,0.544281996976396
9686,7.99083333333333,8.54811798346225,0.557284650128923
9687,8.01566666666667,8.54518693456526,0.529520267898592
9688,8.04116666666667,8.54193706164753,0.500770394980863
9689,8.17408333333333,8.53840630248145,0.364322969148121
9690,8.31175,8.53463898791633,0.222888987916331
9691,8.55941666666667,8.53068584187842,-0.0287308247882461
9692,8.7745,8.52660398137092,-0.24789601862908
9693,9.02608333333333,8.52245691647395,-0.503626416859385
9694,9.22,8.51831455034456,-0.701685449655438
9695,9.37791666666667,8.51425317921677,-0.8636634874499
9696,9.4495,8.5103554924015,-0.939144507598501
9697,9.4745,8.50671057228663,-0.967789427713376
9698,9.4895,8.50341389433695,-0.986086105663047
9699,9.46233333333333,8.50056732709423,-0.961766006239104
9700,9.43133333333333,8.49827913217712,-0.933054201156207
9701,9.30575,8.49666396428126,-0.809086035718737
9702,9.06608333333333,8.49585975638333,-0.570223576950003
9703,8.86191666666667,8.49622813798457,-0.365688528682096
9704,8.63275,8.49772615944122,-0.135023840558784
9705,8.41408333333333,8.50016810246894,0.0860847691356081
9706,8.24175,8.50337880608942,0.261628806089423
9707,8.13883333333333,8.50719366663035,0.368360333297016
9708,8.0725,8.51145863772539,0.43895863772539
9709,8.057,8.51603023031423,0.459030230314232
9710,8.02875,8.52077551264255,0.492025512642549
9711,8.04,8.52557211026202,0.485572110262016
9712,8.11366666666667,8.53030820603031,0.416641539363637
9713,8.2545,8.5348825401111,0.280382540111098
9714,8.44833333333333,8.53920440997406,0.0908710766407292
9715,8.587,8.54319367039486,-0.0438063296051361
9716,8.90383333333333,8.54678073345518,-0.35705259987815
9717,9.06275,8.54990656854268,-0.512843431457322
9718,9.28725,8.55252270235102,-0.734727297648977
9719,9.43083333333333,8.55459121887989,-0.876242114453444
9720,9.52983333333333,8.55608475943493,-0.9737485738984
9721,9.61775,8.55698652262782,-1.06076347737218
9722,9.64316666666667,8.55729026437622,-1.08587640229045
9723,9.64691666666667,8.55700029790379,-1.08991636876288
9724,9.59708333333333,8.5561314937402,-1.04095183959313
9725,9.47533333333334,8.5547092797211,-0.920624053612245
9726,9.2985,8.55276964098815,-0.745730359011855
9727,9.04275,8.55035911998901,-0.492390880010994
9728,8.7785,8.54753481647733,-0.230965183522667
9729,8.54008333333333,8.54436438751278,0.00428105417945268
9730,8.34575,8.54092604746101,0.195176047461008
9731,8.19983333333333,8.53730856799366,0.337475234660333
9732,8.0725,8.5336112780884,0.461111278088405
9733,8.00483333333333,8.52994406402888,0.525110730695545
9734,7.95841666666667,8.52642736940473,0.568010702738063
9735,7.93966666666667,8.52319219511162,0.583525528444951
9736,7.9135,8.52038009935119,0.60688009935119
9737,8.02983333333333,8.51810185307241,0.488268519739082
9738,8.2185,8.51621600939654,0.297716009396536
9739,8.4165,8.51460520915119,0.0981052091511874
9740,8.58766666666667,8.51317466432176,-0.0744920023449058
9741,8.69283333333333,8.51183628998187,-0.180997043351459
9742,8.74675,8.51050870429331,-0.236241295706693
9743,8.71983333333333,8.50911722850607,-0.210716104827256
9744,8.7475,8.50759388695837,-0.239906113041627
9745,8.66125,8.5058774070766,-0.155372592923403
9746,8.51575,8.50391321937535,-0.01183678062465
9747,8.43866666666667,8.50165345745743,0.0629867907907578
9748,8.2875,8.49905695801382,0.211556958013823
9749,8.02833333333333,8.49608926082373,0.467755927490401
9750,7.6455,8.49272260875455,0.847222608754551
9751,7.38166666666667,8.48893594776187,1.1072692810952
9752,7.18141666666667,8.48471492688949,1.30329826022282
9753,7.15866666666667,8.48005189826939,1.32138523160272
9754,7.15233333333333,8.47494591712178,1.32261258378845
9755,7.29283333333333,8.46940274175503,1.1765694084217
9756,7.39808333333333,8.46343483356574,1.06535150023241
9757,7.47858333333333,8.45706135703869,0.978478023705361
9758,7.431,8.45030817974688,1.01930817974688
9759,7.48716666666667,8.4432078723515,0.956041205684826
9760,7.495,8.43579970860191,0.940799708601914
9761,7.31266666666667,8.42812966533573,1.11546299866906
9762,7.08966666666667,8.42025042247871,1.33058375581204
9763,7.02533333333333,8.41222136304487,1.38688802971154
9764,7.06491666666667,8.40410857313636,1.33919190646969
9765,7.16308333333333,8.39598484194358,1.23290150861025
9766,7.25641666666667,8.3879296617451,1.13151299507843
9767,7.42775,8.38002922790772,0.952279227907717
9768,7.48775,8.37237643888639,0.884626438886395
9769,7.57775,8.36507089622432,0.787320896224319
9770,7.54341666666667,8.35821890455287,0.814802237886195
9771,7.63091666666667,8.35193347159161,0.721016804924941
9772,7.64408333333333,8.34633430814833,0.702250974815002
9773,7.6785,8.34138149550399,0.662881495503989
9774,7.53025,8.33670496662918,0.806454966629182
9775,7.45591666666667,8.33225286140982,0.876336194743145
9776,7.38408333333333,8.3279946596951,0.943911326361772
9777,7.31916666666667,8.32390315750075,1.00473649083408
9778,7.20275,8.31995446700896,1.11720446700896
9779,7.18016666666667,8.31612801656842,1.13596134990175
9780,7.13633333333333,8.31240655069433,1.176073217361
9781,7.0915,8.30877613006839,1.21727613006839
9782,7.182,8.30522613153876,1.12322613153876
9783,7.18975,8.30174924812014,1.11199924812014
9784,7.17825,8.29834148899369,1.12009148899369
9785,7.20483333333333,8.29500217950709,1.09016884617376
9786,7.32825,8.29173396117451,0.963483961174512
9787,7.59483333333333,8.2885427916766,0.693709458343273
9788,7.83958333333333,8.28543794486053,0.445854611527201
9789,8.04175,8.28243201073995,0.240682010739945
9790,8.13608333333333,8.279540895495,0.143457562161666
9791,8.148,8.27678382147233,0.128783821472327
9792,8.1305,8.27418332718508,0.14368332718508
9793,8.1365,8.27176526731289,0.135265267312887
9794,8.01991666666667,8.26955881270188,0.249642146035212
9795,7.85425,8.26759645036469,0.413346450364692
9796,7.72425,8.26591398348044,0.54166398348044
9797,7.59525,8.26455053139474,0.669300531394741
9798,7.486,8.26354852961971,0.777548529619712
9799,7.36358333333333,8.26295372983396,0.89937039650063
9800,7.29583333333333,8.26281519988259,0.966981866549262
9801,7.217,8.26318532377721,1.04618532377721
9802,7.18766666666667,8.2641198016959,1.07645313502923
9803,7.20941666666667,8.26567764998327,1.0562609833166
9804,7.26616666666667,8.26792120115039,1.00175453448372
9805,7.26808333333333,8.27091610387486,1.00283277054153
9806,7.30625,8.27473132300074,0.968481323000741
9807,7.3455,8.27943913953862,0.933939139538622
9808,7.42525,8.28423886387231,0.858988863872305
9809,7.56958333333333,8.28801423759702,0.718430904263693
9810,7.72025,8.29096207770573,0.57071207770573
9811,7.90358333333333,8.29327604782037,0.389692714487042
9812,8.09391666666667,8.29513550641674,0.201218839750069
9813,8.25083333333333,8.29670550682447,0.0458721734911389
9814,8.35341666666667,8.29813679722705,-0.055279869439623
9815,8.39616666666667,8.2995658206618,-0.0966008460048737
9816,8.415,8.30111471501989,-0.113885284980105
9817,8.45133333333333,8.30289131304636,-0.148442020286966
9818,8.47583333333333,8.30498914234007,-0.170844190993257
9819,8.51258333333334,8.30748742535373,-0.205095907979606
9820,8.433,8.31045107939391,-0.122548920606093
9821,8.31775,8.313930716621,-0.00381928337900383
9822,8.18458333333333,8.31796264404925,0.133379310715924
9823,7.98141666666667,8.32256886354678,0.341152196880111
9824,7.80683333333333,8.32775707183552,0.520923738502187
9825,7.73925,8.33352066049126,0.594270660491256
9826,7.6905,8.33983871594363,0.649338715943633
9827,7.55516666666667,8.34667601947613,0.791509352809459
9828,7.486,8.35398304722607,0.867983047226075
9829,7.40858333333333,8.36169597018464,0.953112636851313
9830,7.39975,8.36973665419686,0.969986654196856
9831,7.38616666666667,8.37801265996158,0.991845993294909
9832,7.40733333333333,8.38641724303153,0.979083909698197
9833,7.52908333333334,8.39482935381326,0.865746020479916
9834,7.66483333333333,8.40311363756717,0.738280304233844
9835,7.87716666666667,8.41112043440753,0.533953767740861
9836,8.14033333333333,8.41868577930242,0.278352445969093
9837,8.31008333333333,8.4256314020738,0.115548068740466
9838,8.49916666666667,8.43176472739744,-0.0674019392692315
9839,8.65366666666667,8.43687887480299,-0.216787791863684
9840,8.74191666666667,8.44075265867392,-0.301164007992751
9841,8.77883333333333,8.44315058824757,-0.335682745085762
9842,8.93141666666667,8.44382749491824,-0.487589171748432
9843,9.12091666666667,8.44416997951942,-0.676746687147249
9844,9.17883333333333,8.44535837823351,-0.733474955099815
9845,9.16675,8.44729905220671,-0.719450947793295
9846,9.16066666666667,8.44990262593904,-0.710764040727627
9847,9.16075,8.45308398728444,-0.707666012715562
9848,8.95366666666667,8.45676228745067,-0.496904379215998
9849,8.988,8.46086094099939,-0.527139059000611
9850,8.69241666666667,8.4653076258461,-0.227109040820574
9851,8.66408333333333,8.47003428326017,-0.194049050073161
9852,8.35816666666667,8.47497711786484,0.116810451198175
9853,8.18558333333333,8.48007659763723,0.294493264303899
9854,8.06766666666667,8.48527745390829,0.417610787241621
9855,8.027,8.49052868136286,0.463528681362865
9856,7.81791666666667,8.49578353803965,0.677866871372978
9857,7.75158333333333,8.50099954533121,0.749416211997876
9858,7.67841666666667,8.50613848798397,0.8277218213173
9859,7.74375,8.51116641409823,0.767416414098232
9860,7.8455,8.51605363512815,0.67055363512815
9861,7.84408333333333,8.52077472588175,0.676691392548422
9862,7.81291666666667,8.52530852452093,0.712391857854255
9863,7.82666666666667,8.52963813256143,0.702971465894755
9864,7.74933333333333,8.53375091487287,0.78441758153954
9865,7.83591666666667,8.53763849967875,0.701721833012075
9866,7.66725,8.5412967785564,0.874046778556402
9867,7.42175,8.54472590643705,1.12297590643705
9868,7.14075,8.54793030160578,1.40718030160578
9869,6.98683333333333,8.55091864570152,1.56408531236819
9870,6.829,8.55370388371709,1.72470388371709
9871,6.75866666666667,8.55630322399917,1.7976365573325
9872,6.70225,8.55873813824829,1.85648813824829
9873,6.78066666666667,8.56103436151886,1.78036769485219
9874,6.87758333333333,8.56322189221915,1.68563855888581
9875,7.04825,8.56533499211129,1.51708499211129
9876,7.11416666666667,8.56741218631128,1.45324551964461
9877,7.16033333333333,8.56949626328899,1.40916292995566
9878,7.26841666666667,8.57163427486815,1.30321760820148
9879,7.31416666666667,8.57387753622636,1.25971086955969
9880,7.35058333333333,8.57628162589507,1.22569829256174
9881,7.44866666666667,8.5789063857596,1.13023971909293
9882,7.629,8.58181587496962,0.952815874969616
9883,7.8355,8.58475009880664,0.749250098806636
9884,8.00575,8.58743426015814,0.58168426015814
9885,8.30816666666667,8.58989012896265,0.281723462295982
9886,8.67166666666667,8.59213846269792,-0.0795282039687546
9887,8.64683333333334,8.5941990063809,-0.0526343269524432
9888,8.75416666666667,8.59609049256778,-0.158076174098893
9889,8.7475,8.59783064135396,-0.14966935864604
9890,8.81358333333333,8.59943616037407,-0.21414717295926
9891,8.82991666666667,8.60092274480195,-0.228993921864721
9892,8.90458333333333,8.60230507735066,-0.302278255982669
9893,9.1355,8.60359682827248,-0.531903171727516
9894,9.17941666666667,8.60481065535892,-0.574606011307745
9895,9.10233333333333,8.6059582039407,-0.496375129392627
9896,9.21116666666667,8.60705010688776,-0.604116559778911
9897,9.13466666666667,8.60809598460926,-0.526570682057413
9898,8.99475,8.60910444505357,-0.385645554946425
9899,8.80983333333333,8.61008308370831,-0.199750249625016
9900,8.63475,8.61103848360029,-0.0237115163997057
9901,8.44925,8.61197621529556,0.162726215295557
9902,8.2795,8.61290083689936,0.333400836899356
9903,8.13791666666667,8.61381589405618,0.47589922738951
9904,8.04458333333333,8.61472391994972,0.570140586616391
9905,8.09433333333333,8.6156264353029,0.521293101969571
9906,8.303,8.61652394837786,0.313523948377854
9907,8.39983333333333,8.61741595497594,0.217582621642613
9908,8.697,8.61830093843774,-0.0786990615622543
9909,8.82983333333333,8.61917636964306,-0.210656963690274
9910,9.11583333333333,8.62003870701089,-0.495794626322436
9911,9.3145,8.62088339649949,-0.693616603500507
9912,9.40133333333334,8.62170487160632,-0.779628461727025
9913,9.70633333333333,8.62249655336803,-1.0838367799653
9914,9.86358333333333,8.62325085036055,-1.24033248297278
9915,9.9385,8.62395915869896,-1.31454084130104
9916,9.9175,8.62461186203763,-1.29288813796237
9917,9.79158333333333,8.62519833157009,-1.16638500176324
9918,9.595,8.62570692602912,-0.969293073970876
9919,9.35608333333333,8.62612499168673,-0.729958341646602
9920,9.08258333333333,8.62667875697639,-0.455904576356936
9921,8.88891666666667,8.62790865120346,-0.261008015463215
9922,8.72741666666666,8.62967676176534,-0.097739904901319
9923,8.50933333333333,8.63182140602298,0.122488072689647
9924,8.32416666666667,8.63419380428303,0.310027137616359
9925,8.22775,8.6366580797979,0.408908079797898
9926,8.14583333333333,8.63909125876572,0.493257925432394
9927,8.1565,8.64138327033038,0.484883270330378
9928,8.2855,8.64343694658147,0.357936946581473
9929,8.38075,8.64516802255436,0.264418022554358
9930,8.47175,8.64650513623012,0.174755136230116
9931,8.74625,8.64738982853557,-0.0988601714644304
9932,8.90583333333333,8.64777654334327,-0.258056789990055
9933,9.14033333333334,8.64763262747153,-0.492700705861813
9934,9.23325,8.64693833068436,-0.586311669315641
9935,9.38941666666667,8.64568680569154,-0.743729860975133
9936,9.50875,8.64388410814856,-0.864865891851435
9937,9.57091666666667,8.64154919665669,-0.929367470009986
9938,9.70908333333333,8.63871393276288,-1.07036940057045
9939,9.87025,8.63542308095985,-1.23482691904015
9940,9.95441666666667,8.63173430868606,-1.32268235798061
9941,9.95391666666667,8.6277181863257,-1.32619848034097
9942,9.90333333333333,8.62345818720868,-1.27987514612465
9943,9.8095,8.61905068761068,-1.19044931238932
9944,9.66425,8.61460496675308,-1.04964503324692
9945,9.4745,8.61024320680302,-0.864256793196981
9946,9.25033333333333,8.60610049287338,-0.644232840459955
9947,9.00625,8.60232481302275,-0.403925186977247
9948,8.79358333333333,8.5990770582555,-0.194506275077835
9949,8.58541666666667,8.59653102252169,0.0111143558550157
9950,8.41541666666667,8.59487340271714,0.17945673605047
9951,8.29875,8.594245278429,0.295495278428998
9952,8.2605,8.59301348219958,0.332513482199584
9953,8.37066666666667,8.59053626600525,0.21986959933858
9954,8.56083333333333,8.58704564157181,0.0262123082384793
9955,8.7915,8.58275749212933,-0.208742507870669
9956,9.02541666666667,8.57787157241216,-0.447545094254515
9957,9.24833333333333,8.57257150865888,-0.675761824674449
9958,9.39041666666667,8.56702479861237,-0.823391868054301
9959,9.50583333333333,8.56138281151975,-0.944450521813581
9960,9.51733333333333,8.55578078813241,-0.961552545200922
9961,9.55908333333333,8.550337840706,-1.00874549262733
9962,9.52625,8.54515695300043,-0.981093046999568
9963,9.63491666666667,8.54032498027989,-1.09459168638678
9964,9.683,8.53591264931281,-1.14708735068719
9965,9.69875,8.53197455837191,-1.1667754416281
9966,9.58366666666667,8.52854917723413,-1.05511748943254
9967,9.4355,8.52565884718072,-0.909841152819276
9968,9.22408333333333,8.52330978099718,-0.700773552336154
9969,8.99875,8.52149206297324,-0.477257937026758
9970,8.792,8.52017964890294,-0.271820351097061
9971,8.59866666666667,8.51933036608455,-0.0793363005821153
9972,8.43708333333333,8.51888591332063,0.0818025799872988
9973,8.26483333333333,8.51877186091797,0.253938527584642
9974,8.13683333333333,8.51889765068766,0.382064317354326
9975,8.09525,8.51915659594501,0.423906595945013
9976,8.10816666666667,8.51942588150964,0.411259214842971
9977,8.21325,8.5195665637054,0.3063165637054
9978,8.38583333333333,8.51942357036041,0.133590237027082
9979,8.67558333333333,8.51882570080707,-0.156757632526265
9980,8.92633333333333,8.51758562588201,-0.408747707451322
9981,9.17516666666667,8.51549988792615,-0.659666778740517
9982,9.31783333333333,8.51234890078467,-0.805484432548656
9983,9.41008333333333,8.50831050416635,-0.901772829166976
9984,9.41866666666667,8.50450668683358,-0.914159979833091
9985,9.37175,8.50099254327939,-0.870757456720611
9986,9.3375,8.49773991180159,-0.83976008819841
9987,9.31725,8.49472198406537,-0.82252801593463
9988,9.343,8.49191330510329,-0.85108669489671
9989,9.33058333333333,8.4892897733153,-0.841293560018034
9990,9.28833333333333,8.4868286404687,-0.801504692864627
9991,9.17591666666667,8.48450851169821,-0.691408154968459
9992,8.98491666666667,8.48230934550589,-0.502607321160781
9993,8.77208333333333,8.48021245376119,-0.291870879572137
9994,8.58133333333333,8.47820050170095,-0.103132831632383
9995,8.40616666666667,8.47625750792936,0.0700908412626902
9996,8.24825,8.47436884441801,0.226118844418012
9997,8.10933333333333,8.47252123650587,0.363187903172538
9998,8.01891666666667,8.47070276289926,0.451786096232592
9999,7.95741666666667,8.46890285567191,0.51148618900524
10000,8.00358333333333,8.4671123002649,0.463528966931575
10001,8.117,8.46532323548672,0.348323235486717
10002,8.306,8.46352915351319,0.157529153513195
10003,8.50991666666667,8.46172489988756,-0.0481917667791123
10004,8.67141666666667,8.45990667352041,-0.211509993146255
10005,8.80516666666667,8.45807202668974,-0.347094639976929
10006,8.93075,8.4562198650409,-0.474530134959103
10007,9.04766666666667,8.45435044758661,-0.593316219080057
10008,9.06733333333333,8.452465386707,-0.61486794662633
10009,9.22083333333333,8.45056764814955,-0.770265685183778
10010,9.29675,8.44866155102913,-0.84808844897087
10011,9.33016666666667,8.44675276782798,-0.883413898838691
10012,9.3665,8.44484832439572,-0.921651675604279
10013,9.40425,8.44295659994936,-0.961293400050643
10014,9.32958333333333,8.44108732707326,-0.888496006260073
10015,9.20925,8.43925159171918,-0.769998408280824
10016,8.96558333333333,8.43746183320625,-0.528121500127082
10017,8.84958333333333,8.43573184422098,-0.413851489112352
10018,8.65225,8.43407677081725,-0.218173229182751
10019,8.42783333333333,8.43260390255782,0.0047705692244886
10020,8.23091666666667,8.43140072635007,0.200484059683395
10021,8.05833333333333,8.43040319836243,0.372069865029099
10022,7.9195,8.42955313642972,0.510053136429716
10023,7.8315,8.4287990257393,0.597299025739296
10024,7.84891666666667,8.4280960188311,0.579179352164434
10025,7.99075,8.42740593559763,0.436655935597626
10026,8.15583333333333,8.42669726328392,0.270863929950588
10027,8.3965,8.42594515648759,0.0294451564875899
10028,8.57225,8.42513143715882,-0.147118562841184
10029,8.6805,8.42424459460033,-0.256255405399672
10030,8.76608333333333,8.42327978546742,-0.342803547865911
10031,8.81641666666667,8.42223883376795,-0.394177832898722
10032,8.85941666666667,8.42113023086233,-0.438286435804343
10033,8.95683333333333,8.41996913546353,-0.5368641978698
10034,9.04725,8.4187773736371,-0.628472626362903
10035,9.12883333333333,8.41758343880112,-0.711249894532209
10036,9.23116666666667,8.41642249172626,-0.814744174940412
10037,9.34316666666667,8.41533636053573,-0.927830306130941
10038,9.34708333333334,8.41437354070531,-0.932709792628026
10039,9.24541666666667,8.41358919506335,-0.831827471603326
10040,9.097,8.41304515379073,-0.683954846209271
10041,8.90891666666666,8.41280991442092,-0.496106752245741
10042,8.69791666666667,8.41295864183994,-0.284958024826732
10043,8.49475,8.41357316828637,-0.0811768317136323
10044,8.29175,8.41474199335135,0.122991993351349
10045,8.13275,8.41656028397858,0.283810283978584
10046,7.97291666666667,8.41912987446433,0.446213207797662
10047,7.88283333333333,8.42255926645742,0.539725933124092
10048,7.86775,8.42689569199102,0.559145691991023
10049,7.97591666666667,8.4305672570543,0.454650590387633
10050,8.18733333333333,8.43305627402565,0.245722940692319
10051,8.41858333333333,8.43459483452215,0.0160115011888191
10052,8.6065,8.43539707198054,-0.171102928019465
10053,8.76083333333333,8.43565916165717,-0.32517417167616
10054,8.87466666666667,8.43555932062806,-0.439107346038609
10055,8.92325,8.43525780778885,-0.48799219221115
10056,8.99983333333333,8.43489692385482,-0.564936409478515
10057,9.07741666666667,8.43460101136088,-0.642815655305791
10058,9.1545,8.4344764546616,-0.720023545338403
10059,9.26566666666667,8.43461167993117,-0.831054986735504
10060,9.41858333333333,8.43507715516342,-0.983506178169913
10061,9.53516666666667,8.43592539017182,-1.09924127649485
10062,9.56766666666667,8.4371909365895,-1.13047573007717
10063,9.51741666666667,8.43889038786918,-1.07852627879749
10064,9.36741666666667,8.44102237928326,-0.926394287383408
10065,9.17241666666667,8.44356758792377,-0.728849078742902
10066,8.96891666666667,8.44648873270236,-0.522427933964311
10067,8.78275,8.44973057435034,-0.333019425649663
10068,8.53883333333333,8.45321991541864,-0.0856134179146917
10069,8.38083333333333,8.45686560027784,0.0760322669445106
10070,8.19291666666667,8.46055851511816,0.267641848451488
10071,8.09575,8.46417158794945,0.368421587949447
10072,8.06875,8.4675597886012,0.398809788601197
10073,8.01775,8.47056012872254,0.452810128722536
10074,8.15616666666667,8.47299166178223,0.316824995115564
10075,8.39083333333333,8.47465548306869,0.0838221497353633
10076,8.65425,8.47533472968996,-0.178915270310037
10077,8.88483333333333,8.47479458057372,-0.410038752759609
10078,8.99408333333333,8.47294951697615,-0.521133816357178
10079,9.16783333333333,8.47053799899227,-0.69729533434106
10080,9.27925,8.46778388997146,-0.811466110028544
10081,9.31191666666667,8.46479711323618,-0.847119553430494
10082,9.34183333333333,8.46167833900983,-0.880154994323505
10083,9.40766666666667,8.45851898441673,-0.949147682249938
10084,9.44458333333333,8.45540121348215,-0.989182119851185
10085,9.60225,8.45239793713225,-1.14985206286775
10086,9.74608333333333,8.44957281319417,-1.29651052013916
10087,9.64941666666667,8.44698024639594,-1.20243642027073
10088,9.34758333333333,8.44466538836654,-0.90291794496679
10089,9.127,8.44266413763587,-0.684335862364131
10090,8.8365,8.44100313963476,-0.395496860365235
10091,8.66258333333333,8.43969978669499,-0.222883546638343
10092,8.56533333333333,8.43876221804923,-0.126571115284095
10093,8.36791666666667,8.43818931983113,0.0702726531644569
10094,8.19025,8.43797072507522,0.247720725075215
10095,8.00616666666667,8.43808681371699,0.431920147050317
10096,8.11908333333333,8.43850871259285,0.319425379259524
10097,8.285,8.43919829544016,0.154198295440157
10098,8.44025,8.44010818289717,-0.000141817102832675
10099,8.72008333333333,8.44118174250309,-0.278901590830237
10100,8.93041666666667,8.44235308869806,-0.488063577968612
10101,9.04433333333333,8.44354708282313,-0.600786250510202
10102,9.14616666666667,8.44467933312029,-0.701487333546375
10103,9.18691666666667,8.44565619473248,-0.74126047193419
10104,9.13041666666667,8.44637476970353,-0.684041896963137
10105,9.11816666666667,8.44672290697824,-0.671443759688433
10106,9.234,8.44682489832591,-0.787175101674093
10107,9.28116666666667,8.44786546500642,-0.833301201660245
10108,9.33075,8.44985556829681,-0.880894431703194
10109,9.34366666666667,8.45261246645127,-0.891054200215397
10110,9.28625,8.45596515453003,-0.830284845469967
10111,9.19483333333333,8.45975436439928,-0.735078968934047
10112,9.10166666666667,8.46383256473119,-0.637834101935479
10113,8.95883333333333,8.46806396100392,-0.490769372329407
10114,8.79658333333333,8.47232449550162,-0.324258837831712
10115,8.63883333333333,8.47650184731441,-0.162331486018921
10116,8.43191666666666,8.48049543233841,0.0485787656717456
10117,8.24916666666667,8.4842164032757,0.235049736609035
10118,8.14333333333333,8.48758764963439,0.344254316301056
10119,8.04916666666667,8.49054379772852,0.441377131061847
10120,8.098,8.49303121067814,0.395031210678143
10121,8.10741666666667,8.4950079884093,0.387591321742629
10122,8.25391666666667,8.496443967654,0.242527300987332
10123,8.49675,8.49732072195025,0.000570721950252207
10124,8.67033333333333,8.49763156164204,-0.172701771691294
10125,8.82175,8.49738153387932,-0.324368466120676
10126,9.06158333333333,8.49658742261807,-0.564995910715261
10127,9.27075,8.49527774862021,-0.775472251379794
10128,9.37491666666667,8.49349276945366,-0.88142389721301
10129,9.36783333333334,8.49128447949234,-0.876548853841005
10130,9.42258333333333,8.48871660991612,-0.933866723417205
10131,9.50475,8.4858646287109,-1.0188853712891
10132,9.60508333333333,8.48281574066852,-1.12226759266481
10133,9.64825,8.47966888738683,-1.16858111261317
10134,9.66866666666667,8.47653474726965,-1.19213191939702
10135,9.57791666666667,8.4735357355268,-1.10438093113987
10136,9.43616666666667,8.47080600417407,-0.965360662492602
10137,9.25333333333333,8.46849144203324,-0.784841891300093
10138,8.98858333333333,8.46674967473207,-0.521833658601262
10139,8.81783333333333,8.46575006470431,-0.352083268629022
10140,8.58391666666667,8.46567371118969,-0.11824295547698
10141,8.06458333333333,8.46668758832356,0.402104254990226
10142,7.838,8.46717877117396,0.629178771173961
10143,7.80233333333333,8.46628713454064,0.663953801207306
10144,7.82475,8.46426926804377,0.639519268043768
10145,8.29083333333333,8.46136424235134,0.170530909018005
10146,8.15416666666667,8.4577936091791,0.303626942512432
10147,8.43933333333333,8.45376140129063,0.0144280679573008
10148,8.64558333333333,8.44945413249727,-0.196129200836056
10149,8.86233333333333,8.44504079765818,-0.417292535675154
10150,9.008,8.44067287268027,-0.567327127319725
10151,9.12358333333333,8.43648431451829,-0.687099018815037
10152,9.09841666666667,8.43259156117476,-0.665825105491912
10153,9.22466666666667,8.42909353169998,-0.795573134966691
10154,9.35825,8.42607162619206,-0.932178373807941
10155,9.46341666666667,8.42358972579689,-1.03982694086978
10156,9.611,8.42169419270817,-1.18930580729183
10157,9.698,8.42041387016738,-1.27758612983262
10158,9.7595,8.41976008246377,-1.33973991753623
10159,9.71933333333333,8.41972663493443,-1.2996066983989
10160,9.55808333333333,8.4202898139642,-1.13779351936913
10161,9.33366666666666,8.42140838698573,-0.912258279680927
10162,9.05158333333333,8.42302360247947,-0.628559730853862
10163,8.81083333333333,8.42505918997363,-0.385774143359695
10164,8.563,8.42742136004426,-0.135578639955742
10165,8.36575,8.42999880431515,0.0642488043151506
10166,8.19233333333333,8.43266269545792,0.240329362124594
10167,7.97225,8.43526668719197,0.463016687191973
10168,8.02833333333333,8.43764691428449,0.409313580951162
10169,8.08216666666667,8.43962199255046,0.357455325883793
10170,8.26683333333333,8.44099301885266,0.174159685519328
10171,8.39016666666667,8.44154357110165,0.0513769044349779
10172,8.68691666666667,8.44103970825579,-0.245876958410882
10173,8.92575,8.43922997032123,-0.486520029678768
10174,9.17008333333333,8.43584537835192,-0.734237954981412
10175,9.35408333333333,8.43091186340864,-0.923171469924688
10176,9.47791666666667,8.42612829657698,-1.05178837008969
10177,9.54783333333333,8.42174508082373,-1.1260882525096
10178,9.51583333333333,8.41770180901467,-1.09813152431866
10179,9.53491666666667,8.41394187347774,-1.12097479318893
10180,9.623,8.410412466003,-1.212587533997
10181,9.66091666666667,8.40706457784268,-1.25385208882399
10182,9.67816666666666,8.40385299971115,-1.27431366695551
10183,9.52825,8.40073632178493,-1.12751367821507
10184,9.39925,8.39767693370268,-1.00157306629732
10185,9.22866666666666,8.39464102456522,-0.834025642101444
10186,8.84,8.3915985829355,-0.448401417064503
10187,8.73816666666667,8.38852339683863,-0.349643269828036
10188,8.56883333333333,8.38539305376188,-0.183440279571455
10189,8.34016666666667,8.38218894065463,0.042022273987957
10190,8.142,8.37889624392844,0.236896243928438
10191,7.95691666666667,8.375503949457,0.418587282790334
10192,7.8965,8.37200484257617,0.475504842576168
10193,7.9455,8.36839550808392,0.422895508083921
10194,8.0715,8.36467633024041,0.293176330240405
10195,8.39508333333333,8.3608514927679,-0.0342318405654272
10196,8.66108333333333,8.35692897885085,-0.304154354482481
10197,8.87683333333333,8.35292057113582,-0.523912762197506
10198,9.01775,8.34884185173156,-0.668908148268443
10199,9.08658333333334,8.34471220220892,-0.741871131124419
10200,9.18883333333333,8.34055480360094,-0.848278529732388
10201,9.33633333333333,8.33639663640279,-0.999936696930545
10202,9.30875,8.33226848057177,-0.976481519428226
10203,9.43141666666667,8.32820491552737,-1.1032117511393
10204,9.58183333333333,8.32424432015119,-1.25758901318214
10205,9.62733333333333,8.32042887278698,-1.30690446054635
10206,9.56016666666667,8.31680455124066,-1.24336211542601
10207,9.45133333333333,8.31342113278028,-1.13791220055305
10208,9.25425,8.31033219413605,-0.943917805863952
10209,9.02966666666667,8.30763170732019,-0.72203495934648
10210,8.77241666666667,8.3053417823779,-0.467074884288769
10211,8.57266666666666,8.30335690105797,-0.269309765608693
10212,8.356,8.30157800307861,-0.0544219969213877
10213,8.09466666666667,8.2999140660225,0.205247399355825
10214,7.74716666666667,8.29828210533671,0.551115438670035
10215,7.55858333333333,8.29660717433276,0.738023840999426
10216,7.46433333333333,8.2948223641866,0.830489030853266
10217,7.42058333333333,8.2928688039386,0.872285470605271
10218,7.54775,8.29069566049358,0.742945660493581
10219,7.71641666666667,8.28826013862077,0.571843471954097
10220,7.91891666666667,8.28552748095383,0.366610814287158
10221,8.08566666666667,8.28247096799086,0.196804301324187
10222,8.2705,8.27907191809438,0.00857191809438085
10223,8.35191666666667,8.27531968749135,-0.0765969791753154
10224,8.31608333333333,8.27121167027316,-0.0448716630601691
10225,8.25733333333334,8.26675329839562,0.00941996506227483
10226,8.23175,8.26195804167896,0.0302080416789625
10227,8.1825,8.25684740780788,0.0743474078078759
10228,8.18216666666667,8.25145094233146,0.0692842756647849
10229,8.18275,8.24580622866324,0.063056228663239
10230,8.18241666666667,8.23995888808119,0.0575422214145149
10231,8.17091666666667,8.23396257972769,0.0630459130610195
10232,8.07225,8.22787900060957,0.155629000609574
10233,7.962,8.22177788559809,0.259777885598089
10234,7.8025,8.21573700742892,0.413237007428915
10235,7.68166666666667,8.20984217670217,0.528175510035497
10236,7.50166666666667,8.20418724188238,0.702520575215714
10237,7.33683333333333,8.19887408929853,0.862040755965205
10238,7.18691666666667,8.19401264314402,1.00709597647735
10239,7.15291666666667,8.18962093193841,1.03670426527174
10240,7.10291666666667,8.18469805724076,1.08178139057409
10241,7.12883333333333,8.17907992843714,1.05024659510381
10242,7.276,8.17291514976732,0.896915149767318
10243,7.38866666666667,8.16634096936899,0.777674302702324
10244,7.65658333333333,8.15948327927778,0.502899945944451
10245,7.75691666666667,8.15245661542722,0.395539948760553
10246,7.929,8.14536415764877,0.216364157648774
10247,8.00675,8.13829772967182,0.131547729671816
10248,8.08458333333333,8.13133779912365,0.0467544657903183
10249,8.04116666666667,8.12455347752949,0.0833868108628195
10250,8.02075,8.11800252031248,0.0972525203124839
10251,8.04841666666667,8.11173132679369,0.063314660127018
10252,7.96208333333333,8.10577494019209,0.143691606858757
10253,7.90133333333333,8.10015704762458,0.198823714291249
10254,7.84441666666667,8.09488998010599,0.250473313439321
10255,7.78775,8.08997471254906,0.302224712549065
10256,7.68008333333333,8.08540086376446,0.405317530431133
10257,7.5385,8.08114669646077,0.542646696460769
10258,7.41308333333333,8.07717911724449,0.664095783911157
10259,7.33816666666667,8.07345367662005,0.735287009953376
10260,7.153,8.06991456898979,0.916914568989786
10261,7.093,8.06649463265398,0.973494632653976
10262,6.89083333333333,8.0631153498108,1.17228201647747
10263,6.83008333333333,8.05968684655637,1.22960351322304
10264,6.80125,8.05610789288471,1.25485789288471
10265,6.9115,8.05226590268776,1.14076590268776
10266,7.12741666666667,8.04803693375541,0.920620267088737
10267,7.46166666666667,8.04328568777542,0.581619021108754
10268,7.65383333333333,8.03786551033352,0.384032177000193
10269,7.96808333333333,8.03161839091334,0.0635350575800073
10270,8.17733333333333,8.02477660266514,-0.152556730668193
10271,8.22141666666666,8.01794809286124,-0.203468573805422
10272,8.17041666666667,8.01114838722449,-0.159268279442182
10273,8.188,8.00438227566348,-0.183617724336518
10274,8.1615,7.99765427471845,-0.163845725281545
10275,8.18083333333333,7.99096862756127,-0.189864705772063
10276,8.19808333333333,7.98432930399542,-0.213754029337912
10277,8.20266666666667,7.97774000045603,-0.224926666210638
10278,8.21091666666666,7.97120414000987,-0.239712526656789
10279,8.15441666666667,7.96472487235533,-0.189691794311338
10280,8.00633333333333,7.95830507382244,-0.0480282595108941
10281,7.78816666666667,7.95194734737285,0.163780680706177
10282,7.51558333333333,7.94565402259985,0.430070689266523
10283,7.27783333333333,7.93942715572838,0.661593822395048
10284,7.0785,7.93326852961498,0.85476852961498
10285,6.83383333333333,7.92717965374785,1.09334632041452
10286,6.72816666666667,7.9211617642468,1.19299509758013
10287,6.57058333333333,7.9152158238633,1.34463249052997
10288,6.52983333333333,7.90934252198042,1.37950918864709
10289,6.68766666666667,7.9035422746129,1.21587560794623
10290,6.78191666666667,7.89781522440707,1.1158985577404
10291,6.97083333333333,7.89216124064093,0.921327907307597
10292,7.1305,7.88657991922408,0.756079919224085
10293,7.26766666666667,7.88107058269779,0.613403916031125
10294,7.3465,7.87563228023494,0.529132280234937
10295,7.36441666666667,7.87026378764003,0.505847120973359
10296,7.44766666666667,7.86496360734922,0.417296940682546
10297,7.19591666666667,7.85972996843028,0.663813301763611
10298,7.25533333333333,7.85456082658263,0.599227493249303
10299,7.28625,7.84945386413732,0.56320386413732
10300,7.22333333333333,7.84440649005702,0.621073156723688
10301,7.17783333333333,7.83941583993604,0.661582506602708
10302,7.08616666666667,7.83446135935931,0.748294692692635
10303,6.97041666666667,7.82936007930053,0.858943412633862
10304,6.8575,7.82410242657135,0.966602426571346
10305,6.7775,7.81873436442657,1.04123436442657
10306,6.61291666666667,7.81329855578091,1.20038188911424
10307,6.47175,7.8078343632089,1.3360843632089
10308,6.30041666666667,7.80237784894498,1.50196118227831
10309,6.18,7.79696177488342,1.61696177488342
10310,6.00225,7.79161560257838,1.78936560257838
10311,5.9305,7.78636549324387,1.85586549324387
10312,5.92225,7.78123430775377,1.85898430775377
10313,6.07358333333333,7.77624160664182,1.70265827330849
10314,6.32616666666667,7.77140365010164,1.44523698343497
10315,6.52883333333333,7.7667333979867,1.23790006465337
10316,6.76858333333333,7.76224050981033,0.993657176477003
10317,6.93433333333333,7.75793134474575,0.823598011412418
10318,7.07491666666667,7.75380896162601,0.678892294959343
10319,7.18216666666666,7.74987311894406,0.567706452277399
10320,7.24475,7.74612027485268,0.501370274852685
10321,7.16891666666667,7.74254358716455,0.573626920497883
10322,7.0265,7.73913291335219,0.712632913352191
10323,6.76225,7.73587481054799,0.973624810547993
10324,6.50825,7.73275253554421,1.22450253554421
10325,6.131,7.72974604479298,1.59874604479297
10326,5.75616666666667,7.72683199440626,1.97066532773959
10327,5.45858333333333,7.72398374015593,2.2654004068226
10328,5.3245,7.7211713374737,2.3966713374737
10329,5.22608333333333,7.71836154145114,2.49227820811781
10330,5.30825,7.7155178068397,2.4072678068397
10331,5.53,7.7126002880507,2.1826002880507
10332,5.59375,7.7095658391553,2.1158158391553
10333,5.47658333333333,7.70636801388456,2.22978468055123
10334,5.186,7.70295706562936,2.51695706562936
10335,4.95291666666667,7.69927994744049,2.74636328077382
10336,4.98183333333333,7.69528031202858,2.71344697869525
10337,5.05075,7.69089851176412,2.64014851176412
10338,5.31808333333333,7.68607159867748,2.36798826534415
10339,5.61058333333333,7.6807333244589,2.07014999112557
10340,5.75783333333333,7.67481414045845,1.91698080712512
10341,5.83791666666667,7.66824119768611,1.83032453101944
10342,5.8335,7.6609383468117,1.8274383468117
10343,5.77541666666667,7.65282613816489,1.87740947149822
10344,5.67033333333333,7.64450777890833,1.974174445575
10345,5.49341666666667,7.63712666169515,2.14370999502848
10346,5.29266666666667,7.63060578649362,2.33793911982695
10347,5.09958333333333,7.62484814348354,2.52526481015021
10348,4.95358333333333,7.61976229422199,2.66617896088866
10349,4.78433333333333,7.61526237164331,2.83092903830998
10350,4.41025,7.61126808005912,3.20101808005912
10351,4.1335,7.60770469515829,3.47420469515829
10352,3.93533333333333,7.60450306400698,3.66916973067365
10353,3.83225,7.6015996050486,3.7693496050486
10354,4.10475,7.59893630810385,3.49418630810385
10355,4.23408333333333,7.59646073437068,3.36237740103735
10356,4.252,7.59412601642432,3.34212601642432
10357,4.35841666666667,7.59189085821727,3.2334741915506
10358,4.40525,7.58971953507929,3.18446953507929
10359,4.51441666666667,7.58758189371742,3.07316522705075
10360,4.60041666666667,7.58545335221596,2.98503668554928
10361,4.7415,7.58331490003648,2.84181490003648
10362,5.03,7.58115309801783,2.55115309801783
10363,5.27783333333333,7.57896007837611,2.30112674504278
10364,5.53616666666667,7.57673354470472,2.04056687803805
10365,5.71525,7.57447677197429,1.85922677197429
10366,5.8425,7.57219860653275,1.72969860653275
10367,5.91791666666667,7.56991346610529,1.65199679943862
10368,6.00241666666667,7.56764133979436,1.56522467312769
10369,6.05658333333333,7.56540778807969,1.50882445474636
10370,6.07625,7.56324394281827,1.48699394281828
10371,5.98291666666667,7.56118650724438,1.57826984057771
10372,5.89583333333333,7.55927775596954,1.66344442263621
10373,5.76933333333333,7.55756553498256,1.78823220164923
10374,5.72841666666667,7.55610326164951,1.82768659498284
10375,5.7005,7.55494992471373,1.85444992471373
10376,5.62441666666667,7.55417008429584,1.92975341762917
10377,5.62158333333333,7.5538338718937,1.93225053856037
10378,5.64791666666667,7.55401699038248,1.90610032371581
10379,5.66141666666667,7.5547832603347,1.89336659366803
10380,5.65116666666667,7.55523590100805,1.90406923434138
10381,5.67691666666667,7.55493887619957,1.8780222095329
10382,5.74391666666667,7.55403388995409,1.81011722328742
10383,5.8345,7.55265373317378,1.71815373317378
10384,5.86875,7.55092228361815,1.68217228361815
10385,5.92875,7.54895450590404,1.62020450590404
10386,6.15116666666667,7.54685645150565,1.39568978483898
10387,6.33541666666667,7.54472525875451,1.20930859208784
10388,6.55858333333333,7.54264915283949,0.984065819506164
10389,6.52766666666667,7.54070744580681,1.01304077914014
10390,6.5845,7.53897053656003,0.954470536560027
10391,6.54783333333333,7.53749991086003,0.9896665775267
10392,6.49133333333333,7.53634814132506,1.04501480799173
10393,6.51891666666667,7.53555888743069,1.01664222076402
10394,6.66208333333333,7.53516689550985,0.873083562176525
10395,6.64891666666667,7.5351979987528,0.886281332086133
10396,6.49841666666667,7.53566911720714,1.03725245054047
10397,6.38366666666667,7.53658825777781,1.15292159111114
10398,6.28775,7.5379545142271,1.2502045142271
10399,6.29666666666667,7.53975806717462,1.24309140050795
10400,6.23283333333333,7.54198018409736,1.30914685076403
10401,6.24341666666667,7.54459321932962,1.30117655266295
10402,6.2435,7.54756061406304,1.30406061406304
10403,6.282,7.55083689634661,1.26883689634661
10404,6.30241666666667,7.55436768108668,1.25195101442001
10405,6.36116666666667,7.5580896700469,1.19692300338023
10406,6.37975,7.56193065184829,1.18218065184829
10407,6.43325,7.56580950196921,1.13255950196921
10408,6.50108333333333,7.56963618274536,1.06855284941203
10409,6.58825,7.57331174336976,0.985061743369758
10410,6.74766666666667,7.5767283198928,0.829061653226127
10411,7.01225,7.57976913522219,0.567519135222192
10412,7.12466666666667,7.58216427842786,0.457497611761192
10413,7.20191666666667,7.58379922807036,0.381882561403686
10414,7.3205,7.5847938221516,0.2642938221516
10415,7.37633333333333,7.58526022020746,0.208926886874131
10416,7.43566666666667,7.58530286540855,0.149636198741884
10417,7.64258333333333,7.58501848456023,-0.0575648487731
10418,7.578,7.58449608810259,0.00649608810258506
10419,7.56341666666667,7.58381697011045,0.0204003034437852
10420,7.39341666666667,7.58305470829342,0.189638041626747
10421,7.22766666666667,7.58227516399579,0.354608497329122
10422,7.06333333333333,7.58153648219664,0.518203148863308
10423,6.92358333333333,7.58088909150976,0.657305758176429
10424,6.72575,7.5803757041837,0.854625704183699
10425,6.60541666666667,7.58003131610174,0.974614649435072
10426,6.52283333333333,7.57988320678192,1.05704987344859
10427,6.39566666666667,7.57995093937699,1.18428427271032
10428,6.33208333333333,7.58024636067447,1.24816302734114
10429,6.262,7.58077360109661,1.31877360109661
10430,6.33975,7.5815290747004,1.2417790747004
10431,6.41708333333333,7.58250147917758,1.16541814584425
10432,6.48175,7.58367179585463,1.10192179585463
10433,6.58425,7.58501328969275,1.00076328969275
10434,6.91991666666667,7.58649150928791,0.666574842621237
10435,7.08491666666667,7.58806428687081,0.503147620204135
10436,7.172,7.58968173830688,0.417681738306883
10437,7.21058333333333,7.59128626309632,0.380702929762994
10438,7.26625,7.59281254437405,0.326562544374053
10439,7.19291666666667,7.59418754890974,0.401270882243066
10440,7.28275,7.59533052710778,0.31258052710778
10441,7.13741666666667,7.59615301300734,0.458736346340666
10442,7.17883333333333,7.59655882428229,0.417725490948964
10443,7.40108333333334,7.59644406224128,0.195360728907944
10444,7.43875,7.59638508576671,0.157635085766707
10445,7.35858333333333,7.5975051674183,0.238921834084975
10446,7.18666666666667,7.59960739906645,0.412940732399777
10447,6.87566666666667,7.60247840198478,0.726811735318108
10448,6.71475,7.60592043529649,0.891170435296486
10449,6.62466666666667,7.6097513959743,0.985084729307634
10450,6.50633333333333,7.61380481884051,1.10747148550718
10451,6.39166666666667,7.61792987656692,1.22626320990025
10452,6.19458333333333,7.6219913796749,1.42740804634157
10453,6.24083333333333,7.62586977653536,1.38503644320203
10454,6.14366666666667,7.62946115336875,1.48579448670208
10455,6.0535,7.63267723424506,1.57917723424506
10456,6.073,7.63544538108384,1.56244538108384
10457,6.29091666666667,7.63770859365416,1.34679192698749
10458,6.58491666666667,7.63942550957466,1.05450884290799
10459,6.87041666666667,7.6405704043135,0.770153737646833
10460,7.08658333333333,7.6411331911884,0.554549857855074
10461,7.2415,7.64111942136662,0.39961942136662
10462,7.281,7.64055028386495,0.359550283864955
10463,7.28958333333333,7.63946260554975,0.349879272216423
10464,7.2955,7.63790885113691,0.342408851136906
10465,7.27175,7.63595712319184,0.364207123191844
10466,7.35225,7.63369116212955,0.281441162129545
10467,7.31908333333333,7.63121034621453,0.312127012881201
10468,7.16591666666667,7.62862969156087,0.462713024894197
10469,7.17483333333333,7.62607985213216,0.451246518798828
10470,7.00625,7.62370711974156,0.617457119741561
10471,6.96375,7.62167342405177,0.657923424051767
10472,6.78958333333333,7.62015633257502,0.830572999241689
10473,6.694,7.6193490506731,0.925349050673101
10474,6.50566666666667,7.61946042155734,1.11379375489067
10475,6.37366666666667,7.62071302458954,1.24704635792287
10476,6.16041666666667,7.62308124728899,1.46266458062232
10477,6.08241666666667,7.62618976958844,1.54377310292177
10478,6.01691666666667,7.62970003658343,1.61278336991676
10479,6.02175,7.63331512666339,1.61156512666339
10480,5.96491666666667,7.63677975151162,1.67186308484495
10481,6.01516666666667,7.63988025610534,1.62471358943867
10482,6.26716666666667,7.64244461871562,1.37527795204895
10483,6.53533333333333,7.64434245090747,1.10900911757414
10484,6.79516666666667,7.64548499753974,0.850318330873074
10485,7.0945,7.64582513676522,0.551325136765219
10486,6.94566666666667,7.64535738003055,0.699690713363879
10487,7.095,7.64411787207628,0.54911787207628
10488,7.32483333333333,7.64218439093685,0.317351057603521
10489,7.28808333333333,7.63967634794059,0.351593014607256
10490,7.23116666666667,7.63675478770971,0.405588121043038
10491,7.41291666666667,7.63362238816032,0.220705721493653
10492,7.39858333333333,7.63052346050243,0.231940127169103
10493,7.28941666666667,7.62774394923993,0.338327282573255
10494,6.90158333333333,7.6256116802762,0.724028346942871
10495,6.75416666666667,7.62421531451961,0.870048647852944
10496,6.58358333333333,7.62341583476767,1.03983250143434
10497,6.3725,7.62307867878681,1.25057867878681
10498,6.15075,7.62307797108096,1.47232797108096
10499,5.93883333333333,7.62329652289149,1.68446318955816
10500,5.92925,7.62362583219724,1.69437583219725
10501,5.87233333333333,7.62396608371453,1.7516327503812
10502,5.68341666666667,7.62422614889712,1.94080948223045
10503,5.50125,7.62432358593625,2.12307358593625
10504,5.3725,7.62418463976062,2.25168463976062
10505,5.34733333333333,7.62374424203639,2.27641090870306
10506,5.81691666666667,7.6229460111672,1.80602934450053
10507,6.43708333333333,7.62174225229415,1.18465891896082
10508,6.7085,7.62009395729578,0.911593957295778
10509,6.80458333333333,7.61797080478812,0.813387471454793
10510,6.75383333333333,7.61535116012467,0.86151782679134
10511,6.86391666666667,7.61222207539637,0.748305408729703
10512,6.935,7.60866966769091,0.673669667690912
10513,6.89508333333333,7.60541655465271,0.710333221319376
10514,7.17275,7.60253952660728,0.42978952660728
10515,7.293,7.5999468155373,0.306946815537304
10516,7.238,7.59755416824376,0.359554168243759
10517,7.05941666666667,7.59528484634593,0.53586817967926
10518,6.81475,7.59306962628141,0.77831962628141
10519,6.70866666666667,7.5908467993061,0.882180132639427
10520,6.40125,7.5885621714942,1.1873121714942
10521,6.4275,7.58616906373823,1.15866906373823
10522,6.11566666666667,7.583628311749,1.46796164508233
10523,5.83808333333333,7.58090826605565,1.74282493272232
10524,5.68425,7.5779847920056,1.8937347920056
10525,5.64208333333333,7.57484126976459,1.93275793643126
10526,5.41375,7.57146859431667,2.15771859431667
10527,5.34391666666667,7.56786517546419,2.22394850879752
10528,5.41791666666667,7.56403693782781,2.14612027116114
10529,5.91583333333333,7.5599973208465,1.64416398751317
10530,6.33625,7.55576727877752,1.21951727877752
10531,6.683,7.55137528069645,0.868375280696455
10532,6.86475,7.54685731049719,0.682107310497193
10533,6.67866666666667,7.54225686689192,0.863590200225254
10534,6.7355,7.53762496341115,0.802124963411146
10535,6.87441666666667,7.53302012840366,0.658603461736993
10536,6.896,7.52850840503659,0.63250840503659
10537,6.89058333333333,7.52416335129534,0.633580017962013
10538,6.82633333333333,7.52006603998365,0.693732706650318
10539,7.23525,7.51630505872354,0.281055058723536
10540,7.15491666666667,7.51307451441205,0.358157847745376
10541,7.1985,7.51068923350726,0.312189233507255
10542,7.07816666666667,7.50907774515462,0.430911078487946
10543,6.70858333333333,7.50814680658985,0.799563473256521
10544,6.5625,7.50780742134482,0.945307421344816
10545,6.50008333333333,7.50797483924749,1.00789150591416
10546,5.9985,7.50856855642201,1.51006855642201
10547,5.87125,7.5095123152886,1.6382623152886
10548,5.68683333333333,7.51073410456366,1.82390077123033
10549,5.55575,7.5121661592597,1.9564161592597
10550,5.5135,7.51374496068535,2.00024496068535
10551,5.61625,7.5154112364454,1.8991612364454
10552,5.50508333333333,7.51710996044075,2.01202662710742
10553,5.70983333333333,7.51879035286845,1.80895701953512
10554,6.19516666666667,7.52040588022165,1.32523921355499
10555,5.75066666666667,7.52191425528968,1.77124758862301
10556,6.41591666666667,7.52327743715794,1.10736077049127
10557,6.38941666666667,7.52446163120803,1.13504496454135
10558,6.40766666666667,7.52543728911762,1.11777062245095
10559,6.3675,7.52617910886054,1.15867910886054
10560,6.35866666666667,7.52666603470677,1.1679993680401
10561,6.78333333333333,7.52688125722239,0.743547923889057
10562,6.09383333333333,7.52681221326961,1.43297887993628
10563,6.196,7.52645058600681,1.33045058600681
10564,6.05158333333333,7.52579230488846,1.47420897155513
10565,6.14941666666667,7.52483754566517,1.3754208789985
10566,5.72516666666667,7.52359073038371,1.79842406371704
10567,5.39933333333333,7.52206052738695,2.12272719405362
10568,5.12633333333333,7.5202598513139,2.39392651798057
10569,4.97408333333333,7.51820586309971,2.54412252976638
10570,4.85566666666667,7.51591996997566,2.66025330330899
10571,4.48491666666667,7.51342782546914,3.02851115880247
10572,4.4645,7.5107593294037,3.0462593294037
10573,4.69483333333333,7.50794862789902,2.81311529456569
10574,4.48591666666667,7.50503411337088,3.01911744670421
10575,4.658,7.50205842453123,2.84405842453123
10576,5.01725,7.49906844638813,2.48181844638813
10577,5.2515,7.49611531024578,2.24461531024578
10578,5.49641666666667,7.4932543937045,1.99683772703783
10579,5.53390909090909,7.49054532066076,1.95663622975167
