Time_hours,DO_observed,DO_simulated,Residuals
0,8.41272727272727,8.41272727272727,0
1,8.50116666666667,8.28224474253165,-0.218921924135016
2,8.47166666666667,8.1582691858565,-0.313397480810174
3,8.44191666666667,8.04382786780081,-0.39808879886586
4,8.33975,7.93894409163079,-0.400805908369207
5,8.23633333333333,7.84362038780415,-0.392712945529185
6,8.13991666666667,7.75783851397006,-0.382078152696606
7,8.122,7.68579107650357,-0.436208923496434
8,8.10583333333333,7.6263664983802,-0.479466834953131
9,8.09366666666667,7.57328359737636,-0.520383069290314
10,8.05358333333333,7.52253974437881,-0.531043588954516
11,8.00283333333333,7.47241086338474,-0.530422469948593
12,7.991,7.42345143150166,-0.567548568498337
13,8.01258333333333,7.37849447894752,-0.634088854385812
14,8.06516666666667,7.34265158905061,-0.722515077616062
15,8.15458333333333,7.32331289824962,-0.831270435083707
16,8.26366666666667,7.33014709609363,-0.933519570573035
17,8.27583333333333,7.37510142524209,-0.900731908091236
18,8.338,7.47240168146484,-0.865598318535164
19,8.37933333333334,7.63187587806818,-0.747457455265163
20,8.45775,7.7804268941104,-0.677323105889602
21,8.53125,7.893448612054,-0.637801387945996
22,8.59616666666667,7.97190408019994,-0.624262586466727
23,8.64016666666667,8.01751228638028,-0.622654380286388
24,8.7,8.0327481579582,-0.6672518420418
25,8.79466666666667,8.020842561828,-0.773824104838674
26,8.83208333333333,7.98578230441509,-0.846301028918242
27,8.82566666666667,7.93231013167601,-0.89335653499066
28,8.78141666666667,7.86592472909841,-0.915491937568258
29,8.68025,7.79288072170106,-0.887369278298939
30,8.55425,7.72018867403384,-0.834061325966162
31,8.48383333333333,7.65561509017775,-0.828218243155582
32,8.41575,7.60429720827891,-0.811452791721086
33,8.38116666666667,7.55927878938386,-0.821887877282809
34,8.36425,7.51831684179293,-0.845933158207072
35,8.34516666666667,7.48035723716233,-0.864809429504338
36,8.322,7.44492500702771,-0.877074992972284
37,8.27391666666667,7.41212434280416,-0.861792323862512
38,8.16441666666667,7.38263859578617,-0.781778070880504
39,8.04966666666667,7.35773027714768,-0.691936389518994
40,7.97516666666667,7.33924105794206,-0.635925608724612
41,7.79525,7.32959176910211,-0.465658230897891
42,7.64683333333333,7.33169152230191,-0.315141811031417
43,7.65566666666667,7.34176406967593,-0.313902596990743
44,7.69925,7.35216931863461,-0.347080681365389
45,7.71208333333333,7.35839866745957,-0.353684665873758
46,7.72016666666667,7.35752179132998,-0.36264487533669
47,7.65908333333333,7.34818664232257,-0.310896691010755
48,7.61066666666667,7.33061944941165,-0.280047217255015
49,7.60633333333333,7.30662471846909,-0.29970861486424
50,7.63258333333333,7.27958523226431,-0.352998101069021
51,7.60941666666667,7.25446205046431,-0.35495461620236
52,7.60166666666667,7.23513755914388,-0.366529107522794
53,7.62258333333333,7.21777692098843,-0.404806412344901
54,7.67791666666667,7.2021109955932,-0.47580567107347
55,7.72525,7.18820187647065,-0.537048123529351
56,7.75216666666667,7.17605085183199,-0.576115814834685
57,7.73691666666667,7.16559840458717,-0.571318262079504
58,7.65416666666667,7.1567242123449,-0.497442454321772
59,7.56358333333333,7.14924714741264,-0.414336185920694
60,7.52325,7.14292527679658,-0.380324723203418
61,7.46725,7.13251007666329,-0.334739923336714
62,7.507,7.10951607680505,-0.397483923194952
63,7.50625,7.09595423883063,-0.410295761169372
64,7.55583333333333,7.10858926811223,-0.447244065221104
65,7.65141666666667,7.15562068518668,-0.495795981479986
66,7.78758333333333,7.23668282575548,-0.550900507577848
67,7.93508333333333,7.34284484068475,-0.592238492648582
68,8.06291666666667,7.45661069600525,-0.606305970661424
69,8.177,7.55191917291238,-0.625080827087616
70,8.21266666666667,7.59558465222835,-0.617082014438324
71,8.234,7.59239167406643,-0.641608325933569
72,8.30041666666667,7.56362149327981,-0.736795173386863
73,8.35375,7.52094244500088,-0.832807554999125
74,8.32833333333333,7.47351201118617,-0.854821322147163
75,8.27108333333333,7.42797682061635,-0.843106512716984
76,8.20325,7.38847264889621,-0.81477735110379
77,8.10725,7.35662441845469,-0.750625581545309
78,8.052,7.33154619854485,-0.720453801455149
79,8.0285,7.30984120524388,-0.718658794756117
80,7.95866666666667,7.28888871364745,-0.669777953019224
81,7.89233333333333,7.26999112867544,-0.622342204657886
82,7.79283333333333,7.25255895620468,-0.540274377128655
83,7.69008333333333,7.23616701103678,-0.45391632229655
84,7.58108333333333,7.22057628194997,-0.360507051383355
85,7.42583333333333,7.20573393169905,-0.220099401634277
86,7.41091666666667,7.19177329701538,-0.219143369651285
87,7.46033333333333,7.17901388860692,-0.281319444726413
88,7.49891666666667,7.17109855818603,-0.327818108480644
89,7.52916666666667,7.18136218617862,-0.347804480488048
90,7.57558333333333,7.21626948986206,-0.35931384347127
91,7.67533333333333,7.27120524159133,-0.404128091741999
92,7.9085,7.33047976294754,-0.578020237052455
93,8.07375,7.38606493747819,-0.687685062521808
94,8.083,7.4273052814265,-0.655694718573502
95,8.07841666666667,7.4380099524211,-0.640406714245565
96,8.07333333333333,7.41953911599645,-0.653794217336885
97,7.79891666666667,7.39075684096316,-0.408159825703514
98,7.41825,7.3670958957467,-0.0511541042533006
99,7.27266666666667,7.34572544428892,0.0730587776222471
100,7.28966666666667,7.32697863215075,0.0373119654840792
101,7.28933333333333,7.31101247496419,0.0216791416308553
102,7.2675,7.29780785843227,0.0303078584322733
103,7.25641666666667,7.28716953832911,0.0307528716624423
104,7.20791666666667,7.27872614049986,0.0708094738331884
105,7.11933333333333,7.27193016086072,0.152596827527392
106,6.93783333333333,7.26624074653488,0.328407413201548
107,6.78166666666667,7.26209716131547,0.480430494648803
108,6.76191666666667,7.26001061914823,0.49809395248156
109,6.75383333333333,7.26003865663131,0.506205323297979
110,6.787,7.26009317317022,0.473093173170215
111,6.83783333333333,7.2534261551883,0.41559282185497
112,6.929,7.29460000340992,0.365600003409922
113,7.04341666666667,7.41777866055922,0.374361993892547
114,7.11191666666667,7.61488125914628,0.502964592479612
115,7.20908333333333,7.84977142944492,0.640688096111586
116,7.33025,8.10316821797801,0.772918217978012
117,7.45633333333333,8.32872845743795,0.872395124104616
118,7.5965,8.4885412607019,0.892041260701901
119,7.74091666666667,8.55671370339892,0.815797036732254
120,7.83008333333333,8.51937082390992,0.689287490576587
121,7.868,8.42286173574425,0.554861735744252
122,7.83408333333333,8.3294076969994,0.495324363666066
123,7.76941666666667,8.24103227343796,0.471615606771287
124,7.69316666666667,8.15914369779133,0.465977031124659
125,7.63641666666667,8.08468928794085,0.448272621274184
126,7.58625,8.01815544691783,0.431905446917833
127,7.52358333333333,7.95956766290352,0.435984329570188
128,7.47833333333333,7.90849050922912,0.430157175895786
129,7.43858333333333,7.86402764437579,0.425444311042458
130,7.42508333333334,7.82482181197465,0.399738478641308
131,7.44208333333333,7.78623096629587,0.344147632962538
132,7.52116666666667,7.74261504664978,0.221448379983106
133,7.62041666666667,7.70273758532197,0.0823209186552996
134,7.70775,7.67391705394151,-0.0338329460584914
135,7.74966666666667,7.66092632031335,-0.088740346353319
136,7.77825,7.66599264841835,-0.11225735158165
137,7.79466666666667,7.68879769841326,-0.105868968253414
138,7.83858333333333,7.72647752663071,-0.112105806702616
139,7.84783333333333,7.77362258557926,-0.0742107477540683
140,7.8665,7.82227772394334,-0.0442222760566633
141,7.87825,7.86194218658327,-0.0163078134167298
142,7.92616666666666,7.87956961453529,-0.0465970521313688
143,7.90516666666667,7.8701392199379,-0.0350274467287708
144,7.90233333333333,7.84562436104619,-0.0567089722871419
145,7.85775,7.81190120661733,-0.0458487933826666
146,7.80116666666667,7.77380778251974,-0.027358884146925
147,7.71425,7.73520573093046,0.0209557309304564
148,7.64291666666667,7.69898031033512,0.0560636436684545
149,7.578,7.66704039552803,0.0890403955280306
150,7.54016666666667,7.64031847761208,0.100151810945409
151,7.55975,7.6187706639988,0.0590206639987949
152,7.56158333333333,7.60137667840833,0.0397933450750001
153,7.54366666666667,7.5870264090654,0.0433597423987315
154,7.57983333333333,7.57869063745543,-0.0011426958779035
155,7.59825,7.57124675800869,-0.0270032419913102
156,7.6005,7.56081391819667,-0.0396860818033344
157,7.63658333333333,7.54700482063402,-0.0895785126993092
158,7.64375,7.53292572307862,-0.110824276921382
159,7.68833333333333,7.52517643843152,-0.163156894901814
160,7.73616666666667,7.53385033473697,-0.202316331929701
161,7.8395,7.57253433518243,-0.266965664817575
162,7.96533333333333,7.65966055802855,-0.305672775304778
163,8.094,7.78366060047085,-0.310339399529148
164,8.19041666666667,7.9069516227612,-0.283465043905466
165,8.25016666666667,8.00266407560029,-0.247502591066381
166,8.29283333333333,8.05539158066724,-0.23744175266609
167,8.29316666666667,8.06119093061962,-0.231975736047049
168,8.3045,8.02758208909344,-0.276917910906556
169,8.33808333333333,7.97354819070317,-0.364535142630164
170,8.37725,7.92541526368532,-0.451834736314684
171,8.4,7.88347374664095,-0.516526253359054
172,8.37266666666667,7.84523170337235,-0.52743496329432
173,8.28808333333333,7.8103193650824,-0.47776396825093
174,8.1845,7.77853675360041,-0.405963246399593
175,8.05291666666667,7.7498536813821,-0.303062985284567
176,7.95958333333333,7.72440975150965,-0.23517358182368
177,7.87783333333333,7.70251435769164,-0.17531897564169
178,7.82333333333333,7.6835157859568,-0.139817547376528
179,7.812,7.65197240956265,-0.160027590437352
180,7.81225,7.61973480793521,-0.192515192064785
181,7.82858333333333,7.60403517908462,-0.224548154248715
182,7.86458333333333,7.61608451161797,-0.248498821715358
183,7.94833333333333,7.66107258473942,-0.287260748593912
184,8.03716666666667,7.73816796825009,-0.298998698416582
185,8.1725,7.84051802254813,-0.33198197745187
186,8.33991666666667,7.9552488986287,-0.384667768037971
187,8.462,8.06346553808396,-0.398534461916041
188,8.52166666666667,8.14025167310308,-0.381414993563594
189,8.5505,8.16426164718164,-0.386238352818355
190,8.54575,8.15378721447568,-0.391962785524317
191,8.58716666666667,8.12212787744395,-0.465038789222719
192,8.74616666666667,8.07903514146658,-0.667131525200089
193,8.81125,8.03211609088271,-0.779133909117286
194,8.94616666666666,7.98683338899048,-0.959333277676183
195,9.01783333333333,7.946505278047,-1.07132805528633
196,8.94566666666667,7.91230557926843,-1.03336108739824
197,8.4515,7.88326369282988,-0.568236307170118
198,7.90241666666667,7.85626459786549,-0.0461520688011765
199,7.49808333333333,7.82609292669116,0.328009593357829
200,7.52616666666667,7.79521480723934,0.26904814057267
201,7.74075,7.76774635554756,0.0269963555475625
202,7.99241666666667,7.74276199954297,-0.249654667123697
203,8.08991666666667,7.71964292546535,-0.370273741201324
204,7.9995,7.6980770778671,-0.3014229221329
205,7.79941666666667,7.67805915961328,-0.121357507053392
206,7.74141666666667,7.65989063188157,-0.0815260347851048
207,7.84816666666667,7.64417971416228,-0.203986952504391
208,7.944,7.63264669587702,-0.311353304122981
209,7.979,7.65825170845168,-0.320748291548315
210,7.95858333333333,7.71909055405111,-0.239492779282222
211,7.89366666666667,7.79307126689465,-0.100595399772019
212,7.913,7.86277823970859,-0.0502217602914135
213,7.98925,7.9154722237261,-0.0737777762738965
214,8.00733333333333,7.9430903286873,-0.0642430046460332
215,7.9545,7.94224602283918,-0.0122539771608245
216,7.81766666666667,7.91422913293566,0.0965624662689901
217,7.72133333333333,7.86500584423758,0.143672510904251
218,7.56833333333333,7.80521870051268,0.236885367179354
219,7.42375,7.75018660403562,0.32643660403562
220,7.29225,7.71276691132166,0.420516911321662
221,7.25733333333333,7.67971527853475,0.422381945201418
222,7.24,7.64912749735531,0.409127497355312
223,7.24375,7.62093609877913,0.377186098779126
224,7.27983333333333,7.59507576036624,0.315242427032913
225,7.34491666666667,7.571483306241,0.226566639574333
226,7.39141666666667,7.55009770709203,0.158681040425361
227,7.41008333333333,7.53086008017224,0.120776746838906
228,7.43016666666667,7.51371368929882,0.0835470226321453
229,7.43091666666667,7.49860394485325,0.0676872781865763
230,7.43391666666667,7.48547840378129,0.051561737114624
231,7.441,7.47428676959301,0.0332867695930101
232,7.4685,7.47641548960523,0.00791548960523336
233,7.50208333333333,7.53054522117525,0.0284618878419218
234,7.56041666666667,7.61774442214308,0.0573277554764076
235,7.65066666666667,7.71650219932633,0.0658355326596585
236,7.72841666666667,7.80956724276601,0.0811505760993416
237,7.80233333333333,7.88394782572653,0.0816144923932018
238,7.9115,7.93091180469569,0.0194118046956904
239,7.9615,7.94598661938468,-0.0155133806153156
240,8.03341666666667,7.9289592927281,-0.104457373938565
241,8.06025,7.88387643088393,-0.176373569116066
242,8.05283333333333,7.81904422323356,-0.233789110099771
243,8.00391666666667,7.74702844238176,-0.256888224284913
244,7.94641666666667,7.6846544441567,-0.261762222509972
245,7.89816666666667,7.6465896881419,-0.251576978524769
246,7.8275,7.61626884670964,-0.211231153290356
247,7.76108333333333,7.5902579366668,-0.170825396666528
248,7.75025,7.56823372241569,-0.182016277584308
249,7.754,7.54978582265441,-0.204214177345587
250,7.76266666666667,7.53441671037685,-0.228249956289824
251,7.75775,7.52154171287266,-0.236208287127338
252,7.74158333333333,7.51048901172731,-0.23109432160602
253,7.69891666666667,7.4935689806063,-0.205347686060366
254,7.6375,7.44791843681422,-0.189581563185779
255,7.62658333333333,7.42138822187552,-0.205195111457807
256,7.65675,7.45420181192898,-0.202548188071019
257,7.73691666666667,7.56600994185225,-0.170906724814425
258,7.77125,7.75589060526185,-0.0153593947381472
259,7.82158333333333,8.00234905451322,0.180765721179891
260,7.84816666666667,8.26331780070065,0.415151134033979
261,7.87158333333333,8.47524697167564,0.603663638342312
262,7.90575,8.58554847415628,0.679798474156283
263,7.94816666666667,8.614495456994,0.666328790327333
264,8.03075,8.58810035685524,0.55735035685524
265,8.07966666666667,8.5278169092614,0.44815024259473
266,8.08325,8.45054014858887,0.367290148588866
267,8.02541666666667,8.36860640806898,0.343189741402313
268,7.9485,8.28979331978807,0.341293319788073
269,7.84583333333333,8.21731981468742,0.371486481354093
270,7.7595,8.15004609588382,0.39054609588382
271,7.66191666666667,8.08854959004035,0.426632923373676
272,7.59491666666667,8.03374237113045,0.438825704463776
273,7.535,7.98532400245811,0.450324002458105
274,7.48983333333333,7.94288837936351,0.453055046030176
275,7.44775,7.90592372922301,0.458173729223013
276,7.43008333333333,7.87381261144918,0.443729278115854
277,7.41383333333333,7.84583191749076,0.431998584157433
278,7.42591666666667,7.82115287083268,0.395236204166014
279,7.45708333333333,7.79963304789683,0.3425497145635
280,7.55275,7.82557834529573,0.272828345295731
281,7.67225,7.9028266941446,0.230576694144601
282,7.83608333333333,8.00522964345694,0.169146310123611
283,8.01341666666667,8.11284277405409,0.0994261073874227
284,8.11791666666667,8.21192569856525,0.0940090318985813
285,8.15175,8.29494206142746,0.14319206142746
286,8.18566666666667,8.36055953888561,0.174892872218939
287,8.18466666666667,8.37985684146197,0.195190174795295
288,8.22916666666667,8.33060412867349,0.101437462006816
289,8.27841666666666,8.24872375782291,-0.0296929088437459
290,8.34658333333334,8.16050445967479,-0.18607887365855
291,8.36858333333333,8.08197258901461,-0.286610744318722
292,8.31,8.01889212464881,-0.291107875351191
293,8.19408333333333,7.9667646694048,-0.227318663928535
294,8.0375,7.91509700008973,-0.122402999910274
295,7.88241666666667,7.86726751753639,-0.0151491491302771
296,7.775,7.82389009118233,0.0488900911823285
297,7.67325,7.78470472442239,0.111454724422394
298,7.58491666666667,7.74942613255641,0.164509465889735
299,7.521,7.71774374278913,0.196743742789127
300,7.51,7.68932169423028,0.179321694230276
301,7.59983333333333,7.66379883789452,0.063965504561188
302,7.71633333333333,7.64078873670147,-0.0755445966318558
303,7.84616666666667,7.62090135855923,-0.225265308107441
304,7.9995,7.6229993064083,-0.376500693591703
305,8.1355,7.65638819047546,-0.479111809524539
306,8.2715,7.7200240041478,-0.5514759958522
307,8.37108333333333,7.80824296875873,-0.562840364574602
308,8.46466666666667,7.91076153358799,-0.553905133078677
309,8.55475,8.01267637586168,-0.54207362413832
310,8.60458333333333,8.09446440075221,-0.510118932581118
311,8.62433333333333,8.13198274137834,-0.49235059195499
312,8.64541666666667,8.1125388114635,-0.532877855203168
313,8.6775,8.06796597302922,-0.609534026970783
314,8.748,8.01104292183187,-0.73695707816813
315,8.78033333333333,7.95055357210163,-0.8297797612317
316,8.76783333333333,7.89280089736629,-0.875032435967045
317,8.66141666666667,7.84160693045124,-0.819809736215432
318,8.56025,7.79831276347951,-0.761937236520493
319,8.43041666666667,7.76177854787173,-0.668638118794942
320,8.30075,7.72846587204954,-0.572284127950457
321,8.18741666666667,7.69711780134566,-0.490298865321004
322,8.10316666666667,7.66854326496635,-0.43462340170032
323,8.02475,7.6428310460951,-0.381918953904895
324,7.98566666666667,7.62018834589572,-0.365478320770946
325,7.95483333333333,7.6009407835123,-0.353892549821034
326,7.93916666666667,7.5855323960692,-0.35363427059747
327,7.97058333333333,7.57452563867111,-0.396057694662225
328,7.97916666666667,7.57173035850546,-0.407436308161211
329,8.04308333333333,7.61051489649172,-0.432568436841613
330,8.1575,7.68004005081395,-0.477459949186056
331,8.25041666666667,7.75909452724851,-0.491322139418162
332,8.33816666666667,7.83108407643082,-0.50708259023585
333,8.3925,7.88403149385534,-0.508468506144657
334,8.3925,7.91057661987559,-0.481923380124408
335,8.41491666666667,7.90797633970413,-0.506940326962543
336,8.41375,7.87810458341256,-0.535645416587442
337,8.54791666666667,7.83246891275688,-0.715447753909788
338,8.6555,7.78938814282641,-0.866111857173586
339,8.67841666666667,7.74957278379581,-0.928843882870862
340,8.65858333333333,7.71285123136793,-0.945732101965398
341,8.56333333333333,7.67908822585717,-0.884245107476158
342,8.4495,7.64818485218943,-0.801315147810571
343,8.3415,7.62007853990212,-0.721421460097879
344,8.25858333333333,7.59474306314418,-0.663840270189153
345,8.21825,7.57471270562025,-0.643537294379745
346,8.15875,7.56491926572538,-0.593830734274616
347,8.11716666666667,7.55576466289414,-0.561402003772533
348,8.08566666666667,7.54045968458958,-0.545206982077089
349,8.05775,7.51666651727389,-0.541083482726109
350,8.08816666666667,7.48649874640835,-0.601667920258316
351,8.05625,7.45652135645337,-0.599728643546634
352,8.06791666666667,7.43775073086844,-0.630165935798235
353,8.164,7.44565465211218,-0.718345347887822
354,8.261,7.50015230164232,-0.760847698357677
355,8.36683333333333,7.61744453645619,-0.749388796877136
356,8.46633333333333,7.76710302665802,-0.699230306675306
357,8.51258333333333,7.91551002967455,-0.597073303658783
358,8.56708333333333,8.038342316526,-0.528741016807327
359,8.62766666666667,8.11958989568228,-0.50807677098439
360,8.66441666666667,8.15155601306294,-0.512860653603727
361,8.71608333333333,8.13485715203721,-0.581226181296124
362,8.74775,8.07842303342395,-0.669326966576053
363,8.75383333333333,7.99949661549171,-0.754336717841619
364,8.72308333333334,7.92363409395869,-0.799449239374647
365,8.62916666666667,7.87146045682341,-0.757706209843264
366,8.50883333333333,7.82504112199569,-0.683792211337645
367,8.40541666666667,7.78259771254397,-0.622818954122704
368,8.30266666666667,7.74405396875946,-0.558612697907211
369,8.25225,7.70924930848065,-0.543000691519355
370,8.13766666666667,7.67793882709326,-0.459727839573405
371,8.0375,7.64979329753032,-0.387706702469681
372,7.96741666666667,7.62439917027207,-0.343017496394598
373,7.97375,7.60125857334606,-0.372491426653943
374,7.997,7.55897015872839,-0.438029841271611
375,8.03533333333333,7.52069550932274,-0.514637824010589
376,8.14158333333333,7.53810195437151,-0.603481378961821
377,8.25925,7.63289391127394,-0.626356088726061
378,8.39358333333333,7.79676404925251,-0.596819284080818
379,8.49175,7.99139328935294,-0.500356710647056
380,8.57666666666667,8.16027764894392,-0.41638901772275
381,8.65208333333333,8.29514980364036,-0.356933529692972
382,8.69858333333333,8.37300313608862,-0.325580197244706
383,8.77716666666667,8.38180848280214,-0.395358183864534
384,8.82858333333333,8.32744341430757,-0.501139919025761
385,8.8965,8.23369223514485,-0.662807764855149
386,8.9125,8.14192903589609,-0.770570964103912
387,8.90825,8.06710877215783,-0.841141227842172
388,8.84108333333333,7.99790446851135,-0.843178864821981
389,8.71158333333333,7.93416421336251,-0.777419119970823
390,8.55283333333333,7.87569750850813,-0.677135824825197
391,8.41733333333333,7.82227526913603,-0.595058064197303
392,8.28725,7.77362982382496,-0.513620176175039
393,8.2055,7.72945491454468,-0.476045085455317
394,8.158,7.68940569665591,-0.468594303344092
395,8.11575,7.65309873891032,-0.462651261089677
396,8.08491666666667,7.62011202345059,-0.464804643216081
397,8.08366666666667,7.58998494581034,-0.493681720856333
398,8.08833333333333,7.56221831491417,-0.526115018419161
399,8.10733333333333,7.54604053683071,-0.56129279650262
400,8.16783333333333,7.56602767242471,-0.60180566090862
401,8.2455,7.61035403979238,-0.635145960207619
402,8.33516666666667,7.6664382954154,-0.668728371251268
403,8.42966666666667,7.72378735257255,-0.705879314094123
404,8.517,7.77399638133968,-0.743003618660316
405,8.57441666666667,7.81074880858978,-0.763667858076893
406,8.60475,7.82981631799288,-0.774933682007123
407,8.61508333333333,7.82905885001613,-0.786024483317195
408,8.6435,7.80842460192379,-0.835075398076209
409,8.70116666666667,7.76995002777718,-0.931216638889487
410,8.7645,7.71775983843473,-1.04674016156527
411,8.792,7.65806700155197,-1.13393299844803
412,8.80716666666667,7.59917274158151,-1.20799392508516
413,8.73191666666667,7.55146653977305,-1.18045012689362
414,8.63741666666667,7.51824892062145,-1.11916774604522
415,8.48258333333333,7.4877303029427,-0.99485303039063
416,8.34583333333333,7.45947592888311,-0.886357404450223
417,8.25608333333333,7.43340708246724,-0.82267625086609
418,8.16833333333333,7.40941262379785,-0.758920709535484
419,8.12275,7.38734898905585,-0.735401010944152
420,8.07816666666667,7.36704019050035,-0.711126476166322
421,8.04408333333333,7.34827781646862,-0.695805516864708
422,8.00975,7.33075260387616,-0.678997396123839
423,8.00008333333333,7.31686356528941,-0.683219768043918
424,8.035,7.31841697778465,-0.71658302221535
425,8.081,7.34382200278456,-0.737177997215442
426,8.16833333333333,7.39544450441209,-0.772888828921241
427,8.27325,7.46960704949047,-0.803642950509526
428,8.34175,7.55658890754322,-0.785161092456778
429,8.45658333333333,7.64062605079411,-0.815957282539219
430,8.55566666666667,7.69991115416719,-0.855755512499476
431,8.65383333333333,7.71153107097266,-0.942302262360667
432,8.764,7.6836432814717,-1.0803567185283
433,8.85875,7.63363235515866,-1.22511764484134
434,8.91975,7.57486501749553,-1.34488498250447
435,8.91616666666667,7.51695628072561,-1.39921038594106
436,8.87208333333333,7.46576944387348,-1.40631388945985
437,8.77008333333333,7.423416092745,-1.34666724058833
438,8.64308333333333,7.38825609992733,-1.254827233406
439,8.5275,7.35544867746601,-1.17205132253399
440,8.42025,7.32498763494731,-1.09526236505269
441,8.33516666666667,7.29734425586686,-1.03782241079981
442,8.25766666666667,7.27212520579781,-0.985541460868865
443,8.18116666666667,7.24903121494072,-0.932135451725946
444,8.106,7.22785707812362,-0.878142921876384
445,8.11008333333333,7.20849165480191,-0.901591678531423
446,8.07758333333333,7.19265331035565,-0.88493002297768
447,8.09133333333333,7.21641771204525,-0.874915621288084
448,8.13275,7.28143303166346,-0.85131696833654
449,8.194,7.37234160931906,-0.821658390680942
450,8.27325,7.47573479525426,-0.797515204745739
451,8.36708333333333,7.58015294984474,-0.786930383488594
452,8.44833333333333,7.6760854435996,-0.772247889733733
453,8.47733333333333,7.75597065716141,-0.721362676171917
454,8.52533333333333,7.8141959813062,-0.711137352027133
455,8.54058333333333,7.84709781694342,-0.693485516389915
456,8.5525,7.85296157511598,-0.699538424884019
457,8.60266666666667,7.83202167700025,-0.770644989666415
458,8.61091666666667,7.78646155390605,-0.82445511276062
459,8.60325,7.72041364727663,-0.882836352723371
460,8.53575,7.6399594086887,-0.895790591311299
461,8.43033333333334,7.55312929985242,-0.877204033480916
462,8.31308333333333,7.46990279261141,-0.843180540721919
463,8.20583333333333,7.40220836894272,-0.803624964390612
464,8.0835,7.35811678247602,-0.725383217523979
465,8.01158333333333,7.3204823762224,-0.691100957110935
466,7.96275,7.28630135013932,-0.676448649860681
467,7.9045,7.25521993328534,-0.649280066714663
468,7.89816666666667,7.22691853603432,-0.671248130632351
469,7.89633333333333,7.20111061457742,-0.695222718755914
470,7.90125,7.16502119914321,-0.736228800856788
471,7.917,7.1415742273874,-0.775425772612603
472,7.97683333333333,7.16877897081371,-0.808054362519623
473,8.1075,7.26554801957198,-0.841951980428015
474,8.20108333333333,7.43169728245817,-0.769386050875164
475,8.28675,7.64692301465538,-0.639826985344619
476,8.34933333333333,7.86840861647627,-0.480924716857065
477,8.40475,8.06044934682635,-0.344300653173651
478,8.47516666666667,8.19729221148965,-0.277874455177022
479,8.53916666666666,8.26160322910434,-0.277563437562321
480,8.64333333333333,8.24446743116276,-0.39886590217057
481,8.73,8.15342219214702,-0.576577807852978
482,8.80291666666667,8.05218999995923,-0.750726666707445
483,8.83883333333333,7.95572281646059,-0.883110516872745
484,8.7965,7.86562910833444,-0.930870891665561
485,8.65875,7.78221442022395,-0.876535579776053
486,8.48941666666667,7.70478555493648,-0.784631111730193
487,8.30291666666667,7.63356143848771,-0.669355228178962
488,8.17133333333333,7.56826370586123,-0.603069627472103
489,8.01666666666667,7.50848673685693,-0.508179929809739
490,7.95766666666667,7.45384653430808,-0.503820132358587
491,7.85316666666667,7.40398072408131,-0.449185942585364
492,7.82891666666667,7.35854855507658,-0.470368111590085
493,7.78725,7.31723089922727,-0.470019100772733
494,7.84466666666667,7.27973025150007,-0.564936415166605
495,7.85675,7.24636122673753,-0.610388773262471
496,7.9115,7.24239187406593,-0.669108125934068
497,8.08975,7.29770035352507,-0.792049646474928
498,8.21883333333333,7.42179803098598,-0.797035302347355
499,8.32758333333333,7.60802724983853,-0.719556083494796
500,8.38008333333333,7.83356133099151,-0.546522002341824
501,8.45491666666667,8.05940457287252,-0.395512093794151
502,8.5685,8.22872693327254,-0.339773066727462
503,8.651,8.27734089898764,-0.373659101012365
504,8.71875,8.23698643341204,-0.48176356658796
505,8.87525,8.15106614669429,-0.724183853305705
506,8.95483333333333,8.05050441165549,-0.904328921677839
507,8.93916666666667,7.95374736378926,-0.98541930287741
508,8.88208333333333,7.86676290126179,-1.01532043207154
509,8.75975,7.78394571940206,-0.975804280597941
510,8.54291666666667,7.70567669894118,-0.83723996772549
511,8.36458333333333,7.63386910874551,-0.730714224587818
512,8.2105,7.56829451263662,-0.64220548736338
513,8.09841666666667,7.50865708883488,-0.589759577831786
514,7.99108333333333,7.45459362995951,-0.536489703373821
515,7.93633333333333,7.40567354302851,-0.530659790304823
516,7.9245,7.36139884945871,-0.563101150541288
517,7.92183333333333,7.31480132024044,-0.607032013092889
518,7.94683333333333,7.26467660160313,-0.682156731730202
519,7.98558333333333,7.23019521788646,-0.755388115446866
520,8.049,7.22481766888491,-0.82418233111509
521,8.1385,7.25563283033594,-0.882867169664065
522,8.27216666666667,7.32335795392002,-0.948808712746652
523,8.3925,7.42233866726065,-0.970161332739354
524,8.49266666666667,7.54054897392431,-0.952117692742359
525,8.52291666666667,7.62718528804472,-0.895731378621954
526,8.5825,7.65317363365476,-0.929326366345236
527,8.5895,7.63721753052862,-0.952282469471376
528,8.64708333333333,7.59488403590294,-1.05219929743039
529,8.72775,7.53858439458228,-1.18916560541772
530,8.75916666666667,7.47757403893919,-1.28159262772748
531,8.7445,7.41795258891414,-1.32654741108586
532,8.61858333333333,7.3626644535585,-1.25591887977483
533,8.48116666666666,7.31202254769444,-1.16914411897222
534,8.32133333333333,7.26583233986505,-1.05550099346828
535,8.19141666666667,7.22392131133305,-0.96749535533362
536,8.11033333333333,7.1860810520684,-0.924252281264933
537,8.01716666666667,7.1520672607483,-0.865099405918371
538,7.92666666666667,7.12159974475722,-0.80506692190945
539,7.85483333333333,7.09436242018687,-0.760470913146457
540,7.79333333333333,7.06439217823443,-0.728941155098896
541,7.82875,7.02206045914295,-0.80668954085705
542,7.85933333333333,6.98351639312607,-0.875816940207264
543,7.90908333333333,6.96222310509624,-0.946860228237092
544,7.95041666666667,6.96693884961591,-0.983477817050757
545,8.02258333333333,7.00171701089754,-1.02086632243579
546,8.1315,7.06590610280357,-1.06559389719643
547,8.28608333333333,7.15414976884645,-1.13193356448688
548,8.3575,7.25638678218862,-1.10111321781138
549,8.41616666666667,7.35785104564252,-1.05831562102415
550,8.42916666666667,7.43907159167059,-0.990095074996077
551,8.43508333333333,7.4761024987088,-0.958980834624525
552,8.46775,7.46131160253118,-1.00643839746882
553,8.532,7.41522243167546,-1.11677756832454
554,8.54491666666667,7.35567719996802,-1.18923946669865
555,8.56116666666667,7.29554256329821,-1.26562410336846
556,8.5265,7.24270961961834,-1.28379038038166
557,8.41741666666667,7.20009390894367,-1.217322757723
558,8.28683333333334,7.16563541335244,-1.12119791998089
559,8.16608333333333,7.13321042051884,-1.03287291281449
560,8.0415,7.10311715388257,-0.938382846117428
561,7.95116666666667,7.07650288410799,-0.874663782558681
562,7.88866666666667,7.05344201247608,-0.835224654190589
563,7.84416666666667,7.0337784129315,-0.810388253735175
564,7.84491666666667,7.01712543208253,-0.827791234584144
565,7.827,7.00286588920113,-0.824134110798872
566,7.83358333333333,6.9901520762229,-0.84343125711043
567,7.84758333333333,6.98558446085982,-0.861998872473514
568,7.96441666666667,7.01040889769178,-0.954007768974888
569,8.07858333333333,7.06082106966289,-1.01776226367044
570,8.20758333333333,7.12982036830654,-1.07776296502679
571,8.33258333333333,7.20901919817358,-1.12356413515975
572,8.41316666666667,7.28864297683231,-1.12452368983436
573,8.462,7.35753013486851,-1.10446986513149
574,8.519,7.40313211588542,-1.11586788411458
575,8.577,7.41151337650373,-1.16548662349627
576,8.62658333333333,7.3828800278252,-1.24370330550813
577,8.664,7.34089105775976,-1.32310894224024
578,8.6785,7.29241935314932,-1.38608064685068
579,8.65991666666667,7.24261080264758,-1.41730586401909
580,8.59325,7.19522407824836,-1.39802592175164
581,8.456,7.15263063528555,-1.30336936471445
582,8.3235,7.11581471243313,-1.20768528756687
583,8.17066666666667,7.08437333170516,-1.08629333496151
584,8.03991666666667,7.05652333346301,-0.983393333203659
585,7.93958333333333,7.03296960411394,-0.90661372921939
586,7.85083333333333,7.01142411432296,-0.839409219010371
587,7.84216666666666,6.98801926938244,-0.854147397284224
588,7.82841666666667,6.96215633206002,-0.866260334606652
589,7.84208333333333,6.93650542259863,-0.9055779107347
590,7.8545,6.91700551871648,-0.937494481283522
591,7.89608333333333,6.91286445560705,-0.983218877726282
592,8.00458333333333,6.93655892593911,-1.06802440739422
593,8.15616666666667,7.00476616148617,-1.15140050518049
594,8.3,7.12243943324477,-1.17756056675523
595,8.41041666666667,7.26788086270613,-1.14253580396054
596,8.48908333333333,7.41794030708209,-1.07114302625124
597,8.58216666666667,7.54981789181877,-1.0323487748479
598,8.71041666666667,7.64106401059658,-1.06935265607009
599,8.81333333333333,7.66957932533019,-1.14375400800314
600,8.91158333333333,7.62895963848101,-1.28262369485232
601,8.97775,7.56054340011361,-1.41720659988639
602,8.94541666666667,7.4844148327587,-1.46100183390797
603,8.89416666666667,7.41259355680713,-1.48157310985954
604,8.82133333333333,7.35069407825758,-1.47063925507575
605,8.67125,7.29792578871657,-1.37332421128343
606,8.50041666666667,7.24905703378324,-1.25135963288343
607,8.33075,7.20474112366827,-1.12600887633173
608,8.18366666666667,7.164741553486,-1.01892511318067
609,8.05483333333333,7.12849045867892,-0.926342874654409
610,7.98316666666667,7.09549138567554,-0.887675280991133
611,7.92116666666667,7.0653192918904,-0.855847374776267
612,7.88275,7.03762054572411,-0.84512945427589
613,7.87066666666667,7.01198592152829,-0.858680745138384
614,7.88566666666667,6.97435481655423,-0.911311850112445
615,7.911,6.93521870246996,-0.975781297530037
616,7.93058333333333,6.91569725946019,-1.01488607387314
617,7.96533333333333,6.92733223291905,-1.03800110041428
618,7.9685,6.9720874334501,-0.996412566549898
619,8.01183333333333,7.04234873686638,-0.969484596466951
620,8.07175,7.12092408419034,-0.95082591580966
621,8.06733333333334,7.18104348165389,-0.886289851679451
622,8.04641666666667,7.19519624444316,-0.851220422223506
623,8.04633333333333,7.17782757914096,-0.868505754192367
624,8.058,7.1428710406145,-0.915128959385501
625,8.10625,7.10007860578669,-1.00617139421331
626,8.16475,7.05655039986501,-1.10819960013499
627,8.14858333333333,7.01673469634148,-1.13184863699185
628,8.12791666666667,6.98242791699265,-1.14548874967402
629,8.08058333333333,6.95277463187966,-1.12780870145367
630,8.08425,6.92437877547234,-1.15987122452766
631,8.06275,6.89693644124522,-1.16581355875478
632,8.07741666666667,6.87168330721117,-1.2057333594555
633,8.07075,6.84857843637854,-1.22217156362146
634,8.04483333333333,6.8276011999446,-1.21723213338873
635,8.02208333333333,6.80875127729557,-1.21333205603776
636,8.03075,6.79204865600657,-1.23870134399343
637,8.03716666666667,6.77753363184163,-1.25963303482504
638,8.04741666666667,6.76526680875374,-1.28214985791293
639,8.07208333333333,6.75532909888477,-1.31675423444856
640,8.10625,6.75929966358013,-1.34695033641987
641,8.17575,6.83379311998878,-1.34195688001122
642,8.25775,6.95339068311213,-1.30435931688787
643,8.38683333333333,7.08520951309449,-1.30162382023884
644,8.50758333333333,7.20379530883,-1.30378802450333
645,8.60925,7.29112230796274,-1.31812769203726
646,8.7195,7.33659328688664,-1.38290671311336
647,8.878,7.33703956074553,-1.54096043925447
648,9.01333333333333,7.29672098343312,-1.71661234990021
649,9.08733333333334,7.22732594759301,-1.86000738574033
650,9.07083333333333,7.14797138461869,-1.92286194871464
651,9.014,7.08470642658364,-1.92929357341636
652,8.87166666666667,7.03673851077844,-1.83492815588823
653,8.70383333333333,6.99330447327448,-1.71052886005885
654,8.56291666666667,6.95414367142557,-1.6087729952411
655,8.46158333333334,6.91899091425245,-1.54259241908089
656,8.38633333333333,6.88757646244279,-1.49875687089054
657,8.3445,6.85962602835116,-1.48487397164884
658,8.34675,6.83486077599906,-1.51188922400094
659,8.35141666666667,6.81299732107492,-1.53841934559175
660,8.37633333333333,6.79374773093407,-1.58258560239926
661,8.3765,6.77589130474942,-1.60060869525058
662,8.41425,6.73793940646893,-1.67631059353107
663,8.44366666666667,6.70331350331685,-1.74035316334982
664,8.52633333333334,6.70524187147846,-1.82109146185488
665,8.5695,6.76380980527128,-1.80569019472872
666,8.62533333333333,6.88595961714507,-1.73937371618826
667,8.67608333333333,7.06549063768185,-1.61059269565148
668,8.73658333333333,7.28305921559587,-1.45352411773746
669,8.83775,7.50617871773365,-1.33157128226635
670,8.9425,7.68921952907395,-1.25328047092605
671,9.03833333333333,7.77477582494983,-1.2635575083835
672,9.09441666666667,7.75792773908791,-1.33648892757876
673,9.11991666666667,7.68310356683008,-1.43681309983659
674,9.07808333333333,7.5823264607031,-1.49575687263023
675,8.96116666666667,7.4789260721652,-1.48224059450147
676,8.80258333333333,7.38753855160618,-1.41504478172715
677,8.5905,7.31410654834733,-1.27639345165267
678,8.42916666666667,7.25587921064149,-1.17328745602518
679,8.31258333333333,7.20183866457048,-1.11074466876285
680,8.23816666666667,7.14977174845723,-1.08839491820944
681,8.18966666666667,7.10254986150526,-1.08711680516141
682,8.18691666666667,7.05990446641542,-1.12701220025125
683,8.179,7.02147070305512,-1.15752929694488
684,8.2055,6.98678738845828,-1.21871261154172
685,8.22883333333333,6.95529701682538,-1.27353631650795
686,8.256,6.92392871298232,-1.33207128701768
687,8.32041666666667,6.88189704305548,-1.43851962361119
688,8.39541666666667,6.85553836843098,-1.53987829823569
689,8.48183333333333,6.86739702835198,-1.61443630498135
690,8.56433333333333,6.92733685390928,-1.63699647942405
691,8.63933333333333,7.03254116804137,-1.60679216529196
692,8.71525,7.1675127855344,-1.5477372144656
693,8.813,7.30407401302217,-1.50892598697783
694,8.92716666666667,7.40136664898617,-1.5258000176805
695,8.99825,7.42241419071816,-1.57583580928184
696,9.09708333333333,7.38824035556896,-1.70884297776437
697,9.09433333333333,7.32376682559937,-1.77056650773396
698,9.06758333333334,7.24813766689591,-1.81944566643743
699,9.0075,7.17509631088045,-1.83240368911955
700,8.86175,7.11298555431017,-1.74876444568983
701,8.70725,7.0647475592776,-1.6425024407224
702,8.54133333333333,7.02792385321057,-1.51340948012276
703,8.43258333333333,6.99490794125373,-1.4376753920796
704,8.32741666666667,6.96373631682088,-1.36368034984579
705,8.27933333333333,6.93622186931597,-1.34311146401736
706,8.24566666666667,6.91219257190455,-1.33347409476212
707,8.25775,6.89131370129472,-1.36643629870527
708,8.27075,6.87308783773719,-1.39766216226281
709,8.30675,6.85685486502519,-1.44989513497481
710,8.3615,6.84181128481143,-1.51968871518856
711,8.38366666666666,6.8368059838238,-1.54686068284286
712,8.44616666666667,6.85227632668773,-1.59389033997894
713,8.50175,6.88975490174468,-1.61199509825532
714,8.55983333333333,6.9478745311894,-1.61195880214393
715,8.61116666666667,7.02236827106994,-1.58879839559673
716,8.71075,7.10606941128767,-1.60468058871233
717,8.81075,7.18891147559728,-1.62183852440272
718,8.91166666666667,7.25792822160675,-1.65373844505992
719,8.99325,7.29725364077739,-1.69599635922261
720,9.089,7.28812195842381,-1.80087804157619
721,9.1325,7.23136209322913,-1.90113790677087
722,9.09841666666667,7.17645588427114,-1.92196078239553
723,9.02016666666667,7.12639816773768,-1.89376849892899
724,8.87966666666667,7.08097397271826,-1.79869269394841
725,8.73666666666667,7.03993941689179,-1.69672724977488
726,8.61758333333333,7.00302170652652,-1.61456162680681
727,8.55758333333333,6.96991913648008,-1.58766419685325
728,8.47266666666667,6.94030109019948,-1.53236557646719
729,8.41708333333334,6.9138080397211,-1.50327529361224
730,8.433,6.89005154567068,-1.54294845432932
731,8.41891666666667,6.86864963160238,-1.55026703506429
732,8.45125,6.84950403695912,-1.60174596304088
733,8.43625,6.83228186753158,-1.60396813246842
734,8.45541666666667,6.81666044130932,-1.63875622535735
735,8.49625,6.80237261246845,-1.69387738753155
736,8.54875,6.80068262887395,-1.74806737112605
737,8.63875,6.87114459699999,-1.76760540300001
738,8.70916666666667,7.04149819289249,-1.66766847377418
739,8.78958333333333,7.2839868295276,-1.50559650380573
740,8.92366666666667,7.53611705230872,-1.38754961435795
741,9.06166666666667,7.76049957792878,-1.30116708873789
742,9.28483333333333,7.91794359586865,-1.36688973746468
743,9.376,7.98769645510317,-1.38830354489683
744,9.51025,7.96848582179234,-1.54176417820766
745,9.53375,7.87851967928132,-1.65523032071868
746,9.50658333333333,7.75548632810042,-1.75109700523291
747,9.3855,7.65274598102543,-1.73275401897457
748,9.20691666666667,7.56893389140157,-1.6379827752651
749,9.02133333333333,7.4930566718075,-1.52827666152583
750,8.86991666666667,7.42463814272501,-1.44527852394166
751,8.75491666666667,7.36314306461817,-1.3917736020485
752,8.69075,7.30797713793335,-1.38277286206665
753,8.67183333333333,7.25848700309918,-1.41334633023415
754,8.67816666666666,7.21396024052658,-1.46420642614008
755,8.67958333333333,7.17362537060878,-1.50595796272455
756,8.70733333333334,7.13541501467601,-1.57191831865733
757,8.71583333333333,7.09596669012635,-1.61986664320698
758,8.7795,7.05865169977769,-1.72084830022231
759,8.826,7.02657865573703,-1.79942134426297
760,8.88091666666667,7.00196260976084,-1.87895405690583
761,8.93541666666667,6.98612505325504,-1.94929161341163
762,8.95258333333333,6.97949391727504,-1.97308941605829
763,8.99383333333333,6.9816035725257,-2.01222976080763
764,9.019,6.99109482936134,-2.02790517063866
765,9.05558333333333,7.00571493778577,-2.04986839554756
766,9.06233333333333,7.02231758745225,-2.04001574588108
767,9.04891666666667,7.0368629076635,-2.01205375900317
768,9.01683333333333,7.04441746737174,-1.97241586596159
769,9.0005,7.03915427517861,-1.96134572482139
770,8.95733333333333,7.01795501198333,-1.93937832135
771,8.91708333333333,6.99606382493243,-1.9210195084009
772,8.88941666666667,6.97623984398128,-1.91317682268539
773,8.85658333333333,6.95845480717859,-1.89812852615474
774,8.83575,6.94258188283774,-1.89316811716226
775,8.8445,6.92839566953678,-1.91610433046322
776,8.91391666666667,6.91557219611843,-1.99834447054824
777,8.78725,6.90368892169006,-1.88356107830994
778,8.58408333333333,6.89222473562373,-1.6918585977096
779,7.772,6.88055995755616,-0.891440042443837
780,6.93708333333333,6.86797633738873,-0.0691069959445985
781,6.81725,6.85365705528749,0.0364070552874907
782,7.11908333333333,6.82935352532374,-0.289729808009591
783,7.51158333333333,6.80028358865926,-0.711299744674072
784,7.58666666666667,6.79456523629294,-0.792101430373728
785,7.71716666666667,6.82696266430031,-0.890204002366358
786,8.06133333333333,6.89814988802937,-1.16318344530396
787,8.31816666666667,6.99471074210061,-1.32345592456606
788,8.41016666666667,7.08913888040697,-1.3210277862597
789,8.432,7.1399069499858,-1.2920930500142
790,8.47208333333333,7.15386959698826,-1.31821373634507
791,8.48133333333333,7.16150616821401,-1.31982716511932
792,8.33033333333333,7.15860287149982,-1.17173046183351
793,8.15525,7.14334399141968,-1.01190600858032
794,8.042,7.11631188928481,-0.925688110715188
795,7.921,7.08048700314369,-0.840512996856306
796,7.83558333333333,7.04124784778204,-0.794335485551294
797,7.79175,7.00602104324464,-0.785728956755357
798,7.76566666666667,6.97545258146459,-0.79021408520208
799,7.75408333333333,6.94855744610975,-0.805525887223584
800,7.82091666666667,6.92575737507599,-0.895159291590676
801,7.87425,6.90722200353205,-0.967027996467947
802,7.89716666666667,6.89286886391948,-1.00429780274719
803,7.97533333333333,6.88236338595268,-1.09296994738065
804,7.97733333333333,6.87310084494852,-1.10423248838481
805,8.00933333333333,6.86288819910079,-1.14644513423255
806,8.05375,6.8666710173557,-1.1870789826443
807,8.0535,6.89980452108543,-1.15369547891457
808,8.02966666666667,6.97645298528453,-1.05321368138214
809,8.01225,7.10958973856992,-0.902660261430085
810,8.01358333333333,7.31099716318091,-0.70258617015242
811,8.03658333333333,7.56439318258466,-0.472190150748668
812,8.07266666666667,7.82401992503006,-0.24864674163661
813,8.137,8.06271384660362,-0.074286153396379
814,8.24258333333333,8.25062027997214,0.0080369466388106
815,8.35758333333333,8.35488860694749,-0.00269472638583679
816,8.3795,8.32919000797045,-0.0503099920295504
817,8.2785,8.22138670681121,-0.0571132931887881
818,8.153,8.09754801682819,-0.0554519831718085
819,8.03808333333333,7.98973477099505,-0.0483485623382753
820,7.94533333333333,7.89653457516251,-0.04879875817082
821,7.84908333333333,7.81106264357473,-0.0380206897585955
822,7.76783333333333,7.73504610486037,-0.0327872284729631
823,7.7,7.66750616688597,-0.0324938331140281
824,7.6365,7.60760372957888,-0.0288962704211206
825,7.58183333333333,7.55463938492718,-0.0271939484061496
826,7.53191666666667,7.50805341697974,-0.0238632496869347
827,7.50866666666667,7.46718422726301,-0.0414824394036621
828,7.47158333333333,7.43093073728258,-0.0406525960507542
829,7.49391666666667,7.39968645673791,-0.0942302099287566
830,7.493,7.37582523853179,-0.11717476146821
831,7.55366666666667,7.36369998530392,-0.189966681362749
832,7.62741666666667,7.39485076261308,-0.23256590405359
833,7.72725,7.50929759160006,-0.217952408399944
834,7.81025,7.68773232619265,-0.122517673807353
835,7.90091666666667,7.9050956315611,0.00417896489442704
836,8.06625,8.13169784776979,0.0654478477697857
837,8.18916666666667,8.33208537426368,0.142918707597012
838,8.31616666666667,8.47181590899588,0.15564924232921
839,8.42058333333333,8.53310265858595,0.112519325252617
840,8.48175,8.51423389279246,0.0324838927924596
841,8.46266666666667,8.42950079532419,-0.0331658713424812
842,8.42633333333333,8.3091974638401,-0.117135869493232
843,8.35533333333333,8.1988172990335,-0.156516034299827
844,8.27433333333333,8.10928562747537,-0.165047705857962
845,8.20966666666667,8.02883537276962,-0.180831293897048
846,8.1805,7.95652342397347,-0.223976576026535
847,8.16483333333333,7.89146865641247,-0.273364676920865
848,8.15383333333333,7.83285193168057,-0.320981401652761
849,8.17233333333333,7.77991609764009,-0.392417235693239
850,8.18408333333333,7.73295788617189,-0.451125447161437
851,8.18866666666667,7.69501278193694,-0.493653884729727
852,8.15908333333333,7.6613368940452,-0.497746439288134
853,8.15066666666667,7.63042603116271,-0.520240635503956
854,8.14383333333334,7.60575523452973,-0.538078098803612
855,8.14566666666667,7.59577877796064,-0.54988788870603
856,8.15266666666667,7.61393016784402,-0.538736498822648
857,8.18125,7.67862214314261,-0.502627856857386
858,8.23941666666667,7.81206910677644,-0.427347559890234
859,8.294125,7.98604903592539,-0.308075964074613
860,8.47316666666667,8.14992432654054,-0.32324234012613
861,8.60275,8.27467608394411,-0.328073916055894
862,8.70141666666667,8.34297185408413,-0.358444812582542
863,8.80783333333333,8.34916562353447,-0.458667709798858
864,8.86408333333333,8.29929781949483,-0.564785513838501
865,8.862,8.21109530979072,-0.650904690209275
866,8.81925,8.11397140287351,-0.705278597126492
867,8.74133333333333,8.03112347922692,-0.710209854106409
868,8.63541666666667,7.95692839578303,-0.678488270883638
869,8.52316666666667,7.89085482151744,-0.632311845149234
870,8.43208333333333,7.83236256432823,-0.599720769005101
871,8.37783333333333,7.78084567980131,-0.596987653532024
872,8.35858333333333,7.73563247121036,-0.622950862122966
873,8.3435,7.69586976273704,-0.647630237262963
874,8.35983333333333,7.65861169444273,-0.701221638890601
875,8.39508333333333,7.6253872164975,-0.769696116835828
876,8.40325,7.59930029125033,-0.803949708749667
877,8.44875,7.58308599875222,-0.865664001247776
878,8.52483333333333,7.57911053675621,-0.945722796577116
879,8.60291666666667,7.58937122071736,-1.01354544594931
880,8.70633333333333,7.61549648379277,-1.09083684954056
881,8.83491666666667,7.65874587684157,-1.1761707898251
882,8.98533333333333,7.72001006842491,-1.26532326490842
883,9.08775,7.79981084480598,-1.28793915519402
884,9.22558333333333,7.8972427036113,-1.32834062972203
885,9.38941666666667,7.9955576278676,-1.39385903879907
886,9.48666666666667,8.08082508346152,-1.40584158320515
887,9.51575,8.14493496418722,-1.37081503581278
888,9.4835,8.1827332567863,-1.3007667432137
889,9.41541666666667,8.19202204094774,-1.22339462571894
890,9.34641666666667,8.1735594893079,-1.17285717735877
891,9.26208333333333,8.13105986745058,-1.13102346588275
892,9.17633333333333,8.07119353390694,-1.10513979942639
893,9.08625,8.00358694015556,-1.08266305984444
894,9.06066666666667,7.94082263062242,-1.11984403604425
895,9.01541666666667,7.89836139444241,-1.11705527222426
896,9.04983333333333,7.87910827312041,-1.17072506021292
897,9.07408333333333,7.86613208253652,-1.20795125079681
898,9.12166666666667,7.84662867169005,-1.27503799497662
899,9.16458333333333,7.81385186356563,-1.3507314697677
900,9.20125,7.76711345513325,-1.43413654486675
901,9.24483333333333,7.71178321734825,-1.53305011598508
902,9.29458333333333,7.65928889515131,-1.63529443818202
903,9.31925,7.62711620746844,-1.69213379253156
904,9.36116666666667,7.63880884721101,-1.72235781945566
905,9.42575,7.72396848127574,-1.70178151872426
906,9.50325,7.91364856596337,-1.58960143403663
907,9.62175,8.16360996786966,-1.45814003213034
908,9.79358333333333,8.41547655466828,-1.37810677866505
909,9.93641666666667,8.63172040893896,-1.30469625772771
910,10.0978333333333,8.78643729462809,-1.31139603870521
911,10.20525,8.86534665704871,-1.33990334295129
912,10.24225,8.86579162288053,-1.37645837711947
913,10.1775833333333,8.79673900016993,-1.38084433316337
914,10.044,8.67877927832996,-1.36522072167005
915,9.87933333333333,8.5441266281403,-1.33520670519303
916,9.71891666666667,8.43632623036109,-1.28259043630558
917,9.57866666666667,8.35777776089799,-1.22088890576868
918,9.48783333333333,8.28693924531924,-1.20089408801409
919,9.41233333333333,8.22263713506289,-1.18969619827044
920,9.36825,8.16390942877119,-1.20434057122881
921,9.37108333333333,8.11000567229063,-1.2610776610427
922,9.428,8.06038695867192,-1.36761304132808
923,9.473,8.01472592817,-1.45827407183
924,9.48516666666667,7.972906768244,-1.51225989842267
925,9.46666666666667,7.93268110838391,-1.53398555828276
926,9.42991666666667,7.89346934934754,-1.53644731731913
927,9.40258333333333,7.86106464428184,-1.54151868905149
928,9.40041666666666,7.83973683346262,-1.56067983320404
929,9.42816666666667,7.83207203363874,-1.59609463302793
930,9.48366666666667,7.83897263803216,-1.64469402863451
931,9.57183333333334,7.85965731633791,-1.71217601699543
932,9.66025,7.89166101472408,-1.76858898527592
933,9.73058333333333,7.93083495583185,-1.79974837750148
934,9.837,7.9713466387755,-1.8656533612245
935,9.90525,8.00567983914234,-1.89957016085766
936,9.92433333333334,8.02463460899279,-1.89969872434055
937,9.87216666666667,8.01732727686033,-1.85483938980634
938,9.8025,7.97702785144593,-1.82547214855407
939,9.69541666666667,7.93495029401232,-1.76046637265435
940,9.63108333333333,7.89693309668769,-1.73415023664564
941,9.60516666666667,7.86187025152662,-1.74329641514005
942,9.53166666666666,7.82888384146861,-1.70278282519805
943,9.33466666666667,7.79732404033798,-1.53734262632869
944,9.024,7.76676911284399,-1.25723088715601
945,8.79891666666667,7.73702541458075,-1.06189125208592
946,8.57641666666667,7.70812739202728,-0.868289274639394
947,8.36791666666666,7.68033758254745,-0.687579084119214
948,8.37783333333333,7.65414661439004,-0.723686718943294
949,8.5185,7.6302732066887,-0.8882267933113
950,8.70241666666667,7.60810835114432,-1.09430831552235
951,8.88341666666667,7.56152699369256,-1.32188967297411
952,9.02816666666667,7.53330869018643,-1.49485797648024
953,9.21666666666667,7.56973955318349,-1.64692711348318
954,9.36475,7.68748123952424,-1.67726876047576
955,9.51058333333333,7.87357095033215,-1.63701238300118
956,9.62858333333333,8.0854214310136,-1.54316190231973
957,9.62,8.25082097125795,-1.36917902874205
958,9.62225,8.29999128819455,-1.32225871180545
959,9.59766666666667,8.28769016486665,-1.30997650180002
960,9.5075,8.24254932330252,-1.26495067669748
961,9.45,8.18220356952443,-1.26779643047557
962,9.35441666666667,8.1191038237315,-1.23531284293517
963,9.15258333333333,8.06051712029965,-1.09206621303368
964,8.79158333333333,8.00852660778162,-0.783056725551715
965,8.62191666666667,7.96006777865253,-0.661848888014141
966,8.45166666666667,7.91353224681658,-0.538134419850086
967,8.27291666666667,7.87076568207983,-0.402150984586842
968,8.26833333333334,7.83188197838187,-0.436451354951473
969,8.356,7.79682762771952,-0.55917237228048
970,8.4875,7.76538172014683,-0.722118279853174
971,8.60841666666667,7.73715594377504,-0.87126072289163
972,8.65333333333333,7.71159458477263,-0.941738748560696
973,8.64708333333333,7.6879745273653,-0.959108805968034
974,8.63133333333333,7.66540525383593,-0.965928079497403
975,8.6575,7.64451990046983,-1.01298009953017
976,8.73416666666667,7.6357584012251,-1.09840826544157
977,8.82358333333333,7.64476876371251,-1.17881456962082
978,8.89358333333333,7.67329472314763,-1.2202886101857
979,8.93158333333333,7.72007700226901,-1.21150633106432
980,8.92141666666667,7.78085331133821,-1.14056335532846
981,8.89275,7.84835834813977,-1.04439165186023
982,8.77291666666667,7.91232379798124,-0.860592868685434
983,8.65766666666667,7.95947833369314,-0.698188332973533
984,8.49666666666667,7.97354761562899,-0.52311905103768
985,8.24816666666667,7.93794435888565,-0.310222307781022
986,8.116,7.88797724321763,-0.228022756782366
987,8.10083333333333,7.84108816061063,-0.259745172722703
988,8.10041666666667,7.79726374282863,-0.303152923838043
989,8.12241666666667,7.75649944285832,-0.365917223808349
990,8.13925,7.71879953490908,-0.420450465090917
991,8.11275,7.68417711441298,-0.428572885587021
992,8.1265,7.65265409802476,-0.473845901975245
993,8.18766666666667,7.62426122362185,-0.563405443044819
994,8.2385,7.59903805030439,-0.639461949695608
995,8.30158333333334,7.57703296476668,-0.724550368566659
996,8.34016666666667,7.5603049598561,-0.779861706810571
997,8.32275,7.54297659986052,-0.779773400139479
998,8.26883333333333,7.52104106020783,-0.747792273125495
999,8.21025,7.50090421484822,-0.709345785151782
1000,8.21975,7.49937694780668,-0.720373052193322
1001,8.27966666666667,7.53319117888634,-0.746475487780334
1002,8.32516666666666,7.59944335414213,-0.725723312524534
1003,8.35241666666667,7.68634317752346,-0.666073489143209
1004,8.40791666666667,7.77413177223342,-0.633784894433248
1005,8.50033333333333,7.83556143557507,-0.664771897758261
1006,8.5535,7.89446250116716,-0.659037498832839
1007,8.52441666666667,7.94074740401095,-0.583669262655721
1008,8.47091666666667,7.94315508127354,-0.527761585393129
1009,8.39483333333334,7.9029951784695,-0.491838154863837
1010,8.30466666666667,7.85186056532385,-0.452806101342819
1011,8.21025,7.80699690863904,-0.403253091360957
1012,8.13916666666667,7.76712203965729,-0.372044627009378
1013,8.10241666666667,7.73179723788851,-0.37061942877816
1014,8.06266666666667,7.70008068565764,-0.362585981009031
1015,8.04366666666666,7.67078818876454,-0.372878477902115
1016,8.03183333333333,7.64368241295897,-0.388150920374364
1017,8.03216666666667,7.61859909513111,-0.413567571535563
1018,8.01475,7.59536156658786,-0.419388433412141
1019,7.99916666666667,7.57380588423895,-0.425360782427719
1020,7.96891666666667,7.55378083059696,-0.415135836069713
1021,7.98441666666666,7.53514791377729,-0.449268752889367
1022,7.9795,7.51778136749822,-0.461718632501782
1023,7.96866666666667,7.50891676890102,-0.459749897765645
1024,8.003,7.53546631074525,-0.467533689254753
1025,8.045,7.58895587003332,-0.456044129966675
1026,8.09058333333333,7.65842236783009,-0.432160965503242
1027,8.09866666666667,7.73476143178782,-0.363905234878847
1028,8.32258333333333,7.81072739614629,-0.511855937187044
1029,8.20025,7.8809333017327,-0.319316698267303
1030,8.33125,7.94185089596174,-0.389399104038264
1031,7.91675,7.98581558250262,0.0690655825026241
1032,7.48433333333333,7.9812768948178,0.496943561484469
1033,7.31475,7.94438852621402,0.629638526214019
1034,7.41866666666667,7.89487393321719,0.476207266550515
1035,7.59225,7.84662536293873,0.254375362938728
1036,7.76991666666667,7.80770385307559,0.0377871864089219
1037,7.88241666666667,7.78033923191024,-0.102077434756428
1038,7.91983333333333,7.76093011831067,-0.158903215022661
1039,7.94508333333333,7.74074365745585,-0.204339675877482
1040,8.04341666666667,7.7193861669042,-0.324030499762475
1041,8.1545,7.6990656405019,-0.455434359498096
1042,8.2225,7.68028230082617,-0.542217699173833
1043,8.28908333333333,7.66343599496651,-0.625647338366822
1044,8.31441666666667,7.64882619452479,-0.665590472141877
1045,8.25883333333333,7.63665199561521,-0.622181337718116
1046,8.14591666666667,7.62701211886431,-0.518904547802364
1047,8.09666666666667,7.62261450617209,-0.474052160494577
1048,8.15833333333333,7.70119989763666,-0.457133435696668
1049,8.1685,7.86315794364271,-0.305342056357293
1050,8.18541666666667,8.06628934358423,-0.119127323082436
1051,8.31108333333333,8.2756615588774,-0.0354217744559318
1052,8.43966666666667,8.46360881296051,0.0239421462938392
1053,8.52908333333333,8.60973209129402,0.0806487579606898
1054,8.60216666666667,8.70089914136054,0.09873247469387
1055,8.60716666666667,8.73124447266483,0.12407780599816
1056,8.56591666666667,8.7021693567338,0.136252690067126
1057,8.521,8.62234182711649,0.101341827116491
1058,8.45125,8.50769667938413,0.0564466793841287
1059,8.4015,8.38143547113007,-0.0200645288699306
1060,8.3885,8.27402652196982,-0.114473478030181
1061,8.40133333333334,8.21008998989821,-0.191243343435135
1062,8.45191666666667,8.15776549275125,-0.294151173915422
1063,8.53666666666667,8.11147193915434,-0.425194727512332
1064,8.58858333333333,8.07080831252494,-0.517775020808392
1065,8.61816666666667,8.03536969941941,-0.582796967247257
1066,8.65891666666667,8.00474728953303,-0.654169377133638
1067,8.68583333333333,7.97852837569996,-0.707304957633368
1068,8.7375,7.95629635389327,-0.781203646106729
1069,8.76291666666667,7.93763072322494,-0.82528594344173
1070,8.77833333333333,7.92078922937176,-0.857544103961571
1071,8.80425,7.91490410085439,-0.889345899145612
1072,8.806,7.94375284439294,-0.862247155607061
1073,8.82166666666667,8.02093960775127,-0.800727058915403
1074,8.87483333333333,8.14864986606647,-0.726183467266857
1075,8.934,8.31765042184888,-0.616349578151123
1076,9.00925,8.50728940498204,-0.501960595017962
1077,9.10766666666667,8.68549627272274,-0.422170393943926
1078,9.1675,8.80878180970102,-0.358718190298978
1079,9.1755,8.83552942822793,-0.339970571772074
1080,9.15591666666667,8.79137879476827,-0.364537871898403
1081,9.064,8.71064801862108,-0.353351981378921
1082,8.9375,8.61832207933785,-0.319177920662154
1083,8.83341666666667,8.53102707425661,-0.30238959241006
1084,8.77041666666667,8.45703021850197,-0.3133864481647
1085,8.73066666666667,8.39623984498508,-0.334426821681587
1086,8.72525,8.34050833776753,-0.384741662232472
1087,8.766,8.28739778307008,-0.478602216929916
1088,8.79391666666667,8.23874995296418,-0.555166713702491
1089,8.82866666666667,8.19404066415099,-0.634626002515681
1090,8.85683333333333,8.15284346307303,-0.703989870260299
1091,8.87241666666666,8.11482962591415,-0.757587040752513
1092,8.86641666666666,8.07976815859951,-0.786648508067151
1093,8.87616666666667,8.04752579679563,-0.828640869871045
1094,8.87316666666667,8.01120513921726,-0.861961527449411
1095,8.88408333333333,7.96100120103549,-0.923082132297844
1096,8.89458333333334,7.94199315455465,-0.952590178778689
1097,8.89766666666667,7.98722787615651,-0.910438790510159
1098,8.94541666666667,8.11041225614096,-0.835004410525714
1099,9.00383333333333,8.30591319872601,-0.697920134607322
1100,9.11158333333333,8.54875762204782,-0.562825711285509
1101,9.19091666666667,8.79463245816068,-0.396284208505987
1102,9.2665,8.97988465303701,-0.286615346962989
1103,9.2945,9.03418486025241,-0.260315139747593
1104,9.23433333333333,8.97924551451132,-0.255087818822009
1105,9.0785,8.87487177991699,-0.203628220083012
1106,8.93991666666667,8.76300130166686,-0.176915364999813
1107,8.84616666666667,8.66730075052779,-0.17886591613888
1108,8.76208333333333,8.59316582283606,-0.168917510497266
1109,8.68983333333333,8.52798440289737,-0.161848930435962
1110,8.65566666666667,8.46513152932839,-0.19053513733828
1111,8.67541666666667,8.40820689410876,-0.267209772557914
1112,8.71025,8.35613409089651,-0.354115909103493
1113,8.69891666666667,8.30807902234476,-0.390837644321911
1114,8.72808333333333,8.2634499001017,-0.464633433231626
1115,8.81425,8.22189724481061,-0.592352755189387
1116,8.88608333333333,8.18337100247508,-0.702712330858255
1117,8.933,8.14763272918576,-0.785367270814236
1118,8.93116666666666,8.11372751373469,-0.817439152931975
1119,8.92266666666667,8.08173965227753,-0.840927014389145
1120,8.99191666666667,8.05296210678475,-0.938954559881919
1121,8.98533333333333,8.03008050896296,-0.955252824370366
1122,8.958,8.02344528453815,-0.934554715461854
1123,8.94883333333333,8.04375248782233,-0.905080845510998
1124,8.86025,8.08956944681378,-0.770680553186221
1125,8.81683333333333,8.14716027738178,-0.669673055951554
1126,8.85641666666667,8.19049014321501,-0.665926523451661
1127,8.84941666666667,8.19591543742956,-0.653501229237115
1128,8.72508333333333,8.17275737740527,-0.55232595592806
1129,8.48658333333333,8.13380488730269,-0.352778446030644
1130,8.406,8.08904664775257,-0.316953352247433
1131,8.54875,8.04567109585592,-0.503078904144081
1132,8.66975,8.00806642518398,-0.661683574816024
1133,8.75883333333333,7.97782058577821,-0.781012747555118
1134,8.80741666666667,7.95372128415033,-0.853695382516338
1135,8.82466666666667,7.93175598328228,-0.892910683384391
1136,8.81033333333333,7.91904266353451,-0.891290669798821
1137,8.68075,7.91311321479817,-0.767636785201828
1138,8.783,7.89861152965312,-0.884388470346878
1139,8.86775,7.86816111086775,-0.999588889132252
1140,8.8895,7.82236627535197,-1.06713372464803
1141,8.83675,7.76981215415722,-1.06693784584278
1142,8.78816666666667,7.72706469247646,-1.06110197419021
1143,8.74675,7.71867064964418,-1.02807935035582
1144,8.76658333333333,7.77715759913639,-0.989425734196936
1145,8.6985,7.93718513388156,-0.761314866118438
1146,8.8165,8.16943446791618,-0.64706553208382
1147,9.01466666666667,8.42799885299668,-0.586667813669987
1148,9.16666666666667,8.67660202114672,-0.490064645519945
1149,9.32633333333333,8.88445432977451,-0.441879003558819
1150,9.47858333333333,9.02625276167281,-0.45233057166052
1151,9.47925,9.06707971581225,-0.41217028418775
1152,9.40266666666667,8.99682047369428,-0.405846192972389
1153,9.23083333333333,8.87938494545791,-0.35144838787542
1154,9.10758333333333,8.7589429146266,-0.348640418706728
1155,8.93858333333333,8.65596455259678,-0.282618780736552
1156,8.77725,8.5672204186378,-0.210029581362205
1157,8.69566666666667,8.48253112118419,-0.213135545482478
1158,8.72283333333333,8.40553455473976,-0.317298778593575
1159,8.733,8.33497473266973,-0.398025267330272
1160,8.74733333333333,8.26993323692673,-0.477400096406599
1161,8.73916666666667,8.20983356119866,-0.529333105468011
1162,8.72366666666667,8.15444111090868,-0.56922555575799
1163,8.7135,8.10386320321525,-0.609636796784754
1164,8.73258333333333,8.05580067893351,-0.676782654399824
1165,8.75775,8.00281124877334,-0.754938751226664
1166,8.79183333333333,7.95953313809582,-0.832300195237508
1167,8.79183333333333,7.93958634943776,-0.852246983895568
1168,8.8305,7.95228721219983,-0.878212787800174
1169,8.85333333333333,8.00264838264657,-0.850684950686759
1170,8.88866666666667,8.09137884390643,-0.797287822760238
1171,8.93766666666667,8.21488390597172,-0.722782760694953
1172,8.98125,8.36526520569863,-0.615984794301372
1173,9.10433333333333,8.53032070680723,-0.574012626526095
1174,9.21575,8.6935446998815,-0.522205300118504
1175,9.2385,8.83412780236924,-0.40437219763076
1176,9.15525,8.92695695858219,-0.228293041417807
1177,9.01925,8.94261543969595,-0.0766345603040524
1178,8.9095,8.85290248021431,-0.0565975197856847
1179,8.77516666666667,8.73813189092228,-0.0370347757443934
1180,8.68408333333333,8.63520563972708,-0.0488776936062472
1181,8.64641666666667,8.54277916459531,-0.103637502071365
1182,8.62091666666667,8.45962402591396,-0.161292640752714
1183,8.61633333333334,8.38462790649048,-0.231705426842863
1184,8.63258333333333,8.31679461155276,-0.315788721780569
1185,8.61233333333333,8.25524406874912,-0.357089264584205
1186,8.62808333333333,8.19921232814833,-0.428871005185
1187,8.64358333333333,8.14805156223957,-0.495531771093757
1188,8.70791666666667,8.10123006593249,-0.606686600734182
1189,8.74758333333333,8.05833225655714,-0.689251076776188
1190,8.78341666666667,8.00684256110269,-0.776574105563977
1191,8.81891666666667,7.97001771219124,-0.84889895447543
1192,8.87308333333333,8.00850533290551,-0.864578000427816
1193,8.88833333333333,8.14170554511496,-0.746627788218369
1194,8.88083333333333,8.34627848903548,-0.534554844297848
1195,8.85716666666667,8.57512130442103,-0.282045362245638
1196,8.82158333333333,8.80580613897812,-0.0157771943552092
1197,8.91675,9.01821710342508,0.101467103425078
1198,9.09,9.18808099087844,0.0980809908784401
1199,9.13225,9.28266049920811,0.150410499208105
1200,9.03783333333333,9.25142706552662,0.213593732193294
1201,8.87416666666667,9.13903633936897,0.264869672702298
1202,8.74766666666667,8.99630897402831,0.248642307361639
1203,8.64825,8.85708364129418,0.208833641294177
1204,8.49258333333333,8.73821703145248,0.245633698119148
1205,8.34366666666667,8.63958385328547,0.295917186618796
1206,8.36225,8.54675840177642,0.184508401776419
1207,8.357,8.46046686245432,0.103466862454319
1208,8.37991666666667,8.38232491407196,0.00240824740529177
1209,8.41625,8.31157059820967,-0.104679401790328
1210,8.44033333333333,8.2474542016971,-0.192879131636225
1211,8.443,8.18923825661324,-0.253761743386761
1212,8.44641666666667,8.13619754028638,-0.310219126380289
1213,8.42641666666667,8.07871598893719,-0.347700677729485
1214,8.437,8.00310334725388,-0.433896652746116
1215,8.44366666666667,7.96600299297578,-0.477663673690886
1216,8.47283333333333,8.00734757108475,-0.465485762248576
1217,8.44816666666667,8.14086934635685,-0.307297320309818
1218,8.50058333333333,8.35410020336236,-0.146483129970969
1219,8.59491666666667,8.60837164646575,0.0134549797990822
1220,8.68325,8.85943905929656,0.176189059296563
1221,8.80541666666667,9.10251676095524,0.297100094288574
1222,8.93408333333333,9.27702667740468,0.342943344071347
1223,9.02116666666667,9.34559658798798,0.324429921321308
1224,9.01258333333333,9.30214441466966,0.289561081336334
1225,8.9195,9.17187822203566,0.252378222035658
1226,8.82716666666667,9.01129621729328,0.184129550626611
1227,8.73183333333333,8.88345646778841,0.151623134455082
1228,8.65566666666667,8.77073537237864,0.115068705711966
1229,8.6205,8.6688292444395,0.048329244439504
1230,8.59283333333333,8.57651242493487,-0.0163209083984608
1231,8.57133333333333,8.49268485176377,-0.0786484815695569
1232,8.61775,8.41637205976046,-0.201377940239537
1233,8.665,8.34672518069438,-0.318274819305623
1234,8.716,8.28302094327015,-0.432979056729847
1235,8.74458333333333,8.22466167312763,-0.519921660205702
1236,8.75591666666667,8.17117529284183,-0.584741373824837
1237,8.78208333333333,8.11844128744697,-0.663642045886357
1238,8.76658333333333,8.04020882399576,-0.726374509337568
1239,8.72733333333334,7.98440237666322,-0.742930956670117
1240,8.76108333333333,7.99707914333049,-0.764004190002836
1241,8.82008333333333,8.10004134320725,-0.720041990126079
1242,8.88183333333333,8.29083621683171,-0.590997116501622
1243,8.97783333333333,8.54275602607061,-0.435077307262723
1244,9.1155,8.80483805411924,-0.310661945880764
1245,9.25958333333333,9.03268615981955,-0.226897173513777
1246,9.41433333333333,9.21654011437773,-0.197793218955603
1247,9.5,9.32496290176997,-0.175037098230026
1248,9.4895,9.3436712669359,-0.145828733064098
1249,9.35916666666667,9.2763599963747,-0.0828066702919656
1250,9.20575,9.14470191814516,-0.0610480818548425
1251,9.05508333333333,8.98834790186561,-0.066735431467718
1252,8.91966666666667,8.85987187494136,-0.0597947917253112
1253,8.84083333333333,8.75258508181058,-0.0882482515227458
1254,8.78591666666667,8.65538540799016,-0.130531258676507
1255,8.77791666666667,8.56719513560062,-0.210721531066055
1256,8.76141666666667,8.48702854076705,-0.274388125899621
1257,8.75141666666667,8.41399189361916,-0.337424773047507
1258,8.76483333333333,8.34728345829123,-0.417549875042104
1259,8.77216666666667,8.28619349292211,-0.485973173744563
1260,8.75008333333333,8.23010424965525,-0.519979083678079
1261,8.74075,8.16014354778425,-0.580606452215754
1262,8.7705,8.07724115700789,-0.69325884299211
1263,8.79083333333333,8.03330135030941,-0.757531983023922
1264,8.86583333333333,8.06161684142699,-0.804216491906336
1265,8.93675,8.17555428041221,-0.761195719587793
1266,8.99383333333333,8.36855425362998,-0.625279079703352
1267,9.09866666666667,8.6141312837586,-0.484535382908074
1268,9.2105,8.86587382978971,-0.344626170210285
1269,9.36641666666667,9.07938531954838,-0.287031347118285
1270,9.5275,9.24736696216688,-0.280133037833124
1271,9.63575,9.34867535144889,-0.287074648551107
1272,9.624,9.37323289656384,-0.250767103436159
1273,9.53408333333333,9.32303614040541,-0.21104719292792
1274,9.41375,9.21215575959157,-0.201594240408427
1275,9.26983333333333,9.06673656446458,-0.203096768868745
1276,9.13216666666667,8.92499749909098,-0.207169167575687
1277,9.03775,8.8147828556504,-0.222967144349603
1278,8.982,8.71448764652193,-0.267512353478068
1279,8.9615,8.62261619633178,-0.338883803668219
1280,8.98616666666667,8.53896831534378,-0.447198351322886
1281,9.0465,8.46347211477367,-0.583027885226331
1282,9.06783333333333,8.39618400678905,-0.67164932654428
1283,9.12441666666667,8.33728870450942,-0.787127962157248
1284,9.1665,8.28709922200618,-0.879400777993821
1285,9.19975,8.24605687430259,-0.953693125697413
1286,9.177,8.21473127737381,-0.962268722626188
1287,9.17566666666667,8.19382034814689,-0.981846318519775
1288,9.24033333333333,8.20382033400289,-1.03651299933044
1289,9.297,8.27893812022488,-1.01806187977512
1290,9.39583333333333,8.41412556363428,-0.981707769699055
1291,9.499,8.59672625023346,-0.902273749766545
1292,9.61883333333333,8.80709822291825,-0.811735110415077
1293,9.76683333333333,9.01861398147794,-0.748219351855386
1294,9.88125,9.19738406777912,-0.683865932220884
1295,9.92516666666667,9.28176189276731,-0.643404773899356
1296,9.88316666666667,9.2733827782126,-0.60978388845407
1297,9.73241666666667,9.20666214459934,-0.525754522067327
1298,9.5285,9.10921111624607,-0.419288883753927
1299,9.32766666666667,9.00183652130549,-0.325830145361182
1300,9.15525,8.89854089176445,-0.256709108235551
1301,9.01433333333333,8.8063094305113,-0.208023902822028
1302,8.90791666666667,8.72364248766328,-0.18427417900339
1303,8.929,8.64907064158916,-0.279929358410838
1304,9.00591666666667,8.5819485477918,-0.423968118874866
1305,9.06508333333333,8.52164749609352,-0.543435837239807
1306,9.14775,8.4675554106361,-0.680194589363897
1307,9.24708333333333,8.41907684988079,-0.82800648345254
1308,9.3465,8.37563300660829,-0.970866993391709
1309,9.42241666666667,8.33666170791878,-1.08575495874789
1310,9.50441666666667,8.29818563321002,-1.20623103345665
1311,9.55558333333333,8.25846641737691,-1.29711691595642
1312,9.6295,8.30129497744078,-1.32820502255922
1313,9.69275,8.45540589436869,-1.23734410563131
1314,9.75341666666667,8.67007763041624,-1.08333903625043
1315,9.90266666666667,8.90443678552126,-0.998229881145409
1316,10.0304166666667,9.14709628387879,-0.883320382787911
1317,10.12175,9.36310951855825,-0.758640481441748
1318,10.249,9.49955269683073,-0.749447303169273
1319,10.3394166666667,9.55156021832533,-0.787856448341374
1320,10.3568333333333,9.5285051799838,-0.828328153349496
1321,10.2863333333333,9.44161860979288,-0.84471472354042
1322,10.1310833333333,9.31395450429714,-0.817128829036157
1323,9.93325,9.18038982859906,-0.752860171400938
1324,9.7535,9.06943797985737,-0.68406202014263
1325,9.60341666666667,8.97057417890614,-0.632842487760531
1326,9.48975,8.88178460490168,-0.607965395098317
1327,9.48625,8.80172819477683,-0.684521805223167
1328,9.50958333333333,8.72931481663843,-0.780268516694901
1329,9.56383333333333,8.66370526976732,-0.90012806356601
1330,9.61916666666667,8.5954376641749,-1.02372900249177
1331,9.63491666666667,8.50292862330995,-1.13198804335672
1332,9.64583333333333,8.41212894376553,-1.23370438956781
1333,9.6445,8.34717064990115,-1.29732935009885
1334,9.628,8.32551224001892,-1.30248775998108
1335,9.63783333333333,8.35793868636351,-1.27989464696982
1336,9.74525,8.44856143512213,-1.29668856487787
1337,9.82175,8.59481840642458,-1.22693159357542
1338,9.93458333333333,8.78747399434321,-1.14710933899012
1339,10.118,9.01061906689296,-1.10738093310704
1340,10.3109166666667,9.24167096603131,-1.06924570063539
1341,10.51675,9.4513735076583,-1.0653764923417
1342,10.6845,9.60237217879012,-1.08212782120988
1343,10.7594166666667,9.6490386012278,-1.1103780654389
1344,10.716,9.6128545182222,-1.1031454817778
1345,10.5845833333333,9.52648014775098,-1.05810318558232
1346,10.4014166666667,9.41557654838906,-0.985840118277642
1347,10.1821666666667,9.29880561930864,-0.883361047358063
1348,9.976,9.18783010027917,-0.788169899720835
1349,9.81958333333333,9.08731357166737,-0.732269761665961
1350,9.73091666666667,8.99600739341074,-0.734909273255926
1351,9.7525,8.91329491279715,-0.839205087202854
1352,9.80833333333334,8.83862405175555,-0.969709281577789
1353,9.87041666666667,8.77136952740277,-1.0990471392639
1354,9.93883333333333,8.71091891880302,-1.22791441453031
1355,9.98266666666667,8.65667266696788,-1.32599399969879
1356,9.99708333333333,8.60804407485637,-1.38903925847696
1357,9.98783333333333,8.56414182891469,-1.42369150441863
1358,9.96466666666666,8.51232947761643,-1.45233718905023
1359,9.94866666666667,8.48944312618567,-1.459223540481
1360,9.97816666666667,8.53369172693165,-1.44447493973502
1361,10.0379166666667,8.65501794701007,-1.38289871965663
1362,10.1476666666667,8.83510994136265,-1.31255672530405
1363,10.312,9.04013288804594,-1.27186711195406
1364,10.50275,9.24988097846517,-1.25286902153483
1365,10.7015833333333,9.44476835062049,-1.25681498271281
1366,10.8804166666667,9.60255162597568,-1.27786504069102
1367,10.9548333333333,9.6932897285288,-1.2615436048045
1368,10.9020833333333,9.66659355632591,-1.23548977700739
1369,10.7615833333333,9.5639504007619,-1.1976329325714
1370,10.5784166666667,9.43267975690877,-1.14573690975793
1371,10.3745833333333,9.30446376074029,-1.07011957259301
1372,10.1871666666667,9.195347189132,-0.991819477534696
1373,10.0579166666667,9.10573745986123,-0.952179206805468
1374,9.99233333333333,9.02222050805404,-0.970112825279285
1375,9.98033333333333,8.94384279270857,-1.03649054062476
1376,10.0056666666667,8.8724660274167,-1.13320063925
1377,10.0608333333333,8.8075179224173,-1.253315410916
1378,10.12825,8.74837388436062,-1.37987611563937
1379,10.1805833333333,8.69435701630823,-1.48622631702507
1380,10.1835,8.64473811773304,-1.53876188226696
1381,10.17325,8.59873568451932,-1.57451431548068
1382,10.1555,8.56107346484654,-1.59442653515346
1383,10.1408333333333,8.57320346006539,-1.56762987326791
1384,10.1804166666667,8.62850635737076,-1.55191030929594
1385,10.2485833333333,8.71007676779099,-1.53850656554232
1386,10.3456666666667,8.80328435588911,-1.54238231077759
1387,10.4796666666667,8.89577383976291,-1.58389282690379
1388,10.6555,8.97746499104486,-1.67803500895514
1389,10.8596666666667,9.04055263490219,-1.81911403176451
1390,11.0438333333333,9.07950665003681,-1.96432668329649
1391,11.112,9.09107196868538,-2.02092803131462
1392,11.0248333333333,9.07426857661926,-1.95056475671404
1393,10.849,9.03039151314453,-1.81860848685547
1394,10.6323333333333,8.96301087110199,-1.6693224622313
1395,10.3985,8.8810508974117,-1.5174491025883
1396,10.2185833333333,8.80555292564615,-1.41303040768715
1397,10.1036666666667,8.73821825338002,-1.36544841328668
1398,10.0529166666667,8.67793880846913,-1.37497785819757
1399,10.0559166666667,8.62376179568199,-1.43215487098471
1400,10.0869166666667,8.57488969669987,-1.51202696996683
1401,10.1250833333333,8.53068027011671,-1.59440306321659
1402,10.1103333333333,8.49064655143919,-1.61968678189411
1403,10.0888333333333,8.45445685308668,-1.63437648024662
1404,10.0773333333333,8.42185417760023,-1.65547915573307
1405,10.103,8.36753336103692,-1.73546663896308
1406,10.1135,8.30504209860161,-1.80845790139839
1407,10.1415833333333,8.27330759483379,-1.86827573849951
1408,10.1936666666667,8.29789407799891,-1.89577258866779
1409,10.2745833333333,8.39100280008834,-1.88358053324496
1410,10.36825,8.55147203681936,-1.81677796318064
1411,10.5286666666667,8.76477708763518,-1.76388957903152
1412,10.7218333333333,9.00303027570496,-1.71880305762834
1413,10.9084166666667,9.22498094792375,-1.68343571874295
1414,11.0470833333333,9.37352443221939,-1.67355890111391
1415,11.0723333333333,9.4166492578008,-1.6556840755325
1416,10.9991666666667,9.38555035094482,-1.61361631572188
1417,10.82475,9.30975819215914,-1.51499180784086
1418,10.5828333333333,9.21256950887702,-1.37026382445628
1419,10.3175,9.11104727545733,-1.20645272454267
1420,10.1099166666667,9.0160207131845,-1.09389595348221
1421,9.99058333333333,8.93208529026853,-1.0584980430648
1422,9.94241666666667,8.85760272184504,-1.08481394482163
1423,9.94308333333333,8.78862339896137,-1.15445993437196
1424,9.98625,8.72520646205229,-1.26104353794771
1425,10.0690833333333,8.666117340721,-1.4029659926123
1426,10.1375833333333,8.61085726909357,-1.52672606423973
1427,10.1765,8.55968974543074,-1.61681025456926
1428,10.1911666666667,8.51364053212785,-1.67752613453885
1429,10.1805833333333,8.47449765571492,-1.70608567761838
1430,10.1648333333333,8.4448114068566,-1.7200219264767
1431,10.1635,8.42789434035218,-1.73560565964782
1432,10.2074166666667,8.43762455544278,-1.76979211122392
1433,10.2588333333333,8.49369362238973,-1.76513971094356
1434,10.34125,8.56787214513442,-1.77337785486558
1435,10.5026666666667,8.63639554342401,-1.86627112324269
1436,10.6395833333333,8.68376649766755,-1.95581683566575
1437,10.7000833333333,8.70275494893592,-1.99732838439738
1438,10.7443333333333,8.69439809896185,-2.04993523437145
1439,10.77,8.66800041013994,-2.10199958986006
1440,10.6034166666667,8.63858166102917,-1.96483500563753
1441,10.475,8.59617738970221,-1.87882261029779
1442,10.3695,8.54390261088936,-1.82559738911064
1443,10.26175,8.48997489653851,-1.77177510346148
1444,10.1710833333333,8.43988817054347,-1.73119516278983
1445,10.1145833333333,8.39641270874391,-1.71817062458939
1446,10.0979166666667,8.35959513892543,-1.73832152774127
1447,10.10325,8.32675844081952,-1.77649155918048
1448,10.12275,8.2957299411531,-1.8270200588469
1449,10.13575,8.26748312807252,-1.86826687192748
1450,10.1549166666667,8.24206459204369,-1.91285207462301
1451,10.1718333333333,8.21967405283939,-1.95215928049391
1452,10.1936666666667,8.2006644227464,-1.9930022439203
1453,10.2154166666667,8.18554180656549,-2.02987486010121
1454,10.2185,8.17496550161139,-2.04353449838861
1455,10.2205,8.16974799771287,-2.05075200228713
1456,10.2421666666667,8.19916196587756,-2.04300470078914
1457,10.3208333333333,8.3035954584194,-2.0172378749139
1458,10.4451666666667,8.44240399234782,-2.00276267431888
1459,10.5901666666667,8.58246910772701,-2.00769755893969
1460,10.7268333333333,8.70145703522169,-2.02537629811161
1461,10.8554166666667,8.78781869609708,-2.06759797056962
1462,10.9443333333333,8.84078970221891,-2.10354363111439
1463,10.9456666666667,8.87039035605346,-2.07527631061324
1464,10.8435,8.89724104602627,-1.94625895397373
1465,10.652,8.89015639989136,-1.76184360010864
1466,10.47225,8.83375975718792,-1.63849024281208
1467,10.2951666666667,8.75617225344514,-1.53899441322156
1468,10.14,8.67758433853561,-1.46241566146439
1469,10.0560833333333,8.61025577667536,-1.44582755665794
1470,9.98975,8.55851564642385,-1.43123435357615
1471,9.96841666666667,8.51876234068399,-1.44965432598268
1472,9.98308333333333,8.48172175363438,-1.50136157969895
1473,10.011,8.44863742879471,-1.56236257120529
1474,10.05725,8.41880430741242,-1.63844569258758
1475,10.1161666666667,8.39147296953227,-1.72469369713443
1476,10.1729166666667,8.36724956557448,-1.80566710109222
1477,10.1966666666667,8.3480958163348,-1.8485708503319
1478,10.2235833333333,8.33732901298445,-1.88625432034885
1479,10.255,8.33962201707014,-1.91537798292986
1480,10.3049166666667,8.41555460602835,-1.88936206063835
1481,10.38375,8.59723977766427,-1.78651022233573
1482,10.48975,8.84053156802769,-1.64921843197231
1483,10.60275,9.10782158690167,-1.49492841309833
1484,10.71775,9.36810192595287,-1.34964807404713
1485,10.8939166666667,9.59696515873157,-1.29695150793513
1486,11.0630833333333,9.77660434067165,-1.28647899266165
1487,11.14775,9.89554992313413,-1.25220007686587
1488,11.09775,9.90115968433791,-1.19659031566209
1489,10.88675,9.80235882380811,-1.08439117619189
1490,10.6241666666667,9.65339710338382,-0.970769563282882
1491,10.3809166666667,9.49458739752749,-0.886329269139212
1492,10.1585833333333,9.35230569332488,-0.806277640008421
1493,10.017,9.2389910904851,-0.778008909514904
1494,9.93841666666667,9.15314580134056,-0.785270865326108
1495,9.9085,9.07933515084703,-0.829164849152965
1496,9.9615,9.00335272837761,-0.958147271622391
1497,10.0428333333333,8.9335962343196,-1.1092370990137
1498,10.1205833333333,8.86988564046755,-1.25069769286575
1499,10.2314166666667,8.81214100497061,-1.41927566169609
1500,10.298,8.76058698266002,-1.53741301733998
1501,10.301,8.71575282504914,-1.58524717495086
1502,10.2845,8.67847238033337,-1.60602761966663
1503,10.26525,8.65721619213005,-1.60803380786995
1504,10.2790833333333,8.73390212728549,-1.54518120604781
1505,10.3341666666667,8.89968257194402,-1.43448409472268
1506,10.46925,9.11844100297571,-1.35080899702429
1507,10.6556666666667,9.3587142196547,-1.29695244701201
1508,10.8868333333333,9.59369234365925,-1.29314098967405
1509,11.0678333333333,9.80121881907173,-1.26661451426157
1510,11.186,9.96379041237862,-1.22220958762138
1511,11.24725,10.0685572124705,-1.17869278752951
1512,11.1949166666667,10.065247024984,-1.1296696416827
1513,11.0438333333333,9.94986014597997,-1.09397318735333
1514,10.8065833333333,9.79265698943784,-1.01392634389546
1515,10.5491666666667,9.64041667057429,-0.908749996092411
1516,10.3561666666667,9.51606517380366,-0.840101492863043
1517,10.2049166666667,9.41867535273797,-0.786241313928729
1518,10.0905,9.32670356892812,-0.763796431071883
1519,10.04325,9.23990471679987,-0.803345283200127
1520,10.0020833333333,9.16074756233263,-0.841335771000672
1521,10.002,9.08814589397974,-0.913854106020265
1522,10.0446666666667,9.0213417323971,-1.0233249342696
1523,10.1089166666667,8.95990533044317,-1.14901133622353
1524,10.1258333333333,8.90373517317893,-1.22209816015437
1525,10.1113333333333,8.83398588673882,-1.27734744659448
1526,10.078,8.76510134093385,-1.31289865906615
1527,10.0765,8.75037874375166,-1.32612125624834
1528,10.1155833333333,8.81903932145129,-1.29654401188201
1529,10.263,8.97582555281822,-1.28717444718178
1530,10.4580833333333,9.20100116916436,-1.25708216416894
1531,10.69225,9.45035118102627,-1.24189881897373
1532,10.9251666666667,9.68215126413603,-1.24301540253067
1533,11.1443333333333,9.8920858109794,-1.2522475223539
1534,11.36825,10.0673307400806,-1.30091925991939
1535,11.5128333333333,10.186430462232,-1.32640287110127
1536,11.4709166666667,10.2192978804942,-1.25161878617247
1537,11.2694166666667,10.1404708275264,-1.12894583914033
1538,11.0249166666667,10.0041127210589,-1.02080394560781
1539,10.7935,9.85636738980692,-0.937132610193077
1540,10.5633333333333,9.72262500025283,-0.840708333080471
1541,10.4078333333333,9.611374327184,-0.796459006149304
1542,10.3229166666667,9.51438562739936,-0.808531039267343
1543,10.2834166666667,9.42377864507593,-0.859638021590772
1544,10.25375,9.34086364444993,-0.912886355550068
1545,10.2876666666667,9.26498879076669,-1.02267787590001
1546,10.3373333333333,9.19560422257636,-1.14172911075694
1547,10.351,9.13226205173394,-1.21873794826606
1548,10.3789166666667,9.07461636339925,-1.30430030326746
1549,10.3968333333333,9.02016751045741,-1.37666582287589
1550,10.412,8.94793459149503,-1.46406540850497
1551,10.4450833333333,8.91016627534052,-1.53491705799278
1552,10.5364166666667,8.95457450782105,-1.58184215884565
1553,10.6708333333333,9.09677762986105,-1.57405570347225
1554,10.83625,9.32030037748221,-1.51594962251779
1555,11.0545833333333,9.57657388180346,-1.47800945152984
1556,11.2578333333333,9.80862717247126,-1.44920616086204
1557,11.5345833333333,10.0183702308834,-1.51621310244987
1558,11.7594166666667,10.193672626035,-1.5657440406317
1559,11.8570833333333,10.312732902493,-1.54435043084027
1560,11.7761666666667,10.3452254059417,-1.43094126072505
1561,11.5403333333333,10.2661736415808,-1.27415969175254
1562,11.2636666666667,10.1238183455303,-1.13984832113643
1563,10.9815,9.97427514789141,-1.00722485210859
1564,10.74025,9.84591954266506,-0.894330457334938
1565,10.54425,9.7393292618217,-0.804920738178303
1566,10.414,9.63995809560241,-0.774041904397587
1567,10.348,9.54952034474384,-0.798479655256161
1568,10.33325,9.46664100285419,-0.866608997145814
1569,10.3515,9.39022954915005,-0.961270450849945
1570,10.4118333333333,9.31963516818274,-1.09219816515056
1571,10.49325,9.25464674983821,-1.23860325016179
1572,10.5570833333333,9.18597617922169,-1.37110715411161
1573,10.6170833333333,9.09794850568285,-1.51913482765045
1574,10.6555,9.0461185006005,-1.6093814993995
1575,10.7110833333333,9.0699202219371,-1.6411631113962
1576,10.8371666666667,9.18310716031773,-1.65405950634898
1577,10.98775,9.37375223903003,-1.61399776096997
1578,11.2226666666667,9.6042478140243,-1.6184188526424
1579,11.4170833333333,9.8160116842593,-1.601071649074
1580,11.5696666666667,9.99723471336314,-1.57243195330356
1581,11.7708333333333,10.1527263197304,-1.61810701360288
1582,12.0261666666667,10.2760847638464,-1.75008190282032
1583,12.0818333333333,10.3538896833617,-1.72794364997162
1584,12.0095833333333,10.3657020930924,-1.64388124024089
1585,11.7835833333333,10.2903687099419,-1.49321462339136
1586,11.51125,10.1566958058761,-1.3545541941239
1587,11.2266666666667,10.0097364751628,-1.21693019150393
1588,10.9654166666667,9.87671578334798,-1.08870088331872
1589,10.7579166666667,9.7666905548042,-0.991226111862499
1590,10.6180833333333,9.67060248389262,-0.947480849440684
1591,10.5760833333333,9.57918275732865,-0.996900576004645
1592,10.621,9.49512935699291,-1.12587064300709
1593,10.6965,9.41775353965378,-1.27874646034622
1594,10.7669166666667,9.3464485989281,-1.4204680677386
1595,10.8285,9.28068986528119,-1.54781013471881
1596,10.8841666666667,9.22003470602681,-1.66413196063989
1597,10.9106666666667,9.16358843007993,-1.74707823658677
1598,10.92375,9.10934167813246,-1.81440832186754
1599,10.9428333333333,9.08676581628779,-1.85606751704551
1600,11.0090833333333,9.12193418437899,-1.88714914895431
1601,11.1165,9.22648690233971,-1.89001309766029
1602,11.2860833333333,9.3976308702042,-1.8884524631291
1603,11.5005833333333,9.6181397681073,-1.882443565226
1604,11.7406666666667,9.85635405628442,-1.88431261038228
1605,12.0048333333333,10.0670988911853,-1.93773444214797
1606,12.14675,10.2300468681948,-1.91670313180522
1607,12.2044166666667,10.3351835488884,-1.86923311777832
1608,12.1544166666667,10.3718352402004,-1.78258142646633
1609,11.9420833333333,10.3388913792555,-1.60319195407777
1610,11.62425,10.2448045333692,-1.37944546663082
1611,11.31875,10.1075904000472,-1.21115959995284
1612,11.0368333333333,9.95482780698584,-1.08200552634746
1613,10.8190833333333,9.82234207303615,-0.996741260297155
1614,10.6999166666667,9.6939350158557,-1.005981650811
1615,10.6591666666667,9.55968734168999,-1.09947932497671
1616,10.6660833333333,9.43248415723864,-1.23359917609466
1617,10.717,9.32308670699922,-1.39391329300078
1618,10.7743333333333,9.24013237326723,-1.53420096006606
1619,10.837,9.1901346761361,-1.6468653238639
1620,10.91875,9.17748327349716,-1.74126672650284
1621,10.9621666666667,9.20444396103972,-1.75772270562698
1622,10.94525,9.27115867225099,-1.67409132774901
1623,10.9520833333333,9.37564547841611,-1.57643785491719
1624,11.0154166666667,9.51379858861816,-1.50161807804854
1625,11.1234166666667,9.67938834973815,-1.44402831692855
1626,11.2813333333333,9.864061246455,-1.4172720868783
1627,11.4795,10.0573399012456,-1.42216009875441
1628,11.7075,10.2466230743847,-1.46087692561528
1629,11.99725,10.4171856639451,-1.5800643360549
1630,12.2283333333333,10.5513959199353,-1.67693741339803
1631,12.31125,10.6086981724897,-1.70255182751029
1632,12.2375833333333,10.5869134458527,-1.65066988748064
1633,11.9736666666667,10.503875418374,-1.46979124829267
1634,11.6205,10.3777432128038,-1.2427567871962
1635,11.2955833333333,10.227001396292,-1.06858193704127
1636,10.989,10.0704599803889,-0.918540019611125
1637,10.7895,9.92724262075984,-0.862257379240164
1638,10.65375,9.8021096228776,-0.851640377122397
1639,10.5929166666667,9.68715187782462,-0.905764788842081
1640,10.61725,9.58096057098953,-1.03628942901047
1641,10.6469166666667,9.48246812248096,-1.16444854418573
1642,10.7214166666667,9.39094818712751,-1.33046847953919
1643,10.8105,9.30601565447772,-1.50448434552228
1644,10.8948333333333,9.22762664880013,-1.66720668453317
1645,10.93,9.13891239002238,-1.79108760997762
1646,10.9354166666667,9.0521795543705,-1.88323711229621
1647,10.9405,9.01679618292099,-1.92370381707901
1648,11.0226666666667,9.06073243539676,-1.96193423126994
1649,11.1481666666667,9.19010595856347,-1.95806070810323
1650,11.3475833333333,9.38918188622959,-1.95840144710371
1651,11.582,9.62037283924636,-1.96162716075364
1652,11.8466666666667,9.84861926755836,-1.99804739910834
1653,12.1716666666667,10.0574401224287,-2.114226544238
1654,12.37525,10.2049035003536,-2.17034649964641
1655,12.3986666666667,10.2669223607021,-2.13174430596461
1656,12.1514166666667,10.2383094665619,-1.9131072001048
1657,11.7380833333333,10.1327773847393,-1.605305948594
1658,11.3460833333333,9.98293848575917,-1.36314484757413
1659,10.98625,9.83390423383204,-1.15234576616796
1660,10.6740833333333,9.69970398885065,-0.974379344482651
1661,10.4439166666667,9.57803169380087,-0.865884972865832
1662,10.348,9.46684580426602,-0.881154195733977
1663,10.3726666666667,9.36441125616564,-1.00825541050106
1664,10.4089166666667,9.26929946575543,-1.13961720091127
1665,10.4535833333333,9.1803883296273,-1.273195003706
1666,10.5116666666667,9.0813715369169,-1.4302951297498
1667,10.5515,8.96981440167798,-1.58168559832202
1668,10.5480833333333,8.87193399508533,-1.67614933824797
1669,10.4895,8.8079778118827,-1.6815221881173
1670,10.4745,8.79206730642933,-1.68243269357067
1671,10.5015,8.83219789269999,-1.66930210730001
1672,10.6248333333333,8.93023894428498,-1.69459438904832
1673,10.8081666666667,9.08193379439011,-1.72623287227659
1674,11.0659166666667,9.27689973583671,-1.78901693082999
1675,11.2756666666667,9.49862802106163,-1.77703864560507
1676,11.5050833333333,9.72448386211724,-1.78059947121606
1677,11.7805,9.92570176819017,-1.85479823180983
1678,12.0028333333333,10.0724165274698,-1.9304168058635
1679,12.1093333333333,10.1534659406248,-1.95586739270848
1680,11.9641666666667,10.1673486384364,-1.79681802823034
1681,11.6208333333333,10.1179831219108,-1.50285021142247
1682,11.3305833333333,10.0147077622799,-1.31587557105335
1683,10.9766666666667,9.87228080100075,-1.10438586566595
1684,10.5948333333333,9.71088034975557,-0.883952983577727
1685,10.3081666666667,9.55610439045204,-0.752062276214659
1686,10.13625,9.4278746543326,-0.708375345667397
1687,10.0986666666667,9.31137101157714,-0.787295655089556
1688,10.1583333333333,9.20399865617406,-0.954334677159238
1689,10.26925,9.10478964904882,-1.16446035095118
1690,10.3323333333333,9.01293772284769,-1.31939561048561
1691,10.4106666666667,8.92779828193773,-1.48286838472897
1692,10.4546666666667,8.84888840240681,-1.60577826425989
1693,10.4445833333333,8.77588683206356,-1.66869650126974
1694,10.4055833333333,8.71041307575193,-1.69517025758137
1695,10.40025,8.67688905401728,-1.72336094598272
1696,10.52025,8.68292306524411,-1.83732693475589
1697,10.6975,8.72642278423975,-1.97107721576025
1698,10.9771666666667,8.80305304134573,-2.17411362532097
1699,11.4201666666667,8.90623582243785,-2.51393084422885
1700,11.7019166666667,9.02715026892615,-2.67476639774054
1701,12.1080833333333,9.15473267775492,-2.95335065557838
1702,12.3366666666667,9.27567650140268,-3.06099016526402
1703,12.3253333333333,9.35170828210954,-2.97362505122376
1704,12.1255,9.3225257664622,-2.8029742335378
1705,11.76625,9.22698972534821,-2.53926027465179
1706,11.30675,9.10147741347199,-2.20527258652801
1707,10.8139166666667,8.97254784520831,-1.84136882145839
1708,10.3759166666667,8.85694179460231,-1.51897487206439
1709,10.03275,8.76158179536952,-1.27116820463048
1710,9.80966666666667,8.68357214089581,-1.12609452577086
1711,9.75075,8.61019888423745,-1.14055111576255
1712,9.7895,8.54200946850841,-1.24749053149159
1713,9.87833333333334,8.48485927381476,-1.39347405951858
1714,9.95141666666667,8.42963483470355,-1.52178183196312
1715,10.0361666666667,8.3714778400349,-1.6646888266318
1716,10.1103333333333,8.30978518143382,-1.80054815189948
1717,10.126,8.24820895329015,-1.87779104670985
1718,10.0955833333333,8.19465645275866,-1.90092688057464
1719,10.1036666666667,8.16129017975896,-1.94237648690774
1720,10.2265,8.16452783697554,-2.06197216302446
1721,10.48025,8.22504232985778,-2.25520767014222
1722,10.7925833333333,8.36776176661993,-2.42482156671337
1723,11.1415,8.59474580172364,-2.54675419827636
1724,11.5128333333333,8.84654170463764,-2.66629162869566
1725,11.8755833333333,9.07114955372327,-2.80443377961003
1726,12.0659166666667,9.23214673693297,-2.83376992973373
1727,12.0515833333333,9.30868734495709,-2.7428959883762
1728,11.8085833333333,9.29550217122389,-2.51308116210941
1729,11.42025,9.20289871189952,-2.21735128810048
1730,10.9013333333333,9.05676116588806,-1.84457216744524
1731,10.3995,8.89855043483147,-1.50094956516853
1732,9.95725,8.77656154308909,-1.18068845691091
1733,9.65075,8.6734896335302,-0.977260366469803
1734,9.47591666666667,8.57947081182703,-0.896445854839644
1735,9.46525,8.49287879675597,-0.972371203244025
1736,9.54283333333333,8.4124314600839,-1.13040187324943
1737,9.62216666666667,8.33719082656809,-1.28497584009858
1738,9.6635,8.2665630739563,-1.3969369260437
1739,9.71866666666667,8.20029853298672,-1.51836813367995
1740,9.72741666666667,8.13740852070362,-1.59000814596305
1741,9.71808333333333,8.06686575174391,-1.65121758158942
1742,9.69275,8.00289193080761,-1.68985806919239
1743,9.6645,7.96192437160502,-1.70257562839498
1744,9.73608333333333,7.95350080107495,-1.78258253225838
1745,9.92091666666667,7.98025935938482,-1.94065730728185
1746,10.199,8.03793859993058,-2.16106140006942
1747,10.4431666666667,8.11537748933673,-2.32778917732997
1748,10.539,8.19635230304798,-2.34264769695202
1749,10.7346666666667,8.30765901817898,-2.42700764848772
1750,10.9315,8.42656700662712,-2.50493299337288
1751,11.0783333333333,8.51339645725161,-2.56493687608169
1752,11.0548333333333,8.54488624850117,-2.50994708483213
1753,10.9101666666667,8.51419394841396,-2.39597271825274
1754,10.7105,8.43089581461767,-2.27960418538233
1755,10.368,8.32098679432944,-2.04701320567056
1756,10.0286666666667,8.22646719481505,-1.80219947185165
1757,9.77841666666667,8.1546028985289,-1.62381376813777
1758,9.59033333333333,8.08871476609019,-1.50161856724314
1759,9.53458333333333,8.02785921792588,-1.50672411540745
1760,9.54941666666667,7.97127304299866,-1.57814362366801
1761,9.61375,7.9183733988069,-1.6953766011931
1762,9.68383333333333,7.86875781138469,-1.81507552194864
1763,9.75416666666667,7.8222041753018,-1.93196249136487
1764,9.81975,7.77867075366374,-2.04107924633626
1765,9.82641666666667,7.73812942004137,-2.0882872466253
1766,9.79833333333333,7.6947688857755,-2.10356444755783
1767,9.8205,7.66117960599089,-2.15932039400911
1768,9.88625,7.65098212613866,-2.23526787386134
1769,9.92466666666667,7.6675800769878,-2.25708658967887
1770,9.9765,7.70416017462521,-2.27233982537479
1771,10.1255833333333,7.74779917343328,-2.37778415990002
1772,10.3279166666667,7.84647634947456,-2.48144031719214
1773,10.4435,7.98555617506743,-2.45794382493257
1774,10.6864166666667,8.12446985706373,-2.56194680960297
1775,10.8026666666667,8.22967957742347,-2.57298708924323
1776,10.6665,8.2746784932148,-2.3918215067852
1777,10.5369166666667,8.24509958201649,-2.29181708465021
1778,10.3295833333333,8.18196749489034,-2.14761583844296
1779,9.97725,8.10661688397797,-1.87063311602203
1780,9.70666666666667,8.02819116688971,-1.67847549977696
1781,9.42841666666667,7.95320540173415,-1.47521126493252
1782,9.24516666666667,7.88554628711807,-1.3596203795486
1783,9.19116666666667,7.82647216214649,-1.36469450452018
1784,9.222,7.77461300642265,-1.44738699357735
1785,9.27458333333333,7.72711236231954,-1.54747097101379
1786,9.34941666666667,7.69311809920918,-1.65629856745749
1787,9.43483333333334,7.65944100203593,-1.77539233129741
1788,9.50291666666667,7.61427072495602,-1.88864594171065
1789,9.55266666666667,7.5574809886754,-1.99518567799127
1790,9.56966666666667,7.50062958044976,-2.06903708621691
1791,9.60075,7.46695835408455,-2.13379164591545
1792,9.72825,7.49139322993495,-2.23685677006505
1793,9.93216666666667,7.61640692015701,-2.31575974650966
1794,10.16725,7.82364685763453,-2.34360314236547
1795,10.5219166666667,8.07529658436523,-2.44662008230147
1796,10.899,8.34187803458936,-2.55712196541064
1797,11.2096666666667,8.59525283356283,-2.61441383310387
1798,11.3808333333333,8.80862229755725,-2.57221103577605
1799,11.3903333333333,8.9556899979343,-2.434643335399
1800,11.2275833333333,8.97205791617603,-2.25552541715727
1801,10.8388333333333,8.88231576634329,-1.95651756699001
1802,10.3591666666667,8.74609238685593,-1.61307427981077
1803,9.87258333333333,8.60356208008362,-1.26902125324971
1804,9.51958333333333,8.47544461234587,-1.04413872098746
1805,9.25975,8.36300521391201,-0.896744786087988
1806,9.11408333333333,8.25779917371733,-0.856284159616003
1807,9.0765,8.16168474457435,-0.914815255425649
1808,9.08466666666666,8.07331332775153,-1.01135333891513
1809,9.107,7.9915495817168,-1.1154504182832
1810,9.16391666666667,7.91554497907513,-1.24837168759154
1811,9.21825,7.84473780656854,-1.37351219343146
1812,9.24333333333333,7.77885316507606,-1.46448016825727
1813,9.27625,7.71787247128811,-1.55837752871189
1814,9.27716666666667,7.65999231760004,-1.61717434906663
1815,9.261,7.6231741018771,-1.6378258981229
1816,9.28583333333333,7.62806808634024,-1.65776524699309
1817,9.40841666666667,7.68649075886006,-1.72192590780661
1818,9.67483333333333,7.80142483295691,-1.87340850037642
1819,10.0925,7.96701924780078,-2.12548075219922
1820,10.45375,8.16858916821139,-2.28516083178861
1821,10.726,8.38261598465814,-2.34338401534186
1822,10.9014166666667,8.57674731326012,-2.32466935340658
1823,10.96625,8.70979699578612,-2.25645300421388
1824,10.6798333333333,8.73174509965462,-1.94808823367868
1825,10.32475,8.63048368540119,-1.69426631459881
1826,9.813,8.50810316817972,-1.30489683182028
1827,9.35641666666667,8.38084824792474,-0.975568418741931
1828,8.98841666666667,8.25622736384629,-0.732189302820379
1829,8.78283333333333,8.13949284940388,-0.643340483929455
1830,8.66641666666667,8.03364093230645,-0.632775734360218
1831,8.63183333333333,7.93941173451243,-0.6924215988209
1832,8.65066666666667,7.85528927222967,-0.795377394437
1833,8.6705,7.77750145591549,-0.892998544084506
1834,8.63425,7.7105883741856,-0.9236616258144
1835,8.5995,7.65261080303582,-0.946889196964176
1836,8.61541666666667,7.59274962990683,-1.02266703675984
1837,8.637,7.52749676472146,-1.10950323527854
1838,8.63433333333333,7.46065791086406,-1.17367542246927
1839,8.70891666666667,7.40335256518045,-1.30556410148622
1840,8.826,7.37401401797797,-1.45198598202203
1841,8.99491666666667,7.39838935302543,-1.59652731364124
1842,9.23691666666667,7.51033258413375,-1.72658408253292
1843,9.56191666666667,7.72660983106936,-1.83530683559731
1844,9.8605,7.97163651715155,-1.88886348284845
1845,10.10175,8.17548605163698,-1.92626394836302
1846,10.308,8.29538054355241,-2.01261945644759
1847,10.3261666666667,8.31569080169471,-2.01047586497199
1848,10.0830833333333,8.24793633463087,-1.83514699870243
1849,9.71041666666667,8.13078535069799,-1.57963131596869
1850,9.31633333333333,8.01607135901463,-1.3002619743187
1851,8.94858333333333,7.91222890025081,-1.03635443308252
1852,8.672,7.81778291852772,-0.854217081472278
1853,8.49691666666667,7.73159933473065,-0.765317331936017
1854,8.45283333333334,7.65265076423748,-0.80018256909586
1855,8.4855,7.58001651691868,-0.905483483081321
1856,8.5335,7.51288259713732,-1.02061740286268
1857,8.61291666666667,7.45054170374906,-1.16237496291761
1858,8.68466666666667,7.39239323010215,-1.29227343656452
1859,8.72216666666667,7.33329728388939,-1.38886938277728
1860,8.73566666666667,7.26490498888779,-1.47076167777889
1861,8.70616666666667,7.20283160540238,-1.50333506126429
1862,8.64666666666667,7.16079990536714,-1.48586676129953
1863,8.71291666666667,7.14858281839173,-1.56433384827494
1864,8.84675,7.17200343176146,-1.67474656823854
1865,9.06525,7.23293499043734,-1.83231500956266
1866,9.32016666666667,7.32930089705604,-1.99086576961063
1867,9.64791666666667,7.4550747119299,-2.19284195473677
1868,9.95641666666667,7.60028015304695,-2.35613651361972
1869,10.1435833333333,7.75099109607088,-2.39259223726242
1870,10.2086666666667,7.8688382600856,-2.3398284065811
1871,10.2355,7.90550660149679,-2.32999339850321
1872,10.0850833333333,7.88269893524927,-2.20238439808402
1873,9.85258333333333,7.82150430201372,-2.03107903131961
1874,9.55316666666667,7.73928205396024,-1.81388461270643
1875,9.21941666666667,7.64966185475837,-1.5697548119083
1876,8.94966666666667,7.56254367957711,-1.38712298708956
1877,8.74191666666667,7.4840978150849,-1.25781885158177
1878,8.59608333333333,7.41676485944963,-1.17931847388371
1879,8.56191666666667,7.3592557223386,-1.20266094432807
1880,8.55908333333333,7.30655162491859,-1.25253170841474
1881,8.51375,7.25624796201566,-1.25750203798434
1882,8.5045,7.21089041260613,-1.29360958739387
1883,8.55791666666667,7.16626676069835,-1.39164990596832
1884,8.61725,7.12173659138646,-1.49551340861354
1885,8.646,7.08043119923794,-1.56556880076206
1886,8.69591666666667,7.04925358829359,-1.64666307837309
1887,8.74066666666667,7.03887847206755,-1.70178819459912
1888,8.83725,7.06369193391796,-1.77355806608204
1889,8.91625,7.1198950075178,-1.7963549924822
1890,9.1475,7.2157167275924,-1.9317832724076
1891,9.4565,7.36613562655674,-2.09036437344326
1892,9.71416666666667,7.56802240228108,-2.14614426438559
1893,10.0615833333333,7.80013991809093,-2.26144341524236
1894,10.2573333333333,8.0231432027671,-2.2341901305662
1895,10.26925,8.17957945054562,-2.08967054945438
1896,10.1608333333333,8.19852074105574,-1.96231259227756
1897,9.80266666666667,8.1201972746266,-1.68246939204007
1898,9.40941666666667,8.00368428476634,-1.40573238190033
1899,8.96416666666667,7.87434145992513,-1.08982520674154
1900,8.5715,7.75006065368719,-0.821439346312815
1901,8.30033333333333,7.64126588477078,-0.659067448562547
1902,8.16925,7.55091333702824,-0.618336662971763
1903,8.12433333333333,7.47449135944591,-0.649841973887419
1904,8.14683333333333,7.40129587460415,-0.745537458729176
1905,8.15191666666667,7.33129695869786,-0.820619707968812
1906,8.20241666666667,7.26406927470476,-0.93834739196191
1907,8.1925,7.19930050443275,-0.993199495567247
1908,8.22108333333333,7.13938571118396,-1.08169762214937
1909,8.23,7.08942733975475,-1.14057266024525
1910,8.2885,7.05723521643572,-1.23126478356428
1911,8.40933333333333,7.05353056581551,-1.35580276751782
1912,8.53083333333333,7.11856960378891,-1.41226372954442
1913,8.7035,7.25379544504456,-1.44970455495544
1914,9.01891666666667,7.43241585013735,-1.58650081652932
1915,9.30225,7.63380295762159,-1.66844704237841
1916,9.61358333333333,7.84349328405105,-1.77009004928228
1917,9.88083333333333,8.05318772397894,-1.82764560935439
1918,10.0074166666667,8.21665728618572,-1.79075938048098
1919,10.0080833333333,8.25634798626166,-1.75173534707164
1920,9.86941666666667,8.20998367132164,-1.65943299534503
1921,9.56691666666667,8.11247892178549,-1.45443774488118
1922,9.239,7.9912970361404,-1.2477029638596
1923,8.88433333333333,7.86645003094091,-1.01788330239243
1924,8.5575,7.7504986408089,-0.8070013591911
1925,8.33316666666667,7.64855231843362,-0.684614348233055
1926,8.16425,7.55826923457164,-0.605980765428357
1927,8.07558333333333,7.47087064805278,-0.604712685280553
1928,8.04683333333333,7.38728004982269,-0.65955328351064
1929,8.00475,7.31041378136061,-0.694336218639394
1930,8.15291666666667,7.241012723223,-0.911903943443669
1931,8.25166666666667,7.17938192913859,-1.07228473752808
1932,8.2795,7.12539062600833,-1.15410937399167
1933,8.39691666666667,7.0784722139054,-1.31844445276127
1934,8.33633333333333,7.03765355208797,-1.29867978124536
1935,8.31491666666667,7.01515949004239,-1.29975717662428
1936,8.43108333333333,7.0299861408571,-1.40109719247623
1937,8.59391666666667,7.08799618165961,-1.50592048500706
1938,8.82541666666667,7.18704556984324,-1.63837109682343
1939,9.00683333333333,7.31698354306705,-1.68984979026628
1940,9.19833333333333,7.45965261925594,-1.73868071407739
1941,9.53066666666667,7.58888859660055,-1.94177807006612
1942,9.77625,7.67710164617718,-2.09914835382282
1943,9.82016666666667,7.72422260356342,-2.09594406310325
1944,9.66066666666667,7.73627146452332,-1.92439520214335
1945,9.54775,7.71932544312012,-1.82842455687988
1946,9.25633333333333,7.67978318381249,-1.57655014952084
1947,8.94583333333333,7.62436476145454,-1.32146857187878
1948,8.75125,7.56011168129579,-1.19113831870421
1949,8.70225,7.49438687898116,-1.20786312101884
1950,8.61041666666667,7.43487472055103,-1.17554194611564
1951,8.54575,7.38503481270715,-1.16071518729285
1952,8.51591666666667,7.33916241678068,-1.17675424988599
1953,8.56525,7.29694653430492,-1.26830346569508
1954,8.62383333333333,7.25872877748956,-1.36510455584377
1955,8.69566666666667,7.22529045663609,-1.47037621003058
1956,8.73191666666667,7.19785258013785,-1.53406408652882
1957,8.789,7.17807585447999,-1.61092414552001
1958,8.74733333333333,7.1680606842395,-1.57927264909383
1959,8.83208333333333,7.17498795277334,-1.65709538055999
1960,8.91283333333333,7.26185878181153,-1.6509745515218
1961,9.13,7.43142494117672,-1.69857505882328
1962,9.42683333333333,7.65990458151131,-1.76692875182202
1963,9.784,7.92031657772079,-1.86368342227921
1964,10.1448333333333,8.18248052897374,-1.96235280435956
1965,10.4171666666667,8.41301675870181,-2.00414990796489
1966,10.5656666666667,8.57534631459976,-1.99032035206694
1967,10.5854166666667,8.64098905438876,-1.94442761227794
1968,10.4081666666667,8.62793516523971,-1.78023150142699
1969,10.1825,8.55899137913027,-1.62350862086973
1970,9.90633333333333,8.4545667275685,-1.45176660576483
1971,9.5465,8.33305345470039,-1.21344654529961
1972,9.16841666666667,8.21082701730981,-0.95758964935686
1973,8.91116666666667,8.10177884301979,-0.809387823646881
1974,8.742,8.00595670337476,-0.736043296625246
1975,8.61575,7.91953876528912,-0.696211234710884
1976,8.57325,7.84106928145977,-0.732180718540228
1977,8.59925,7.76935966621597,-0.829890333784033
1978,8.67383333333333,7.70348849551929,-0.970344837814045
1979,8.78541666666666,7.64280150696366,-1.142615159703
1980,8.88308333333333,7.57903142122782,-1.30405191210551
1981,8.951,7.49328300652361,-1.45771699347639
1982,8.9925,7.44837668955803,-1.54412331044197
1983,9.05983333333333,7.49132117544174,-1.5685121578916
1984,9.10391666666667,7.63882139113245,-1.46509527553422
1985,9.20833333333333,7.87727848543495,-1.33105484789839
1986,9.35733333333333,8.162789829001,-1.19454350433233
1987,9.50791666666667,8.44493607195801,-1.06298059470866
1988,9.8265,8.7225492265102,-1.1039507734898
1989,10.191,8.95451447855119,-1.23648552144881
1990,10.34575,9.11007733669882,-1.23567266330118
1991,10.4000833333333,9.17346800203631,-1.22661533129699
1992,10.33625,9.14390136811225,-1.19234863188775
1993,10.0995833333333,9.03557702094063,-1.06400631239267
1994,9.82775,8.87767923900081,-0.950070760999189
1995,9.4835,8.71343827243673,-0.770061727563268
1996,9.20658333333333,8.56738321343034,-0.639200119902988
1997,8.98058333333333,8.43755244128705,-0.543030892046284
1998,8.87025,8.32196348979489,-0.548286510205115
1999,8.84491666666667,8.21855556100172,-0.626361105664952
2000,8.92691666666667,8.12518952521521,-0.801727141451458
2001,8.91125,8.03964792100286,-0.871602078997142
2002,8.75108333333333,7.95963495519196,-0.791448378141373
2003,8.6065,7.88196601817759,-0.724533981822409
2004,8.49491666666667,7.80666901556137,-0.688247651105296
2005,8.58883333333333,7.74261774379047,-0.846215589542859
2006,8.62016666666667,7.70000371237771,-0.920162954288962
2007,8.76208333333333,7.68991429922581,-1.07216903410752
2008,8.89491666666667,7.72433275062742,-1.17058391603925
2009,9.10533333333333,7.81613818126507,-1.28919515206826
2010,9.366,7.97910557421122,-1.38689442578878
2011,9.62933333333333,8.15029067341444,-1.47904265991889
2012,9.93958333333333,8.22994836209624,-1.70963497123709
2013,10.1646666666667,8.24730190430162,-1.91736476236508
2014,10.1594166666667,8.22647202342268,-1.93294464324402
2015,9.86566666666667,8.18458772217632,-1.68107894449034
2016,9.53525,8.13178628260428,-1.40346371739572
2017,9.38008333333333,8.07121326607307,-1.30887006726026
2018,9.1605,7.99910531944964,-1.16139468055036
2019,9.07583333333333,7.92445286014499,-1.15138047318834
2020,8.92041666666667,7.85708097734955,-1.06333568931712
2021,8.79041666666667,7.79568649606134,-0.994730170605334
2022,8.72708333333333,7.73920580661767,-0.987877526715664
2023,8.63641666666667,7.68681486469509,-0.949601801971585
2024,8.63558333333333,7.63792919130941,-0.997654142023922
2025,8.63133333333333,7.59220387281569,-1.03912946051764
2026,8.66258333333333,7.54953356090826,-1.11304977242507
2027,8.72591666666667,7.51239502934365,-1.21352163732302
2028,8.792,7.47733250765204,-1.31466749234796
2029,8.86225,7.43506880204093,-1.42718119795907
2030,8.89533333333333,7.40082542806547,-1.49450790526786
2031,8.89433333333333,7.42194861289382,-1.47238472043951
2032,8.92091666666667,7.57033289663855,-1.35058377002812
2033,8.9885,7.72234564841523,-1.26615435158477
2034,9.1265,7.80960310612331,-1.31689689387669
2035,9.467,7.87950024943722,-1.58749975056278
2036,9.817,8.03457197248689,-1.78242802751311
2037,10.02175,8.21354397893508,-1.80820602106492
2038,10.18075,8.34166428430317,-1.83908571569683
2039,10.2213333333333,8.39319992050109,-1.82813341283221
2040,10.2000833333333,8.39027102405415,-1.80981230927915
2041,9.99391666666667,8.3374103344527,-1.65650633221397
2042,9.73791666666667,8.24820684221865,-1.48970982444802
2043,9.49866666666667,8.15030672921013,-1.34835993745654
2044,9.204,8.05988809261188,-1.14411190738812
2045,8.97891666666667,7.98166094493528,-0.997255721731386
2046,8.84375,7.91069652667989,-0.933053473320108
2047,8.776,7.84675031753938,-0.929249682460616
2048,8.70458333333333,7.78960942160204,-0.914973911731287
2049,8.72833333333333,7.73856072523763,-0.989772608095699
2050,8.74791666666667,7.69298421777549,-1.05493244889118
2051,8.80233333333333,7.65235299150454,-1.14998034182879
2052,8.88041666666667,7.61623324167329,-1.26418342499338
2053,8.98316666666667,7.58428426648983,-1.39888240017684
2054,9.04783333333333,7.57073730747616,-1.47709602585716
2055,9.1445,7.64252977010205,-1.50197022989795
2056,9.30316666666667,7.79376634691839,-1.50940031974828
2057,9.44483333333333,8.00578587457059,-1.43904745876274
2058,9.61316666666667,8.25782699912439,-1.35533966754228
2059,9.85358333333333,8.52702817606581,-1.32655515726752
2060,10.1414166666667,8.78842767030114,-1.35298899636556
2061,10.4975,9.01496355615699,-1.48253644384301
2062,10.7623333333333,9.17347491698395,-1.58885841634935
2063,10.7880833333333,9.24872837701146,-1.53935495632184
2064,10.5981666666667,9.24441349862719,-1.35375316803951
2065,10.2810833333333,9.17025224753616,-1.11083108579714
2066,9.89375,9.04199624637958,-0.851753753620423
2067,9.52958333333333,8.88142677473482,-0.648156558598506
2068,9.2245,8.71635476911546,-0.508145230884541
2069,8.99133333333334,8.57683814559462,-0.414495187738723
2070,8.89416666666667,8.4556941225004,-0.438472544166267
2071,8.861,8.3461298445083,-0.514870155491701
2072,8.88925,8.24647189371721,-0.64277810628279
2073,8.873,8.15534424337484,-0.717655756625156
2074,8.90558333333333,8.07166825787769,-0.833915075455645
2075,8.95508333333333,7.99466269277103,-0.960420640562305
2076,9.00508333333333,7.92384369474893,-1.0812396385844
2077,9.06641666666667,7.85902480165428,-1.20739186501239
2078,9.09225,7.80279898070041,-1.28945101929959
2079,9.17375,7.82941484981761,-1.34433515018239
2080,9.30225,7.95483255303619,-1.34741744696381
2081,9.44758333333333,8.15376225746942,-1.29382107586391
2082,9.6195,8.40087394174334,-1.21862605825666
2083,9.78741666666667,8.67079739599676,-1.11661927066991
2084,9.99608333333333,8.93812222188124,-1.05796111145209
2085,10.2921666666667,9.18398570051063,-1.10818096615607
2086,10.55025,9.40807762603083,-1.14217237396917
2087,10.7701666666667,9.5509980814983,-1.2191685851684
2088,10.68575,9.57460899442584,-1.11114100557416
2089,10.43175,9.47558876469617,-0.956161235303828
2090,10.1030833333333,9.28543226456194,-0.817651068771362
2091,9.81391666666667,9.07045083864572,-0.74346582802095
2092,9.51691666666667,8.90109898612646,-0.615817680540207
2093,9.33425,8.75201566900609,-0.582234330993908
2094,9.20983333333333,8.61692804975706,-0.592905283576274
2095,9.168,8.49345411510659,-0.674545884893414
2096,9.07641666666667,8.37973944756607,-0.696677219100598
2097,9.03566666666667,8.27445722543109,-0.761209441235582
2098,9.05575,8.17680822278137,-0.87894177721863
2099,9.05008333333333,8.08621506559795,-0.963868267735378
2100,9.1225,7.97764944698049,-1.14485055301951
2101,9.172,7.86616703560944,-1.30583296439056
2102,9.243,7.78770962990601,-1.45529037009399
2103,9.27241666666667,7.76774957152332,-1.50466709514335
2104,9.34358333333333,7.82128974534638,-1.52229358798695
2105,9.46816666666667,7.95286357949209,-1.51530308717458
2106,9.6565,8.15653504530926,-1.49996495469074
2107,9.95483333333333,8.41589865737858,-1.53893467595475
2108,10.3349166666667,8.70407947351265,-1.63083719315405
2109,10.7005833333333,8.98373309475596,-1.71685023857734
2110,10.9140833333333,9.20701239745215,-1.70707093588115
2111,10.8975,9.31505479347129,-1.58244520652871
2112,10.73975,9.31458391173751,-1.42516608826249
2113,10.4803333333333,9.23960174077515,-1.24073159255815
2114,10.1679166666667,9.11844080768135,-1.04947585898535
2115,9.8795,8.97376417812613,-0.905735821873872
2116,9.59058333333333,8.82256545635234,-0.76801787698099
2117,9.323,8.67616878517568,-0.646831214824319
2118,9.09241666666667,8.5402288459847,-0.552187820681974
2119,8.99066666666667,8.41473085874077,-0.575935807925896
2120,8.94358333333333,8.30670093459483,-0.636882398738503
2121,8.9655,8.2136821496655,-0.751817850334499
2122,8.96216666666666,8.1189028997402,-0.843263766926464
2123,9.05175,8.01423928268681,-1.03751071731319
2124,9.12733333333333,7.90025599625654,-1.22707733707679
2125,9.15358333333333,7.78620633808387,-1.36737699524946
2126,9.12091666666667,7.69003220568657,-1.4308844609801
2127,9.208,7.63836409646569,-1.56963590353431
2128,9.30158333333334,7.66652110770557,-1.63506222562777
2129,9.38941666666667,7.78180930507964,-1.60760736158703
2130,9.69583333333333,7.94106927072107,-1.75476406261226
2131,10.0475833333333,8.12715491369362,-1.92042841963968
2132,10.2730833333333,8.32280997179914,-1.95027336153416
2133,10.45625,8.51037049790456,-1.94587950209544
2134,10.56725,8.67176485994188,-1.89548514005812
2135,10.6199166666667,8.78851374090817,-1.83140292575853
2136,10.5359166666667,8.83785686635991,-1.69805980030679
2137,10.4295,8.77255876393139,-1.65694123606861
2138,10.2214166666667,8.63499534621669,-1.58642132045001
2139,9.87675,8.47519146015129,-1.40155853984871
2140,9.49941666666667,8.32443860560322,-1.17497806106345
2141,9.17741666666667,8.19529493537297,-0.982121731293702
2142,8.97775,8.08159755057676,-0.896152449423244
2143,8.85458333333333,7.97494641272305,-0.879636920610276
2144,8.79333333333333,7.87804314758682,-0.915290185746508
2145,8.73966666666667,7.78949129419838,-0.950175372468288
2146,8.69333333333333,7.70814323660326,-0.985190096730066
2147,8.71883333333333,7.63310020386219,-1.08573312947114
2148,8.78591666666667,7.56371227005107,-1.2222043966156
2149,8.85258333333333,7.49957835426102,-1.35300497907231
2150,8.88716666666667,7.47459002734918,-1.41257663931749
2151,9.01033333333333,7.52283837587471,-1.48749495745862
2152,9.12233333333333,7.62893955105159,-1.49339378228174
2153,9.26675,7.77761523383444,-1.48913476616556
2154,9.50283333333333,7.95387755842613,-1.5489557749072
2155,9.77108333333334,8.14302911227779,-1.62805422105555
2156,10.0529166666667,8.33066293608882,-1.72225373057788
2157,10.2736666666667,8.50266252380687,-1.77100414285983
2158,10.41925,8.64520182262786,-1.77404817737214
2159,10.4363333333333,8.74474523299596,-1.69158810033734
2160,10.283,8.78804760860363,-1.49495239139637
2161,10.0715,8.76215425639155,-1.30934574360845
2162,9.80916666666666,8.6544009365487,-1.15476573011796
2163,9.48658333333333,8.48632419180742,-1.00025914152591
2164,9.12975,8.33100370878927,-0.798746291210728
2165,8.81966666666667,8.18983713301004,-0.629829533656634
2166,8.60333333333333,8.06117245878516,-0.54216087454817
2167,8.51183333333333,7.94357918371507,-0.568254149618259
2168,8.46175,7.83584830868517,-0.625901691314827
2169,8.45683333333333,7.73699233786586,-0.719840995467475
2170,8.45566666666667,7.64624527871248,-0.809421387954185
2171,8.49016666666667,7.56306264196541,-0.927104024701261
2172,8.52625,7.48712144164996,-1.03912855835004
2173,8.55025,7.41867878061782,-1.13157121938218
2174,8.58958333333333,7.3855093735527,-1.20407395978063
2175,8.67091666666667,7.41242813136181,-1.25848853530486
2176,8.75325,7.50471497711682,-1.24853502288318
2177,8.84016666666667,7.66103088253925,-1.17913578412742
2178,9.0285,7.87341786800052,-1.15508213199948
2179,9.28425,8.1272990025219,-1.1569509974781
2180,9.61933333333333,8.40147840377458,-1.21785492955875
2181,9.95925,8.66814123807961,-1.29110876192039
2182,10.1918333333333,8.89285372040791,-1.29897961292539
2183,10.31125,9.03456311438029,-1.27668688561971
2184,10.2816666666667,9.04559773226744,-1.23606893439926
2185,10.0825833333333,8.90071309380335,-1.18187023952995
2186,9.72883333333333,8.72609493265772,-1.00273840067561
2187,9.33083333333333,8.5499659011565,-0.780867432176832
2188,8.94491666666667,8.37765542215594,-0.567261244510728
2189,8.64108333333333,8.21326811177268,-0.427815221560653
2190,8.48516666666667,8.05968377938373,-0.425482887282936
2191,8.42875,7.91855742762653,-0.510192572373466
2192,8.42175,7.7903192523989,-0.631430747601103
2193,8.46708333333333,7.67417464285903,-0.792908690474295
2194,8.5215,7.56810418142555,-0.953395818574452
2195,8.54516666666667,7.46758875987448,-1.07757790679219
2196,8.60141666666667,7.3365231522566,-1.26489351441007
2197,8.63883333333333,7.211864661424,-1.42696867190933
2198,8.63025,7.14755827218008,-1.48269172781993
2199,8.63675,7.1765017020979,-1.4602482979021
2200,8.68416666666667,7.31054540152019,-1.37362126514648
2201,8.80591666666667,7.54049255355934,-1.26542411310733
2202,8.995,7.83609907409738,-1.15890092590262
2203,9.28325,8.14607361178604,-1.13717638821396
2204,9.5075,8.41817501546225,-1.08932498453775
2205,10.14475,8.65090245730645,-1.49384754269355
2206,10.4085833333333,8.83017855504107,-1.57840477829223
2207,10.5158333333333,8.94539108715494,-1.57044224617836
2208,10.4573333333333,8.99100339044218,-1.46632994289113
2209,10.2674166666667,8.96655436000218,-1.30086230666452
2210,10.0115833333333,8.87665844923961,-1.13492488409369
2211,9.66875,8.73100566986442,-0.937744330135578
2212,9.24983333333333,8.54436159189184,-0.705471741441489
2213,8.89608333333333,8.33656734364237,-0.559515989690963
2214,8.65308333333333,8.13253961174179,-0.520543721591544
2215,8.49958333333333,7.96203855860488,-0.537544774728452
2216,8.41241666666667,7.82061719500906,-0.591799471657614
2217,8.41691666666667,7.69002441246252,-0.726892254204152
2218,8.438,7.56930296123227,-0.868697038767727
2219,8.47933333333333,7.45763576652041,-1.02169756681292
2220,8.54058333333333,7.35434592846408,-1.18623740486925
2221,8.56875,7.25857426778835,-1.31017573221165
2222,8.59483333333333,7.15079898610013,-1.4440343472332
2223,8.60425,7.0799121298242,-1.5243378701758
2224,8.64325,7.1030835272637,-1.5401664727363
2225,8.71791666666667,7.24133126658963,-1.47658540007703
2226,8.77691666666667,7.47952169584084,-1.29739497082583
2227,8.96208333333333,7.76651378626212,-1.19556954707121
2228,9.3225,8.05173385215564,-1.27076614784436
2229,9.65633333333333,8.3212296396698,-1.33510369366354
2230,9.86716666666667,8.55538796798484,-1.31177869868183
2231,10.13825,8.72861938722455,-1.40963061277545
2232,10.117,8.80935817845625,-1.30764182154375
2233,9.959,8.75426609123782,-1.20473390876218
2234,9.67716666666667,8.57168180486335,-1.10548486180332
2235,9.3215,8.34464576747966,-0.97685423252034
2236,8.9855,8.12985216092012,-0.855647839079875
2237,8.6975,7.95329690544907,-0.744203094550925
2238,8.48016666666667,7.8102776597618,-0.669889006904869
2239,8.34066666666667,7.67387980398345,-0.666786862683223
2240,8.2575,7.54678173401087,-0.71071826598913
2241,8.2115,7.42975419829236,-0.781745801707642
2242,8.25008333333333,7.32160999548819,-0.928473337845136
2243,8.2795,7.22141792387063,-1.05808207612937
2244,8.2835,7.12850278132387,-1.15499721867613
2245,8.31108333333333,7.04060198336789,-1.27048134996544
2246,8.36933333333334,6.96519497121894,-1.4041383621144
2247,8.41183333333333,6.93820617136712,-1.47362716196621
2248,8.54408333333333,6.98555942922945,-1.55852390410388
2249,8.67791666666667,7.11952989675303,-1.55838676991364
2250,8.84075,7.33874403241507,-1.50200596758493
2251,9.10075,7.62557453471415,-1.47517546528585
2252,9.43608333333334,7.90882082123796,-1.52726251209538
2253,9.76325,8.16550497372447,-1.59774502627553
2254,10.04175,8.38689390179302,-1.65485609820698
2255,10.2395833333333,8.55305293694387,-1.68653039638943
2256,10.2425,8.63284583255821,-1.60965416744179
2257,10.1166666666667,8.58393476389814,-1.53273190276856
2258,9.89425,8.41705901387056,-1.47719098612944
2259,9.55508333333333,8.21177322459388,-1.34331010873945
2260,9.13333333333333,8.00717437349288,-1.12615895984045
2261,8.75583333333334,7.82551047117172,-0.930322862161621
2262,8.50208333333333,7.67218091702452,-0.829902416308814
2263,8.34808333333333,7.5362353239732,-0.811848009360129
2264,8.286,7.41125960221867,-0.874740397781332
2265,8.28516666666667,7.29760320409901,-0.987563462567662
2266,8.32608333333333,7.193316400812,-1.13276693252133
2267,8.35533333333333,7.09698426045123,-1.2583490728821
2268,8.40233333333333,7.00772664800615,-1.39460668532718
2269,8.45116666666667,6.92542758016367,-1.525739086503
2270,8.49833333333333,6.90836342669707,-1.58996990663626
2271,8.531,6.98919905948465,-1.54180094051535
2272,8.60925,7.14946642102307,-1.45978357897693
2273,8.69025,7.37025203125149,-1.31999796874851
2274,8.87241666666667,7.6321969875516,-1.24021967911507
2275,9.11708333333333,7.91549696474763,-1.2015863685857
2276,9.41258333333333,8.19990221510635,-1.21268111822698
2277,9.76458333333333,8.46471756833705,-1.29986576499629
2278,10.0429166666667,8.69596875071876,-1.34694791594794
2279,10.2305833333333,8.86743535832171,-1.36314797501159
2280,10.29125,8.94885313544119,-1.34239686455881
2281,10.138,8.92690193337249,-1.21109806662751
2282,9.856,8.80523565322325,-1.05076434677675
2283,9.49391666666667,8.60448224591347,-0.889434420753197
2284,9.10333333333333,8.36224371217557,-0.741089621157759
2285,8.75183333333333,8.13309610255431,-0.618737230779017
2286,8.47541666666667,7.9525771143659,-0.522839552300765
2287,8.30025,7.78963327916728,-0.510616720832717
2288,8.18008333333333,7.64093281609521,-0.539150517238122
2289,8.13216666666667,7.50452672723162,-0.627639939435053
2290,8.11616666666667,7.37890274263008,-0.737263924036593
2291,8.16983333333333,7.26298532031578,-0.90684801301755
2292,8.19733333333333,7.15613564628554,-1.04119768704779
2293,8.21425,7.0404672216015,-1.1737827783985
2294,8.246,6.933751985024,-1.312248014976
2295,8.31466666666667,6.89739428946343,-1.41727237720324
2296,8.40166666666667,6.96448924678319,-1.43717741988348
2297,8.48958333333333,7.13905211141208,-1.35053122192125
2298,8.61325,7.39601828034426,-1.21723171965574
2299,8.79216666666666,7.68124329313932,-1.11092337352734
2300,9.08316666666667,7.94512309207038,-1.13804357459629
2301,9.38666666666667,8.18841725259051,-1.19824941407616
2302,9.66833333333333,8.3924466836643,-1.27588664966903
2303,9.85358333333333,8.53652250255894,-1.31706083077439
2304,9.95616666666667,8.59832983864607,-1.3578368280206
2305,9.8665,8.55392783340174,-1.31257216659826
2306,9.63283333333333,8.39046944963854,-1.24236388369479
2307,9.34191666666667,8.18778787810155,-1.15412878856512
2308,8.97691666666667,7.98219669787137,-0.9947199687953
2309,8.54483333333333,7.78879025663705,-0.756043076696275
2310,8.17658333333333,7.61546831405725,-0.56111501927608
2311,7.91816666666667,7.46293604176019,-0.455230624906479
2312,7.72533333333333,7.32473188648006,-0.400601446853271
2313,7.64666666666667,7.20001241711638,-0.446654249550288
2314,7.61933333333333,7.08371212458554,-0.535621208747793
2315,7.62683333333333,6.96713475132136,-0.659698582011973
2316,7.69108333333333,6.84986466209966,-0.841218671233666
2317,7.774,6.73976684403826,-1.03423315596174
2318,7.82575,6.65298690659693,-1.17276309340307
2319,7.8655,6.61395108157746,-1.25154891842254
2320,7.94925,6.6269141866668,-1.3223358133332
2321,7.98533333333333,6.65786170457335,-1.32747162875998
2322,8.00608333333333,6.69581238082477,-1.31027095250856
2323,8.04208333333333,6.7370104708021,-1.30507286253123
2324,8.12558333333333,6.78500200240676,-1.34058133092657
2325,8.2435,6.87365284166665,-1.36984715833335
2326,8.4165,7.00140963804818,-1.41509036195182
2327,8.5255,7.13233927366397,-1.39316072633603
2328,8.60808333333333,7.22346930567193,-1.38461402766139
2329,8.72125,7.22581536726649,-1.49543463273351
2330,8.712,7.13729428457594,-1.57470571542406
2331,8.53,7.0134577575692,-1.5165422424308
2332,8.2745,6.8925444793751,-1.3819555206249
2333,8.03416666666667,6.79108592960452,-1.24308073706215
2334,7.80258333333333,6.70391134438389,-1.09867198894944
2335,7.66083333333333,6.62063354522068,-1.04019978811265
2336,7.66458333333333,6.54390528445296,-1.12067804888037
2337,7.70366666666667,6.47320139215293,-1.23046527451374
2338,7.823,6.40817485857037,-1.41482514142963
2339,7.87558333333333,6.34865683413266,-1.52692649920067
2340,7.90058333333333,6.29465662944478,-1.60592670388855
2341,7.89783333333333,6.24446134304957,-1.65337199028376
2342,7.87666666666667,6.19967660101445,-1.67699006565222
2343,7.89683333333333,6.23531720362171,-1.66151612971162
2344,7.913,6.36597355197228,-1.54702644802772
2345,7.969,6.57113496989396,-1.39786503010604
2346,8.07183333333333,6.77243568732152,-1.29939764601181
2347,8.08641666666667,6.97225143382723,-1.11416523283944
2348,8.14108333333333,7.29727773973124,-0.843805593602092
2349,8.27333333333333,7.64136804739193,-0.631965285941398
2350,8.48983333333333,7.93424418220431,-0.555589151129017
2351,8.61108333333333,8.17516917604652,-0.435914157286808
2352,8.56708333333333,8.32597494843923,-0.241108384894101
2353,8.41616666666667,8.32013395320595,-0.0960327134607173
2354,8.23225,8.16467478273036,-0.0675752172696402
2355,8.05566666666667,7.94277837682374,-0.112888289842928
2356,7.83991666666667,7.76048393074335,-0.0794327359233238
2357,7.61625,7.59710015704844,-0.0191498429515589
2358,7.4915,7.44819853322451,-0.0433014667754952
2359,7.42908333333333,7.3119652228806,-0.117118110452735
2360,7.40783333333333,7.18699407595285,-0.220839257380475
2361,7.39983333333333,7.07220737321829,-0.327625960115042
2362,7.41466666666667,6.96704857534113,-0.447618091325542
2363,7.44983333333333,6.87149033673299,-0.578342996600345
2364,7.53916666666667,6.78544421252783,-0.753722454138845
2365,7.6125,6.7067138796571,-0.905786120342903
2366,7.70025,6.63796594014418,-1.06228405985582
2367,7.76675,6.67555628818306,-1.09119371181694
2368,7.84066666666667,6.86512044195709,-0.975546224709581
2369,7.92066666666667,7.1670016789441,-0.753664987722567
2370,8.00758333333333,7.48061117821206,-0.526972155121268
2371,8.09425,7.77513151522558,-0.319118484774418
2372,8.25191666666667,8.04658913754927,-0.205327529117397
2373,8.46058333333333,8.28681702679224,-0.173766306541093
2374,8.646,8.48370771262121,-0.162292287378786
2375,8.67233333333333,8.62121327276057,-0.0511200605727566
2376,8.578,8.66974503896037,0.0917450389603669
2377,8.28266666666667,8.58695159683664,0.30428493016997
2378,8.07008333333333,8.42449760007902,0.354414266745687
2379,7.99891666666667,8.23106917764811,0.232152510981438
2380,7.86275,8.03906739628815,0.176317396288148
2381,7.76875,7.864608260527,0.0958582605269998
2382,7.69808333333333,7.70752947762469,0.00944614429136248
2383,7.66133333333333,7.56188067233514,-0.0994526609981881
2384,7.70375,7.42861289060526,-0.275137109394742
2385,7.77308333333333,7.30687333181204,-0.466210001521291
2386,7.81091666666667,7.1958944177176,-0.615022248949071
2387,7.83708333333333,7.09499379246917,-0.742089540864158
2388,7.88516666666667,7.00357432259911,-0.881592344067565
2389,7.918,6.91389326053557,-1.00410673946443
2390,7.975,6.85428729784648,-1.12071270215352
2391,8.0715,6.91788255302207,-1.15361744697793
2392,8.14175,7.11571836641149,-1.02603163358851
2393,8.22991666666667,7.38107166772663,-0.848844998940036
2394,8.32516666666667,7.6763316211035,-0.648835045563167
2395,8.473,7.98150223745817,-0.491497762541831
2396,8.74725,8.27621667392661,-0.471033326073391
2397,9.14925,8.55566957387457,-0.593580426125431
2398,9.35641666666667,8.80264200493479,-0.553774661731881
2399,9.40508333333334,8.95921826338834,-0.445865069945006
2400,9.28941666666667,8.99292368815999,-0.296492978506681
2401,9.06175,8.89843352590441,-0.163316474095588
2402,8.79491666666667,8.69757293100615,-0.0973437356605178
2403,8.51233333333333,8.43931696557963,-0.0730163677537004
2404,8.27541666666667,8.19979059946916,-0.0756260671975113
2405,8.07308333333333,8.01154043696115,-0.0615428963721758
2406,7.97316666666667,7.84058095252072,-0.132585714145947
2407,7.92,7.6849851717958,-0.2350148282042
2408,7.92833333333333,7.54311704196525,-0.385216291368084
2409,7.92775,7.41363067390332,-0.514119326096676
2410,7.95141666666667,7.2954703421797,-0.655946324486973
2411,7.98525,7.18787048505943,-0.797379514940569
2412,8.00791666666667,7.09033761879885,-0.917579047867823
2413,7.9985,7.00089938670432,-0.997600613295683
2414,8.01116666666667,6.94927909102029,-1.06188757564638
2415,8.02716666666667,6.96792942545719,-1.05923724120948
2416,8.06041666666667,7.072852221371,-0.987564445295667
2417,8.20833333333333,7.26359844776326,-0.944734885570067
2418,8.416,7.52326821128104,-0.892731788718956
2419,8.6855,7.81838958042329,-0.867110419576711
2420,8.90125,8.1074506340957,-0.793799365904297
2421,9.16566666666667,8.37627143941489,-0.789395227251781
2422,9.34891666666667,8.61183763344622,-0.73707903322045
2423,9.4255,8.793649789372,-0.631850210627997
2424,9.43466666666667,8.89372341649149,-0.540943250175177
2425,9.29625,8.87658896022088,-0.419661039779117
2426,8.95733333333333,8.70780009787516,-0.249533235458168
2427,8.73616666666667,8.48505810246721,-0.251108564199459
2428,8.49466666666667,8.26551989477145,-0.229146771895218
2429,8.26866666666667,8.0631234201662,-0.205543246500469
2430,8.11733333333333,7.88371656533314,-0.233616768000191
2431,8.04725,7.72505715825732,-0.322192841742678
2432,8.01775,7.5789344461159,-0.438815553884097
2433,8.06325,7.44489740975123,-0.61835259024877
2434,8.12058333333333,7.32216641581,-0.798416917523332
2435,8.20116666666667,7.20968926225079,-0.991477404415877
2436,8.25133333333333,7.10679064226759,-1.14454269106574
2437,8.33183333333333,7.01317214428978,-1.31866118904355
2438,8.38216666666666,6.94137645422979,-1.44079021243687
2439,8.42741666666667,6.93317751268708,-1.49423915397959
2440,8.53575,7.01303184300924,-1.52271815699076
2441,8.62325,7.18372825953854,-1.43952174046146
2442,8.80908333333333,7.42644442318778,-1.38263891014555
2443,8.84066666666667,7.70266420868262,-1.13800245798405
2444,9.14441666666667,7.99605583789217,-1.1483608287745
2445,9.38933333333333,8.25979695443825,-1.12953637889508
2446,9.59458333333333,8.44544593922364,-1.14913739410969
2447,9.687,8.52427931444223,-1.16272068555777
2448,9.62883333333333,8.48729174357896,-1.14154158975437
2449,9.466,8.3451960314099,-1.1208039685901
2450,9.19233333333333,8.1284231240022,-1.06391020933113
2451,8.87333333333333,7.88712210871408,-0.986211224619247
2452,8.47216666666667,7.68867604333628,-0.783490623330386
2453,8.09666666666667,7.5288178636167,-0.567848803049966
2454,7.7965,7.38415071710215,-0.412349282897847
2455,7.58108333333333,7.25251598462311,-0.328567348710218
2456,7.47275,7.13212066755683,-0.340629332443167
2457,7.39116666666667,7.02153738782733,-0.369629278839341
2458,7.379,6.91970438790539,-0.459295612094613
2459,7.38358333333333,6.82592553080856,-0.557657802524774
2460,7.40425,6.73622861682416,-0.668021383175843
2461,7.4395,6.65390290267899,-0.785597097321006
2462,7.47791666666667,6.59273433363521,-0.885182333031456
2463,7.52841666666667,6.5657550306969,-0.96266163596977
2464,7.57791666666667,6.58517144907792,-0.992745217588751
2465,7.655,6.66236437820192,-0.992635621798079
2466,7.74983333333333,6.80788894170235,-0.941944391630984
2467,7.88683333333333,7.01296856184306,-0.873864771490272
2468,8.0285,7.21962321031714,-0.808876789682857
2469,8.22691666666667,7.41493956015392,-0.811977106512745
2470,8.44958333333333,7.58702355582378,-0.862559777509552
2471,8.59366666666667,7.72069821758954,-0.87296844907713
2472,8.65425,7.79750364150652,-0.856746358493484
2473,8.63416666666667,7.79569699942248,-0.838469667244187
2474,8.54283333333333,7.69839593996218,-0.844437393371148
2475,8.36583333333333,7.55929865326503,-0.8065346800683
2476,8.07433333333333,7.4101756402416,-0.664157693091734
2477,7.747,7.26637192202479,-0.480628077975212
2478,7.45683333333333,7.13730068450503,-0.3195326488283
2479,7.24016666666667,7.02644327833027,-0.213723388336395
2480,7.09408333333333,6.93134921890599,-0.162734114427336
2481,6.97025,6.84936865101785,-0.12088134898215
2482,6.91091666666667,6.78856492576894,-0.122351740897729
2483,6.98591666666667,6.72234205910266,-0.263574607564014
2484,7.03641666666666,6.63923096314397,-0.397185703522693
2485,7.15458333333333,6.54973066907023,-0.604852664263103
2486,7.30991666666667,6.48630832711117,-0.823608339555499
2487,7.51616666666667,6.50339920654891,-1.01276746011776
2488,7.72808333333333,6.66463228641399,-1.06345104691934
2489,7.89091666666667,6.92715989373829,-0.963756772928379
2490,8.01041666666667,7.24033999633311,-0.770076670333559
2491,8.27783333333333,7.5695251459083,-0.708308187425033
2492,8.58233333333333,7.88714422889416,-0.695189104439172
2493,8.89216666666667,8.17270246644146,-0.719464200225207
2494,9.19433333333333,8.41278141442144,-0.781551918911891
2495,9.46475,8.57835402010901,-0.886395979890986
2496,9.55258333333333,8.64264349738787,-0.909939835945462
2497,9.534,8.60844531721601,-0.925554682783993
2498,9.39216666666667,8.48752815118702,-0.904638515479645
2499,9.15391666666667,8.30063303994761,-0.853283626719056
2500,8.81308333333333,8.07747339319758,-0.735609940135754
2501,8.40941666666667,7.85673498968983,-0.552681676976841
2502,8.04608333333333,7.67427040328837,-0.371812930044961
2503,7.81275,7.51335309824927,-0.299396901750731
2504,7.67966666666667,7.36748078733464,-0.312185879332028
2505,7.602,7.23382093186466,-0.368179068135339
2506,7.60266666666667,7.11023729877122,-0.492429367895449
2507,7.64266666666667,6.99528996059793,-0.64737670606874
2508,7.70966666666667,6.88823529550011,-0.821431371166555
2509,7.76541666666667,6.7918272923753,-0.973589374291366
2510,7.79416666666667,6.74142513357389,-1.05274153309278
2511,7.888,6.77742423104899,-1.11057576895101
2512,7.93833333333333,6.9172495026578,-1.02108383067553
2513,8.04208333333333,7.15498465712842,-0.887098676204914
2514,8.17291666666667,7.46137219405985,-0.711544472606823
2515,8.407,7.78381340392199,-0.623186596078007
2516,8.67991666666667,8.07294552593024,-0.60697114073643
2517,8.98233333333333,8.33218758428401,-0.650145749049321
2518,9.2705,8.55379153707085,-0.716708462929152
2519,9.5185,8.72029494441996,-0.79820505558004
2520,9.5915,8.80473127466678,-0.786768725333218
2521,9.4655,8.77062990435298,-0.694870095647021
2522,9.2755,8.58614304802851,-0.689356951971488
2523,9.03525,8.34544171942523,-0.689808280574768
2524,8.70941666666667,8.10077460257494,-0.608642064091734
2525,8.37033333333333,7.87326638769207,-0.497066945641262
2526,8.09116666666667,7.67354782034745,-0.417618846319217
2527,7.88641666666667,7.5017557014683,-0.384660965198369
2528,7.76075,7.34787861290194,-0.412871387098059
2529,7.66766666666667,7.20779129592923,-0.459875370737442
2530,7.65216666666667,7.07527166996813,-0.576894996698538
2531,7.65591666666667,6.94578261493862,-0.710134051728049
2532,7.72458333333333,6.82364094263655,-0.900942390696779
2533,7.81533333333333,6.72201739673366,-1.09331593659967
2534,7.88658333333333,6.66293665277758,-1.22364668055575
2535,7.96083333333333,6.68287543712301,-1.27795789621032
2536,8.0445,6.82346536314754,-1.22103463685246
2537,8.09366666666667,7.03198448352021,-1.06168218314646
2538,8.12975,7.26435606051708,-0.865393939482916
2539,8.30966666666667,7.5021867523101,-0.807479914356575
2540,8.55591666666667,7.75276661296706,-0.803150053699608
2541,8.85875,8.02606554443335,-0.832684455566648
2542,9.06941666666667,8.27120586753696,-0.798210799129714
2543,9.31358333333333,8.44604381193177,-0.867539521401557
2544,9.41208333333333,8.52174042847357,-0.890342904859756
2545,9.34733333333333,8.48221088116514,-0.865122452168189
2546,9.12791666666667,8.32412444715628,-0.803792219510392
2547,8.81058333333334,8.08141037993677,-0.729172953396574
2548,8.46108333333333,7.85240460931884,-0.608678724014491
2549,8.10275,7.64521373878534,-0.45753626121466
2550,7.81375,7.45865853646829,-0.355091463531712
2551,7.63158333333333,7.29071730436559,-0.340866028967736
2552,7.51208333333333,7.13853010347361,-0.37355322985972
2553,7.46483333333333,6.99947057335951,-0.465362759973821
2554,7.4245,6.87172365579838,-0.552776344201624
2555,7.43775,6.753660823785,-0.684089176215003
2556,7.47708333333333,6.6441394104852,-0.832943922848126
2557,7.53525,6.54167694703029,-0.993573052969714
2558,7.56616666666667,6.45191457226812,-1.11425209439855
2559,7.69341666666667,6.41727264033115,-1.27614402633553
2560,7.76475,6.47328215701616,-1.29146784298384
2561,7.90108333333333,6.63393463855826,-1.26714869477507
2562,8.02316666666667,6.84420521686259,-1.17896144980408
2563,8.23491666666667,7.06076110805198,-1.17415555861469
2564,8.48766666666667,7.29515444936159,-1.19251221730508
2565,8.72091666666667,7.57217999259195,-1.14873667407472
2566,8.89483333333333,7.82861834305222,-1.06621499028111
2567,9.05525,8.03692309933694,-1.01832690066306
2568,9.20925,8.16294842213874,-1.04630157786126
2569,9.24825,8.12850886460619,-1.11974113539381
2570,8.95341666666667,7.95346842351309,-0.999948243153582
2571,8.76808333333334,7.71477810980248,-1.05330522353086
2572,8.46708333333333,7.46858631392613,-0.998497019407203
2573,8.16991666666667,7.25023880584448,-0.919677860822185
2574,7.92508333333333,7.07427873502671,-0.850804598306618
2575,7.75733333333333,6.93444663045067,-0.822886702882661
2576,7.66175,6.80487862499341,-0.856871375006588
2577,7.594,6.68448056266496,-0.909519437335036
2578,7.58258333333333,6.56908507001844,-1.01349826331489
2579,7.62758333333333,6.4510293721453,-1.17655396118803
2580,7.67291666666667,6.33506706553002,-1.33784960113665
2581,7.70216666666667,6.23836811805006,-1.46379854861661
2582,7.77358333333333,6.19051886897589,-1.58306446435744
2583,7.85933333333333,6.24736571382986,-1.61196761950347
2584,7.98908333333333,6.44028202893459,-1.54880130439874
2585,8.12116666666667,6.72214183100248,-1.39902483566419
2586,8.30183333333333,7.05055029938234,-1.25128303395099
2587,8.50975,7.3907188904409,-1.1190311095591
2588,8.766,7.71546533756282,-1.05053466243718
2589,9.04075,8.00483824592859,-1.03591175407141
2590,9.31516666666667,8.24535511828963,-1.06981154837704
2591,9.36491666666667,8.42200750424527,-0.942909162421397
2592,9.31891666666667,8.51110860638633,-0.807808060280339
2593,9.14225,8.48007705848862,-0.662172941511384
2594,8.81425,8.29595635265047,-0.518293647349527
2595,8.54866666666667,8.0315538561288,-0.517112810537869
2596,8.25733333333333,7.77144219654509,-0.485891136788237
2597,7.96508333333333,7.55084372460097,-0.414239608732361
2598,7.73541666666667,7.35722355459653,-0.378193112070143
2599,7.59641666666667,7.17866544666475,-0.417751220001922
2600,7.56075,7.016076041795,-0.544673958205004
2602,7.53666666666667,6.72962411361874,-0.807042553047926
2603,7.547,6.60275738363204,-0.944242616367961
2604,7.55933333333333,6.47397863905319,-1.08535469428014
2605,7.59025,6.32977983655224,-1.26047016344776
2606,7.61866666666667,6.22399010221332,-1.39467656445334
2607,7.67066666666667,6.19655851077586,-1.47410815589081
2608,7.75333333333333,6.26732604630403,-1.4860072870293
2609,7.86158333333333,6.43602560218677,-1.42555773114656
2610,7.96483333333333,6.68228198113778,-1.28255135219555
2611,8.14833333333333,6.96561189519553,-1.1827214381378
2612,8.34216666666667,7.27245266220473,-1.06971400446194
2613,8.54066666666667,7.60792670546743,-0.932739961199244
2614,8.77833333333333,7.8851863702321,-0.893146963101235
2615,8.98183333333333,8.04620203410454,-0.935631299228794
2616,9.021,8.06520444782059,-0.955795552179408
2617,8.90091666666667,7.94868473524615,-0.952231931420522
2618,8.79125,7.73539439337714,-1.05585560662286
2619,8.58141666666667,7.49634529233953,-1.08507137432714
2620,8.19916666666666,7.29008778715574,-0.909078879510917
2621,7.30066666666667,7.10638785263084,-0.194278814035825
2622,6.37425,6.94233089893685,0.568080898936845
2623,5.04333333333333,6.79533208692448,1.75199875359115
2624,4.4905,6.6631090503532,2.1726090503532
2625,4.87383333333333,6.54368189589114,1.66984856255781
2626,5.03283333333333,6.43235421005312,1.39952087671979
2627,5.21808333333333,6.28545726372943,1.0673739303961
2628,5.76283333333333,6.12841027008456,0.365576936751229
2629,6.21575,6.00368639159766,-0.21206360840234
2630,6.60491666666667,5.94280493168874,-0.662111734977925
2631,6.953,5.96633133471868,-0.986668665281321
2632,7.07708333333333,6.08387718598919,-0.993206147344143
2633,7.0415,6.29410021174285,-0.747399788257147
2634,6.67083333333333,6.5847042791631,-0.0861290541702271
2635,6.52733333333333,6.93243939637424,0.405106063040907
2636,6.7215,7.3031017124414,0.581601712441397
2637,7.02791666666667,7.65153351737059,0.623616850703924
2638,7.21558333333333,7.92797371489485,0.712390381561522
2639,7.25325,8.17096394075485,0.917713940754852
2640,7.12925,8.36938002688766,1.24013002688766
2641,7.06258333333333,8.49237841451614,1.42979508118281
2642,6.947,8.52213228490277,1.57513228490277
2643,6.78283333333333,8.4538315593497,1.67099822601637
2644,6.57883333333333,8.29568289919867,1.71684956586534
2645,6.35416666666667,8.06890970583111,1.71474303916444
2646,6.119,7.80775212066806,1.68875212066806
2647,5.88375,7.55946702517019,1.67571702517019
2648,5.79466666666667,7.35439759362624,1.55973092695957
2649,5.82208333333333,7.13247567837966,1.31039234504633
2650,5.93133333333333,6.91566440242696,0.98433106909363
2651,6.06216666666667,6.73053190544016,0.668365238773486
2652,6.14925,6.59787318621521,0.448623186215213
2653,6.2165,6.53271010267202,0.31621010267202
2654,6.25,6.5442913718544,0.294291371854404
2655,6.2465,6.63609256993012,0.389592569930115
2656,6.28191666666667,6.80581613219084,0.523899465524171
2657,6.29975,7.0453913530522,0.745641353052198
2658,6.35641666666667,7.34097438605373,0.984557719387062
2659,6.49616666666667,7.67294824385893,1.17678157719226
2660,6.69316666666667,8.0159227982552,1.32275613158853
2661,6.95533333333333,8.33873478015389,1.38340144682056
2662,7.24416666666667,8.60786646653099,1.36369979986432
2663,7.54058333333333,8.8265896652184,1.28600633188507
2664,7.72683333333333,8.95880024778092,1.23196691444759
2665,7.95716666666667,8.97266463627693,1.01549796961026
2666,7.73691666666667,8.86085158293615,1.12393491626948
2667,7.461,8.64053217015961,1.17953217015961
2668,7.18041666666667,8.35337981051966,1.17296314385299
2669,6.92425,8.06557024675996,1.14132024675996
2670,6.66275,7.83679553307727,1.17404553307727
2671,6.46558333333333,7.63588249703411,1.17029916370078
2672,6.39483333333333,7.45614460572681,1.06131127239348
2673,6.36533333333333,7.29431368398437,0.928980350651037
2674,6.4255,7.14753243448474,0.722032434484737
2675,6.59583333333333,7.01335443775481,0.417521104421482
2676,6.78708333333333,6.88974415217043,0.102660818837102
2677,6.96358333333333,6.77436754615607,-0.18921578717726
2678,7.10016666666667,6.64828248920602,-0.451884177460649
2679,7.23066666666667,6.57370566142601,-0.656961005240662
2680,7.29308333333333,6.61376295360194,-0.679320379731386
2681,7.4295,6.78917400807593,-0.640325991924072
2682,7.546,7.07825221874625,-0.467747781253751
2683,7.79875,7.41690473106738,-0.381845268932618
2684,8.05983333333333,7.7394534547225,-0.320379878610835
2685,8.30766666666667,8.04413978886518,-0.263526877801493
2686,8.48516666666667,8.32090204234171,-0.164264624324955
2687,8.59108333333333,8.55490533600562,-0.0361779973277141
2688,8.5475,8.72660122468336,0.179101224683361
2689,8.52158333333333,8.81172769717439,0.290144363841057
2690,8.4115,8.75382271802844,0.342322718028436
2691,8.21491666666667,8.53726058357499,0.322343916908324
2692,7.90866666666667,8.26232366472192,0.353656998055249
2693,7.60775,7.99742155067722,0.389671550677225
2694,7.33841666666667,7.77444587182811,0.436029205161441
2695,7.1595,7.58877029974095,0.429270299740951
2696,6.984,7.41066180125675,0.426661801256748
2697,6.86008333333333,7.2446677613421,0.384584428008766
2698,6.74041666666667,7.09119458489131,0.350777918224641
2699,6.747,6.94892558742612,0.201925587426125
2700,6.7165,6.81698080814621,0.100480808146212
2701,6.73458333333333,6.69491700992919,-0.0396663234041368
2702,6.7315,6.5821736502385,-0.149326349761499
2703,6.77483333333333,6.49837193912119,-0.276461394212144
2704,6.87983333333333,6.48198370737969,-0.397849625953637
2705,6.96475,6.54095520863328,-0.42379479136672
2706,7.12891666666667,6.6498141269615,-0.479102539705167
2707,7.25891666666667,6.78658707368351,-0.472329592983158
2708,7.43341666666667,6.9571332603104,-0.476283406356273
2709,7.71658333333333,7.15686471500983,-0.559718618323504
2710,7.82641666666667,7.36355881500837,-0.462857851658305
2711,7.93033333333333,7.55235394550823,-0.3779793878251
2712,7.92608333333333,7.73386401325557,-0.192219320077758
2713,7.88725,7.85465999304866,-0.0325900069513354
2714,8.12933333333333,7.82338434615588,-0.305948987177447
2715,7.976,7.68070304570627,-0.295296954293733
2716,7.85941666666667,7.49361788395966,-0.365798782707012
2717,7.56208333333333,7.3049480586315,-0.257135274701834
2718,7.31358333333333,7.13357107620116,-0.180012257132171
2719,7.12525,6.97949948027711,-0.14575051972289
2720,6.94433333333333,6.84048340848634,-0.103849924846989
2721,6.86016666666667,6.71467765543827,-0.1454890112284
2722,6.80008333333333,6.6003899965459,-0.199693336787432
2723,6.809,6.49608118802581,-0.312918811974191
2724,6.81816666666667,6.40047056616732,-0.417696100499347
2725,6.85391666666667,6.31471374958667,-0.539202917080004
2726,6.89366666666667,6.23582662133265,-0.657840045334019
2727,7.013,6.16783487884656,-0.845165121153443
2728,7.11491666666667,6.12603781600384,-0.988878850662832
2729,7.15475,6.13700832311412,-1.01774167688588
2730,7.29466666666667,6.23859288692119,-1.05607377974548
2731,7.40525,6.39067271234491,-1.01457728765509
2732,7.57558333333333,6.54199243434183,-1.0335908989915
2733,7.80125,6.7124467260809,-1.0888032739191
2734,7.97966666666667,6.89158007215209,-1.08808659451458
2735,8.07058333333333,7.03853357682093,-1.0320497565124
2736,8.06016666666667,7.08204496402849,-0.978121702638175
2737,8.11741666666667,6.98866228199031,-1.12875438467636
2738,7.96575,6.86500455071992,-1.10074544928008
2739,7.65791666666667,6.73557935800458,-0.922337308662093
2740,7.39,6.61354555233922,-0.776454447660779
2741,7.12041666666667,6.50479408871421,-0.61562257795246
2742,6.92116666666667,6.40816262517816,-0.51300404148851
2743,6.77466666666667,6.32123326447544,-0.453433402191233
2744,6.67916666666667,6.24349188833088,-0.435674778335787
2745,6.63808333333333,6.17425578229028,-0.463827551043049
2746,6.61558333333333,6.11279318431237,-0.502790149020964
2747,6.60875,6.05832328476882,-0.55042671523118
2748,6.62375,6.01001622644428,-0.613733773555725
2749,6.6565,5.96650766081945,-0.689992339180548
2750,6.66908333333333,5.91541053448407,-0.75367279884926
2751,6.71116666666667,5.90565648143167,-0.805510185234997
2752,6.74933333333333,5.98884375152763,-0.760489581805698
2753,6.86783333333333,6.18768160482442,-0.680151728508905
2754,6.97875,6.49599031156164,-0.482759688438365
2755,7.074,6.87870115216595,-0.195298847834047
2756,7.22941666666667,7.27185641725117,0.042439750584502
2757,7.469,7.62262462565031,0.153624625650313
2758,7.74325,7.93452840656586,0.191278406565856
2759,7.96883333333333,8.19318678595853,0.224353452625196
2760,8.14466666666667,8.38256496851883,0.237898301852161
2761,7.98866666666667,8.48514172690418,0.496475060237507
2762,7.73491666666667,8.48190940173887,0.746992735072199
2763,7.55525,8.35237390161412,0.797123901614117
2764,7.2415,8.11437036966138,0.87287036966138
2765,6.90716666666667,7.88668190041038,0.979515233743711
2766,6.66583333333333,7.67937668123419,1.01354334790086
2767,6.49441666666667,7.49179078155121,0.997374114884535
2768,6.43883333333333,7.32228370289965,0.883450369566321
2769,6.40225,7.16823837893753,0.765988378937534
2770,6.41391666666667,7.02645555631453,0.612538889647857
2771,6.497,6.89527749014132,0.398277490141321
2772,6.59633333333333,6.77338655017176,0.177053216838428
2773,6.67491666666667,6.66006373074433,-0.0148529359223364
2774,6.79208333333333,6.54669605681172,-0.245387276521606
2775,6.92825,6.48297970646593,-0.445270293534075
2776,7.02458333333333,6.50920995211862,-0.515373381214707
2777,7.21558333333333,6.60779046687578,-0.607792866457552
2778,7.37225,6.76464075519311,-0.607609244806888
2779,7.53133333333333,6.99918227347766,-0.532151059855666
2780,7.79175,7.30405089773923,-0.487699102260772
2781,8.02508333333333,7.64090330669249,-0.384180026640839
2782,8.18191666666667,7.94352781331483,-0.238388853351836
2783,8.41216666666666,8.19334290556322,-0.218823761103444
2784,8.54066666666667,8.3617887950088,-0.178877871657869
2785,8.43341666666667,8.42029397432113,-0.0131226923455365
2786,8.28616666666667,8.36430919909353,0.078142532426865
2787,8.13566666666667,8.21045161391333,0.0747849472466573
2788,7.93525,7.98658071528752,0.0513307152875244
2789,7.66883333333333,7.75046772602152,0.0816343926881942
2790,7.42608333333333,7.53856124124606,0.112477907912734
2791,7.25758333333333,7.35812786479245,0.10054453145912
2792,7.15566666666667,7.19265016386434,0.0369834971976655
2793,7.14283333333333,7.04006121614608,-0.102772117187251
2794,7.15333333333334,6.90039741074481,-0.25293592258853
2795,7.17566666666667,6.77311043917079,-0.402556227495881
2796,7.2295,6.65819354742774,-0.571306452572258
2797,7.2775,6.55618153601287,-0.721318463987132
2798,7.33141666666667,6.46815075991683,-0.863265906749842
2799,7.42,6.47865111044005,-0.941348889559949
2800,7.56266666666667,6.64080611856694,-0.92186054809973
2801,7.72125,6.87578924600033,-0.845460753999669
2802,7.82483333333333,7.13091240908806,-0.693920924245271
2803,7.97758333333333,7.38040137569571,-0.597181957637621
2804,8.1925,7.62539576520663,-0.567104234793374
2805,8.55283333333333,7.8939490485219,-0.65888428481143
2806,8.75891666666667,8.21122950016879,-0.547687166497878
2807,8.90866666666667,8.50641229405489,-0.402254372611784
2808,9.102,8.71545153536687,-0.38654846463313
2809,9.10691666666667,8.80024100542779,-0.306675661238879
2810,8.91141666666667,8.74801877183711,-0.163397894829558
2811,8.63333333333333,8.5713671884707,-0.0619661448626303
2812,8.31525,8.30821289548083,-0.00703710451916884
2813,8.03683333333333,8.0218268192962,-0.0150065140371272
2814,7.82783333333333,7.79333023171629,-0.0345031016170436
2815,7.67658333333333,7.60355504293866,-0.0730282903946735
2816,7.58908333333333,7.43087996117149,-0.158203372161839
2817,7.51666666666667,7.27390689350694,-0.242759773159727
2818,7.488,7.13180043992589,-0.356199560074109
2819,7.521,7.00428789329794,-0.516712106702057
2820,7.5555,6.89165923938143,-0.663840760618568
2821,7.64366666666667,6.79476715682343,-0.848899509843243
2822,7.70725,6.71502701715972,-0.992222982840284
2823,7.80041666666667,6.71940136065232,-1.08101530601435
2824,7.94616666666667,6.87818022906393,-1.06798643760274
2825,8.07183333333333,7.13646355995968,-0.935369773373648
2826,8.20491666666667,7.44792784238344,-0.756988824283225
2827,8.37016666666667,7.77656095290504,-0.593605713761628
2828,8.559,8.09666215562026,-0.462337844379743
2829,8.81283333333333,8.39284210215081,-0.419991231182518
2830,9.07625,8.66335923594657,-0.412890764053431
2831,9.293,8.92248911949775,-0.370510880502248
2832,9.38791666666667,9.10338904387099,-0.284527622795682
2833,9.344,9.15318950399825,-0.190810496001747
2834,9.15183333333333,9.05608023159636,-0.0957531017369728
2835,9.01966666666667,8.83331019516696,-0.186356471499712
2836,8.76325,8.54318759999654,-0.220062400003458
2837,8.47408333333333,8.27478374866469,-0.199299584668637
2838,8.23291666666667,8.04312235306736,-0.189794313599309
2839,8.00816666666667,7.83495838806538,-0.173208278601289
2840,7.85883333333333,7.64701524524533,-0.211818088087997
2841,7.78316666666667,7.47662222083564,-0.306544445831034
2842,7.76258333333333,7.32171451570655,-0.440868817626779
2843,7.79708333333333,7.18083323537018,-0.616250097963149
2844,7.87966666666667,7.05312538998047,-0.826541276686201
2845,7.96041666666667,6.9383438943332,-1.02207277233347
2846,8.01533333333333,6.83684756786599,-1.17848576546734
2847,8.15933333333333,6.79859894392469,-1.36073438940864
2848,8.25083333333333,6.88187512776094,-1.36895820557239
2849,8.37933333333333,7.07172564925224,-1.30760768408109
2850,8.577,7.34300851783015,-1.23399148216985
2851,8.65825,7.66062871489482,-0.997621285105178
2852,8.83375,7.97953819381499,-0.85421180618501
2853,9.07325,8.25322470030917,-0.820025299690826
2854,9.31566666666667,8.50781187326304,-0.807854793403628
2855,9.60458333333333,8.73309615515383,-0.871487178179496
2856,9.694,8.90270397786191,-0.791296022138091
2857,9.662,8.98997410434679,-0.672025895653212
2858,9.52916666666667,8.96795762864716,-0.561209038019514
2859,9.33091666666667,8.80941797588085,-0.521498690785821
2860,9.06733333333333,8.55815597068733,-0.509177362646001
2861,8.74983333333333,8.31789737572365,-0.431935957609682
2862,8.4295,8.09291890199673,-0.336581098003274
2863,8.16866666666667,7.88516445811083,-0.283502208555844
2864,7.997,7.69558673289775,-0.301413267102248
2865,7.87958333333333,7.52414719541685,-0.355436137916482
2866,7.84716666666667,7.369816094955,-0.477350571711669
2867,7.89908333333333,7.23057246102664,-0.668510872306692
2868,7.95025,7.10332591054036,-0.846924089459638
2869,8.01466666666667,6.95377220823138,-1.06089445843529
2870,8.09275,6.8272793617611,-1.2654706382389
2871,8.18766666666667,6.79830744500266,-1.38935922166401
2872,8.28866666666667,6.90144548949443,-1.38722117717224
2873,8.38258333333333,7.13141148444001,-1.25117184889332
2874,8.49316666666667,7.44305237670821,-1.05011428995846
2875,8.63175,7.76364077940807,-0.86810922059193
2876,8.82908333333333,8.07581889871362,-0.753264434619711
2877,9.07716666666667,8.3713853912483,-0.705781275418367
2878,9.32,8.63752659161544,-0.682473408384556
2879,9.55125,8.85924178476954,-0.692008215230457
2880,9.68858333333333,9.0193432060163,-0.669240127317034
2881,9.65775,9.09649991757277,-0.561250082427229
2882,9.36758333333333,9.00170750455777,-0.365875828775559
2883,9.15325,8.7676515064609,-0.385598493539103
2884,8.8965,8.47560955602188,-0.420890443978122
2885,8.59025,8.18394629430608,-0.40630370569392
2886,8.31191666666667,7.9281133707045,-0.383803295962172
2887,8.077,7.72064944293377,-0.356350557066228
2888,7.90083333333333,7.55118017703617,-0.349653156297161
2889,7.7745,7.39202684723917,-0.382473152760829
2890,7.71525,7.25399389840737,-0.461256101592632
2891,7.72533333333333,7.123016496762,-0.602316836571332
2892,7.77625,6.98799576539607,-0.788254234603927
2893,7.83108333333333,6.85437636665724,-0.976706966676089
2894,7.90916666666667,6.74414650214778,-1.16502016451889
2895,8.007,6.69583791272458,-1.31116208727542
2896,7.989,6.76419433577333,-1.22480566422667
2897,8.251,6.97379276936365,-1.27720723063635
2898,8.447,7.27267891384228,-1.17432108615772
2899,8.61866666666667,7.60827013368083,-1.01039653298584
2900,8.8285,7.93666701163357,-0.891832988366435
2901,9.09875,8.22265334873734,-0.876096651262662
2902,9.44625,8.43969616431164,-1.00655383568836
2903,9.68983333333333,8.60483597427019,-1.08499735906314
2904,9.762,8.75211115083066,-1.00988884916934
2905,9.74516666666667,8.8060360653518,-0.939130601314869
2906,9.65475,8.73154738459568,-0.923202615404325
2907,9.43316666666667,8.54106193515817,-0.892104731508505
2908,9.16983333333333,8.29422536685003,-0.875607966483301
2909,8.89541666666667,8.05768128369629,-0.837735382970381
2910,8.57508333333333,7.84081348981753,-0.734269843515801
2911,8.34358333333333,7.64380907762033,-0.699774255712996
2912,8.18725,7.46588712817502,-0.721362871824985
2913,8.10625,7.30529871121562,-0.800951288784375
2914,8.11816666666667,7.15309017407329,-0.965076492593381
2915,8.19933333333333,6.96963558030438,-1.22969775302895
2916,8.29008333333334,6.79171795436226,-1.49836537897108
2917,8.38316666666667,6.66157376397243,-1.72159290269424
2918,8.44483333333333,6.60890897704863,-1.8359243562847
2919,8.39558333333333,6.65089906169285,-1.74468427164048
2920,8.56616666666667,6.79218898619533,-1.77397768047134
2921,8.74583333333333,7.02489321903453,-1.7209401142988
2922,8.9305,7.3285957288772,-1.6019042711228
2923,9.12775,7.67034998457828,-1.45740001542172
2924,9.32816666666667,8.004678955181,-1.32348771148567
2925,9.56558333333333,8.28772540956629,-1.27785792376704
2926,9.81391666666667,8.56825228575173,-1.24566438091494
2927,10.0066666666667,8.80067919520104,-1.20598747146566
2928,10.04925,8.93393332402814,-1.11531667597186
2929,9.96475,8.94127410545487,-1.02347589454513
2930,9.7105,8.82029321981097,-0.890206780189033
2931,9.50966666666667,8.59291459453409,-0.916752072132576
2932,9.271,8.3053944041698,-0.965605595830201
2933,8.99841666666667,8.02832107037155,-0.970095596295124
2934,8.77066666666667,7.81134588258174,-0.959320784084934
2935,8.63808333333333,7.61575602034016,-1.02232731299317
2936,8.58933333333333,7.43763385072003,-1.1516994826133
2937,8.61833333333333,7.27483316600204,-1.34350016733129
2938,8.66875,7.12554655696511,-1.54320344303489
2939,8.73425,6.98830541288636,-1.74594458711364
2940,8.79191666666667,6.86197992154117,-1.9299367451255
2941,8.81925,6.74577906920309,-2.07347093079691
2942,8.828,6.63837350080327,-2.18962649919673
2943,8.81383333333333,6.54279781373506,-2.27103551959827
2944,8.8375,6.52179207781984,-2.31570792218016
2945,8.88966666666667,6.62138663084019,-2.26828003582648
2946,8.94966666666667,6.85042194474501,-2.09924472192166
2947,9.1385,7.18054862564954,-1.95795137435046
2948,9.40658333333333,7.54622741383534,-1.86035591949799
2949,9.65066666666667,7.86147478214362,-1.78919188452305
2950,9.9215,8.11840321244015,-1.80309678755985
2951,10.05425,8.293698897688,-1.760551102312
2952,10.04675,8.36972056522355,-1.67702943477645
2953,9.95616666666667,8.34318280092322,-1.61298386574345
2954,9.74216666666667,8.22515604920351,-1.51701061746316
2955,9.43091666666667,8.04106661302098,-1.38985005364569
2956,9.10241666666666,7.83486942477344,-1.26754724189322
2957,8.81275,7.63704011435794,-1.17570988564206
2958,8.591,7.451583882311,-1.139416117689
2959,8.48483333333333,7.28093377489087,-1.20389955844246
2960,8.40258333333333,7.12625765732916,-1.27632567600417
2961,8.35741666666667,6.98745821383077,-1.3699584528359
2962,8.35583333333333,6.86317294757393,-1.4926603857594
2963,8.35675,6.7507741807102,-1.6059758192898
2964,8.34541666666667,6.61664477420759,-1.72877189245908
2965,8.35,6.46931621346388,-1.88068378653612
2966,8.41475,6.37046292172127,-2.04428707827873
2967,8.51191666666667,6.36212423279578,-2.14979243387089
2968,8.62108333333333,6.46652626438699,-2.15455706894634
2969,8.75,6.68608191807805,-2.06391808192195
2970,8.90708333333333,7.00339087933567,-1.90369245399766
2971,8.98708333333333,7.3812396175101,-1.60584371582323
2972,9.16833333333333,7.76260138583518,-1.40573194749815
2973,9.40441666666666,8.10082289172754,-1.30359377493912
2974,9.67266666666667,8.43459933094214,-1.23806733572453
2975,9.879,8.71190569386741,-1.16709430613259
2976,9.96116666666667,8.8877949114823,-1.07337175518437
2977,9.91666666666667,8.93717804842243,-0.97948861824424
2978,9.73208333333333,8.85482430298006,-0.877259030353272
2979,9.40625,8.6553610071041,-0.750888992895904
2980,9.03883333333333,8.3732736264001,-0.665559706933225
2981,8.69108333333333,8.06290576013029,-0.628177573203038
2982,8.37516666666667,7.79845914121351,-0.576707525453156
2983,8.154,7.61335807185007,-0.540641928149926
2984,8.02191666666667,7.45785285550394,-0.564063811162727
2985,7.97658333333333,7.30623791482822,-0.670345418505108
2986,8.04508333333333,7.14372394400287,-0.901359389330463
2987,8.12375,6.96643548965982,-1.15731451034018
2988,8.20325,6.78141095088298,-1.42183904911702
2989,8.24991666666667,6.60660257920827,-1.6433140874584
2990,8.25466666666667,6.47087647862356,-1.78379018804311
2991,8.34,6.41401260556872,-1.92598739443128
2992,8.43208333333333,6.48431712846243,-1.9477662048709
2993,8.54616666666667,6.679792704517,-1.86637396214967
2994,8.75291666666667,6.94999320550198,-1.80292346116469
2995,9.002,7.25231265370503,-1.74968734629497
2996,9.256,7.55352513563031,-1.70247486436969
2997,9.51266666666667,7.82978480199842,-1.68288186466825
2998,9.717,8.06662586774646,-1.65037413225354
2999,9.83241666666667,8.258962612028,-1.57345405463867
3000,9.88358333333333,8.41066837919973,-1.4729149541336
3001,9.92225,8.48235149220731,-1.43989850779269
3002,9.84516666666667,8.45503706931908,-1.39012959734759
3003,9.68391666666667,8.34759312822511,-1.33632353844156
3004,9.35333333333333,8.18025506523508,-1.17307826809825
3005,8.92208333333333,7.9746256552783,-0.947457678055032
3006,8.55916666666667,7.75367505190369,-0.805491614762982
3007,8.28033333333333,7.54174078727981,-0.738592546053519
3008,8.109,7.35686246974867,-0.752137530251326
3009,8.00975,7.18846336152951,-0.82128663847049
3010,7.99316666666667,7.03397188433745,-0.959194782329225
3011,8.03858333333333,6.89218417180665,-1.14639916152668
3012,8.10158333333333,6.76201161370966,-1.33957171962367
3013,8.15491666666667,6.64248085595737,-1.5124358107093
3014,8.19316666666667,6.53989424781701,-1.65327241884966
3015,8.2595,6.48665861671606,-1.77284138328394
3016,8.3425,6.5029477579129,-1.8395522420871
3017,8.42208333333333,6.58770325316456,-1.83438008016877
3018,8.53925,6.71875588196314,-1.82049411803686
3019,8.71641666666667,6.85282562153578,-1.86359104513089
3020,8.87983333333333,7.0079389731529,-1.87189436018043
3021,9.05616666666667,7.21071005207944,-1.84545661458723
3022,9.276,7.39919505790343,-1.87680494209657
3023,9.47358333333334,7.53012414829301,-1.94345918504033
3024,9.55233333333333,7.57919765460661,-1.97313567872671
3025,9.5365,7.54108608189299,-1.99541391810701
3026,9.42516666666667,7.42943010889119,-1.99573655777548
3027,9.16741666666667,7.27657008170841,-1.89084658495826
3028,8.87725,7.11499510020773,-1.76225489979227
3029,8.5775,6.95580069083549,-1.62169930916451
3030,8.26366666666667,6.80561335141937,-1.4580533152473
3031,8.0025,6.66860288717274,-1.33389711282726
3032,7.84458333333334,6.54648241069468,-1.29810092263866
3033,7.77025,6.43850834196999,-1.33174165803001
3034,7.71833333333333,6.34148040836913,-1.3768529249642
3035,7.72108333333333,6.24515061203085,-1.47593272130248
3036,7.72,6.14666090362807,-1.57333909637193
3037,7.73175,6.06606936202381,-1.66568063797619
3038,7.81333333333333,6.01830069496615,-1.79503263836718
3039,7.893,6.01213880971364,-1.88086119028636
3040,7.988,6.05022681303528,-1.93777318696472
3041,8.02725,6.12906701121057,-1.89818298878943
3042,8.0535,6.23902091002948,-1.81447908997052
3043,8.17175,6.38076301060269,-1.79098698939731
3044,8.28408333333333,6.59682920861505,-1.68725412471828
3045,8.36783333333334,6.82886604867852,-1.53896728465483
3046,8.50158333333333,7.01509341430181,-1.48648991903152
3047,8.63575,7.10481939714222,-1.53093060285778
3048,8.76625,7.06977417938082,-1.69647582061918
3049,8.61908333333333,6.96083627303466,-1.65824706029867
3050,7.93675,6.83590378593267,-1.10084621406733
3051,6.65458333333333,6.72382934174272,0.0692460084093867
3052,5.58775,6.62450160950274,1.03675160950274
3053,5.26925,6.52653276096348,1.25728276096348
3054,5.44208333333333,6.4356548993413,0.99357156600797
3055,5.67083333333333,6.35111955190652,0.680286218573192
3056,6.0365,6.27230584902161,0.23580584902161
3057,6.42975,6.19878255008855,-0.23096744991145
3058,6.82425,6.13030804354885,-0.693941956451154
3059,7.07675,6.06683034688353,-1.00991965311647
3060,6.85041666666667,6.00848411294806,-0.841932553718612
3061,7.02066666666667,5.95084541105796,-1.06982125560871
3062,7.09625,5.89959948485465,-1.19665051514535
3063,6.59483333333333,5.87046013153087,-0.724373201802463
3064,6.11575,5.88062072087394,-0.235129279126063
3065,6.24766666666667,5.94875419526577,-0.298912471400896
3066,6.20841666666667,6.09501306968288,-0.113403596983788
3067,6.13391666666667,6.34011436772162,0.206197701054947
3068,6.21025,6.64950502028508,0.439255020285078
3069,6.53725,6.99335143698548,0.456101436985476
3070,6.81108333333333,7.35236783901421,0.541284505680884
3071,7.05858333333333,7.68682695280651,0.628243619473184
3072,7.36425,7.93657962807862,0.572329628078625
3073,7.50908333333333,8.05595486254562,0.546871529212294
3074,7.45125,8.04592581059623,0.594675810596234
3075,7.259,7.92206215930937,0.663062159309368
3076,6.94758333333333,7.72322481191228,0.77564147857895
3077,6.619,7.51156588778057,0.892565887780571
3078,6.37625,7.33323779778766,0.95698779778766
3079,6.36441666666667,7.17132062883487,0.8069039621682
3080,6.41225,7.02389551158119,0.61164551158119
3081,6.42025,6.88968383734502,0.469433837345019
3082,6.18841666666667,6.76785549033642,0.579438823669753
3083,5.99608333333333,6.65165593452309,0.65557260118976
3084,5.92025,6.53789128080558,0.617641280805583
3085,6.02291666666667,6.4482538256457,0.42533715897903
3086,6.253,6.40186493416739,0.148864934167389
3087,6.33766666666667,6.41424329650564,0.0765766298389678
3088,6.57308333333333,6.49730492780647,-0.0757784055268651
3089,6.78433333333333,6.65936316822693,-0.124970165106403
3090,6.9725,6.90512868293512,-0.0673713170648833
3091,7.17716666666667,7.1993254060931,0.022158739426426
3092,7.42783333333333,7.50097325352215,0.0731399201888205
3093,7.804,7.802234395158,-0.00176560484199584
3094,8.14141666666667,8.08970884111342,-0.0517078255532457
3095,8.32666666666667,8.3444281176749,0.0177614510082336
3096,8.34525,8.54185526730265,0.196605267302655
3097,8.25325,8.65188484863062,0.398634848630619
3098,8.097,8.63846848276824,0.541468482768241
3099,7.91258333333333,8.48322272782137,0.570639394488044
3100,7.59491666666667,8.24602393025443,0.651107263587756
3101,7.25283333333333,7.98535175047437,0.732518417141044
3102,7.05266666666667,7.74050925659857,0.687842589931896
3103,7.04625,7.53162292445472,0.485372924454719
3104,7.14741666666667,7.35964263758092,0.212225970914253
3105,7.28316666666667,7.20634168722564,-0.0768249794410325
3106,7.3845,7.06535829246465,-0.31914170753535
3107,7.45775,6.9371996491324,-0.520550350867599
3108,7.47641666666667,6.80990557383063,-0.666511092836041
3109,7.4405,6.69094253347718,-0.749557466522817
3110,7.39333333333333,6.60722108616603,-0.786112247167297
3111,7.40016666666667,6.60509588116728,-0.795070785499394
3112,7.43991666666667,6.75028662272204,-0.689630043944628
3113,7.53691666666667,7.02592291724881,-0.510993749417864
3114,7.66758333333333,7.34703600668229,-0.320547326651035
3115,7.76833333333333,7.68320904899514,-0.0851242843381863
3116,7.89591666666667,8.01129574779718,0.115379081130508
3117,8.09541666666667,8.31542035233541,0.220003685668736
3118,8.34925,8.58698621196762,0.237736211967617
3119,8.52208333333333,8.82156913991725,0.299485806583924
3120,8.605,8.98141254657883,0.376412546578827
3121,8.52441666666667,9.03192344356644,0.507506776899765
3122,8.24041666666667,8.96121500297989,0.720798336313216
3123,7.89525,8.78010655740469,0.884856557404693
3124,7.556,8.52212359991208,0.966123599912078
3125,7.26625,8.24349778405898,0.977247784058977
3126,7.05158333333333,7.99690750485095,0.945324171517623
3127,6.90275,7.77341498337831,0.870664983378307
3128,6.81158333333333,7.56980044535801,0.758217112024675
3129,6.72083333333333,7.38367692516113,0.662843591827805
3130,6.71741666666667,7.21295427211141,0.495537605444739
3131,6.75008333333333,7.05583915048518,0.305755817151849
3132,6.76391666666667,6.9109401677265,0.147023501059831
3133,6.81675,6.7772093220495,-0.0395406779505043
3134,6.88033333333333,6.65659703257373,-0.223736300759601
3135,6.91725,6.5658120617293,-0.351437938270703
3136,6.96058333333333,6.51922111956004,-0.44136221377329
3137,7.02083333333333,6.56855801051536,-0.452275322817966
3138,7.099,6.74544394066418,-0.353556059335816
3139,7.18383333333333,7.01065088440552,-0.173182448927805
3140,7.28666666666667,7.24759169700978,-0.0390749696568848
3141,7.48175,7.37704211347994,-0.104707886520062
3142,7.66683333333333,7.45579379940521,-0.211039533928118
3143,7.61908333333333,7.58228812861802,-0.0367952047153084
3144,7.49375,7.66257045959499,0.168820459594991
3145,7.4865,7.6385810562506,0.152081056250603
3146,7.35366666666667,7.52486988228599,0.171203215619317
3147,7.12258333333333,7.37743633328502,0.254852999951691
3148,6.937,7.20636340434048,0.269363404340483
3149,6.68816666666667,7.03533896304648,0.347172296379814
3150,6.45941666666667,6.87945231790096,0.420035651234291
3151,6.27983333333333,6.74366558204149,0.463832248708155
3152,6.18108333333333,6.62281367324525,0.441730339911921
3153,6.1655,6.51046145237475,0.344961452374754
3154,6.201,6.40444035939335,0.20344035939335
3155,6.30041666666667,6.30288450620827,0.00246783954160446
3156,6.428,6.21003213668763,-0.217967863312373
3157,6.48108333333333,6.13622565579788,-0.344857677535446
3158,6.52475,6.09791162960389,-0.426838370396109
3159,6.62133333333333,6.16750715001673,-0.453826183316597
3160,6.69175,6.4048147703002,-0.286935229699805
3161,6.75733333333333,6.67008420333099,-0.0872491300023421
3162,6.8435,6.88425714408581,0.0407571440858101
3163,6.90866666666667,7.04133746026088,0.13267079359421
3164,7.0975,7.20839119227193,0.110891192271931
3165,7.288,7.50069619419465,0.212696194194649
3166,7.39566666666667,7.82154815480035,0.425881488133676
3167,7.64016666666667,8.10524073561692,0.465074068950245
3168,7.76841666666667,8.32596918608304,0.557552519416373
3169,7.805,8.46268758611521,0.657687586115214
3170,7.65191666666667,8.49894729604197,0.847030629375299
3171,7.3945,8.37659870450771,0.982098704507711
3172,7.08383333333333,8.13496839731446,1.05113506398113
3173,6.76108333333333,7.86284954657253,1.1017662132392
3174,6.46025,7.61439498421027,1.15414498421027
3175,6.26116666666667,7.40911720197409,1.14795053530742
3176,6.17175,7.23188835142842,1.06013835142842
3177,6.12308333333333,7.06270406725998,0.939620733926645
3178,6.12975,6.90689098198429,0.77714098198429
3179,6.19116666666667,6.76056817528759,0.56940150862092
3180,6.30658333333333,6.62385709483882,0.317273761505494
3181,6.44233333333333,6.50090247721872,0.0585691438853848
3182,6.56033333333333,6.39987234791976,-0.160460985413572
3183,6.75166666666667,6.38769089370653,-0.363975772960141
3184,6.87833333333333,6.52025652077604,-0.358076812557293
3185,7.05508333333333,6.74675949820132,-0.308323835132014
3186,7.29641666666667,7.02207582218625,-0.274340844480425
3187,7.4655,7.30782056368245,-0.157679436317551
3188,7.72383333333333,7.5723478683893,-0.151485464944033
3189,7.916,7.79075095675391,-0.125249043246095
3190,8.17758333333333,7.98112648465618,-0.196456848677149
3191,8.30841666666667,8.15525262801023,-0.153164038656435
3192,8.25158333333333,8.25853279130479,0.00694945797146396
3193,8.15466666666667,8.26016439593926,0.105497729272596
3194,7.95358333333333,8.15425616947588,0.200672836142551
3195,7.67266666666667,7.95982814563969,0.287161478973024
3196,7.42991666666667,7.72081166431858,0.290894997651908
3197,7.1995,7.49265169050765,0.29315169050765
3198,6.92658333333333,7.28698097258868,0.360397639255346
3199,6.74216666666667,7.10087180112963,0.358705134462956
3200,6.71925,6.93175259082366,0.212502590823662
3201,6.79125,6.77740582289938,-0.0138441771006219
3202,6.8825,6.63596804512081,-0.246531954879191
3203,6.98816666666667,6.50592987178742,-0.482236794879247
3204,7.08758333333333,6.38460924714259,-0.70297408619074
3205,7.14841666666667,6.27397782888116,-0.874438837785511
3206,7.18116666666667,6.19158561139262,-0.989581055274051
3207,7.19541666666667,6.18649529297338,-1.00892137369329
3208,7.28975,6.27457238044207,-1.01517761955793
3209,7.43325,6.40688600922779,-1.02636399077221
3210,7.612,6.61632881291805,-0.995671187081947
3211,7.71583333333333,6.78606650654674,-0.929766826786595
3212,7.84125,6.90298089109575,-0.938269108904245
3213,7.92725,6.99897054961357,-0.928279450386426
3214,7.84275,7.10742609494621,-0.735323905053792
3215,7.76608333333333,7.22200210988314,-0.544081223450188
3216,7.7215,7.26817444806173,-0.453325551938271
3217,7.70641666666667,7.28429945201954,-0.422117214647132
3218,7.5725,7.28778790937677,-0.284712090623225
3219,7.52158333333333,7.23855625964717,-0.283027073686164
3220,7.41666666666667,7.12353244825312,-0.293134218413546
3221,7.23008333333333,6.95816808567391,-0.271915247659423
3222,7.09816666666667,6.78643844744563,-0.311728219221044
3223,6.97975,6.64154208553965,-0.338207914460349
3224,6.91675,6.50884244335109,-0.407907556648914
3225,6.93558333333333,6.38705253888587,-0.548530794447463
3226,7.00733333333333,6.27506055412738,-0.732272779205946
3227,7.14833333333333,6.17190109043728,-0.976432242896051
3228,7.29658333333333,6.07675516855545,-1.21982816477788
3229,7.39683333333333,5.98895022860006,-1.40788310473327
3230,7.44991666666667,5.95815804940198,-1.49175861726469
3231,7.4595,6.04280166650707,-1.41669833349293
3232,7.55725,6.21631279652088,-1.34093720347912
3233,7.72166666666667,6.45389621838907,-1.2677704482776
3234,7.90575,6.73337023571707,-1.17237976428293
3235,8.03566666666667,7.03516667677012,-1.00049998989655
3236,8.21258333333333,7.34233089447319,-0.870252438860136
3237,8.43283333333333,7.64052176641107,-0.792311566922257
3238,8.76533333333333,7.9180116948283,-0.847321638505028
3239,8.66916666666667,8.16568660662921,-0.503480060037459
3240,8.49875,8.37704595337789,-0.121704046622106
3241,8.3005,8.49008077062765,0.189580770627654
3242,8.0975,8.43120655799019,0.333706557990192
3243,7.8905,8.26071938108242,0.370219381082419
3244,7.74616666666666,8.02999147818393,0.283824811517265
3245,7.55583333333333,7.77823515093602,0.22240181760269
3246,7.34341666666667,7.53250276434172,0.189086097675053
3247,7.26475,7.30759982898376,0.0428498289837602
3248,7.30816666666667,7.10271688293732,-0.205449783729352
3249,7.32533333333333,6.91406269200477,-0.411270641328556
3250,7.34333333333333,6.74059686978794,-0.602736463545392
3251,7.35933333333333,6.58198227485786,-0.777351058475471
3252,7.38875,6.43858501075483,-0.950164989245167
3253,7.44483333333333,6.3114744259884,-1.13335890734493
3254,7.48658333333333,6.21248271471555,-1.27410061861778
3255,7.51216666666667,6.20756185687243,-1.30460480979424
3256,7.73341666666667,6.31144118008602,-1.42197548658065
3257,7.92466666666667,6.51770449037164,-1.40696217629503
3258,8.08125,6.80825040521082,-1.27299959478918
3259,8.24441666666667,7.1532923535513,-1.09112431311537
3260,8.42891666666667,7.51135857580699,-0.91755809085968
3261,8.637,7.84467325349116,-0.792326746508837
3262,8.85508333333333,8.16462164031824,-0.690461693015086
3263,8.98541666666667,8.42749516172497,-0.557921504941698
3264,8.93866666666667,8.59577935490083,-0.342887311765836
3265,8.88716666666667,8.64764714152189,-0.239519525144779
3266,8.66025,8.57695882775079,-0.0832911722492078
3267,8.34258333333333,8.39326210423676,0.0506787709034313
3268,8.01425,8.12179204611561,0.107542046115613
3269,7.67566666666667,7.80347111300974,0.127804446343069
3270,7.39108333333333,7.49490914902811,0.103825815694783
3271,7.21375,7.24713705951214,0.0333870595121368
3272,7.15525,6.99651809520601,-0.158731904793989
3273,7.1965,6.75007043301583,-0.446429566984169
3274,7.27575,6.52908142098128,-0.746668579018722
3275,7.38916666666667,6.35084627827434,-1.03832038839233
3276,7.48375,6.22866809519932,-1.25508190480068
3277,7.53558333333333,6.17185783319284,-1.36372550014049
3278,7.57983333333333,6.18573432482381,-1.39409900850952
3279,7.43141666666667,6.27162427379349,-1.15979239287318
3280,7.7075,6.42686225493542,-1.28063774506458
3281,7.83391666666667,6.64479071421545,-1.18912595245122
3282,8.00025,6.91475996873177,-1.08549003126822
3283,8.24616666666667,7.22212820671486,-1.02403845995181
3284,8.51025,7.54826148752754,-0.961988512472463
3285,8.78216666666667,7.87053374166489,-0.911632925001781
3286,8.9725,8.16254408617782,-0.809955913822177
3287,9.10908333333333,8.40445315636136,-0.704630176971973
3288,9.13758333333333,8.56597516366276,-0.571608169670567
3289,8.97433333333333,8.62159953176615,-0.352733801567181
3290,8.66408333333333,8.56140365479855,-0.102679678534782
3291,8.25591666666667,8.39105289732992,0.13513623066325
3292,7.90283333333333,8.13180059437315,0.228967261039818
3293,7.63708333333333,7.82048805138404,0.183404718050708
3294,7.45058333333333,7.50954454426132,0.0589612109279933
3295,7.37783333333333,7.25384665676472,-0.123986676568606
3296,7.40858333333333,7.02624242963347,-0.382340903699859
3297,7.45466666666667,6.81533082045685,-0.639335846209824
3298,7.52725,6.61930784744905,-0.90794215255095
3299,7.59433333333333,6.43774550494922,-1.15658782838411
3300,7.64708333333333,6.27159176342144,-1.37549156991189
3301,7.65358333333333,6.12317056945469,-1.53041276387864
3302,7.63625,5.99618184576294,-1.64006815423706
3303,7.44716666666667,5.89570149118506,-1.55146517548161
3304,7.48575,5.84021403537109,-1.64553596462891
3305,7.4275,5.86226981965338,-1.56523018034662
3306,7.42258333333333,5.97247237011998,-1.45011096321335
3307,7.57741666666667,6.16881151094419,-1.40860515572248
3308,7.76666666666667,6.43681660367413,-1.32985006299254
3309,8.07475,6.74955654723274,-1.32519345276726
3310,8.3975,7.06763977791776,-1.32986022208224
3311,8.62516666666667,7.36671622510052,-1.25845044156615
3312,8.83958333333333,7.65886975467035,-1.18071357866298
3313,8.89483333333333,7.85582098592147,-1.03901234741186
3314,8.64558333333333,7.90208625191818,-0.743497081415153
3315,8.27208333333333,7.78610922404158,-0.48597410929175
3316,7.91933333333333,7.54026091198967,-0.379072421343665
3317,7.61566666666667,7.24083966377726,-0.374827002889409
3318,7.42241666666667,6.99524957826064,-0.427167088406033
3319,7.33133333333333,6.78809368234093,-0.543239650992395
3320,7.36575,6.59830279382399,-0.767447206176015
3321,7.43266666666667,6.42334576296444,-1.00932090370223
3322,7.45375,6.26130302871369,-1.19244697128631
3323,7.40266666666667,6.11086661871982,-1.29180004794685
3324,7.26183333333333,5.97134014932768,-1.29049318400565
3325,7.08366666666667,5.84263882557882,-1.24102784108785
3326,6.89925,5.72528944121152,-1.17396055878848
3327,6.69008333333333,5.61466894898731,-1.07541438434602
3328,6.52283333333333,5.49143737831218,-1.03139595502115
3329,6.03258333333333,5.42239552463156,-0.610187808701772
3330,5.08875,5.46447498825682,0.375724988256815
3331,4.22141666666667,5.64516824847078,1.42375158180411
3332,4.31466666666667,5.96252866352772,1.64786199686105
3333,4.39141666666667,6.37989866853863,1.98848200187196
3334,4.367,6.74063119488549,2.37363119488549
3335,4.20716666666667,7.00726278019952,2.80009611353285
3336,4.10366666666667,7.194558596703,3.09089193003633
3337,4.14641666666667,7.3086202210704,3.16220355440373
3338,5.01666666666667,7.34688563442842,2.33021896776175
3339,5.07733333333333,7.29805456722034,2.22072123388701
3340,5.09358333333333,7.15016522210011,2.05658188876678
3341,5.07758333333333,6.95047321295618,1.87288987962286
3342,5.15258333333333,6.74831376191279,1.59573042857946
3343,5.23125,6.5702683136989,1.3390183136989
3344,5.16333333333333,6.42016453564826,1.25683120231493
3345,5.05858333333333,6.28363780328363,1.2250544699503
3346,5.11183333333333,6.15969706301306,1.04786372967973
3347,5.16875,6.03742639259593,0.868676392595932
3348,5.11983333333333,5.91697021627437,0.797136882941039
3349,5.12125,5.81450910351244,0.693259103512435
3350,5.28791666666667,5.76225976899614,0.474343102329466
3351,5.5795,5.82452934603529,0.245029346035291
3352,5.79625,6.03181631760959,0.235566317609593
3353,5.986,6.33376421681861,0.347764216818611
3354,6.16741666666667,6.68683962779606,0.519422961129389
3355,6.42541666666667,7.05643064049409,0.63101397382742
3356,6.69775,7.41452229062182,0.716772290621815
3357,6.97525,7.73479280414502,0.759542804145021
3358,7.28033333333333,8.01334317153501,0.733009838201684
3359,7.475,8.24449177157898,0.769491771578979
3360,7.53741666666667,8.41715202823743,0.879735361570764
3361,7.47991666666667,8.51483241064424,1.03491574397757
3362,7.343,8.51563643310661,1.17263643310661
3363,7.09375,8.38990850353056,1.29615850353056
3364,6.86775,8.13375192204629,1.26600192204629
3365,6.631,7.82776262929777,1.19676262929777
3366,6.455,7.53379208903313,1.07879208903313
3367,6.34983333333333,7.28171563556551,0.931882302232181
3368,6.35333333333333,7.06943247377304,0.716099140439708
3369,6.3465,6.87206777765224,0.525567777652236
3370,6.40641666666667,6.68999103961948,0.283574372952813
3371,6.44883333333333,6.51315830484064,0.064324971507312
3372,6.46191666666667,6.34361147985305,-0.118305186813617
3373,6.37716666666667,6.19981602804968,-0.177350638616987
3374,6.28483333333333,6.11666096967913,-0.168172363654196
3375,6.23883333333333,6.16492372747627,-0.0739096058570601
3376,6.27325,6.38162105733572,0.108371057335722
3377,6.39425,6.68878994991702,0.294539949917024
3378,6.60375,7.02939857911255,0.425648579112551
3379,6.81841666666667,7.37302744944574,0.554610782779069
3380,7.09375,7.70834353172818,0.614593531728177
3381,7.33783333333333,8.01929514700307,0.681461813669741
3382,7.59533333333333,8.29540379626279,0.700070462929461
3383,7.70941666666667,8.52496259679687,0.815545930130201
3384,7.70083333333333,8.69460752826903,0.993774194935698
3385,7.58883333333333,8.78931743271718,1.20048409938385
3386,7.07725,8.78909968223106,1.71184968223106
3387,6.74333333333333,8.61854748510825,1.87521415177492
3388,6.33933333333333,8.33340919426004,1.99407586092671
3389,6.03466666666667,8.01655667566571,1.98189000899904
3390,5.71041666666667,7.71942540804349,2.00900874137682
3391,5.48591666666667,7.4620144828506,1.97609781618393
3392,5.316,7.23294764243196,1.91694764243196
3393,5.22091666666667,7.02117918932218,1.80026252265551
3394,5.15408333333333,6.82526216480617,1.67117883147284
3395,5.159,6.63805007758448,1.47905007758448
3396,5.22566666666667,6.46158697442604,1.23592030775937
3397,5.22325,6.30710744016816,1.08385744016816
3398,5.27491666666667,6.19503659771653,0.920119931049861
3399,5.36741666666667,6.16834448538579,0.800927818719118
3400,5.34741666666667,6.26715062700978,0.919733960343108
3401,5.56025,6.45359017156006,0.893340171560055
3402,5.79975,6.69450657071264,0.89475657071264
3403,6.21041666666667,6.96651913847446,0.756102471807792
3404,6.58583333333333,7.25602305118336,0.67018971785003
3405,6.89358333333333,7.55720336989495,0.663620036561615
3406,7.05366666666667,7.85125418833139,0.797587521664719
3407,7.24883333333333,8.11923804817653,0.8704047148432
3408,7.389,8.3372296099715,0.9482296099715
3409,7.4525,8.47329296410312,1.02079296410312
3410,7.24458333333333,8.48748163080392,1.24289829747059
3411,6.909,8.34174116271756,1.43274116271756
3412,6.53616666666667,8.08153600513983,1.54536933847316
3413,6.14183333333333,7.78091705501073,1.6390837216774
3414,5.801,7.49040476134433,1.68940476134433
3415,5.58058333333333,7.23680669328172,1.65622335994839
3416,5.44466666666667,7.02321754009099,1.57855087342432
3417,5.39583333333333,6.83002358823908,1.43419025490575
3418,5.45925,6.65966548263931,1.20041548263931
3419,5.59766666666667,6.49845214898233,0.900785482315656
3420,5.73566666666667,6.32951175464823,0.593845087981563
3421,5.91483333333333,6.15644047643241,0.241607143099084
3422,5.8685,6.00330250054551,0.134802500545507
3423,5.97891666666667,5.91463002261341,-0.064286644053257
3424,6.25808333333333,5.95022921062766,-0.307854122705671
3425,6.51683333333333,6.10191770144719,-0.414915631886143
3426,6.89216666666667,6.31424132941619,-0.577925337250478
3427,7.27283333333333,6.55333844529666,-0.719494888036667
3428,7.49375,6.80861614702507,-0.685133852974926
3429,7.70891666666667,7.09275027971238,-0.616166386954289
3430,7.97241666666666,7.41000199455943,-0.56241467210723
3431,8.22358333333333,7.67678622242296,-0.546797110910375
3432,8.42416666666667,7.86417738480465,-0.559989281862018
3433,8.511,7.95783276996458,-0.553167230035415
3434,8.266,7.95285102670916,-0.313148973290843
3435,7.76733333333333,7.85300979789559,0.0856764645622583
3436,7.52058333333333,7.66100027646934,0.14041694313601
3437,7.4385,7.41975350138752,-0.0187464986124821
3438,7.34191666666667,7.17227019216074,-0.169646474505933
3439,7.2585,6.94532917527615,-0.313170824723845
3440,7.17775,6.74948738419746,-0.428262615802543
3441,7.15791666666667,6.57907985936488,-0.57883680730179
3442,7.14516666666667,6.41844165155181,-0.726725015114859
3443,7.17941666666667,6.27002383979296,-0.909392826873713
3444,7.18258333333333,6.13207782590882,-1.05050550742451
3445,7.15583333333333,6.00731597864351,-1.14851735468982
3446,7.1645,5.90458322216954,-1.25991677783046
3447,7.14483333333333,5.83885703608785,-1.30597629724548
3448,7.11191666666667,5.83128551939701,-1.28063114726966
3449,7.20091666666667,5.93700796766439,-1.26390869900228
3450,7.30683333333333,6.12861385845953,-1.1782194748738
3451,7.42716666666667,6.33893334994736,-1.08823331671931
3452,7.63083333333333,6.53138367743222,-1.09944965590111
3453,7.88158333333333,6.69996915335788,-1.18161417997545
3454,8.02866666666667,6.86928116730749,-1.15938549935918
3455,8.08058333333333,7.06719336245913,-1.0133899708742
3456,8.16083333333333,7.20667248557288,-0.954160847760452
3457,8.33258333333333,7.26044255108109,-1.07214078225224
3458,8.3315,7.22510729820335,-1.10639270179665
3459,8.1445,7.10989582485187,-1.03460417514813
3460,7.96533333333333,6.9366625876315,-1.02867074570183
3461,7.73275,6.73989718580888,-0.992852814191121
3462,7.46591666666667,6.55511913991913,-0.910797526747536
3463,7.24241666666667,6.38703751878665,-0.855379147880019
3464,7.08475,6.23361903812909,-0.851130961870908
3465,7.05966666666667,6.09317500581207,-0.966491660854598
3466,7.0865,5.96436132184917,-1.12213867815083
3467,7.1495,5.83845974919191,-1.31104025080809
3468,7.20758333333333,5.71268835801245,-1.49489497532088
3469,7.23433333333333,5.61832448248123,-1.6160088508521
3470,7.29233333333333,5.58094268685439,-1.71139064647894
3471,7.24591666666667,5.61870176517423,-1.62721490149244
3472,7.46233333333333,5.74234474126933,-1.719988592064
3473,7.64966666666667,5.95519886875443,-1.69446779791224
3474,7.86908333333333,6.25095965137628,-1.61812368195705
3475,8.18841666666667,6.57667185527017,-1.6117448113965
3476,8.50208333333333,6.88984141809644,-1.61224191523689
3477,8.68133333333333,7.16401133399417,-1.51732199933916
3478,8.81741666666667,7.37782485327242,-1.43959181339425
3479,8.8775,7.51502548241022,-1.36247451758978
3480,8.67008333333333,7.56445698405661,-1.10562634927672
3481,8.49833333333333,7.52006337703057,-0.978269956302757
3482,8.27591666666667,7.37979634732058,-0.896120319346094
3483,7.99666666666667,7.1745524484261,-0.82211421824057
3484,7.72191666666667,6.94913188855433,-0.77278477811234
3485,7.49616666666667,6.73392071951153,-0.76224594715514
3486,7.34058333333333,6.54468631877282,-0.795897014560515
3487,7.2785,6.38257738948215,-0.895922610517855
3488,7.30591666666667,6.23451185981019,-1.07140480685648
3489,7.27875,6.09550332973499,-1.18324667026501
3490,7.12925,5.96607844010006,-1.16317155989994
3491,6.58241666666667,5.84442916995225,-0.737987496714419
3492,5.23516666666667,5.73219738790991,0.497030721243243
3493,4.75075,5.6344748521629,0.883724852162897
3494,4.31775,5.55980321047255,1.24205321047255
3495,4.51591666666667,5.52000058420244,1.00408391753577
3496,5.09041666666667,5.52554683828427,0.435130171617597
3497,5.52033333333333,5.57954230248478,0.0592089691514524
3498,5.7145,5.67771275585794,-0.0367872441420563
3499,5.99066666666667,5.80844206457609,-0.182224602090577
3500,6.16483333333333,5.95277218192995,-0.212061151403379
3501,6.17941666666667,6.08440327056296,-0.0950133961037052
3502,5.84383333333333,6.19861937342795,0.354786040094623
3503,5.38875,6.29530995282934,0.906559952829345
3504,4.92091666666667,6.35549904801946,1.43458238135279
3505,4.68116666666667,6.36764828244232,1.68648161577565
3506,4.47875,6.32765686373368,1.84890686373368
3507,4.44425,6.238861583721,1.794611583721
3508,4.656,6.11790181549651,1.46190181549651
3509,4.9,5.9946323279951,1.0946323279951
3510,5.21558333333333,5.87587440423073,0.660291070897395
3511,5.181,5.76523056397184,0.584230563971842
3512,4.59525,5.66466299121433,1.06941299121433
3513,3.66458333333333,5.57449353418151,1.90991020084818
3514,2.90183333333333,5.49340370532414,2.59157037199081
3515,3.1465,5.4133754194034,2.2668754194034
3516,3.60291666666667,5.30199279377253,1.69907612710586
3517,4.01633333333333,5.20053135075024,1.18419801741691
3518,4.35558333333333,5.15243901929373,0.796855685960396
3519,4.68741666666667,5.18519744333386,0.497780776667185
3520,4.80816666666667,5.31032198177522,0.502155315108547
3521,5.05375,5.5233617084961,0.4696117084961
3522,5.08491666666667,5.80389941234848,0.71898274568181
3523,5.47766666666667,6.11555159715805,0.63788493049138
3524,5.91708333333333,6.4059684817242,0.488885148390866
3525,6.17508333333333,6.67505940928042,0.499976075947091
3526,6.32516666666667,6.98089087684428,0.655724210177608
3527,6.44275,7.29810360569598,0.855353605695981
3528,6.66316666666667,7.58711773804059,0.92395107137392
3529,6.78266666666666,7.79630634254675,1.01363967588009
3530,6.52983333333333,7.88585527736694,1.35602194403361
3531,6.092,7.83578329800563,1.74378329800563
3532,5.7115,7.64826229550007,1.93676229550007
3533,5.43266666666667,7.41334142777025,1.98067476110358
3534,5.23658333333333,7.17877520239928,1.94219186906595
3535,5.20116666666667,6.95937310210738,1.75820643544071
3536,5.2165,6.76210304603967,1.54560304603967
3537,5.25683333333333,6.58609138976618,1.32925805643285
3538,5.34183333333333,6.43123930664405,1.08940597331072
3539,5.40116666666667,6.29720400424421,0.896037337577537
3540,5.54033333333333,6.15055743182124,0.610224098487908
3541,5.79225,5.9995203951402,0.2072703951402
3542,5.96741666666667,5.89975797131425,-0.0676586953524243
3543,6.03791666666667,5.95369355788018,-0.0842231087864906
3544,6.31766666666667,6.18357855396654,-0.134088112700128
3545,6.53441666666667,6.50413815816078,-0.0302785085058908
3547,7.66127272727273,7.22625765376483,-0.4350150735079
3548,7.9005,7.56524780268205,-0.335252197317948
3549,8.09725,7.87142766020425,-0.225822339795753
3550,8.33458333333333,8.1496686434455,-0.184914689887831
3551,8.52875,8.39427750955638,-0.134472490443619
3552,8.696,8.58844606528319,-0.107553934716814
3553,8.70091666666667,8.70485418116234,0.00393751449566793
3554,8.03208333333333,8.70566979152041,0.673586458187078
3555,7.71775,8.5464294598803,0.828679459880298
3556,7.28383333333333,8.25700271179744,0.973169378464114
3557,6.89091666666667,7.92458045041309,1.03366378374642
3558,6.59483333333333,7.60829637625587,1.01346304292254
3559,6.37008333333333,7.33605004353476,0.965966710201431
3560,6.21033333333333,7.10450686013906,0.894173526805728
3561,6.14316666666667,6.89215890236226,0.748992235695586
3562,6.21841666666667,6.7057220550463,0.48730538837963
3563,6.37466666666667,6.52113710083053,0.146470434163863
3564,6.59908333333333,6.33270340883975,-0.266379924493577
3565,6.85091666666667,6.15962501340032,-0.691291653266349
3566,7.0035,6.04601061404015,-0.95748938595985
3567,7.15575,6.06087357548871,-1.09487642451129
3568,7.24725,6.24457195251104,-1.00267804748896
3569,7.36383333333333,6.53271934053891,-0.831113992794418
3570,7.508,6.87543014658064,-0.632569853419364
3571,7.671,7.23371662038814,-0.43728337961186
3572,7.93766666666667,7.57935093854118,-0.358315728125493
3573,8.2665,7.89486520444733,-0.371634795552672
3574,8.587,8.17355144834201,-0.413448551657995
3575,8.85866666666667,8.42177087931315,-0.436895787353516
3576,9.03325,8.6327277335991,-0.400522266400905
3577,8.98408333333334,8.73653880876094,-0.247544524572405
3578,8.66358333333333,8.69061514240804,0.0270318090747068
3579,8.19758333333333,8.49128512456368,0.293701791230351
3580,7.78058333333333,8.17379449766508,0.39321116433175
3581,7.36541666666667,7.81230635656336,0.446889689896691
3582,7.15641666666667,7.50304750872456,0.346630842057892
3583,7.01558333333333,7.23077020889967,0.21518687556634
3584,6.94141666666667,6.98189452334054,0.0404778566738679
3585,6.90608333333333,6.753845914573,-0.152237418760328
3586,6.91658333333333,6.54446727311982,-0.372116060213513
3587,6.98891666666667,6.35201891750066,-0.636897749166012
3588,7.01375,6.17517859423211,-0.838571405767892
3589,7.05058333333333,6.01308198955934,-1.03750134377399
3590,6.99825,5.92688995565481,-1.07136004434519
3591,6.91525,5.95926851927408,-0.955981480725919
3592,6.97641666666667,6.09099148405884,-0.885425182607833
3593,7.18991666666667,6.30256483590208,-0.887351830764594
3594,7.391,6.5742267429481,-0.816773257051896
3595,7.71216666666667,6.88594755559253,-0.826219111074136
3596,7.99683333333333,7.21742980648229,-0.779403526851042
3597,8.22975,7.5481082105156,-0.681641789484404
3598,8.5075,7.85714966484199,-0.650350335158007
3599,8.78391666666667,8.12345324886233,-0.66046341780434
3600,8.95791666666667,8.31235901953485,-0.645557647131817
3601,8.85341666666667,8.32916187269302,-0.52425479397365
3602,8.461,8.20307400820541,-0.257925991794586
3603,7.963,7.98116028605195,0.0181602860519527
3604,7.57741666666667,7.70321631853362,0.125799651866946
3605,7.16291666666667,7.40176847027245,0.238851803605776
3606,6.84558333333333,7.10207385821156,0.256490524878231
3607,6.64275,6.82212035161514,0.179370351615142
3608,6.5655,6.57262657206843,0.00712657206843215
3609,6.58941666666667,6.35704189347775,-0.232374773188921
3610,6.63816666666667,6.17154644207047,-0.466620224596196
3611,6.73741666666667,6.00505109639506,-0.732365570271615
3612,6.81608333333333,5.8378723983788,-0.978210934954534
3613,6.90675,5.64784058109444,-1.25890941890556
3614,6.95983333333333,5.52410832657081,-1.43572500676252
3615,6.72633333333333,5.54178839008902,-1.18454494324431
3616,6.742,5.72221427773612,-1.01978572226388
3617,7.10183333333333,6.03294024640513,-1.0688930869282
3618,7.31033333333333,6.3884491899692,-0.921884143364133
3619,7.61408333333333,6.72993840068955,-0.884144932643781
3620,7.91025,7.06041533029166,-0.849834669708343
3621,8.20716666666667,7.37291339328357,-0.834253273383101
3622,8.59658333333333,7.65847203083945,-0.938111302493876
3623,8.828,7.9061367107996,-0.921863289200402
3624,8.89733333333333,8.10274274945497,-0.794590583878357
3625,8.72825,8.19286352336286,-0.535386476637138
3626,8.47591666666666,8.15018105663553,-0.325735610031126
3627,8.12808333333333,7.99270992478045,-0.13537340855288
3628,7.68416666666667,7.74563428908428,0.0614676224176085
3629,7.255,7.44130789661288,0.186307896612878
3630,6.94108333333333,7.11925408021132,0.178170746877989
3631,6.72733333333333,6.82539798498608,0.0980646516527468
3632,6.60175,6.56631170470394,-0.0354382952960588
3633,6.57233333333333,6.32788962326075,-0.244443710072585
3634,6.6005,6.10789228199565,-0.492607718004345
3635,6.6935,5.90514137275112,-0.788358627248878
3636,6.796,5.71951973787288,-1.07648026212712
3637,6.87741666666667,5.55197137020996,-1.32544529645671
3638,6.84108333333333,5.40471079613677,-1.43637253719656
3639,6.76883333333333,5.31680093674119,-1.45203239659214
3640,6.70091666666667,5.3011826610096,-1.39973400565707
3641,6.68258333333333,5.33951979071191,-1.34306354262142
3642,6.69166666666667,5.41691854027069,-1.27474812639598
3643,6.82141666666667,5.52192751676117,-1.2994891499055
3644,7.09325,5.64653771991122,-1.44671228008878
3645,7.29841666666667,5.78618254210138,-1.51223412456529
3646,7.52375,5.94020308943775,-1.58354691056225
3647,7.69258333333333,6.10972578091947,-1.58285755241386
3648,7.77083333333333,6.27443631733293,-1.4963970160004
3649,7.91875,6.39831528848393,-1.52043471151607
3650,7.91133333333333,6.4539408018645,-1.45739253146883
3651,7.78975,6.41416565303254,-1.37558434696746
3652,7.60416666666667,6.23917661206881,-1.36499005459786
3653,7.30675,6.00805789240701,-1.29869210759299
3654,7.03483333333333,5.80872343456871,-1.22610989876462
3655,6.70841666666667,5.62636159589819,-1.08205507076848
3656,6.4495,5.45931851634601,-0.990181483653986
3657,6.31558333333333,5.30634244022983,-1.0092408931035
3658,6.20125,5.13159600683177,-1.06965399316823
3659,6.1175,4.92653040316879,-1.19096959683121
3660,6.1805,4.74630628086625,-1.43419371913375
3661,6.239,4.63352153774579,-1.60547846225421
3662,6.26341666666667,4.61784307790401,-1.64557358876266
3663,6.42691666666667,4.71600681171246,-1.71090985495421
3664,6.64416666666667,4.93181765581765,-1.71234901084902
3665,6.89625,5.25614953314106,-1.64010046685894
3666,7.31041666666667,5.66694537287911,-1.64347129378756
3667,7.776,6.1292171105032,-1.6467828894968
3668,8.14408333333333,6.59504568775968,-1.54903764557365
3669,8.50283333333333,7.00358105266987,-1.49925228066346
3670,8.9255,7.36059006908201,-1.56490993091799
3671,9.20858333333334,7.6950393575133,-1.51354397582004
3672,9.36175,7.95553689314762,-1.40621310685238
3673,9.26283333333333,8.1065463068044,-1.15628702652893
3674,8.73325,8.12865945314389,-0.604590546856114
3675,7.8325,8.01859641066713,0.186096410667128
3676,7.407,7.78920548171598,0.38220548171598
3677,6.88483333333333,7.46946319247311,0.584629859139776
3678,6.50008333333333,7.10447429296199,0.604390959628658
3679,6.2145,6.75547175704689,0.540971757046889
3680,6.07441666666667,6.480563221615,0.406146554948327
3681,6.03441666666667,6.23129452373308,0.196877857066411
3682,6.05075,6.00355871448182,-0.0471912855181813
3683,6.07091666666667,5.80432944300239,-0.266587223664284
3684,6.21833333333333,5.63835961091561,-0.579973722417717
3685,6.26091666666667,5.50818137232198,-0.75273529434469
3686,6.21575,5.41410613380162,-0.801643866198377
3687,5.873,5.35422455441433,-0.518775445585674
3688,5.73433333333333,5.32440654569953,-0.4099267876338
3689,5.98691666666667,5.31830127167633,-0.668615394990344
3690,6.09266666666667,5.33159372194439,-0.761072944722284
3691,6.169,5.37909807060607,-0.789901929393934
3692,6.26783333333333,5.429829421219,-0.838003912114327
3693,6.23558333333333,5.47553480953713,-0.760048523796199
3694,5.79758333333333,5.52942980823046,-0.268153525102867
3695,4.42808333333333,5.55364496345257,1.12556163011924
3696,3.64441666666667,5.53542215349225,1.89100548682558
3697,3.71508333333333,5.48919762749048,1.77411429415715
3698,3.95666666666667,5.42457936504079,1.46791269837412
3699,4.2355,5.3379151846672,1.1024151846672
3700,4.478,5.24953972047572,0.771539720475719
3701,4.59041666666667,5.17017076767495,0.579754101008279
3702,4.49425,5.10068488760257,0.606434887602575
3703,4.06483333333333,5.03717291377765,0.97233958044432
3704,3.48125,4.98008640518925,1.49883640518925
3705,2.96791666666667,4.93010681014717,1.9621901434805
3706,2.74875,4.887775244789,2.139025244789
3707,2.46975,4.85349249308012,2.38374249308012
3708,2.19183333333333,4.8275190068137,2.63568567348037
3709,1.83133333333333,4.80997490561071,2.97864157227738
3710,1.262,4.8008399769199,3.5388399769199
3711,1.41175,4.80086614578295,3.38911614578295
3712,1.75541666666667,4.82273189818434,3.06731523151768
3713,2.28408333333333,4.8811368450162,2.59705351168287
3714,2.44616666666667,4.98014454079674,2.53397787413007
3715,3.56758333333333,5.11291092869663,1.5453275953633
3716,3.66691666666667,5.26168434053904,1.59476767387237
3717,3.80083333333333,5.39647344190001,1.59564010856668
3718,3.87533333333333,5.47918606942354,1.60385273609021
3719,3.88533333333333,5.52128196170727,1.63594862837394
3720,3.96241666666667,5.53782236407031,1.57540569740364
3721,3.85008333333333,5.53535950965021,1.68527617631688
3722,3.74216666666667,5.51193661940296,1.76976995273629
3723,3.49816666666667,5.45727553023629,1.95910886356962
3724,3.45341666666667,5.38867418876298,1.93525752209631
3725,3.46866666666667,5.32609131590889,1.85742464924222
3726,3.40991666666667,5.26939283195301,1.85947616528634
3727,3.25633333333333,5.21834257053626,1.96200923720293
3728,3.06083333333333,5.17260227866154,2.11176894532821
3729,2.98191666666667,5.13173161669373,2.14981495002706
3730,2.96191666666667,5.09518815835966,2.13327149169299
3731,3.032,5.06232739074814,2.03032739074814
3732,3.01333333333333,5.02858008681012,2.01524675347679
3733,3.04608333333333,4.98381860235226,1.93773526901893
3734,3.04583333333333,4.9731890287273,1.92735569539397
3735,3.16175,5.02389681243281,1.86214681243281
3736,3.35925,5.1322706143212,1.7730206143212
3737,3.34391666666667,5.26376230959977,1.9198456429331
3738,3.31266666666667,5.40748085198928,2.09481418532261
3739,3.15533333333333,5.63016709887563,2.4748337655423
3740,3.11183333333333,5.92476089953193,2.8129275661986
3741,3.08116666666667,6.23601067248808,3.15484400582141
3742,2.89191666666667,6.49089641653606,3.59897974986939
3743,2.56983333333333,6.75241285514833,4.182579521815
3744,2.44033333333333,7.04077842770114,4.60044509436781
3745,2.47658333333333,7.23237213516111,4.75578880182778
3746,2.489,7.19544755532677,4.70644755532677
3747,2.57016666666667,7.06481874855419,4.49465208188752
3748,2.61316666666667,6.88949034799168,4.27632368132501
3749,2.66641666666667,6.70950123785043,4.04308457118376
3750,2.6985,6.55110604546128,3.85260604546128
3751,2.68291666666667,6.4100299956156,3.72711332894893
3752,2.65633333333333,6.28361877333152,3.62728543999819
3753,2.55258333333333,6.16989404942825,3.61731071609492
3754,2.64825,6.06734020606641,3.41909020606641
3755,2.81625,5.97490169091317,3.15865169091317
3756,2.9995,5.8894254758203,2.8899254758203
3757,3.17891666666667,5.81857887535572,2.63966220868905
3758,3.39258333333333,5.78169467060161,2.38911133726828
3759,3.66716666666667,5.82215666651182,2.15498999984515
3760,3.90941666666667,5.98894923250394,2.07953256583727
3761,4.17366666666667,6.23731219224005,2.06364552557338
3762,4.35716666666667,6.52894808735538,2.17178142068871
3763,4.46925,6.81276320865849,2.34351320865849
3764,4.59083333333333,7.07253147567915,2.48169814234582
3765,4.76841666666667,7.36862535967497,2.6002086930083
3766,4.81275,7.69422619529992,2.88147619529992
3767,4.903,7.95865975835652,3.05565975835652
3768,4.91308333333333,8.14481317880592,3.23172984547259
3769,4.78841666666667,8.23490162422946,3.44648495756279
3770,4.542,8.20972085435078,3.66772085435078
3771,4.34941666666667,8.0819706736325,3.73255400696583
3772,4.11641666666667,7.88798919716627,3.7715725304996
3773,3.62191666666667,7.66061405486938,4.03869738820271
3774,3.54533333333333,7.42891397719118,3.88358064385785
3775,3.397,7.21778451316442,3.82078451316442
3776,3.26133333333333,7.02448673900073,3.7631534056674
3777,3.22583333333333,6.84664192883566,3.62080859550233
3778,3.13533333333333,6.69117272008286,3.55583938674953
3779,3.12866666666667,6.56268613685612,3.43401947018945
3780,3.1305,6.46347358996933,3.33297358996933
3781,3.11066666666667,6.3935108769365,3.28284421026983
3782,3.16483333333333,6.35045818197174,3.18562484863841
3783,3.35383333333333,6.32966007598929,2.97582674265596
3784,3.64591666666667,6.32414551660348,2.67822884993681
3785,3.99225,6.33648080944348,2.34423080944348
3786,4.26316666666667,6.46300651629043,2.19983984962376
3787,4.50341666666667,6.6791690455663,2.17575237889963
3788,4.57383333333333,6.93285767817283,2.3590243448395
3789,4.699,7.18155033582479,2.48255033582479
3790,4.77908333333333,7.3923135810499,2.61323024771657
3791,4.8775,7.54180261718887,2.66430261718887
3792,4.81916666666667,7.61626128839539,2.79709462172872
3793,4.69075,7.61152207963613,2.92077207963613
3794,4.51375,7.53300611669076,3.01925611669076
3795,4.27941666666667,7.39659228630289,3.11717561963622
3796,4.08633333333333,7.22925773680498,3.14292440347165
3797,4.143,7.05038943101509,2.90738943101509
3798,4.2585,6.87389654393657,2.61539654393657
3799,4.30558333333333,6.70934370838117,2.40376037504784
3800,3.89191666666667,6.56195101496905,2.67003434830238
3825,4.23341666666667,5.04741225124806,0.813995584581394
3826,4.21858333333333,5.02392595156946,0.805342618236135
3827,4.20091666666667,4.99932687999137,0.798410213324701
3828,4.14375,4.97595017937365,0.832200179373646
3829,4.17666666666667,4.95902623557229,0.782359568905624
3830,4.21325,4.95668067743945,0.743430677439453
3831,4.34291666666667,4.99038110549768,0.647464438831012
3832,4.63166666666667,5.06756496816033,0.435898301493665
3833,4.82016666666667,5.14358414940607,0.323417482739403
3834,5.028,5.1994254667927,0.171425466792701
3835,5.05908333333333,5.2454652705494,0.186381937216074
3836,5.1355,5.32146944357675,0.18596944357675
3837,5.21316666666667,5.49659340144669,0.283426734780023
3838,5.26908333333333,5.83788108843979,0.568797755106456
3839,4.9895,6.22896691761925,1.23946691761925
3840,4.37875,6.52673091218446,2.14798091218446
3841,4.04066666666667,6.65771202199905,2.61704535533238
3842,3.90758333333333,6.61803567921,2.71045234587667
3843,3.92558333333333,6.47341379824761,2.54783046491428
3844,4.08741666666667,6.33170118036479,2.24428451369812
3845,4.08875,6.20582313679722,2.11707313679722
3846,3.88425,6.09218944498079,2.20793944498079
3847,3.49758333333333,5.9892019411238,2.49161860779047
3848,3.08641666666667,5.89528692791116,2.80887026124449
3849,2.66325,5.80889517450441,3.14564517450441
3850,2.21966666666667,5.72842458262067,3.508757915954
3851,2.11975,5.64736224355456,3.52761224355456
3852,2.32125,5.57132110321737,3.25007110321737
3853,2.68341666666667,5.51260534000147,2.8291886733348
3854,3.05483333333333,5.48286952127338,2.42803618794005
3855,3.47833333333333,5.49311860337371,2.01478527004038
3856,3.35766666666667,5.55370793161724,2.19604126495057
3857,3.1665,5.67290426974863,2.50640426974863
3858,2.99608333333333,5.83580252367893,2.8397191903456
3859,2.96108333333333,6.04222461050815,3.08114127717482
3860,3.38158333333333,6.2833627927462,2.90177945941287
3861,3.73941666666667,6.52967566508068,2.79025899841401
3862,4.09783333333333,6.73088815437691,2.63305482104358
3863,4.23066666666667,6.84995062386126,2.61928395719459
3864,4.26158333333333,6.90996642080129,2.64838308746796
3865,4.14808333333333,6.91766973204198,2.76958639870865
3866,4,6.87704717577597,2.87704717577597
3867,3.8895,6.7896846413356,2.9001846413356
3868,3.71891666666667,6.65936104416222,2.94044437749555
3869,3.6065,6.51642739225915,2.90992739225915
3870,3.53216666666667,6.37503273130868,2.84286606464201
3871,3.38966666666667,6.24243694954555,2.85277028287888
3872,3.57975,6.1228965191657,2.5431465191657
3873,3.57033333333333,6.0176644963262,2.44733116299287
3874,3.56958333333333,5.92499052114534,2.35540718781201
3875,3.64533333333333,5.82701539835165,2.18168206501832
3876,3.798,5.69946966073435,1.90146966073435
3877,3.91125,5.62890544562728,1.71765544562729
3878,4.02633333333333,5.67608458766352,1.64975125433019
3879,4.20791666666667,5.86064226501278,1.65272559834611
3880,4.44708333333333,6.16108699938141,1.71400366604808
3881,4.69575,6.51480065601237,1.81905065601237
3882,4.95166666666667,6.83708774369853,1.88542107703186
3883,5.25116666666667,7.14122924919434,1.89006258252767
3884,5.54808333333333,7.43751334794329,1.88943001460996
3885,5.87116666666667,7.72276615586294,1.85159948919627
3886,6.17925,7.98642029639289,1.80717029639289
3887,6.39441666666667,8.21051490049479,1.81609823382812
3888,6.58983333333333,8.36749844158922,1.77766510825589
3889,6.71683333333333,8.42496729218844,1.70813395885511
3890,6.70158333333333,8.38011233214916,1.67852899881583
3891,6.58516666666667,8.2419296395349,1.65676297286823
3892,6.2755,8.02857505846942,1.75307505846942
3893,5.98341666666667,7.76736419913677,1.7839475324701
3894,5.70008333333333,7.49477243778124,1.79468910444791
3895,5.37858333333333,7.25518737316363,1.8766040398303
3896,5.13591666666667,7.05555948495328,1.91964281828661
3897,5.00691666666667,6.87335273630286,1.86643606963619
3898,4.94475,6.69725373414922,1.75250373414922
3899,4.94283333333333,6.52460813118982,1.58177479785649
3900,4.92408333333333,6.36142062588272,1.43733729254939
3901,4.94175,6.22235496244655,1.28060496244655
3902,4.95766666666667,6.13073393086058,1.17306726419391
3903,4.73175,6.11853936686465,1.38678936686465
3904,4.65816666666667,6.20607218564766,1.54790551898099
3905,4.95608333333333,6.35304316824265,1.39695983490932
3906,5.15741666666667,6.52953378367342,1.37211711700675
3907,5.39066666666667,6.725398400072,1.33473173340533
3908,5.65658333333333,6.9499985511241,1.29341521779077
3909,5.89291666666667,7.22592498965225,1.33300832298558
3910,6.04641666666667,7.44213017211463,1.39571350544796
3911,6.26416666666667,7.56949740946257,1.3053307427959
3912,6.47833333333333,7.62985550537388,1.15152217204055
3913,6.39916666666667,7.62904161780251,1.22987495113584
3914,6.25675,7.55690125897849,1.30015125897849
3915,6.178,7.39451437919021,1.21651437919021
3916,6.00075,7.17511345519608,1.17436345519608
3917,5.81358333333333,6.94757879127221,1.13399545793888
3918,5.58083333333333,6.74087120805164,1.16003787471831
3919,5.294,6.56406525371649,1.27006525371649
3920,5.11025,6.40667352256301,1.29642352256301
3921,4.9335,6.25954368826707,1.32604368826707
3922,4.89175,6.12444039110346,1.23269039110346
3923,4.85108333333333,6.00301212420828,1.15192879087495
3924,4.83558333333333,5.89911218834155,1.06352885500822
3925,4.85225,5.81879869188721,0.966548691887212
3926,4.90175,5.77851397560045,0.876763975600446
3927,4.79025,5.83399570267361,1.04374570267361
3928,4.99366666666667,5.93777095401564,0.944104287348972
3929,5.21991666666667,6.04487958331698,0.824962916650309
3930,5.48408333333333,6.13853336512853,0.654450031795203
3931,5.72708333333333,6.2301159948617,0.503032661528369
3932,5.837,6.34972776114093,0.512727761140925
3933,5.95641666666667,6.47350161089461,0.517084944227939
3934,6.09525,6.57114193209895,0.475891932098953
3935,6.20033333333333,6.63859701466126,0.438263681327933
3936,6.234,6.69713066485565,0.463130664855647
3937,6.20583333333333,6.74859034367434,0.54275701034101
3938,5.99758333333333,6.71251999647725,0.714936663143916
3939,5.98866666666667,6.5957613279965,0.607094661329827
3940,5.90458333333333,6.42946022011399,0.524876886780663
3941,5.71416666666667,6.26088944965638,0.546722782989715
3942,5.47308333333333,6.10784246930418,0.634759135970855
3943,5.20983333333333,5.96886626920595,0.759032935872619
3944,5.06341666666667,5.84307973996152,0.779663073294849
3945,4.96458333333333,5.72954237676624,0.764959043432907
3946,4.93108333333333,5.62725427941096,0.696170946077629
3947,4.99316666666667,5.53066875660599,0.537502089939321
3948,5.04291666666667,5.39675823199145,0.353841565324781
3949,5.04058333333333,5.28619616836806,0.245612835034732
3950,5.16225,5.26575560751876,0.103505607518763
3951,5.189,5.37276153633477,0.183761536334767
3952,5.24775,5.61509088681555,0.367340886815549
3953,5.48841666666667,5.97117253606884,0.482755869402173
3954,5.836,6.38998730631065,0.553987306310654
3955,6.26558333333333,6.79443453451743,0.5288512011841
3956,6.7185,7.16276338235922,0.444263382359218
3957,7.13241666666667,7.50488827170318,0.372471605036514
3958,7.4425,7.81758061657414,0.375080616574135
3959,7.74241666666667,8.09169252903409,0.349275862367418
3960,7.93566666666667,8.31215681918228,0.376490152515611
3961,7.98491666666666,8.45798699515516,0.473070328488502
3962,7.88883333333333,8.50227726312639,0.61344392979306
3963,7.565,8.40987260405367,0.844872604053669
3964,7.09525,8.15760482372066,1.06235482372066
3965,6.57466666666667,7.82987837398333,1.25521170731666
3966,6.14808333333333,7.5014492754175,1.35336594208417
3967,5.785,7.21340035418875,1.42840035418875
3968,5.54008333333333,6.97314124205238,1.43305790871905
3969,5.3325,6.75751612877898,1.42501612877898
3970,5.1285,6.56334889542881,1.43484889542881
3971,5.06416666666667,6.37908647566853,1.31491980900187
3972,5.06841666666667,6.2045660701676,1.13614940350093
3973,5.10083333333333,6.06372816180247,0.962894828469142
3974,5.31891666666667,6.0046165156566,0.68569984898993
3975,5.55058333333333,6.0949106079968,0.544327274663469
3976,5.84258333333333,6.31994874022911,0.477365406895779
3977,6.06825,6.62131750558999,0.553067505589993
3978,6.31508333333333,6.95922843825314,0.644145104919807
3979,6.638,7.30433291790617,0.666332917906169
3980,6.85483333333333,7.63772216975066,0.782888836417328
3981,7.12816666666667,7.95046145283391,0.822294786167241
3982,7.37583333333333,8.23229979963882,0.856466466305494
3983,7.72583333333333,8.47465743951566,0.748824106182326
3984,8.025,8.66568393348064,0.640683933480643
3985,8.22783333333333,8.78686891960804,0.559035586274714
3986,8.21041666666667,8.81304211303013,0.60262544636346
3987,7.88125,8.7123733059372,0.831123305937199
3988,7.42808333333333,8.44643041983439,1.01834708650106
3989,6.95033333333333,8.09645401422786,1.14612068089453
3990,6.56516666666667,7.76642574723817,1.2012590805715
3991,6.26908333333333,7.46051509005388,1.19143175672055
3992,6.06033333333333,7.18092182685917,1.12058849352584
3993,5.86983333333333,6.92787605483387,1.05804272150054
3994,5.69016666666667,6.69963818415342,1.00947151748675
3995,5.561,6.4924989379889,0.931498937988897
3996,5.40233333333333,6.29749513479455,0.895161801461222
3997,5.36483333333333,6.12512015970443,0.760286826371102
3998,5.72375,6.0462363110582,0.322486311058199
3999,5.90541666666667,6.1033555432564,0.197938876589728
4000,6.14991666666667,6.30124429170034,0.151327625033668
4001,6.34691666666667,6.60692347279209,0.260006806125418
4002,6.55308333333333,6.95043082674179,0.397347493408465
4003,6.77291666666667,7.28855967716891,0.515643010502235
4004,7.00583333333333,7.62016490767272,0.614331574339387
4005,7.30383333333333,7.93461436592138,0.630781032588046
4006,7.62708333333333,8.21981422290104,0.592730889567706
4007,7.982,8.46220897291585,0.480208972915851
4008,8.20125,8.64678143358799,0.445531433587989
4009,8.30058333333333,8.70636239835007,0.405779065016739
4010,7.98525,8.58045699245369,0.595206992453691
4011,7.5235,8.32776601509647,0.804266015096468
4012,7.03541666666667,7.99992619844019,0.964509531773518
4013,6.51391666666667,7.63931933009712,1.12540266343045
4014,6.06608333333333,7.27907225313001,1.21298891979668
4015,5.71375,6.94305686605212,1.22930686605212
4016,5.4845,6.64589012282717,1.16139012282717
4017,5.34708333333333,6.39293403286938,1.04585069953605
4018,5.20675,6.18029566104345,0.973545661043453
4019,5.16766666666667,5.99482712766459,0.827160460997917
4020,5.17433333333333,5.81418645286749,0.639853119534157
4021,5.35283333333333,5.63990449680495,0.287071163471616
4022,5.55283333333333,5.54234009278264,-0.0104932405506926
4023,5.41741666666667,5.57335310067551,0.15593643400884
4024,5.74875,5.75043307156267,0.00168307156267389
4025,6.14725,6.05669924772741,-0.0905507522725877
4026,6.47941666666667,6.44090056265717,-0.0385161040094966
4027,6.73458333333333,6.82261522045292,0.0880318871195938
4028,6.97275,7.18055656958451,0.207806569584505
4029,7.42758333333333,7.51391277043587,0.0863294371025409
4030,7.82566666666667,7.8122700338368,-0.0133966328298722
4031,8.09025,8.06418227690261,-0.0260677230973876
4032,8.16333333333333,8.25717112303419,0.0938377897008582
4033,8.107,8.37772590191797,0.270725901917967
4034,7.90108333333333,8.37831942348722,0.47723609015389
4035,7.45458333333333,8.16782284987838,0.713239516545048
4036,6.89041666666667,7.84117725270788,0.950760586041212
4037,6.31391666666667,7.4811092530597,1.16719258639303
4038,5.75325,7.13826271325421,1.38501271325421
4039,5.31808333333333,6.83119873684818,1.51311540351485
4040,5.05075,6.54912352360093,1.49837352360093
4041,4.906,6.2891932626827,1.3831932626827
4042,4.80675,6.05172489935936,1.24497489935936
4043,4.78241666666667,5.83537711071335,1.05296044404668
4044,4.83541666666667,5.63969273099204,0.804276064325365
4045,4.92191666666667,5.47065081574586,0.548734149079193
4046,4.94408333333333,5.38938175713707,0.445298423803738
4047,4.969,5.41231935231912,0.443319352319121
4048,5.21275,5.44582203821609,0.233072038216092
4049,5.20466666666667,5.57494690553431,0.37028023886764
4050,2.44758333333333,5.82401594013774,3.37643260680441
4051,1.722,6.13390362625235,4.41190362625235
4052,1.53691666666667,6.48373811353325,4.94682144686658
4053,1.42141666666667,6.86837803872042,5.44696137205375
4054,1.28533333333333,7.23608375841179,5.95075042507846
4055,1.14016666666667,7.55737014250531,6.41720347583864
4056,1.21558333333333,7.82372739139616,6.60814405806283
4057,1.28325,8.00066020301518,6.71741020301518
4058,0.778666666666667,8.05574600656254,7.27707933989587
4059,0.635916666666667,7.96754429851021,7.33162763184354
4060,0.736916666666667,7.7255966426019,6.98867997593523
4061,0.92525,7.39603502926688,6.47078502926688
4062,1.15925,7.07470758169414,5.91545758169414
4063,1.4265,6.77019138961324,5.34369138961324
4064,1.62566666666667,6.48778540883147,4.8621187421648
4065,1.91016666666667,6.22993116617723,4.31976449951056
4066,2.05933333333333,5.99621275950008,3.93687942616675
4067,2.23208333333333,5.78335685767067,3.55127352433734
4068,2.51575,5.56872269407787,3.05297269407787
4069,2.67616666666667,5.36908089860908,2.69291423194241
4070,2.89433333333333,5.2794851741674,2.38515184083407
4071,3.22891666666667,5.35091064073746,2.12199397407079
4072,3.45108333333333,5.58595209792859,2.13486876459526
4073,3.86325,5.93882402497483,2.07557402497483
4074,4.37908333333333,6.32024635934638,1.94116302601305
4075,4.92275,6.69828672131925,1.77553672131925
4076,5.40066666666667,7.06968964443416,1.66902297776749
4077,5.82058333333333,7.42127196642347,1.60068863309014
4078,6.27675,7.73975489416416,1.46300489416416
4079,6.65483333333333,8.01176400367773,1.3569306703444
4080,6.89808333333333,8.22382924013027,1.32574590679694
4081,6.84975,8.35492613917971,1.50517613917971
4082,6.59316666666667,8.37895685248634,1.78579018581967
4083,6.10108333333333,8.28746813492707,2.18638480159374
4084,5.60708333333333,8.08584383976634,2.47876050643301
4085,5.202,7.79327811456595,2.59127811456595
4086,4.88508333333333,7.442775401185,2.55769206785167
4087,4.74891666666667,7.08115043577999,2.33223376911332
4088,4.72391666666667,6.76747075353847,2.0435540868718
4089,4.761,6.51293188303646,1.75193188303646
4090,4.80275,6.27916575018182,1.47641575018182
4091,4.91041666666667,6.04700076949432,1.13658410282765
4092,5.03725,5.81795866987127,0.780708669871273
4093,5.11308333333333,5.6142544945875,0.501171161254167
4094,5.07716666666667,5.47879660129533,0.40162993462866
4095,4.67841666666667,5.47518666202464,0.796769995357966
4096,4.88425,5.6555919230021,0.771341923002102
4097,5.24625,5.93939402233429,0.693144022334291
4098,5.51891666666667,6.28387983823624,0.764963171569572
4099,5.84983333333333,6.65771830773892,0.807884974405591
4100,6.17441666666667,7.03309312390501,0.858676457238341
4101,6.73416666666667,7.38570273582891,0.651536069162235
4102,7.21125,7.69476034863671,0.483510348636711
4103,7.46125,7.94299392348624,0.481743923486244
4104,7.49283333333333,8.11664617756704,0.623812844233708
4105,7.17491666666667,8.19380103704608,1.01888437037941
4106,6.84891666666667,8.12248627958423,1.27356961291756
4107,6.53591666666667,7.93598097596435,1.40006430929768
4108,6.087,7.6744893050877,1.5874893050877
4109,5.57025,7.37256894443876,1.80231894443876
4110,5.46025,7.05913107008523,1.59888107008523
4111,5.39158333333333,6.757440356678,1.36585702334467
4112,5.37841666666667,6.4851026453555,1.10668597868883
4113,5.34141666666667,6.24677978536318,0.905363118696513
4114,5.30816666666667,6.02825965806615,0.720092991399476
4115,5.29766666666667,5.82050739631533,0.522840729648664
4116,5.26475,5.62349343676031,0.358743436760314
4117,5.25125,5.44619351984929,0.194943519849287
4118,5.26916666666667,5.30658868982909,0.0374220231624154
4119,5.0695,5.23166529474516,0.162165294745165
4120,5.13608333333333,5.26353969595543,0.127456362622103
4121,5.54991666666667,5.49332684469218,-0.0565898219744909
4122,5.93825,5.86117425740013,-0.0770757425998694
4123,6.34983333333333,6.28518625373896,-0.0646470795943674
4124,6.71316666666667,6.70657887249544,-0.00658779417122535
4125,7.10325,7.08967987158344,-0.0135701284165632
4126,7.5495,7.4219287280439,-0.1275712719561
4127,7.91475,7.70610331280638,-0.20864668719362
4128,8.12775,7.92264290695427,-0.205107093045727
4129,8.05933333333333,8.04835168343309,-0.0109816499002413
4130,7.79108333333333,8.0603353776277,0.269252044294373
4131,7.32691666666667,7.93551203820471,0.608595371538037
4132,6.81358333333333,7.65845655665173,0.844873223318402
4133,6.3265,7.31084967757296,0.98434967757296
4134,5.91025,6.97507731977942,1.06482731977942
4135,5.52575,6.68458253071821,1.15883253071821
4136,5.23825,6.42599505780715,1.18774505780715
4137,5.03025,6.18878219103698,1.15853219103698
4138,4.93375,5.97362235063645,1.03987235063645
4139,4.87591666666667,5.77845440736852,0.902537740701847
4140,4.88041666666667,5.60198546686652,0.721568800199848
4141,4.94283333333333,5.44743963491168,0.50460630157835
4142,5.04491666666667,5.37670314103182,0.331786474365146
4143,5.23908333333333,5.45774312005843,0.218659786725105
4144,5.48775,5.69655139530984,0.208801395309838
4145,5.87633333333333,6.03560444991262,0.159271116579286
4146,6.2495,6.39761660400616,0.148116604006156
4147,6.67316666666667,6.76884350773374,0.0956768410670685
4148,7.15791666666667,7.13877937588158,-0.0191372907850855
4149,7.628,7.49363686262149,-0.134363137378514
4150,8.00441666666667,7.8163470615108,-0.188069605155872
4151,8.344,8.08655950549245,-0.257440494507554
4152,8.62716666666667,8.28064216689492,-0.346524499771752
4153,8.63025,8.37168145743227,-0.25856854256773
4154,8.347,8.32582840509333,-0.0211715949066669
4155,7.87958333333333,8.14990886245586,0.270325529122531
4156,7.31616666666667,7.88908573579989,0.572919069133221
4157,6.78625,7.58194133821966,0.79569133821966
4158,6.33833333333333,7.25986546800965,0.92153213467632
4159,5.97083333333333,6.94705540866458,0.976222075331247
4160,5.73141666666667,6.6605159288794,0.929099262212732
4161,5.58041666666667,6.41438066396802,0.833963997301352
4162,5.48333333333333,6.19701037528968,0.713677041956351
4163,5.474,5.98629020632938,0.512290206329382
4164,5.429,5.7821170874007,0.353117087400705
4165,5.50208333333333,5.60671422250199,0.104630889168662
4166,5.60316666666667,5.50463108931635,-0.0985355773503169
4167,5.777,5.54274343921166,-0.234256560788337
4168,6.01266666666667,5.76596122091299,-0.246705445753677
4169,6.38183333333333,6.08800101758629,-0.293832315747044
4170,6.72975,6.45477773941513,-0.274972260584867
4171,7.13325,6.82957035973027,-0.303679640269729
4172,7.58875,7.19029456710599,-0.398455432894007
4173,8.02625,7.52950276536015,-0.496747234639852
4174,8.33875,7.81655853675893,-0.522191463241066
4175,8.63708333333333,8.03753900726398,-0.599544326069349
4176,8.83133333333334,8.20899578236974,-0.6223375509636
4177,8.82491666666667,8.3222686305173,-0.502648036149374
4178,8.05725,8.34345476073295,0.286204760732954
4179,7.893,8.19396354703748,0.300963547037484
4180,7.53441666666667,7.87470484057206,0.340288173905393
4181,7.13091666666667,7.50366475407213,0.372748087405456
4182,6.65758333333333,7.15395260545747,0.496369272124139
4183,6.29566666666667,6.84992385928499,0.554257192618325
4184,6.067,6.57582687463762,0.50882687463762
4185,5.8935,6.3292849880738,0.435784988073801
4186,5.78925,6.1001337478482,0.310883747848204
4187,5.71433333333333,5.88540638408422,0.17107305075089
4188,5.64875,5.6927081007172,0.0439581007172034
4189,5.67941666666667,5.54021607549447,-0.139200591172196
4190,5.74166666666667,5.45776145672758,-0.283905209939094
4191,5.83666666666667,5.54874836981272,-0.287918296853948
4192,5.98366666666667,5.79770695367989,-0.185959712986779
4193,6.35391666666667,6.12968190113074,-0.224234765535927
4194,6.7755,6.49246304509292,-0.283036954907078
4195,7.17841666666667,6.85658535862006,-0.321831308046611
4196,7.582,7.21389752290961,-0.368102477090388
4197,8.0025,7.55141242412852,-0.451087575871477
4198,8.39491666666667,7.85369919458955,-0.541217472077118
4199,8.699,8.10784803428136,-0.591151965718643
4200,8.912,8.30109903015735,-0.610900969842652
4201,9.00158333333333,8.42084215613571,-0.580741177197625
4202,8.87416666666667,8.41771396421112,-0.456452702455554
4203,8.45558333333333,8.22784878628774,-0.227734547045594
4204,7.89033333333333,7.92401371209769,0.0336803787643634
4205,7.27316666666667,7.57027104230624,0.297104375639575
4206,6.70283333333333,7.21461970715172,0.511786373818395
4207,6.19233333333333,6.88896210504863,0.696628771715297
4208,5.70216666666667,6.59951277833085,0.897346111664183
4209,5.489,6.33851690372187,0.849516903721868
4210,5.35016666666667,6.10279883459646,0.752632167929787
4211,5.28266666666667,5.89009210458038,0.607425437913707
4212,5.22966666666667,5.69903942755035,0.469372760883678
4213,5.227,5.54377053441377,0.316770534413775
4214,5.3535,5.50134574947351,0.147845749473507
4215,5.60233333333333,5.59734314540106,-0.00499018793227091
4216,5.942,5.82526675720277,-0.116733242797234
4217,6.354,6.15240820436638,-0.20159179563362
4218,6.85275,6.52000933999178,-0.332740660008223
4219,7.36275,6.88061739969319,-0.482132600306808
4220,7.85891666666667,7.23052775956593,-0.628388907100735
4221,8.25675,7.56319325397643,-0.693556746023571
4222,8.59641666666667,7.86867090277407,-0.727745763892601
4223,8.90825,8.13362191129122,-0.774628088708784
4224,9.17075,8.3413116703432,-0.829438329656798
4225,9.285,8.47160975622832,-0.813390243771677
4226,8.96825,8.48793331337096,-0.480316686629038
4227,8.62283333333333,8.28951301544878,-0.333320317884546
4228,8.06325,7.95013478405944,-0.11311521594056
4229,7.42408333333333,7.5583485028596,0.13426516952627
4230,6.84083333333333,7.17641026124365,0.33557692791032
4231,6.42683333333333,6.84028235434367,0.413449021010345
4232,6.1775,6.55963328302947,0.382133283029471
4233,6.05391666666667,6.31783775390854,0.263921087241872
4234,5.98775,6.06966494606657,0.0819149460665747
4235,5.91808333333333,5.81175908088647,-0.106324252446856
4236,5.90366666666667,5.60460562216721,-0.299061044499463
4237,5.94816666666667,5.49252072604044,-0.455645940626227
4238,6.07625,5.50058903338548,-0.575660966614521
4239,6.064,5.63466366982924,-0.429336330170763
4240,6.27966666666667,5.88136624574627,-0.398300420920401
4241,6.71941666666667,6.20808685625876,-0.511329810407913
4242,7.1665,6.56505315106786,-0.601446848932136
4243,7.58483333333333,6.92617430069755,-0.658659032635785
4244,8.05675,7.27866780646901,-0.778082193530988
4245,8.4625,7.60476730721721,-0.857732692782788
4246,8.82208333333333,7.88473881383054,-0.937344519502793
4247,8.97908333333333,8.09688070925081,-0.882202624082522
4248,9.02108333333333,8.22721879417901,-0.793864539154322
4249,8.70583333333333,8.25668468214876,-0.449148651184569
4250,8.32158333333333,8.15803412407967,-0.163549209253656
4251,7.75175,7.93344315956424,0.181693159564235
4252,7.23483333333333,7.6151499702106,0.380316636877266
4253,6.82283333333333,7.26505323941874,0.442219906085409
4254,6.50133333333333,6.93764339822175,0.436310064888416
4255,6.24483333333333,6.63700054935644,0.392167216023108
4256,6.04508333333333,6.36136586844345,0.316282535110122
4329,1.02225,3.21401456565279,2.19176456565279
4330,0.661166666666667,3.21510087429871,2.55393420763205
4331,0.547583333333333,3.21768990579793,2.6701065724646
4332,0.683,3.2185708098779,2.5355708098779
4333,1.03325,3.24167451169709,2.20842451169709
4334,1.80333333333333,3.32573582452801,1.52240249119468
4335,2.62283333333333,3.51981294410851,0.896979610775183
4336,3.35516666666667,3.84551724171334,0.490350575046666
4337,4.11266666666667,4.2348657434011,0.122199076734431
4338,4.81125,4.65565362356055,-0.155596376439446
4339,5.41483333333333,5.12920408882185,-0.28562924451148
4340,5.88108333333333,5.57170461867941,-0.309378714653919
4341,6.30308333333333,5.86691001141955,-0.436173321913783
4342,6.39666666666667,6.14198124045313,-0.254685426213536
4343,6.35566666666667,6.24336806827308,-0.112298598393592
4344,6.37316666666667,6.20235798817144,-0.170808678495231
4345,6.27325,6.23523637156638,-0.0380136284336237
4346,6.23883333333333,6.30655554380143,0.0677222104681015
4347,6.05458333333333,6.2842728891588,0.229689555825475
4348,5.75916666666667,6.132248686317,0.373082019650333
4349,5.44658333333333,5.9123932577945,0.465809924461168
4350,5.15208333333333,5.70968891276425,0.557605579430916
4351,4.8685,5.52691716011366,0.658417160113658
4352,4.759,5.36302714877152,0.604027148771515
4353,4.70125,5.21574775184539,0.514497751845388
4354,4.648,5.08273320547616,0.43473320547616
4355,4.606,4.96049029555546,0.354490295555461
4356,4.61991666666667,4.84933936898552,0.229422702318853
4357,4.68441666666667,4.75841939445749,0.0740027277908162
4358,4.79833333333333,4.74476841858221,-0.0535649147511199
4359,4.87741666666667,4.86922820934678,-0.00818845731988471
4360,5.21041666666667,5.12846670930292,-0.081949957363749
4361,5.65833333333333,5.48806447318133,-0.170268860152
4362,6.09308333333333,5.89187456351482,-0.201208769818514
4363,6.44641666666667,6.25670121652196,-0.189715450144709
4364,6.76966666666667,6.57791542689021,-0.191751239776463
4365,6.83833333333333,6.92994805568913,0.0916147223558044
4366,6.98283333333333,7.30287686593317,0.320043532599836
4367,7.06758333333333,7.60240924707242,0.534825913739086
4368,7.19808333333333,7.7792269023457,0.581143569012371
4369,6.96308333333333,7.79252065814477,0.82943732481144
4370,6.62008333333333,7.62439282863611,1.00430949530278
4371,6.25933333333333,7.37681684391292,1.11748351057959
4372,5.87333333333333,7.10217395368669,1.22884062035336
4373,5.52591666666667,6.82521569853323,1.29929903186656
4374,5.22541666666667,6.56204849178322,1.33663182511655
4375,4.99741666666667,6.32383767570635,1.32642100903968
4376,4.87591666666667,6.10866374858549,1.23274708191882
4377,4.82625,5.91349833744314,1.08724833744314
4378,4.79716666666667,5.73580002703623,0.938633360369558
4379,4.84191666666667,5.57351435985615,0.731597693189478
4380,4.89691666666667,5.42164854768036,0.524731881013688
4381,4.96533333333333,5.28632938993447,0.320996056601142
4382,5.13466666666667,5.23849674712433,0.103830080457659
4383,5.40758333333333,5.32485036300011,-0.0827329703332227
4384,5.75341666666667,5.55548558563693,-0.197931081029741
4385,6.15058333333333,5.90389336743485,-0.246689965898478
4386,6.59066666666667,6.30696026511887,-0.283706401547803
4387,6.96133333333333,6.69446984138145,-0.266863491951881
4388,7.35391666666667,7.06359039698624,-0.290326269680431
4389,7.78566666666667,7.40486172908832,-0.380804937578348
4390,8.08141666666667,7.71126958573657,-0.370147080930095
4391,8.405,7.97919597883234,-0.425804021167663
4392,8.34333333333333,8.17639792212042,-0.166935411212915
4393,8.367,8.28146865153549,-0.0855313484645084
4394,8.1925,8.29545297174267,0.102952971742669
4395,7.85308333333333,8.19567090217283,0.342587568839495
4396,7.34266666666667,7.93836546403567,0.595698797369001
4397,6.89441666666667,7.60890549780891,0.714488831142236
4398,6.4275,7.28447784775584,0.856977847755843
4399,6.03191666666667,6.97566618794859,0.943749521281919
4400,5.79258333333333,6.68992123445422,0.89733790112089
4401,5.57708333333333,6.43156074533478,0.854477412001448
4402,5.42833333333333,6.20176952064727,0.773436187313936
4403,5.31158333333333,5.99859940244366,0.687016069110329
4404,5.20608333333333,5.81696927477089,0.61088594143756
4405,5.15775,5.66877177901915,0.511021779019153
4406,5.27733333333333,5.60994395652697,0.33261062319364
4407,5.18633333333333,5.6550474259997,0.468714092666367
4408,5.43441666666667,5.80548547406011,0.371068807393445
4409,5.80966666666667,6.05164187240062,0.241975205733952
4410,6.36041666666667,6.37288087778325,0.0124642111165754
4411,6.91883333333333,6.73754723203963,-0.1812861012937
4412,7.4935,7.10296616207105,-0.390533837928954
4413,7.9835,7.41821386684692,-0.56528613315308
4414,8.33525,7.67725861851161,-0.657991381488395
4415,8.64766666666667,7.89828850672594,-0.749378159940733
4416,8.85716666666667,8.07820300883426,-0.778963657832412
4417,8.74416666666667,8.19180820727434,-0.552358459392334
4418,8.4585,8.1867976945311,-0.271702305468896
4419,7.88766666666667,8.03531742366065,0.147650756993979
4420,7.264,7.76602518363952,0.502025183639515
4421,6.713,7.42699376339414,0.713993763394138
4422,6.30733333333333,7.08500653141303,0.777673198079697
4423,6.05108333333333,6.7909784867866,0.739895153453273
4424,5.86241666666667,6.52704018716372,0.664623520497046
4425,5.75241666666667,6.28892757380881,0.536510907142137
4426,5.6435,6.07295200169454,0.429452001694536
4427,5.5195,5.87554947226893,0.356049472268935
4428,5.46341666666667,5.66765888453396,0.204242217867288
4429,5.44141666666667,5.46795643472035,0.0265397680536852
4430,5.61583333333333,5.35299916070823,-0.262834172625096
4431,5.73333333333333,5.36581394238859,-0.367519390944742
4432,5.97083333333333,5.51517302992219,-0.455660303411142
4433,6.26308333333333,5.77559404373958,-0.487489289593751
4434,6.56433333333333,6.08733997454109,-0.476993358792238
4435,6.93216666666667,6.36469948308497,-0.567467183581696
4436,7.22291666666667,6.6212333928122,-0.601683273854474
4437,7.60375,6.8783562079425,-0.725393792057503
4438,7.81708333333333,7.13358251029987,-0.683500823033463
4439,8.046,7.37724896310041,-0.668751036899593
4440,8.17483333333333,7.59251431095232,-0.582319022381011
4441,8.157,7.75535937985592,-0.40164062014408
4442,8.02916666666667,7.83458707720363,-0.194579589463043
4443,7.69975,7.73999293160796,0.0402429316079553
4444,7.29058333333333,7.44951853986326,0.158935206529934
4445,6.85875,7.09259001494225,0.23384001494225
4446,6.49683333333333,6.7554038408177,0.258570507484372
4447,6.19658333333333,6.47782627847478,0.281242945141453
4448,6.00908333333333,6.25339336591103,0.244310032577697
4449,5.87875,6.04310114530787,0.16435114530787
4450,5.77783333333333,5.85324768134796,0.0754143480146343
4451,5.728,5.67112736557155,-0.0568726344284531
4452,5.698,5.49909648357932,-0.198903516420678
4453,5.71975,5.36254847328843,-0.357201526711566
4454,5.8635,5.30991392493247,-0.553586075067534
4455,6.05383333333333,5.40924957804767,-0.644583755285661
4456,6.34208333333333,5.66430891631167,-0.677774417021661
4457,6.73883333333333,6.01126162736336,-0.727571705969968
4458,7.23891666666667,6.39745683160156,-0.841459835065111
4459,7.74283333333333,6.78407616675254,-0.958757166580787
4460,8.166,7.14613378787008,-1.01986621212992
4461,8.42141666666667,7.47455677684304,-0.946859889823633
4462,8.67533333333333,7.78116869620398,-0.894164637129352
4463,8.90791666666667,8.06617727793378,-0.841739388732888
4464,9.04225,8.30554054894753,-0.736709451052469
4465,8.93641666666666,8.45095702626532,-0.485459640401336
4466,8.43733333333333,8.42985870468014,-0.0074746286531866
4467,7.96716666666667,8.17733258217275,0.210165915506077
4468,7.53233333333333,7.79923272303876,0.266899389705433
4469,6.90858333333333,7.41127554448641,0.502692211153085
4470,6.40008333333333,7.06589207695183,0.665808743618503
4471,6.00691666666667,6.75637149171082,0.749454825044155
4472,5.7585,6.47534502788024,0.716845027880242
4473,5.57275,6.22157953460519,0.648829534605187
4474,5.44925,5.99164712198924,0.542397121989239
4475,5.36741666666667,5.78248743859529,0.415070771928625
4476,5.35691666666667,5.59140794996574,0.234491283299072
4477,5.38683333333333,5.4575399487618,0.0707066154284721
4478,5.46875,5.42050343530406,-0.0482465646959351
4479,5.83883333333333,5.47666160463697,-0.362171728696357
4480,6.2315,5.61892304488844,-0.612576955111558
4481,6.73041666666667,5.83674173726986,-0.893674929396811
4482,7.13558333333333,6.11611705607608,-1.01946627725725
4483,7.53741666666667,6.43959376868544,-1.09782289798123
4484,7.88525,6.78626203555974,-1.09898796444026
4485,8.19083333333333,7.13175741024425,-1.05907592308908
4486,8.51266666666667,7.44806240311254,-1.06460426355413
4487,8.45933333333333,7.68637074555306,-0.772962587780269
4488,8.45216666666667,7.81806003924205,-0.634106627424622
4489,8.4885,7.85865307582782,-0.629846924172181
4490,8.16216666666667,7.86200315925621,-0.30016350741046
4491,7.767,7.77116571285278,0.004165712852779
4492,7.35875,7.49723408230642,0.138484082306422
4493,6.85408333333333,7.14314901149043,0.289065678157097
4494,6.39533333333333,6.81042559709778,0.415092263764447
4495,6.038,6.50480981074346,0.466809810743462
4496,5.75925,6.23011479594735,0.47086479594735
4497,5.59866666666667,5.9838252701071,0.385158603440426
4498,5.49175,5.76759055947254,0.275840559472541
4499,5.40991666666667,5.57054745208178,0.160630785415107
4500,5.45125,5.38653904891867,-0.0647109510813273
4501,5.46716666666667,5.21732981666376,-0.24983685000291
4502,5.5155,5.07260558769423,-0.442894412305766
4503,5.565,4.96997356008395,-0.59502643991605
4504,5.75166666666667,4.93496229760343,-0.816704369063239
4505,6.01633333333333,5.00102172971986,-1.01531160361347
4506,6.41608333333333,5.21104228340636,-1.20504104992697
4507,6.94908333333333,5.55591213772969,-1.39317119560364
4508,7.35158333333333,5.95835297815431,-1.39323035517902
4509,7.88316666666667,6.36033762769014,-1.52282903897653
4510,8.40391666666667,6.72749723061508,-1.67641943605159
4511,8.83583333333333,7.04912125247504,-1.78671208085829
4512,9.09858333333333,7.33477496931474,-1.76380836401859
4513,9.078,7.54742649603815,-1.53057350396185
4514,8.77341666666667,7.62869915208102,-1.14471751458565
4515,8.28791666666667,7.55569166221069,-0.732225004455979
4516,7.60058333333333,7.34003351706289,-0.260549816270439
4517,7.00033333333333,7.02788497314171,0.0275516398083795
4518,6.49483333333333,6.69945554593768,0.204622212604349
4519,6.0735,6.40805065812944,0.334550658129444
4520,5.78,6.14674803658251,0.366748036582505
4521,5.639,5.91205709363129,0.27305709363129
4522,5.54216666666667,5.70081220887647,0.158645542209796
4523,5.52741666666667,5.51017272918495,-0.0172439374817186
4524,5.50616666666667,5.3386027890253,-0.16756387764137
4525,5.5175,5.2160281063892,-0.301471893610804
4526,5.67483333333333,5.19412707334632,-0.480706259987006
4527,5.93025,5.2994925772576,-0.630757422742403
4528,6.26525,5.53110128603413,-0.734148713965872
4529,6.72516666666667,5.86031364813723,-0.864853018529438
4530,7.21541666666667,6.23087389257842,-0.984542774088251
4531,7.6415,6.60225117472327,-1.03924882527673
4532,8.1565,6.97459341529756,-1.18190658470244
4533,8.553,7.32668988466013,-1.22631011533987
4534,8.79566666666667,7.64092315320752,-1.15474351345915
4535,8.99991666666667,7.9033265580402,-1.09659010862647
4536,9.15808333333333,8.10358420296266,-1.05449913037067
4537,9.01816666666667,8.2301334618474,-0.788033204819268
4538,8.79625,8.23275290230828,-0.563497097691723
4539,8.38183333333333,8.09555126530955,-0.286282068023782
4540,7.70508333333333,7.83301288927614,0.127929555942807
4541,7.03658333333334,7.48211708983066,0.445533756497322
4542,6.43108333333333,7.10233815979342,0.671254826460092
4543,6.01775,6.76771290542978,0.749962905429783
4544,5.75966666666667,6.47518689973398,0.715520233067313
4545,5.62391666666667,6.21168207813381,0.58776541146714
4546,5.51391666666667,5.97366958749931,0.459752920832636
4547,5.43975,5.75822708763362,0.318477087633616
4548,5.45033333333333,5.56102100456137,0.110687671228035
4549,5.45608333333333,5.36712641693865,-0.0889569163946762
4550,5.65441666666667,5.28072440787746,-0.373692258789207
4551,5.96108333333333,5.37638176970723,-0.584701563626097
4552,6.39375,5.64909881543118,-0.74465118456882
4553,6.87058333333333,6.0143132564911,-0.856270076842234
4554,7.29808333333333,6.38606753422126,-0.912015799112073
4555,7.70941666666667,6.76323841392407,-0.946178252742604
4556,8.17266666666667,7.13210317047261,-1.04056349619406
4557,8.51441666666667,7.48007824384631,-1.03433842282036
4558,8.73366666666667,7.79571923913096,-0.937947427535709
4559,8.90908333333333,8.06872092651869,-0.84036240681464
4560,9.09083333333333,8.28981170702236,-0.801021626310972
4561,9.08658333333333,8.42991485585779,-0.65666847747554
4562,8.9875,8.44804994063008,-0.539450059369917
4563,8.97208333333333,8.32827091842218,-0.643812414911149
4564,8.6205,8.07672660693778,-0.543773393062224
4565,7.93375,7.72166068450131,-0.21208931549869
4566,7.23933333333333,7.31341169005797,0.0740783567246428
4567,6.72541666666667,6.92441302317371,0.198996356507037
4568,6.15458333333333,6.61220472452958,0.457621391196249
4569,5.80216666666667,6.34230224002588,0.540135573359207
4570,5.61416666666667,6.09395021187302,0.479783545206351
4571,5.50466666666667,5.86089236235614,0.356225695689472
4572,5.559,5.65083300126517,0.0918330012651714
4573,5.643,5.48543702589484,-0.157562974105159
4574,5.74583333333333,5.40032992104469,-0.345503412288643
4575,5.75641666666667,5.44509775901905,-0.311318907647623
4576,6.07516666666667,5.67272268745653,-0.402443979210143
4577,6.50966666666667,5.99055694473733,-0.519109721929336
4578,7.086,6.3448424120635,-0.741157587936502
4579,7.69466666666667,6.71832866127149,-0.976338005395184
4580,8.38975,7.09405468171128,-1.29569531828872
4581,8.89625,7.45534888024639,-1.44090111975361
4582,9.30591666666667,7.78582908125383,-1.52008758541284
4583,9.71633333333333,8.06940252662417,-1.64693080670916
4584,9.98525,8.29026587576146,-1.69498412423854
4585,10.10975,8.41921670065279,-1.69053329934721
4586,9.87416666666667,8.42452056880496,-1.44964609786171
4587,9.30966666666667,8.31605892919872,-0.993607737467947
4588,8.56416666666667,8.1099934129624,-0.454173253704271
4589,7.84008333333333,7.82771851776484,-0.012364815568489
4590,7.29466666666667,7.49586160781544,0.201194941148768
4591,6.86958333333333,7.14628291386412,0.276699580530786
4592,6.58116666666667,6.81607553320133,0.234908866534655
4593,6.42966666666667,6.52067647083631,0.0910098041696354
4594,6.27041666666667,6.20832518819558,-0.0620914784710864
4595,6.15616666666667,5.92348822317491,-0.23267844349176
4596,6.1155,5.7088881852762,-0.406611814723797
4597,6.08233333333333,5.59438620928946,-0.487947124043872
4598,6.22941666666667,5.59698195529274,-0.632434711373931
4599,6.41666666666667,5.72081360865219,-0.695853058014479
4600,6.75283333333333,5.95715788002203,-0.795675453311298
4601,7.18166666666667,6.28443000534455,-0.897236661322119
4602,7.69016666666667,6.66818374585011,-1.02198292081656
4603,8.10908333333333,7.06111138805716,-1.04797194527617
4604,8.678,7.41485751840747,-1.26314248159253
4605,9.02058333333333,7.74090414490793,-1.2796791884254
4606,9.36766666666667,8.03907412415561,-1.32859254251106
4607,9.70933333333333,8.29936920480977,-1.40996412852356
4608,9.89441666666667,8.50593444205231,-1.38848222461436
4609,9.91566666666667,8.63705819758786,-1.27860846907882
4610,9.5205,8.66517213964369,-0.855327860356311
4611,8.99833333333333,8.55685124296979,-0.441482090363538
4612,8.34983333333333,8.2784990053744,-0.0713343279589278
4613,7.702,7.89037543112696,0.188375431126963
4614,7.1435,7.48152483449632,0.338024834496315
4615,6.79433333333333,7.10728399551738,0.31295066218405
4616,6.46241666666667,6.78910966098089,0.326692994314218
4617,6.22966666666667,6.51457854443338,0.284911877766712
4618,6.06683333333333,6.25957049821281,0.192737164879482
4619,5.966,6.02829546713783,0.0622954671378304
4620,5.92141666666667,5.81609005412829,-0.105326612538383
4621,5.96433333333333,5.63826750060035,-0.326065832732985
4622,6.00691666666667,5.53113359681618,-0.475783069850493
4623,6.28275,5.55198668188396,-0.730763318116036
4624,6.70233333333333,5.75006021578292,-0.952273117550407
4625,7.22816666666667,6.05904756948768,-1.16911909717899
4626,7.80183333333333,6.42288842392549,-1.37894490940784
4627,8.31175,6.80083042987763,-1.51091957012237
4628,8.81041666666667,7.16448739568789,-1.64592927097878
4629,9.28175,7.49783928726256,-1.78391071273744
4630,9.58916666666667,7.79353753048985,-1.79562913617682
4631,9.82416666666667,8.04453177498095,-1.77963489168572
4632,9.82008333333333,8.24503632345561,-1.57504700987772
4633,9.61983333333333,8.37670956205139,-1.24312377128194
4634,9.36041666666667,8.40797308009458,-0.952443586572091
4635,8.90866666666667,8.29401167010012,-0.614654996566546
4636,8.30008333333334,8.00627473980302,-0.293808593530324
4637,7.71675,7.63173758827858,-0.0850124117214239
4638,7.20858333333333,7.23873107110292,0.0301477377695907
4639,6.79616666666667,6.87109130597559,0.0749246393089154
4640,6.50691666666667,6.55082896405869,0.0439122973920156
4641,6.31825,6.2781292699769,-0.040120730023097
4642,6.16175,6.03096806935619,-0.130781930643813
4643,6.06391666666667,5.78107741973143,-0.282839246935242
4644,6.05091666666667,5.56309735315262,-0.487819313514049
4645,6.07783333333333,5.41670552244907,-0.661127810884259
4646,6.21733333333333,5.36910481858316,-0.848228514750174
4647,6.47733333333333,5.43502337065033,-1.042309962683
4648,6.85391666666667,5.61671454587912,-1.23720212078755
4649,7.44341666666667,5.90335985231218,-1.54005681435449
4650,8.04341666666667,6.2547441055634,-1.78867256110327
4651,8.6045,6.63337222128428,-1.97112777871572
4652,9.00133333333333,7.01323680532124,-1.98809652801209
4653,9.33058333333333,7.3730172766326,-1.95756605670073
4654,9.61991666666667,7.69607986728862,-1.92383679937805
4655,9.81825,7.97047762247149,-1.84777237752851
4656,9.92425,8.20553360658445,-1.71871639341555
4657,9.93491666666667,8.38349397224042,-1.55142269442625
4658,9.56058333333334,8.42547361182223,-1.13510972151111
4659,8.99525,8.29337606485426,-0.701873935145736
4660,8.28416666666667,7.99303683248754,-0.291129834179129
4661,7.56666666666667,7.57422337749969,0.00755671083302012
4662,6.9965,7.13063512429498,0.134135124294981
4663,6.48791666666667,6.76635139507617,0.278434728409498
4664,6.09316666666667,6.44359428124323,0.350427614576559
4665,5.84033333333333,6.14887499451162,0.308541661178285
4666,5.66083333333333,5.88016660396783,0.219333270634499
4667,5.505,5.63886290827883,0.133862908278827
4668,5.39641666666667,5.42977843569203,0.0333617690253565
4669,5.36491666666667,5.2611484440353,-0.103768222631371
4670,5.46116666666667,5.17047185283938,-0.290694813827292
4671,5.79425,5.23636971699074,-0.557880283009262
4672,6.20675,5.43858172089441,-0.768168279105588
4673,6.80933333333333,5.74379468620401,-1.06553864712932
4674,7.457,6.11234676878289,-1.34465323121711
4675,8.16458333333333,6.49822745870413,-1.6663558746292
4676,8.87808333333333,6.87395345701159,-2.00412987632174
4677,9.41608333333333,7.22704030881327,-2.18904302452006
4678,9.76608333333333,7.53109209091004,-2.23499124242329
4679,9.8875,7.76977411075881,-2.11772588924119
4680,10.2645,7.93685368500116,-2.32764631499884
4681,10.3761666666667,8.03620013946336,-2.33996652720334
4682,10.0124166666667,8.04890956052123,-1.96350710614547
4683,9.57708333333333,7.90740471840482,-1.66967861492851
4684,8.80358333333333,7.64298507593719,-1.16059825739614
4685,8.04016666666667,7.29655767773044,-0.743608988936227
4686,7.33591666666667,6.91245674808296,-0.423459918583708
4687,6.74283333333333,6.53844369097945,-0.204389642353878
4688,6.27383333333333,6.21047756796072,-0.0633557653726058
4689,5.95391666666667,5.91454542990319,-0.0393712367634844
4690,5.74025,5.64623269225041,-0.0940173077495938
4691,5.57125,5.40296105572438,-0.168288944275619
4692,5.45858333333333,5.18274540171075,-0.27583793162258
4693,5.42725,4.97978528808555,-0.447464711914454
4694,5.49816666666667,4.86543326312113,-0.632733403545537
4695,5.61983333333333,4.91627849378571,-0.703554839547617
4696,6.0555,5.13880984892004,-0.91669015107996
4697,6.6415,5.46951658201218,-1.17198341798782
4698,7.29358333333333,5.84225495843951,-1.45132837489382
4699,8.04816666666667,6.2374772103268,-1.81068945633987
4700,8.78108333333333,6.63053159033435,-2.15055174299898
4701,9.37675,7.0019316389861,-2.3748183610139
4702,9.89983333333333,7.33735618466965,-2.56247714866368
4703,10.2683333333333,7.63147129913873,-2.63686203419457
4704,10.47775,7.89343022103282,-2.58431977896718
4705,10.4061666666667,8.06245065533593,-2.34371601133077
4706,9.97975,8.08917447398902,-1.89057552601098
4707,9.3315,7.95383553451287,-1.37766446548713
4708,8.53433333333333,7.66625968000809,-0.868073653325236
4709,7.71275,7.26586473915515,-0.446885260844851
4710,7.01458333333333,6.82166052621431,-0.19292280711902
4711,6.49216666666667,6.43136181382932,-0.0608048528373493
4712,6.14525,6.12143307993524,-0.0238169200647596
4713,5.89966666666667,5.83841738723998,-0.0612492794266899
4714,5.68283333333333,5.55967002330308,-0.123163310030255
4715,5.50675,5.28063950119404,-0.226110498805961
4716,5.33175,5.01486755949237,-0.316882440507632
4717,5.21883333333333,4.79398916228754,-0.424844171045791
4718,5.28925,4.66773249917901,-0.621517500820989
4719,5.57083333333333,4.70391898527622,-0.866914348057109
4720,6.0215,4.91793269139906,-1.10356730860094
4721,6.58241666666667,5.22273127964426,-1.35968538702241
4722,7.19025,5.58326285893059,-1.60698714106941
4723,7.89841666666667,5.97097812423368,-1.92743854243299
4724,8.48366666666667,6.36323568825415,-2.12043097841252
4725,9.04575,6.74330208141769,-2.30244791858231
4726,9.53366666666667,7.10435493152004,-2.42931173514663
4727,9.89058333333333,7.43507796075527,-2.45550537257806
4728,10.01525,7.66981818142229,-2.34543181857771
4729,9.88025,7.76390804113743,-2.11634195886257
4730,9.41966666666667,7.70266221424423,-1.71700445242244
4731,8.7845,7.50137760181339,-1.28312239818661
4732,8.11583333333333,7.20523962502563,-0.910593708307702
4733,7.45591666666667,6.85662590663667,-0.599290760030001
4734,6.86308333333333,6.49066944828223,-0.372413885051105
4735,6.29575,6.14259967000287,-0.153150329997128
4736,5.91258333333333,5.82996078680627,-0.0826225465270625
4737,5.59758333333333,5.55261180866716,-0.044971524666173
4738,5.37108333333333,5.29375365263551,-0.0773296806978205
4739,5.17108333333333,5.04978103932345,-0.121302294009879
4740,5.00591666666667,4.84276104261139,-0.163155624055279
4741,4.92225,4.696065736394,-0.226184263605998
4742,4.99275,4.63305027385258,-0.35969972614742
4743,4.75666666666667,4.67705288745505,-0.0796137792116198
4744,4.81275,4.85178560498289,0.0390356049828915
4745,5.39608333333333,5.14841196547885,-0.247671367854477
4746,5.93333333333333,5.50058421176759,-0.432749121565744
4747,6.39758333333333,5.83452370977729,-0.563059623556041
4748,6.47241666666667,6.04756893840207,-0.424847728264597
4749,6.38741666666667,6.04997237915678,-0.337444287509887
4750,6.73975,6.04330257630062,-0.696447423699379
4751,7.03425,6.14283579672704,-0.891414203272956
4752,7.15291666666667,6.33770715241272,-0.815209514253947
4753,7.29458333333333,6.56027911803234,-0.734304215300993
4754,7.54491666666667,6.72420039821738,-0.820716268449295
4755,7.538,6.75775192171485,-0.780248078285147
4756,7.27783333333333,6.61279694762978,-0.665036385703554
4757,6.82066666666667,6.33574157373649,-0.48492509293018
4758,6.35416666666667,6.01367584017388,-0.340490826492788
4759,5.97658333333333,5.70360696828512,-0.272976365048209
4760,5.60541666666667,5.43427158345955,-0.171145083207121
4761,5.28733333333333,5.20613571513268,-0.0811976182006475
4762,5.01308333333333,4.99598171116492,-0.0171016221684104
4763,4.77991666666667,4.80202425102249,0.0221075843558154
4764,4.62516666666667,4.63482108577708,0.00965441911040887
4765,4.56225,4.51369036090476,-0.0485596390952407
4766,4.74125,4.46883965754455,-0.272410342455447
4767,4.98508333333333,4.54136599249847,-0.443717340834864
4768,5.16758333333333,4.76420225338117,-0.403381079952163
4769,5.47041666666667,5.09883105768464,-0.371585608982029
4770,6.02033333333333,5.5013381653344,-0.518995167998928
4771,6.6495,5.9343859346386,-0.715114065361404
4772,7.277,6.3667086474895,-0.910291352510495
4773,7.89208333333333,6.77382531401402,-1.11825801931931
4774,8.3775,7.14496578064398,-1.23253421935602
4775,8.82941666666667,7.4693676204577,-1.36004904620897
4776,9.13333333333333,7.73124407210957,-1.40208926122376
4777,9.124,7.91062121079893,-1.21337878920107
4778,8.95283333333333,7.98333794827009,-0.969495385063243
4779,8.49025,7.86785814347078,-0.622391856529218
4780,7.81858333333334,7.52654261568,-0.292040717653335
4781,7.06741666666667,7.08903430153277,0.0216176348660957
4782,6.3565,6.64923104590567,0.292731045905669
4783,5.74708333333333,6.26047387237517,0.513390539041839
4784,5.21616666666667,5.93554698321757,0.719380316550897
4785,4.833,5.64686006585907,0.813860065859068
4786,4.5085,5.38000279186956,0.871502791869565
4787,4.26558333333333,5.13641013536555,0.870826802032225
4788,4.07008333333333,4.91065211649407,0.840568783160743
4789,3.95816666666667,4.71630686013152,0.758140193464846
4790,3.94925,4.58596059588364,0.636710595883643
4791,4.08966666666667,4.57706675717212,0.487400090505449
4792,4.249,4.76974919062487,0.520749190624867
4793,4.88358333333333,5.10768196192626,0.224098628592926
4794,5.54566666666667,5.52260206520925,-0.0230646014574223
4795,6.23816666666667,5.96331769600381,-0.274848970662858
4796,6.9915,6.39570825123692,-0.59579174876308
4797,7.64283333333333,6.80130413011451,-0.841529203218816
4798,8.14141666666667,7.17084042873828,-0.970576237928392
4799,8.51616666666667,7.4966408185239,-1.01952584814277
4800,8.72333333333333,7.76382590222747,-0.959507431105862
4801,8.78358333333333,7.94990172168848,-0.833681611644854
4802,8.7995,8.02475975782981,-0.774740242170195
4803,8.489,7.95048997236689,-0.538510027633108
4804,7.8535,7.66756432547655,-0.185935674523447
4805,7.09983333333333,7.24433833150365,0.144504998170321
4806,6.29383333333333,6.7854475115758,0.491614178242466
4807,5.59608333333333,6.35915140774588,0.763068074412545
4808,5.03058333333333,5.99733358299204,0.966750249658709
4809,4.57025,5.69550162121772,1.12525162121772
4810,4.24558333333333,5.41452432081306,1.16894098747973
4811,3.9635,5.13877890452812,1.17527890452812
4812,3.72483333333333,4.9038243626193,1.17899102928597
4813,3.63733333333333,4.74532548018459,1.10799214685126
4814,3.74233333333333,4.69609185207295,0.953758518739617
4815,4.0905,4.7860778828843,0.695577882884298
4816,4.52816666666667,5.03921207971158,0.511045413044915
4817,5.04766666666667,5.39825269019889,0.35058602353222
4818,5.72666666666667,5.80362594810059,0.0769592814339175
4819,6.44025,6.22288919285239,-0.217360807147612
4820,7.03641666666667,6.63241242262704,-0.404004244039625
4821,7.50275,7.01737829433435,-0.485371705665654
4822,7.93791666666667,7.36697351888295,-0.570943147783721
4823,8.23866666666667,7.66967526021267,-0.568991406453996
4824,8.53358333333333,7.91114353513473,-0.622439798198603
4825,8.65708333333333,8.06921012833144,-0.587873205001895
4826,8.81941666666667,8.11387404843166,-0.705542618235006
4827,8.40858333333333,8.00730152801082,-0.401281805322514
4828,7.72316666666667,7.70391632893534,-0.0192503377313278
4829,6.91375,7.25102687608036,0.337276876080364
4830,6.19116666666667,6.76729953247132,0.576132865804653
4831,5.52508333333333,6.32679249939458,0.801709166061248
4832,4.92425,5.95568433623102,1.03143433623102
4833,4.44,5.63228342323375,1.19228342323375
4834,4.09408333333333,5.33663466988375,1.24255133655042
4835,3.857,5.06441567884343,1.20741567884343
4836,3.59375,4.8081833865322,1.2144333865322
4837,3.50533333333333,4.59135260616402,1.08601927283069
4838,3.52333333333333,4.46819602774735,0.944862694414022
4839,3.83216666666667,4.51950842554255,0.687341758875879
4840,4.25908333333333,4.74395265316791,0.484869319834577
4841,4.78016666666667,5.07637380441975,0.296207137753081
4842,5.47066666666667,5.46732619763798,-0.00334046902869023
4843,6.20675,5.8789337470996,-0.327816252900403
4844,6.91725,6.28488996301871,-0.632360036981292
4845,7.52716666666667,6.67045795154653,-0.85670871512014
4846,8.1305,7.02837743294403,-1.10212256705597
4847,8.4045,7.3309530136204,-1.0735469863796
4848,8.29558333333333,7.54401993027843,-0.751563403054896
4849,8.39391666666667,7.63002997686846,-0.763886689798206
4850,8.13408333333333,7.54713438402305,-0.586948949310284
4851,7.54108333333333,7.275180495983,-0.265902837350332
4852,7.02216666666667,6.89907227708131,-0.123094389585363
4853,6.33675,6.49153957519011,0.154789575190112
4854,5.63675,6.09862415869255,0.461874158692546
4855,5.03541666666667,5.74112517019285,0.705708503526184
4856,4.57266666666667,5.41969913621829,0.847032469551618
4857,4.16666666666667,5.13017914778507,0.963512481118404
4858,3.90058333333333,4.86761117516272,0.967027841829391
4859,3.59716666666667,4.63033800155981,1.03317133489314
4860,3.05083333333333,4.42004064856037,1.36920731522704
4861,2.35333333333333,4.24173837612389,1.88840504279056
4862,1.80091666666667,4.13588183763441,2.33496517096774
4863,1.48583333333333,4.18158471990705,2.69575138657372
4864,1.1335,4.40067164947009,3.26717164947009
4865,1.24725,4.77235201996859,3.52510201996859
4866,1.93183333333333,5.23339160364491,3.30155827031158
4867,2.79666666666667,5.67811255133872,2.88144588467205
4868,3.74075,6.03762183369272,2.29687183369272
4869,4.30875,6.38873628576674,2.07998628576674
4870,4.92858333333333,6.76003056270739,1.83144722937406
4871,5.58325,7.12388118630469,1.54063118630469
4872,6.01783333333333,7.39655165838625,1.37871832505292
4873,6.34841666666667,7.53456752654196,1.18615085987529
4874,6.54975,7.61325884465717,1.06350884465717
4875,6.40375,7.55836027993626,1.15461027993626
4876,5.985,7.32489803202459,1.33989803202459
4877,5.4595,6.927803544489,1.468303544489
4878,4.89683333333333,6.50708155892871,1.61024822559538
4879,4.2695,6.12120225028132,1.85170225028132
4880,3.78625,5.77741961571379,1.99116961571379
4881,3.465,5.4762833537472,2.0112833537472
4882,3.1955,5.197535842117,2.002035842117
4883,2.97408333333333,4.92354080622704,1.94945747289371
4884,2.83608333333333,4.65782038252,1.82173704918667
4885,2.7145,4.42505511847741,1.71055511847741
4886,2.81766666666667,4.27108397261964,1.45341730595297
4887,3.15891666666667,4.27830786517688,1.11939119851021
4888,3.69841666666667,4.52491670248962,0.826500035822946
4889,4.403,4.91392528944069,0.510925289440691
4890,5.13925,5.35606296123915,0.216812961239152
4891,5.92666666666667,5.78967183434654,-0.136994832320133
4892,6.62441666666667,6.18070680647687,-0.443709860189796
4893,7.1415,6.52273555659668,-0.618764443403315
4894,7.52625,6.83693854492499,-0.689311455075011
4895,7.68433333333333,7.16613414884412,-0.51819918448921
4896,8.03033333333333,7.48083797590662,-0.549495357426708
4897,8.32333333333333,7.7011209552641,-0.62221237806923
4898,8.25291666666667,7.77431652326235,-0.478600143404315
4899,7.8475,7.67680267958301,-0.170697320416988
4900,7.12858333333333,7.41400198724354,0.28541865391021
4901,6.33933333333333,7.02038157259724,0.681048239263906
4902,5.55108333333333,6.55945312533323,1.0083697919999
4903,5.03325,6.12377289847649,1.09052289847649
4904,4.6585,5.78936537151695,1.13086537151695
4905,4.40875,5.49859775614758,1.08984775614758
4906,4.31191666666667,5.22677910823798,0.914862441571306
4907,4.25933333333333,4.96756590069312,0.708232567359793
4908,4.24216666666667,4.73006816209882,0.487901495432145
4909,4.28616666666667,4.5388494767217,0.252682810055026
4910,4.41525,4.43392698450924,0.0186769845092414
4911,4.5055,4.47077138108977,-0.0347286189102336
4912,4.77708333333333,4.68933566668846,-0.0877476666448693
4913,5.12808333333333,4.97910093236836,-0.148982400964974
4914,5.61258333333333,5.26626643297555,-0.34631690035778
4915,6.11066666666667,5.56087720796025,-0.549789458706418
4916,6.37316666666667,5.88225880992199,-0.490907856744677
4917,6.55316666666667,6.10193828851555,-0.451228378151116
4918,6.72241666666667,6.1981019685828,-0.52431469808387
4919,6.81175,6.25222983058135,-0.559520169418653
4920,6.55641666666667,6.32440930360177,-0.232007363064905
4921,6.34491666666667,6.29089180080001,-0.0540248658666558
4922,6.04658333333333,6.11975070594067,0.0731673726073421
4923,5.5845,5.85974064394106,0.275240643941062
4924,5.162,5.5875743724924,0.425574372492397
4925,4.80941666666667,5.30498928082269,0.495572614156019
4926,4.5645,5.03964931667092,0.475149316670916
4927,4.36783333333333,4.80228599413722,0.43445266080389
4928,4.31441666666667,4.58682508735765,0.272408420690983
4929,4.271,4.38956299611972,0.118562996119723
4930,4.22158333333333,4.20786454501654,-0.0137187883167922
4931,4.24716666666667,4.04019703147614,-0.206969635190531
4932,4.18883333333333,3.88722389042808,-0.301609442905248
4933,4.19975,3.75180469430344,-0.447945305696559
4934,4.20975,3.63976050121699,-0.569989498783006
4935,4.362,3.59583561730053,-0.766164382699473
4936,4.62833333333333,3.65759403355711,-0.970739299776221
4937,4.79508333333333,3.83427893131327,-0.960804402020061
4938,5.25683333333333,4.12145694432512,-1.13537638900821
4939,5.82908333333333,4.50101815877835,-1.32806517455498
4940,6.40775,4.94117611328826,-1.46657388671174
4941,6.984,5.38203262793416,-1.60196737206584
4942,7.18466666666667,5.77677963784208,-1.40788702882459
4943,7.179,6.10968481751999,-1.06931518248001
4944,7.13016666666667,6.36503381343476,-0.765132853231912
4945,7.01175,6.5270707071451,-0.484679292854903
4946,6.95833333333333,6.57999801530161,-0.378335318031724
4947,6.68308333333333,6.50797668964676,-0.175106643686575
4948,6.18141666666667,6.29512611701489,0.113709450348223
4949,5.58716666666667,5.98074565426583,0.393578987599156
4950,4.97475,5.66706619169059,0.69231619169059
4951,4.40766666666667,5.36910256258831,0.961435895921643
4952,4.21225,5.09509710085644,0.882847100856443
4953,3.99616666666667,4.84843176476214,0.85226509809547
4954,3.91191666666667,4.62762813694228,0.715711470275606
4955,4.00791666666667,4.42697956406876,0.41906289740209
4956,4.02091666666667,4.24547352305888,0.224556856392207
4957,4.12141666666667,4.06772239905509,-0.0536942676115775
4958,4.3375,3.97530735674593,-0.362192643254073
4959,4.55666666666667,4.00345998195635,-0.553206684710315
4960,4.92741666666667,4.09606337028297,-0.8313532963837
4961,5.40741666666667,4.33483139778249,-1.07258526888418
4962,6.05766666666667,4.70450412017728,-1.35316254648939
4963,6.55216666666667,5.11237069551247,-1.4397959711542
4964,6.67308333333333,5.47051844745442,-1.20256488587891
4965,6.93533333333333,5.79867478718032,-1.13665854615301
4966,7.23158333333333,6.15747841420397,-1.07410491912936
4967,7.41608333333333,6.46951014592809,-0.94657318740524
4968,7.57708333333333,6.65910005101244,-0.917983282320885
4969,7.59883333333333,6.79645821380181,-0.802375119531518
4970,7.42641666666667,6.88475132089806,-0.541665345768613
4971,6.98091666666667,6.86446830923433,-0.116448357432341
4972,6.4765,6.64876162513686,0.172261625136856
4973,5.93183333333333,6.31289899935954,0.381065666026211
4974,5.47025,5.95907085018712,0.488820850187119
4975,5.07633333333333,5.6396320887852,0.56329875545187
4976,4.77891666666667,5.35752039091459,0.578603724247916
4977,4.58075,5.09606017232313,0.515310172323135
4978,4.45433333333333,4.85524884844162,0.400915515108289
4979,4.30108333333333,4.63350830844261,0.332424975109282
4980,4.33516666666667,4.43462008081398,0.0994534141473133
4981,4.38933333333333,4.2677253333589,-0.121607999974429
4982,4.53675,4.15263066118023,-0.384119338819769
4983,4.79716666666667,4.14886844412272,-0.648298222543952
4984,5.01758333333333,4.21658470810606,-0.800998625227272
4985,5.45733333333333,4.35657386804611,-1.10075946528722
4986,6.02066666666667,4.65451989544224,-1.36614677122443
4987,6.44341666666667,5.06163695413424,-1.38177971253243
4988,6.75833333333333,5.46516343518876,-1.29316989814457
4989,6.98116666666667,5.86234639281299,-1.11882027385368
4990,7.0675,6.22151061660039,-0.845989383399606
4991,7.1485,6.51066542470348,-0.63783457529652
4992,7.34883333333333,6.71602677678177,-0.632806556551562
4993,7.09316666666667,6.8288436635691,-0.264323003097573
4994,6.73733333333333,6.84539810687364,0.108064773540305
4995,6.439,6.76700515957786,0.328005159577862
4996,5.97466666666667,6.60001290563859,0.625346238971916
4997,5.5885,6.35580246008694,0.767302460086944
4998,5.27708333333333,6.05081908588279,0.773735752549463
4999,5.05691666666667,5.76024467504266,0.703328008375987
5000,4.96633333333333,5.50463015379931,0.538296820465977
5001,4.91108333333333,5.24687299874696,0.335789665413635
5002,4.83816666666667,4.97145317274476,0.133286506078086
5003,4.73775,4.68443312491671,-0.0533168750832926
5004,4.66008333333333,4.41345779065175,-0.246625542681578
5005,4.68833333333333,4.20775459160372,-0.480578741729605
5006,4.79541666666667,4.13813343569136,-0.657283230975306
5007,5.15783333333333,4.2791225323307,-0.878710801002632
5008,5.66091666666667,4.58452391846657,-1.0763927482001
5009,6.24041666666667,4.98475688311819,-1.25565978354848
5010,6.74875,5.42811142774259,-1.32063857225741
5011,7.24958333333333,5.87740888383287,-1.37217444950046
5012,7.64075,6.31000191291816,-1.33074808708184
5013,8.04483333333333,6.71730877534827,-1.32752455798506
5014,8.3195,7.08686199116867,-1.23263800883133
5015,8.45866666666667,7.41144144401475,-1.04722522265192
5016,8.49008333333333,7.68101521158077,-0.809068121752558
5017,8.30516666666667,7.87450586280202,-0.430660803864646
5018,7.79375,7.95979045785481,0.166040457854812
5019,7.19625,7.89370054815647,0.697450548156467
5020,6.52366666666667,7.63719508176891,1.11352841510224
5021,5.91491666666667,7.25162974881609,1.33671308214942
5022,5.47066666666667,6.82552208972486,1.35485542305819
5023,5.13366666666667,6.41909051514997,1.2854238484833
5024,4.90891666666667,6.06396805854232,1.15505139187565
5025,4.79191666666667,5.76320237614897,0.971285709482305
5026,4.71625,5.49144901155128,0.775199011551277
5027,4.6775,5.23197136198603,0.554471361986026
5028,4.66791666666667,4.99905977205696,0.331143105390288
5029,4.91833333333333,4.7933603901366,-0.124972943196733
5030,4.98508333333333,4.60346981755085,-0.381613515782477
5031,4.77358333333333,4.43744756342473,-0.336135769908603
5032,3.83033333333333,4.45245361853009,0.622120285196758
5033,2.3245,4.72730351057667,2.40280351057667
5034,1.914,5.17808502151242,3.26408502151242
5035,1.69566666666667,5.64221875132241,3.94655208465574
5036,1.96475,6.09415047466163,4.12940047466163
5037,2.449,6.52009865906045,4.07109865906045
5038,3.20891666666667,6.90837303172583,3.69945636505916
5039,3.657,7.24992591816494,3.59292591816494
5040,4.45908333333333,7.52995505996561,3.07087172663228
5041,5.16941666666667,7.71555564436494,2.54613897769827
5042,5.5155,7.78051112475098,2.26501112475098
5043,5.31883333333333,7.70862594627058,2.38979261293725
5044,4.97716666666667,7.47896816056336,2.50180149389669
5045,4.64208333333333,7.09588883506825,2.45380550173492
5046,4.33583333333333,6.67954597753535,2.34371264420202
5047,4.08116666666667,6.30251647441024,2.22134980774357
5048,4.03958333333333,5.976357358161,1.93677402482767
5049,4.00333333333333,5.67229902399308,1.66896569065975
5050,4.05258333333333,5.39420429529762,1.34162096196429
5051,4.0745,5.14106332022677,1.06656332022677
5052,3.94141666666667,4.91236230213967,0.970945635472995
5053,3.68341666666667,4.68615394507667,1.00273727841
5054,3.70016666666667,4.58011190183588,0.879945235169206
5055,3.82116666666667,4.55251144095197,0.731344774285301
5056,4.16583333333333,4.53904475663125,0.373211423297922
5057,4.34866666666667,4.56457300582912,0.215906339162446
5058,4.62616666666667,4.43659157070877,-0.189575095957898
5059,5.04375,4.40466494318385,-0.639085056816148
5060,5.19841666666667,4.62525202582427,-0.573164640842404
5061,5.23266666666667,4.915976331118,-0.316690335548673
5062,5.3645,5.10048855385416,-0.26401144614584
5063,5.50541666666667,5.39837292918927,-0.107043737477404
5064,5.69441666666667,5.8062078264617,0.111791159795035
5065,5.94733333333333,6.12831042741623,0.180977094082905
5066,6.02125,6.34024615676854,0.318996156768539
5067,5.66683333333333,6.41788985109831,0.751056517764983
5068,5.08375,6.30474716026733,1.22099716026733
5069,4.57725,6.03560620410496,1.45835620410496
5070,4.24075,5.73205180491905,1.49130180491905
5071,3.99641666666667,5.45596609600704,1.45954942934037
5072,3.85141666666667,5.2067411547401,1.35532448807343
5073,3.7565,4.97702049159856,1.22052049159857
5074,3.68525,4.76545783695633,1.08020783695633
5075,3.5915,4.5728683926949,0.981368392694904
5076,3.51866666666667,4.40454850748698,0.88588184082031
5077,3.49316666666667,4.27027567679646,0.777109010129794
5078,3.58758333333333,4.20089051886627,0.61330718553294
5079,3.99008333333333,4.2751509187833,0.285067585449966
5080,4.34808333333333,4.51854996528456,0.170466631951233
5081,4.88541666666667,4.90621762121006,0.020800954543386
5082,5.42525,5.36444257623708,-0.0608074237629177
5083,5.912,5.81406128001662,-0.0979387199833814
5084,6.38983333333333,6.25249317848516,-0.137340154848168
5085,6.6555,6.66968232714344,0.0141823271434394
5086,6.96883333333333,7.05259086699035,0.0837575336570202
5087,7.08641666666667,7.38541117424496,0.298994507578286
5088,7.177,7.67530068927995,0.498300689279954
5089,7.16841666666667,7.88158833995815,0.71317167329148
5090,6.92016666666667,7.9408233364996,1.02065666983293
5091,6.39583333333333,7.82746696493129,1.43163363159796
5092,5.741,7.55389607427143,1.81289607427143
5093,5.13575,7.17040307652947,2.03465307652947
5094,4.67825,6.7647902972675,2.0865402972675
5095,4.30466666666667,6.39922229079092,2.09455562412425
5096,4.023,6.06749764273382,2.04449764273382
5097,3.8985,5.76566620372421,1.86716620372421
5098,3.80658333333333,5.4904259367863,1.68384260345297
5099,3.76216666666667,5.23912291734052,1.47695625067385
5100,3.87441666666667,4.99764069417169,1.12322402750502
5101,3.96183333333333,4.76611660019885,0.804283266865517
5102,4.18541666666667,4.65657064550794,0.47115397884127
5103,4.46158333333333,4.73159242571748,0.270009092384151
5104,4.97075,4.98841319240097,0.0176631924009749
5105,5.4755,5.35890585308693,-0.116594146913075
5106,5.96733333333333,5.73884613359378,-0.228487199739551
5107,6.39983333333333,6.12079617274192,-0.279037160591407
5108,6.83391666666667,6.50523245290227,-0.328684213764397
5109,7.22016666666667,6.88390771947245,-0.336258947194217
5110,7.59958333333333,7.24172709182645,-0.357856241506875
5111,7.8025,7.55674806331464,-0.245751936685356
5112,7.95875,7.80870947283643,-0.150040527163569
5113,7.82741666666667,7.97824753829758,0.150830871630905
5114,7.46416666666667,8.04230704059133,0.57814037392466
5115,6.9145,7.98939682263448,1.07489682263448
5116,6.28233333333333,7.81970136405818,1.53736803072485
5117,5.65925,7.54508078120798,1.88583078120798
5118,5.14183333333333,7.1890708271438,2.04723749381047
5119,4.80041666666667,6.78688289163994,1.98646622497327
5120,4.51316666666667,6.38540400118507,1.8722373345184
5121,4.31291666666667,6.03947629313593,1.72655962646926
5122,4.12508333333333,5.69750209464459,1.57241876131126
5123,4.03991666666667,5.37123136197441,1.33131469530774
5124,4.00941666666667,5.11611742872235,1.10670076205568
5125,4.11658333333333,4.97081672192237,0.854233388589038
5126,4.321,4.9571887620455,0.636188762045499
5127,4.65358333333333,5.08029616299981,0.426712829666481
5128,4.99583333333333,5.32840463213041,0.332571298797085
5129,5.51966666666667,5.67298297021948,0.153316303552806
5130,6.11716666666667,6.0687030714862,-0.0484635951804702
5131,6.71491666666667,6.46042906573383,-0.254487600932841
5132,7.17816666666667,6.83985444659649,-0.338312220070177
5133,7.51358333333333,7.2016344232267,-0.311948910106633
5134,7.72858333333333,7.5341710612346,-0.194412272098728
5135,7.89316666666667,7.82316608166559,-0.0700005850010808
5136,8.03308333333334,8.05162086100027,0.0185375276669291
5137,7.91,8.19983643115447,0.28983643115447
5138,7.56691666666667,8.24005528720284,0.673138620536165
5139,7.15725,8.06297554444243,0.905725544442427
5140,6.57741666666667,7.72056199942596,1.14314533275929
5141,6.04158333333333,7.3063327873814,1.26474945404807
5142,5.52916666666667,6.88681188349402,1.35764521682735
5143,5.19166666666667,6.50152910290644,1.30986243623977
5144,4.968,6.16302010071862,1.19502010071862
5145,4.7695,5.85682637198783,1.08732637198783
5146,4.681,5.57876695238793,0.897766952387931
5147,4.59216666666667,5.31665360635457,0.724486939687901
5148,4.5565,5.05183964402889,0.495339644028894
5149,4.62058333333334,4.81116431026,0.190580976926658
5150,4.80025,4.66697857840046,-0.133271421599538
5151,5.12875,4.72084493270396,-0.407905067296044
5152,5.49266666666667,4.95727525710152,-0.535391409565151
5153,5.92825,5.29992997534457,-0.628320024655434
5154,6.42283333333333,5.69236460445966,-0.730468728873666
5155,6.92025,6.09877901570247,-0.821470984297531
5156,7.36666666666667,6.50097130007088,-0.865695366595785
5157,7.69933333333333,6.88266294347654,-0.816670389856785
5158,8.05908333333333,7.23343539223217,-0.825647941101163
5159,8.33208333333333,7.53969855440373,-0.7923847789296
5160,8.34666666666667,7.78359414865861,-0.56307251800806
5161,8.21341666666667,7.94299570426558,-0.270420962401087
5162,7.83075,7.98139343279379,0.15064343279379
5163,7.28325,7.85257136952202,0.569321369522019
5164,6.61725,7.5865263365107,0.969276336510696
5165,5.94408333333333,7.22462423565143,1.2805409023181
5166,5.47483333333333,6.81280165992438,1.33796832659104
5167,5.0525,6.40156589339824,1.34906589339824
5168,4.79,6.04304421702913,1.25304421702913
5169,4.66191666666667,5.73391434816581,1.07199768149914
5170,4.51275,5.43282829284036,0.920078292840365
5171,4.45366666666667,5.12362327220099,0.669956605534323
5172,4.4175,4.81768962533972,0.400189625339722
5173,4.45275,4.55397080929237,0.101220809292375
5174,4.55933333333333,4.39896339903858,-0.160369934294749
5175,4.83208333333333,4.43751991033792,-0.394563422995414
5176,5.21125,4.66308716788155,-0.548162832118452
5177,5.68941666666667,5.00629865147441,-0.683118015192262
5178,6.2355,5.41069482513115,-0.824805174868848
5179,6.76516666666667,5.83424744292167,-0.930919223745001
5180,7.21016666666667,6.24935954897108,-0.960807117695595
5181,7.55816666666667,6.64277534759321,-0.915391319073455
5182,7.83166666666667,7.00228213936476,-0.829384527301909
5183,7.9475,7.31803465823584,-0.629465341764164
5184,8.72222222222222,7.57771661135269,-1.14450561086953
5185,8.782,7.75800665934116,-1.02399334065884
5186,8.59766666666667,7.8245784163066,-0.773088250360066
5187,8.12783333333333,7.73210044983399,-0.395732883499344
5188,7.47416666666667,7.43861390072331,-0.0355527659433577
5189,6.80708333333333,7.01808898050921,0.211005647175876
5190,6.26166666666667,6.56466004595058,0.302993379283907
5191,5.83433333333333,6.13785861349343,0.303525280160104
5192,5.51491666666667,5.76513896048297,0.250222293816297
5193,5.31183333333333,5.44187812516357,0.130044791830241
5194,5.10758333333333,5.14548326229728,0.0378999289639488
5195,4.94266666666667,4.8746571208631,-0.0680095458035703
5196,4.84633333333333,4.60426410372209,-0.242069229611245
5197,4.84433333333333,4.351258718047,-0.493074615286329
5198,4.78633333333333,4.18106426103431,-0.60526907229902
5199,5.07325,4.18980769761756,-0.883442302382444
5200,5.34825,4.3430034845336,-1.0052465154664
5201,5.86791666666667,4.57462062394142,-1.29329604272525
5202,6.12741666666667,4.86921798075677,-1.2581986859099
5203,6.68008333333333,5.25774721854256,-1.42233611479077
5204,7.37233333333333,5.70143057570832,-1.67090275762501
5205,7.77966666666667,6.14401256993837,-1.6356540967283
5206,8.19741666666667,6.55550268386344,-1.64191398280323
5207,8.42775,6.91231069639834,-1.51543930360166
5208,8.45225,7.19724668274198,-1.25500331725802
5209,8.51558333333333,7.38291607997329,-1.13266725336004
5210,8.27358333333333,7.41891607588529,-0.854667257448041
5211,7.71391666666667,7.30773523020794,-0.40618143645873
5212,7.115,7.06603549573378,-0.048964504266217
5213,6.47775,6.72199710095429,0.24424710095429
5214,5.99291666666667,6.31531855005987,0.322401883393201
5215,5.46891666666667,5.89721662293987,0.4282999562732
5216,5.122,5.52649240655933,0.404492406559326
5217,4.9575,5.19859728250912,0.241097282509125
5218,4.73183333333333,4.89947390572956,0.16764057239623
5219,4.67858333333333,4.62660818106782,-0.0519751522655074
5220,4.6195,4.37478349350416,-0.244716506495843
5221,4.68283333333333,4.14228122667334,-0.540552106659993
5222,4.75358333333333,3.98856128134308,-0.765022051990249
5223,4.88416666666667,3.96892208869418,-0.915244577972486
5224,5.22358333333333,4.11977037798891,-1.10381295534442
5225,5.43141666666667,4.29634465172329,-1.13507201494338
5226,5.601,4.38725932556361,-1.21374067443639
5227,5.63308333333333,4.30572707813308,-1.32735625520025
5228,5.72958333333333,4.43722202664871,-1.29236130668462
5229,6.19625,4.88202177248418,-1.31422822751582
5230,6.76308333333333,5.38720562085021,-1.37587771248312
5231,7.32316666666667,5.82655502530248,-1.49661164136419
5232,7.62408333333333,6.14294202189366,-1.48114131143967
5233,7.58291666666667,6.23701674560322,-1.34589992106345
5234,7.25975,6.27365354879086,-0.986096451209137
5235,7.061,6.24286925026135,-0.818130749738652
5236,6.72066666666667,6.05314281789835,-0.667523848768316
5237,6.19275,5.72582114935659,-0.466928850643414
5238,5.71666666666667,5.37726564690777,-0.3394010197589
5239,5.30675,5.06064460022528,-0.246105399774718
5240,4.99691666666667,4.77266904696056,-0.224247619706114
5241,4.83625,4.51013397015175,-0.326116029848249
5242,4.79591666666667,4.27032585199185,-0.525590814674821
5243,4.68433333333333,4.0543442309039,-0.629989102429429
5244,4.6845,3.85608702819875,-0.828412971801253
5245,4.6375,3.64986977817513,-0.987630221824874
5246,4.6565,3.56760116925356,-1.08889883074644
5247,4.85633333333333,3.68570557970801,-1.17062775362532
5248,5.16733333333333,3.93576733360924,-1.23156599972409
5249,5.61966666666667,4.32745510472267,-1.292211561944
5250,6.22983333333333,4.80208807324799,-1.42774526008534
5251,6.71383333333333,5.29146076619865,-1.42237256713468
5252,7.23608333333333,5.7656222822695,-1.47046105106383
5253,7.61633333333333,6.19275857496502,-1.42357475836831
5254,8.01591666666667,6.57860324313603,-1.43731342353064
5255,8.01375,6.92653480996806,-1.08721519003194
5256,8.23391666666667,7.22039296620949,-1.01352370045718
5257,8.16591666666667,7.42305897609015,-0.74285769057652
5258,8.048,7.45545077231295,-0.592549227687047
5259,7.64516666666667,7.32802136013356,-0.317145306533112
5260,6.95758333333333,7.08449155552644,0.12690822219311
5261,6.33466666666667,6.76366385248228,0.428997185815611
5262,5.801,6.39942242300796,0.59842242300796
5263,5.377,6.02073311712657,0.643733117126568
5264,5.10416666666667,5.6516434628774,0.547476796210729
5265,4.88425,5.31128266631595,0.427032666315946
5266,4.66158333333333,5.00810768298577,0.346524349652438
5267,4.606,4.73176833623896,0.125768336238957
5268,4.55075,4.48707074885953,-0.0636792511404654
5269,4.54375,4.29554177261019,-0.248208227389812
5270,4.58608333333333,4.19514998221181,-0.390933351121516
5271,4.76633333333333,4.24030567534351,-0.526027657989822
5272,5.08441666666667,4.48540827958457,-0.599008387082096
5273,5.41066666666667,4.85338065736533,-0.557286009301342
5274,6.32058333333333,5.28014726789049,-1.04043606544284
5275,6.89291666666667,5.72604168019565,-1.16687498647102
5276,7.31233333333333,6.16258746775947,-1.14974586557386
5277,7.91666666666667,6.57249820850364,-1.34416845816303
5278,8.11216666666667,6.94926949139522,-1.16289717527145
5279,8.32575,7.27685773073792,-1.04889226926208
5280,8.2875,7.53893846951735,-0.748561530482654
5281,8.13625,7.71597425380239,-0.420275746197614
5282,7.9795,7.7764558708894,-0.203044129110602
5283,7.60983333333333,7.67690234930222,0.0670690159688858
5284,6.988,7.36998538317092,0.381985383170925
5285,6.40608333333333,6.93623226916038,0.530148935827054
5286,5.93808333333333,6.48702602747383,0.548942694140499
5287,5.58658333333333,6.08274696088897,0.496163627555636
5288,5.35016666666667,5.73267207897175,0.382505412305077
5289,5.19483333333333,5.41160670174881,0.216773368415477
5290,5.1065,5.11725317964808,0.0107531796480833
5291,4.98133333333333,4.83978637539032,-0.141546957943007
5292,4.94891666666667,4.58472892844412,-0.364187738222546
5293,4.91016666666667,4.37489002388794,-0.535276642778733
5294,4.95191666666667,4.25395772153537,-0.697958945131298
5295,5.12366666666667,4.31666977588702,-0.806996890779649
5296,5.29591666666667,4.54545194977451,-0.750464716892164
5297,5.60958333333333,4.88806936173801,-0.721513971595324
5298,6.21058333333333,5.29564898097866,-0.914934352354674
5299,6.70483333333333,5.72712834838497,-0.977704984948363
5300,7.32033333333333,6.1600275144283,-1.16030581890503
5301,7.63275,6.57479278100264,-1.05795721899736
5302,8.02608333333333,6.95387749842123,-1.0722058349121
5303,8.36108333333333,7.28185456251373,-1.0792287708196
5304,8.37075,7.54436306093219,-0.826386939067808
5305,8.39466666666667,7.71147043303225,-0.683196233634416
5306,8.29983333333333,7.75642195572675,-0.543411377606582
5307,7.86325,7.66882664332286,-0.194423356677136
5308,7.25808333333333,7.45314805649492,0.195064723161593
5309,6.63358333333333,7.12870430228438,0.49512096895105
5310,6.10533333333333,6.72966803409982,0.624334700766488
5311,5.69291666666667,6.30506645171696,0.612149785050289
5312,5.41841666666667,5.91878130127865,0.500364634611983
5313,5.17666666666667,5.60725226354321,0.43058559687654
5314,4.99341666666667,5.31973971061174,0.326323043945069
5315,4.93325,5.02651175052285,0.0932617505228546
5316,4.80958333333333,4.73117274501923,-0.0784105883141004
5317,4.8385,4.4706614962561,-0.367838503743895
5318,4.77991666666667,4.31525124680129,-0.464665419865383
5319,4.98083333333333,4.3543252173865,-0.626508115946831
5320,5.19691666666667,4.57529548867444,-0.621621177992226
5321,5.52308333333333,4.91491601646712,-0.608167316866212
5322,5.96716666666666,5.32114825383873,-0.646018412827928
5323,6.62583333333333,5.75326259875035,-0.872570734582977
5324,7.00375,6.18183839404989,-0.821911605950105
5325,7.47316666666667,6.58836604545523,-0.884800621211439
5326,7.782,6.95863663501229,-0.823363364987711
5327,7.76433333333333,7.2828479009246,-0.481485432408726
5328,7.71058333333333,7.54602260193143,-0.1645607314019
5329,7.84058333333333,7.72540481908315,-0.115178514250184
5330,7.91825,7.79045995574126,-0.127790044258738
5331,7.61591666666667,7.69214625018518,0.0762295835185141
5332,6.98125,7.37743179334047,0.396181793340466
5333,6.38483333333333,6.95664770820146,0.571814374868125
5334,5.91,6.52472464840056,0.614724648400556
5335,5.55091666666667,6.13340096364297,0.582484296976296
5336,5.24641666666667,5.79122269970668,0.544806033040005
5337,4.97608333333333,5.47914109414734,0.503057760814015
5338,4.78766666666667,5.2029452237259,0.415278557059227
5339,4.63616666666667,4.93303942434591,0.296872757679239
5340,4.48041666666667,4.66427934582956,0.183862679162893
5341,4.38858333333333,4.42299918283586,0.0344158495025289
5342,4.40391666666667,4.26701167486061,-0.136904991806056
5343,4.57558333333333,4.28560810623645,-0.289975227096877
5344,4.74916666666667,4.52040008714362,-0.228766579523046
5345,5.394,4.88064627057018,-0.513353729429818
5346,5.8495,5.30578552104075,-0.543714478959248
5347,6.28866666666667,5.74918754640881,-0.539479120257861
5348,6.83966666666667,6.17801745611821,-0.661649210548456
5349,7.28825,6.57323576120322,-0.715014238796781
5350,7.38041666666667,6.93065038505418,-0.449766281612486
5351,7.473,7.24676130156871,-0.226238698431286
5352,7.6945,7.49852574169768,-0.19597425830232
5353,7.75741666666667,7.65829279544773,-0.0991238712189402
5354,7.53166666666667,7.69487422991461,0.163207563247941
5355,7.15375,7.57354448928316,0.419794489283158
5356,6.51316666666667,7.27012516617935,0.756958499512676
5357,5.978,6.85671229130067,0.878712291300666
5358,5.42708333333333,6.41079059078315,0.983707257449822
5359,4.94458333333333,5.98404628265079,1.03946294931746
5360,4.5075,5.60487030105094,1.09737030105094
5361,4.25691666666667,5.27835829625431,1.02144162958764
5362,4.07291666666667,4.98630546152456,0.913388794857891
5363,3.87941666666667,4.6945130312619,0.815096364595234
5364,3.75716666666667,4.43086279514439,0.673696128477719
5365,3.87533333333333,4.24217671268656,0.366843379353226
5366,3.81141666666667,4.16313037772272,0.351713711056052
5367,4.19016666666667,4.21625301840697,0.0260863517402976
5368,4.43816666666667,4.41192749721316,-0.0262391694535138
5369,4.79158333333333,4.73827601057582,-0.0533073227575098
5370,5.34033333333333,5.1094166916602,-0.23091664167313
5371,5.85566666666667,5.50313340775918,-0.352533258907486
5372,6.28266666666667,5.90942824957361,-0.373238417093064
5373,6.75125,6.31338541116988,-0.437864588830124
5374,7.14983333333333,6.69517118997997,-0.454662143353362
5375,7.51233333333334,7.03003398680145,-0.482299346531895
5376,7.48441666666667,7.31202238657742,-0.172394280089248
5377,7.68875,7.50847677076813,-0.180273229231871
5378,7.44075,7.55171411828336,0.110964118283361
5379,7.08666666666667,7.4119880644128,0.325321397746129
5380,6.37225,7.09808817641371,0.725838176413714
5381,5.6625,6.65733995351098,0.994839953510978
5382,5.05475,6.17560482689705,1.12085482689705
5383,4.55633333333333,5.76631877430127,1.20998544096794
5384,4.05808333333333,5.41418884802491,1.35610551469158
5385,3.82541666666667,5.09388262978974,1.26846596312307
5386,3.62383333333333,4.8018265923564,1.17799325902307
5387,3.47908333333333,4.53484966982892,1.05576633649559
5388,3.48916666666667,4.29018325765474,0.801016590988074
5389,3.2695,4.07227908558131,0.802779085581307
5390,3.1595,3.95382826261447,0.794328262614469
5391,3.31341666666667,3.98254174088072,0.669125074214051
5392,3.89791666666667,4.16983432941565,0.271917662748978
5393,4.63016666666667,4.49981297457783,-0.13035369208884
5394,4.92116666666667,4.92927676004884,0.00811009338216895
5395,5.71883333333333,5.39175437112634,-0.327078962206992
5396,6.1995,5.85016147671555,-0.349338523284447
5397,6.66466666666667,6.28849259159209,-0.376174075074582
5398,6.96333333333333,6.69035841306604,-0.27297492026729
5399,7.41475,7.04013397079408,-0.374616029205922
5400,7.60558333333333,7.32295801125987,-0.282625322073458
5401,7.553,7.50124231601922,-0.0517576839807754
5402,7.21941666666667,7.54483207556289,0.325415408896221
5403,6.68583333333333,7.45617190050733,0.770338567174002
5404,5.96008333333333,7.2461208050469,1.28603747171357
5405,5.36225,6.93395220695385,1.57170220695385
5406,4.94658333333333,6.54735392757832,1.60077059424499
5407,4.57025,6.12242819184837,1.55217819184837
5408,4.31383333333333,5.70369162826993,1.3898582949366
5409,4.19316666666667,5.34126848906763,1.14810182240096
5410,4.144,5.02800905832393,0.884009058323931
5411,4.17,4.71931661120248,0.549316611202482
5412,4.08283333333333,4.40698092630206,0.32414759296873
5413,4.13091666666667,4.12165536573251,-0.00926130093416155
5414,4.15108333333333,3.93285687511474,-0.218226458218593
5415,4.19508333333333,3.91188327139655,-0.283200061936776
5416,4.48766666666667,4.06620618300252,-0.421460483664152
5417,4.74691666666667,4.37617499596359,-0.37074167070308
5418,5.23858333333333,4.77345290931454,-0.46513042401879
5419,5.57708333333333,5.14077285935187,-0.43631047398146
5420,5.62608333333333,5.28249707675197,-0.343586256581358
5421,5.70991666666667,5.11705285159621,-0.59286381507046
5422,5.864,5.17889943404453,-0.685100565955465
5423,6.02883333333333,5.58472691673412,-0.444106416599207
5424,5.80191666666667,5.98623528239181,0.184318615725142
5425,5.62158333333333,6.27924664626069,0.657663312927358
5426,5.71533333333333,6.44608134878762,0.730748015454293
5427,5.23416666666667,6.40377187870198,1.16960521203531
5428,4.59841666666667,6.11361974779133,1.51520308112466
5429,4.24991666666667,5.74527884715343,1.49536218048676
5430,3.97791666666667,5.38888080891659,1.41096414224992
5431,4.0145,5.07386552480907,1.05936552480907
5432,4.15058333333333,4.78736664742257,0.636783314089244
5433,4.116,4.52901953735853,0.413019537358532
5434,3.67716666666667,4.29632627448844,0.619159607821772
5435,3.33275,4.08682887272789,0.754078872727893
5436,2.94366666666667,3.89828345633884,0.954616789672169
5437,2.67641666666667,3.73022980990979,1.05381314324312
5438,2.56008333333333,3.62029407911253,1.0602107457792
5439,2.64616666666667,3.62363908679935,0.977472420132681
5440,2.76633333333333,3.76895267344543,1.0026193401121
5441,2.82491666666667,4.05803866618872,1.23312199952205
5442,3.06416666666667,4.4579722257958,1.39380555912913
5443,3.27758333333333,4.93083219088942,1.65324885755609
5444,4.0885,5.44271016386818,1.35421016386818
5445,4.38691666666667,5.79626010091648,1.40934343424981
5446,4.66491666666667,5.88712604461315,1.22220937794648
5447,4.92358333333333,6.0436179434786,1.12003461014527
5448,5.22475,6.35490394772245,1.13015394772245
5449,5.38525,6.62419860751435,1.23894860751435
5450,5.40383333333333,6.75573061985213,1.3518972865188
5451,5.33691666666667,6.67962715511695,1.34271048845028
5452,4.97141666666667,6.40186104577185,1.43044437910518
5453,4.64375,6.01892994017637,1.37517994017637
5454,4.36208333333333,5.65382615163259,1.29174281829926
5455,4.13575,5.32180407453304,1.18605407453304
5456,3.95083333333333,5.02143555872808,1.07060222539475
5457,3.82191666666667,4.75054762689628,0.928630960229613
5458,3.81741666666667,4.50655510416093,0.689138437494263
5459,3.74225,4.28425308001668,0.542003080016679
5460,3.73041666666667,4.08125201695543,0.350835350288758
5461,3.79608333333333,3.91109455874445,0.115011225411116
5462,3.92566666666667,3.81213964769774,-0.113527018968933
5463,4.07025,3.8731111581079,-0.197138841892103
5464,4.37816666666667,4.11281217074346,-0.26535449592321
5465,4.72983333333333,4.48808449477948,-0.24174883855385
5466,5.19033333333333,4.91213659639537,-0.278196736937961
5467,5.59283333333333,5.36254183857488,-0.23029149475845
5468,5.9345,5.81347920967282,-0.121020790327178
5469,6.30133333333333,6.23807184405097,-0.0632614892823575
5470,6.49558333333333,6.61890813841657,0.123324805083242
5471,6.58691666666667,6.9804759163441,0.393559249677435
5472,6.66916666666667,7.29850585696636,0.629339190299688
5473,6.85033333333333,7.48350665993773,0.633173326604403
5474,6.81858333333333,7.48685779758438,0.668274464251055
5475,6.56083333333333,7.3015166459301,0.740683312596774
5476,6.10216666666667,6.9620184846963,0.859851818029635
5477,5.60358333333333,6.54447649730204,0.940893163968707
5478,5.19933333333333,6.15687885040443,0.957545517071104
5479,4.83733333333333,5.82452783893435,0.98719450560102
5480,4.58608333333333,5.52416856087257,0.938085227539241
5481,4.40141666666667,5.24142996078357,0.840013294116899
5482,4.30616666666667,4.96943375361567,0.663267086949005
5483,4.25016666666667,4.70879442470107,0.458627758034402
5484,4.17941666666667,4.4676192297558,0.288202563089134
5485,4.12341666666667,4.26150819487976,0.138091528213093
5486,4.243,4.11355411655671,-0.129445883443294
5487,4.304,4.05434256165424,-0.249657438345761
5488,4.52958333333333,4.12422332472175,-0.405360008611576
5489,4.93066666666667,4.40658062645482,-0.524086040211848
5490,5.24508333333333,4.79360232595247,-0.451481007380863
5491,5.59858333333333,5.14807687231125,-0.450506461022083
5492,5.68458333333333,5.3909164974624,-0.29366683587093
5493,5.68533333333333,5.58284625571573,-0.102487077617605
5494,5.8235,5.81111974496016,-0.012380255039842
5495,5.87341666666667,6.07035089110104,0.196934224434367
5496,6.03608333333333,6.28794893614789,0.251865602814563
5497,6.14833333333333,6.51310156009934,0.364768226766013
5498,6.23591666666667,6.65941975845716,0.42350309179049
5499,6.09058333333333,6.63432356452275,0.543740231189422
5500,5.82975,6.39984205771334,0.570092057713335
5501,5.466,6.06136522757793,0.595365227577933
5502,5.09825,5.72964987981599,0.63139987981599
5503,4.895,5.42742451071442,0.532424510714415
5504,4.57175,5.1594568857361,0.587706885736097
5505,4.34866666666667,4.91601109703992,0.567344430373254
5506,4.166,4.69525438623696,0.529254386236961
5507,4.14841666666667,4.49553501345306,0.347118346786387
5508,3.97925,4.31845489554966,0.339204895549664
5509,4.15483333333333,4.15235692544139,-0.0024764078919377
5510,4.33858333333333,3.98463128902336,-0.353952044309974
5511,4.40325,3.90934722777828,-0.493902772221722
5512,4.33633333333333,3.96220420752419,-0.374129125809135
5513,3.9305,4.10552541282765,0.175025412827651
5514,3.042,4.22295947549863,1.18095947549863
5515,2.17133333333333,4.34666772438882,2.17533439105549
5516,2.35225,4.68031488612972,2.32806488612972
5517,2.48158333333333,5.17981528633248,2.69823195299915
5518,2.85825,5.65493280582993,2.79668280582993
5519,2.83175,6.02462209365523,3.19287209365523
5520,2.96066666666667,6.30803344618947,3.3473667795228
5521,3.10441666666667,6.50344719625812,3.39903052959145
5522,3.32458333333333,6.55403359389932,3.22945026056599
5523,3.52725,6.43206869146884,2.90481869146884
5524,3.61883333333333,6.20116316259255,2.58232982925922
5525,3.5125,5.91367161291951,2.40117161291951
5526,3.21808333333333,5.60954672599753,2.3914633926642
5527,3.14925,5.31633926327319,2.16708926327319
5528,3.05133333333333,5.04919806409186,1.99786473075853
5529,2.9985,4.81087004569764,1.81237004569764
5530,3.036,4.59517504622095,1.55917504622095
5531,2.98558333333333,4.40244757040163,1.4168642370683
5532,3.01891666666667,4.21674093425438,1.19782426758771
5533,2.9875,4.05138529092438,1.06388529092438
5534,2.9325,3.95643208915202,1.02393208915202
5535,3.17858333333333,4.03656309472361,0.857979761390285
5536,3.21741666666667,4.31618249299547,1.0987658263288
5537,3.40433333333333,4.71097119042609,1.30663785709276
5538,3.81741666666667,5.1577325315197,1.34031586485303
5539,4.26833333333333,5.61624325499874,1.34790992166541
5540,4.86166666666667,6.06576051113183,1.20409384446516
5541,5.28716666666667,6.49286409339967,1.205697426733
5542,5.61258333333333,6.85408212570877,1.24149879237544
5543,5.58675,7.06214799507828,1.47539799507828
5544,5.49758333333333,7.08030153490239,1.58271820156906
5545,5.35791666666667,7.18568146978662,1.82776480311995
5546,5.45983333333333,7.30833143492068,1.84849810158735
5547,5.247,7.15233837994612,1.90533837994612
5548,4.70316666666667,6.81014333149337,2.1069766648267
5549,4.16333333333333,6.43701576697162,2.27368243363829
5550,3.34283333333333,6.09807942704503,2.7552460937117
5551,2.66808333333333,5.79365656321505,3.12557322988172
5552,1.95783333333333,5.51959293266193,3.5617595993286
5553,1.96766666666667,5.27224524030179,3.30457857363512
5554,1.50041666666667,5.0484152697567,3.54799860309003
5555,1.58691666666667,4.84553554576595,3.25861887909928
5556,1.60433333333333,4.64444752490018,3.04011419156685
5557,1.89533333333333,4.44120646613528,2.54587313280195
5558,2.39066666666667,4.36300100904076,1.97233434237409
5559,3.04616666666667,4.4752667882297,1.42910012156303
5560,3.301,4.76473341891996,1.46373341891996
5561,4.1075,5.14327134157304,1.03577134157304
5562,4.714,5.55368463910756,0.839684639107557
5563,5.03058333333333,5.97088756987877,0.940304236545441
5564,5.46375,6.36869476843035,0.904944768430353
5565,6.02475,6.73161912851585,0.706869128515845
5566,6.40641666666667,7.05487180309867,0.648455136432
5567,6.6515,7.34436220435211,0.692862204352114
5568,6.73025,7.59952149978941,0.869271499789412
5569,6.88116666666667,7.77822704305272,0.89706037638605
5570,6.58691666666667,7.85117493061793,1.26425826395126
5571,6.47691666666667,7.80347891955186,1.32656225288518
5572,6.15391666666667,7.63440006595014,1.48048339928347
5573,5.61041666666667,7.35734672493725,1.74693005827058
5574,5.04175,6.99987455066645,1.95812455066645
5575,4.53225,6.60368649631984,2.07143649631984
5576,4.24016666666667,6.22463281410835,1.98446614744168
5577,3.86216666666667,5.90885003268261,2.04668336601594
5578,3.64558333333333,5.61359274208586,1.96800940875253
5579,3.538,5.34974079409851,1.81174079409851
5580,3.76583333333333,5.13574549564702,1.36991216231369
5581,3.7955,4.98901355709353,1.19351355709353
5582,3.99508333333333,4.92590709223583,0.930823758902502
5583,4.37416666666667,4.96174361830737,0.587576951640702
5584,4.42533333333333,5.11079605597727,0.685462722643943
5585,4.99116666666667,5.38629272935032,0.395126062683651
5586,5.43,5.75565347737518,0.325653477375179
5587,5.72616666666667,6.14753301707215,0.421366350405476
5588,5.9405,6.54386951589615,0.603369515896149
5589,6.493,6.92702734036498,0.434027340364977
5590,6.5195,7.27927957906605,0.759779579066055
5591,6.85591666666667,7.58280804265644,0.726891375989768
5592,7.05425,7.81970326386283,0.765453263862826
5593,7.26908333333333,7.96969002894839,0.700606695615063
5594,6.98408333333333,7.99079836227852,1.00671502894519
5595,6.82025,7.86608235062152,1.04583235062152
5596,6.51991666666667,7.60596658509183,1.08604991842517
5597,5.91883333333333,7.24339571785113,1.3245623845178
5598,5.43816666666667,6.83383446210826,1.39566779544159
5599,4.95883333333333,6.45428372592873,1.4954503925954
5600,4.55708333333333,6.1253927404137,1.56830940708037
5601,4.13916666666667,5.82644385661583,1.68727718994916
5602,4.16541666666667,5.55456745888928,1.38915079222261
5603,4.12516666666667,5.30695063867174,1.18178397200507
5604,3.85816666666667,5.08083719448439,1.22267052781772
5605,3.85191666666667,4.87006254704645,1.01814588037978
5606,4.13716666666667,4.72915237390764,0.591985707240966
5607,4.16058333333333,4.74147969913291,0.580896365799584
5608,4.53241666666667,4.9320820673316,0.399665400664929
5609,4.8295,5.26588771331125,0.436387713311254
5610,5.29983333333333,5.65300073864204,0.353167405308711
5611,5.587,6.04601721633575,0.459017216335748
5612,5.74925,6.43009192944299,0.680841929442995
5613,6.06175,6.78588463026299,0.724134630262995
5614,6.20158333333333,7.09513896152669,0.89355562819336
5615,6.60741666666667,7.34068245639675,0.733265789730075
5616,6.74941666666667,7.5072523380906,0.757835671423925
5617,7.09416666666667,7.59105965533795,0.496892988671284
5618,6.89441666666667,7.5646812436587,0.670264576992025
5619,6.88591666666667,7.41041505526947,0.524498388602802
5620,6.44133333333333,7.13319230774813,0.691858974414804
5621,6.05483333333333,6.76385114566081,0.709017812327478
5622,5.52425,6.39603732590588,0.871787325905879
5623,5.095,6.06079311990485,0.965793119904847
5624,4.76766666666667,5.75859263595706,0.990925969290391
5625,4.619,5.48530399741056,0.866303997410558
5626,4.74958333333333,5.24288047805689,0.493297144723559
5627,4.81258333333333,5.01435196960896,0.201768636275632
5628,4.6985,4.79204536041024,0.0935453604102383
5629,4.03283333333333,4.59050750275248,0.55767416941915
5630,3.1785,4.44672090851625,1.26822090851625
5631,2.74516666666667,4.44546164586362,1.70029497919695
5632,2.09791666666667,4.62128844969923,2.52337178303256
5633,1.91866666666667,4.94690183560547,3.0282351689388
5634,1.83416666666667,5.36771567427559,3.53354900760892
5635,2.15658333333333,5.8018571915137,3.64527385818037
5636,3.01075,6.20021869159547,3.18946869159547
5637,3.42416666666667,6.58449825938983,3.16033159272316
5638,3.77408333333333,6.94442096599017,3.17033763265684
5639,4.52108333333333,7.26066411662876,2.73958078329543
5640,4.62408333333333,7.50489600410782,2.88081267077449
5641,4.715,7.64903894697256,2.93403894697256
5642,5.26458333333333,7.69123936261397,2.42665602928064
5643,5.3165,7.59242623161347,2.27592623161347
5644,5.15866666666667,7.3430523782016,2.18438571153493
5645,4.71625,6.97256959772231,2.25631959772231
5646,4.30983333333333,6.54942865663298,2.23959532329965
5647,4.04841666666667,6.1731247643757,2.12470809770903
5648,3.72516666666667,5.8452896993809,2.12012303271423
5649,3.38783333333333,5.54696786259115,2.15913452925782
5650,3.26933333333333,5.27517008643084,2.00583675309751
5651,3.07991666666667,5.02714195483263,1.94722528816596
5652,3.012,4.80036380323746,1.78836380323746
5653,2.98958333333333,4.5918944441095,1.60231111077617
5654,2.98391666666667,4.4566755622063,1.47275889553963
5655,3.18825,4.48978753831218,1.30153753831218
5656,3.57875,4.70951911838403,1.13076911838403
5657,3.86066666666667,5.0361252503112,1.17545858364453
5658,4.1965,5.40450062488846,1.20800062488846
5659,4.64275,5.80364595036719,1.16089595036719
5660,4.73625,6.20684024135543,1.47059024135543
5661,5.27833333333333,6.60251908898373,1.3241857556504
5662,5.34358333333333,6.97359021516699,1.63000688183366
5663,5.64366666666667,7.29647543657847,1.6528087699118
5664,5.63966666666667,7.55082174123381,1.91115507456714
5665,5.6185,7.71255511432913,2.09405511432913
5666,5.83483333333333,7.71103289907834,1.87619956574501
5667,5.67866666666667,7.54809310717218,1.86942644050551
5668,5.31108333333333,7.25500973905261,1.94392640571928
5669,4.75158333333333,6.87518604385705,2.12360271052372
5670,4.1655,6.46415451941841,2.29865451941841
5671,3.67516666666667,6.08838878057223,2.41322211390556
5672,3.22866666666667,5.76087824031437,2.5322115736477
5673,2.90608333333333,5.46403151086881,2.55794817753548
5674,2.56983333333333,5.19408753734594,2.62425420401261
5675,2.31525,4.94745252254293,2.63220252254293
5676,2.12341666666667,4.72069992694374,2.59728326027707
5677,1.95733333333333,4.51214569096366,2.55481235763033
5678,1.6875,4.35510713569566,2.66760713569566
5679,1.77375,4.27777212919071,2.50402212919071
5680,1.97266666666667,4.29210347644899,2.31943680978232
5681,2.31233333333333,4.40239636684267,2.09006303350934
5682,2.95816666666667,4.605278374116,1.64711170744933
5683,3.40416666666667,4.88970945638518,1.48554278971851
5684,4.23133333333333,5.23698195613848,1.00564862280515
5685,4.66841666666667,5.62072060023617,0.9523039335695
5686,4.94675,6.00688249991053,1.06013249991053
5687,5.19133333333333,6.35375715076588,1.16242381743255
5688,5.53033333333333,6.61557785906596,1.08524452573263
5689,5.9945,6.79368943291065,0.799189432910651
5690,5.89358333333333,6.84680981757205,0.953226484238716
5691,5.6605,6.74420368526566,1.08370368526566
5692,5.42841666666667,6.49333677567276,1.06492010900609
5693,5.02116666666667,6.13987589594037,1.1187092292737
5694,4.81466666666667,5.76768892068125,0.953022254014575
5695,4.49,5.45669218143711,0.966692181437108
5696,4.17125,5.1771158637428,1.0058658637428
5697,3.91841666666667,4.92389389689382,1.00547723022715
5698,3.80025,4.69463406846574,0.894384068465743
5699,3.70525,4.48705633311063,0.781806333110626
5700,3.66958333333333,4.29899281255698,0.629409479223654
5701,3.59616666666667,4.13192627265562,0.535759605988948
5702,3.73583333333333,4.06189408826545,0.32606075493212
5703,4.05341666666667,4.11341659394703,0.0599999272803595
5704,4.112,4.27475247426863,0.162752474268628
5705,4.60733333333333,4.53109150906762,-0.0762418242657086
5706,4.92108333333333,4.86455457345049,-0.0565287598828412
5707,5.34008333333333,5.25419363779282,-0.0858896955405131
5708,5.77516666666667,5.6759917677393,-0.0991748989273695
5709,6.23408333333333,6.10286312420373,-0.131220209129597
5710,6.49616666666667,6.50465296336902,0.00848629670235379
5711,6.44333333333333,6.84813763668717,0.404804303353843
5712,6.53133333333333,7.12353781210503,0.592204478771699
5713,6.65808333333333,7.30515219328965,0.64706885995632
5714,6.66758333333333,7.34476507146266,0.677181738129327
5715,6.52908333333333,7.223376565533,0.694293232199672
5716,6.1785,6.95129751546488,0.772797515464876
5717,5.8585,6.56814948227771,0.709649482277711
5718,5.26208333333333,6.14286474804618,0.880781414712847
5719,4.86291666666667,5.77064257291378,0.90772590624711
5720,4.47566666666667,5.45565087582214,0.979984209155465
5721,4.22283333333333,5.16922512359476,0.94639179026143
5722,3.941,4.90864882460949,0.967648824609489
5723,3.5785,4.67131404372913,1.09281404372913
5724,3.50158333333333,4.45472140230148,0.95313806896815
5725,3.52375,4.24383407279668,0.720084072796685
5726,3.55858333333333,4.09972820284089,0.541144869507557
5727,3.70108333333333,4.11397462489305,0.412891291559719
5728,3.568,4.30517256877872,0.737172568778715
5729,4.07566666666667,4.63180632770565,0.556139661038975
5730,4.24925,5.04904741828868,0.79979741828868
5731,5.31091666666667,5.49434889885003,0.183432232183358
5732,5.2135,5.91653633904838,0.703036339048381
5733,5.70608333333333,6.27912271223031,0.573039378896979
5734,5.86766666666667,6.58404166790825,0.716375001241579
5735,6.034,6.83838320811538,0.804383208115385
5736,5.85275,6.95122722069643,1.09847722069643
5737,6.1505,7.00240721045721,0.851907210457205
5738,5.95866666666667,6.97930207559342,1.02063540892675
5739,5.95816666666667,6.7569676170099,0.798800950343233
5740,5.59383333333333,6.43019253822288,0.836359204889552
5741,5.28508333333333,6.06697516996514,0.781891836631806
5742,4.887,5.71848120530709,0.831481205307089
5743,4.61825,5.40252604778281,0.784276047782807
5744,4.1995,5.11541986441691,0.915919864416906
5745,4.02616666666667,4.85441069049172,0.828244023825049
5746,3.73758333333333,4.61701922116683,0.8794358878335
5747,3.46458333333333,4.39287310269963,0.928289769366301
5748,3.49133333333333,4.1409736307753,0.649640297441973
5749,3.55741666666667,3.93857519463529,0.381158527968616
5750,3.73525,3.8569466168884,0.1216966168884
5751,3.8305,3.93299769235878,0.102497692358776
5752,4.08675,4.16927918808586,0.0825291880858554
5753,4.51741666666667,4.5339828433244,0.0165661766577312
5754,4.90641666666667,4.96094136954448,0.0545247028778135
5755,4.9075,5.3176935184304,0.410193518430397
5756,5.50283333333333,5.58303388046271,0.0802005471293841
5757,6.096,5.82069850447156,-0.275301495528438
5758,6.2205,6.03372186750996,-0.186778132490036
5759,6.39908333333333,6.16303104305133,-0.236052290281999
5760,6.28366666666667,6.14685557968771,-0.136811086978964
5761,6.23808333333333,6.0895117274248,-0.14857160590853
5762,6.11408333333333,6.00634736841041,-0.107735964922921
5763,5.99091666666667,5.79384278585055,-0.197073880816118
5764,5.71758333333333,5.49549893417741,-0.222084399155918
5765,5.51216666666667,5.20996212790531,-0.30220453876136
5766,5.11608333333333,4.95750592531479,-0.158577408018539
5767,4.76658333333333,4.72497829379782,-0.0416050395355141
5768,4.70983333333333,4.51399006426146,-0.195843269071871
5769,4.56583333333333,4.32338464520332,-0.242448688130008
5770,4.66741666666667,4.1516648550345,-0.515751811632167
5771,4.71808333333333,3.99699292207959,-0.721090411253737
5772,4.60083333333333,3.85709377286477,-0.743739560468558
5773,4.48475,3.73097952497423,-0.753770475025768
5774,4.35325,3.61994277433654,-0.733307225663461
5775,3.53375,3.53478528313597,0.00103528313596746
5776,2.75408333333333,3.48474251375054,0.73065918041721
5777,2.73983333333333,3.49164764257212,0.751814309238787
5778,2.57808333333333,3.63427682874419,1.05619349541086
5779,2.74,3.90858180323145,1.16858180323145
5780,3.01708333333333,4.17898937163602,1.16190603830269
5781,3.32516666666667,4.33372159827702,1.00855493161035
5782,3.50058333333333,4.45599473001596,0.955411396682635
5783,3.82325,4.60457050219482,0.781320502194824
5784,3.94366666666667,4.69975965580135,0.756092989134682
5785,4.02491666666667,4.73093851172715,0.706021845060482
5786,4.08133333333333,4.74837038670434,0.667037053371009
5787,4.22725,4.75377187280835,0.526521872808348
5788,4.28408333333333,4.64451019012442,0.360426856791094
5789,4.13741666666667,4.46761073394458,0.330194067277914
5790,3.86808333333333,4.29006212253052,0.421978789197194
5791,3.85441666666667,4.13813697096262,0.28372030429595
5792,3.85366666666667,4.00092101882322,0.147254352156549
5793,3.76158333333333,3.87508949320551,0.113506159872178
5794,3.71275,3.7615021289109,0.0487521289109027
5795,3.70275,3.6588834558858,-0.0438665441141963
5796,3.74525,3.56565399343785,-0.179596006562153
5797,3.51791666666667,3.46867961317006,-0.049237053496614
5798,3.63458333333333,3.43302358383204,-0.201559749501289
5799,3.86208333333333,3.52963590380877,-0.332447429524563
5800,4.00325,3.79579871738146,-0.207451282618541
5801,4.3825,4.21193403889932,-0.170565961100675
5802,4.80575,4.69173228133363,-0.114017718666365
5803,5.18158333333333,5.18480299527075,0.00321966193742451
5804,5.381,5.65613835542663,0.275138355426632
5805,5.8025,6.05087163827774,0.248371638277742
5806,6.01175,6.38245068866147,0.370700688661468
5807,6.28766666666667,6.70655048794329,0.418883821276616
5808,6.62458333333333,7.02130575433569,0.396722421002355
5809,6.51483333333333,7.26708863023962,0.752255296906287
5810,6.1745,7.30718686462356,1.13268686462356
5811,6.32541666666667,7.13665449043944,0.811237823772768
5812,6.21891666666667,6.83930345379343,0.620386787126763
5813,5.77775,6.48995563703449,0.712205637034487
5814,5.46183333333333,6.15427165553284,0.692438322199512
5815,5.08425,5.8574935827059,0.7732435827059
5816,4.84133333333333,5.59011868699528,0.748785353661947
5817,4.57325,5.34924765659939,0.775997656599387
5818,4.33008333333333,5.13207518118985,0.801991847856519
5819,4.12175,4.93331535233329,0.81156535233329
5820,3.88,4.71792897939004,0.837928979390036
5821,3.788,4.54592836401138,0.757928364011378
5822,3.89108333333333,4.48403286476192,0.592949531428588
5823,3.84508333333333,4.56730264939433,0.722219316061004
5824,4.31333333333333,4.79913869484936,0.485805361516031
5825,4.88175,5.15128278725581,0.269532787255812
5826,5.23833333333333,5.56490966613448,0.326576332801149
5827,5.75275,5.99131749727491,0.238567497274909
5828,6.27683333333333,6.41342092491067,0.136587591577345
5829,6.51516666666667,6.81570092009665,0.300534253429983
5830,6.903,7.18267597920996,0.279675979209959
5831,7.14616666666667,7.49890212394994,0.352735457283271
5832,7.26916666666667,7.74897290133819,0.479806234671517
5833,7.29883333333333,7.91230149638737,0.613468163054041
5834,7.05025,7.9597172277475,0.909467227747505
5835,6.92033333333333,7.87717714118767,0.956843807854343
5836,6.57233333333333,7.66877685407326,1.09644352073993
5837,6.07991666666667,7.35674505917649,1.27682839250982
5838,5.53225,6.98144352467641,1.44919352467641
5839,5.07891666666667,6.6013670941589,1.52245042749223
5840,4.70116666666667,6.28071952462309,1.57955285795642
5841,4.49458333333333,5.99906786629606,1.50448453296273
5842,4.364,5.74462766932975,1.38062766932975
5843,4.19558333333333,5.51454697768866,1.31896364435533
5844,4.0905,5.30646834097219,1.21596834097219
5845,4.24583333333333,5.11941309962459,0.873579766291257
5846,4.08158333333333,5.00064801153603,0.919064678202703
5847,4.16041666666667,5.02336152315135,0.862944856484679
5848,4.43291666666667,5.21132943767661,0.778412771009935
5849,4.86716666666667,5.53903145740315,0.671864790736477
5850,5.305,5.93165118370761,0.626651183707613
5851,5.48091666666667,6.31346755021832,0.83255088355165
5852,6.01941666666667,6.68844507643209,0.669028409765423
5853,6.261,7.04950948392968,0.788509483929677
5854,6.36125,7.38548840233302,1.02423840233302
5855,6.66666666666667,7.68127346666178,1.01460679999511
5856,7.15641666666667,7.91782031733336,0.761403650666691
5857,7.34808333333333,8.07214860016288,0.724065266829546
5858,7.19841666666667,8.11734196636316,0.918925299696493
5859,6.75758333333333,7.97521690848559,1.21763357515226
5860,6.46225,7.64275063351855,1.18050063351855
5861,6.02808333333333,7.23173964490217,1.20365631156884
5862,5.54858333333333,6.82198918700812,1.27340585367479
5863,5.10058333333333,6.46026872830616,1.35968539497283
5864,4.74025,6.16031196136419,1.42006196136419
5865,4.44641666666667,5.90281680284819,1.45640013618153
5866,4.1765,5.65502866662627,1.47852866662627
5867,4.00966666666667,5.42747931030334,1.41781264363667
5868,3.72475,5.22123564433481,1.49648564433481
5869,3.66733333333333,5.03948247902421,1.37214914569088
5870,3.93866666666667,4.90873651575129,0.970069849084616
5871,4.34575,4.93062596466862,0.584875964668622
5872,4.10533333333333,5.0876928387227,0.982359505389373
5873,4.06666666666667,5.34368508948033,1.27701842281366
5874,4.46183333333333,5.6589916808465,1.19715834751317
5875,4.9065,5.96579616927937,1.05929616927937
5876,5.40416666666667,6.27258380425878,0.868417137592112
5877,5.90125,6.59233654564159,0.691086545641588
5878,5.98583333333333,6.91531681473267,0.929483481399336
5879,6.65008333333333,7.2090390309522,0.558955697618874
5880,6.87816666666667,7.39274189276107,0.514575226094403
5881,6.77508333333333,7.42550956292114,0.650426229587806
5882,7.02275,7.3194992185359,0.296749218535904
5883,7.15641666666667,7.09728813901645,-0.0591285276502242
5884,6.87425,6.7918737060814,-0.0823762939185997
5885,6.793,6.44667340375696,-0.346326596243039
5886,6.3235,6.11545474461675,-0.20804525538325
5887,5.96116666666667,5.82349570514251,-0.13767096152416
5888,5.57666666666667,5.55845858980283,-0.0182080768638357
5889,5.06525,5.31824185598646,0.252991855986462
5890,4.77816666666667,5.10081936545275,0.322652698786076
5891,4.62658333333333,4.90424038433165,0.27765705099832
5892,4.44783333333333,4.72662958312376,0.278796249790429
5893,4.421,4.56590794917646,0.144907949176464
5894,4.38683333333333,4.4235517964443,0.0367184631109723
5895,4.336,4.41710751684542,0.0811075168454209
5896,4.31583333333333,4.56092609472609,0.245092761392764
5897,4.36033333333333,4.74711288003707,0.386779546703738
5898,4.7205,5.0261096472996,0.305609647299597
5899,5.65891666666667,5.40748570713964,-0.251430959527029
5900,6.43316666666667,5.81106367349347,-0.622102993173204
5901,6.7755,6.1866325171328,-0.588867482867204
5902,6.9015,6.54990889173272,-0.35159110826728
5903,6.91575,6.89322521059432,-0.0225247894056801
5904,7.165,7.18191162980941,0.0169116298094076
5905,7.32916666666667,7.35458500035515,0.0254183336884779
5906,7.66641666666667,7.36951518737378,-0.296901479292886
5907,7.29641666666667,7.2484196991325,-0.0479969675341669
5908,7.03225,7.0215418005565,-0.0107081994434983
5909,6.5065,6.72229702033379,0.215797020333794
5910,6.17958333333333,6.38727315091521,0.207689817581879
5911,5.87933333333333,6.0562302485144,0.176896915181066
5912,5.48591666666667,5.76482730387971,0.278910637213039
5913,5.15816666666667,5.50308645256777,0.344919785901097
5914,4.76908333333333,5.26519936025404,0.496116026920706
5915,4.67525,5.04903795792919,0.373787957929185
5916,4.42033333333333,4.85376857760122,0.433435244267885
5917,4.34775,4.67057739988808,0.322827399888082
5918,4.12525,4.5359225097289,0.410672509728897
5919,4.70033333333333,4.56806574206641,-0.13226759126692
5920,4.41308333333333,4.80052310221188,0.387439768878554
5921,4.67516666666667,5.14944893933796,0.474282272671291
5922,5.48041666666667,5.54998446429066,0.0695677976239866
5923,5.41016666666667,5.96969036354707,0.5595236968804
5924,5.67225,6.38352838963312,0.711278389633117
5925,6.00816666666667,6.77382774854747,0.7656610818808
5926,6.50941666666667,7.12375229014644,0.614335623479771
5927,7.58641666666667,7.42722283213937,-0.159193834527297
5928,7.882,7.67250461726314,-0.209495382736857
5929,7.78833333333333,7.83625948805696,0.0479261547236263
5930,7.97533333333334,7.88354588686235,-0.0917874464709918
5931,7.83591666666667,7.76781885582318,-0.0680978108434909
5932,7.70725,7.45433503969919,-0.252914960300806
5933,7.14916666666667,7.06700741114386,-0.0821592555228081
5934,6.7065,6.67117888156737,-0.0353211184326314
5935,6.22091666666667,6.29804106180081,0.0771243951341409
5936,5.78791666666667,5.96434749856396,0.176430831897293
5937,5.31683333333333,5.67241367446527,0.355580341131939
5938,5.06316666666667,5.41067800893454,0.34751134226787
5939,4.82491666666667,5.178450476133,0.353533809466331
5940,4.4725,4.95452770685357,0.482027706853568
5941,4.43183333333333,4.73970489550883,0.307871562175496
5942,4.12158333333333,4.58148991588685,0.459906582553525
5943,4.44133333333333,4.57364891784907,0.132315584515738
5944,4.20066666666667,4.77296501918959,0.572298352522925
5945,4.10216666666667,5.10469123126244,1.00252456459577
5946,4.93933333333333,5.49932205199543,0.559988718662098
5947,5.063,5.91115058449875,0.848150584498755
5948,5.16575,6.31825544877529,1.15250544877529
5949,5.82191666666667,6.70859232083111,0.886675654164444
5950,5.93225,7.0618017395223,1.1295517395223
5951,6.02483333333333,7.3619892876642,1.33715595433087
5952,6.36333333333333,7.59887728439234,1.23554395105901
5953,7.58158333333333,7.72591905539884,0.144335722065505
5954,7.20516666666667,7.70721120464809,0.50204453798142
5955,7.20308333333333,7.53977606901567,0.336692735682336
5956,7.33033333333333,7.22593384828949,-0.104399485043841
5957,6.94791666666667,6.81392405243164,-0.133992614235028
5958,6.57008333333333,6.4248681997603,-0.145215133573031
5959,6.18541666666667,6.07002662424305,-0.115390042423622
5960,5.8925,5.74938607044637,-0.143113929553632
5961,5.44991666666667,5.47093940670364,0.0210227400369662
5962,5.09816666666667,5.22681972067905,0.128653054012382
5963,4.69958333333333,4.98090649245747,0.281323159124138
5964,4.491,4.72639937047691,0.235399370476911
5965,4.18475,4.48705788930954,0.302307889309541
5966,3.9025,4.31720146966166,0.414701469661662
5967,4.34883333333333,4.30170941837371,-0.0471239149596201
5968,4.078,4.50077270545414,0.422772705454139
5969,3.90241666666667,4.84260813321571,0.940191466549043
5970,4.467,5.26003884163538,0.793038841635383
5971,4.92316666666667,5.7017117013615,0.778545034694829
5972,5.017,6.13193033484577,1.11493033484577
5973,5.59416666666667,6.53065511634327,0.936488449676602
5974,6.15591666666667,6.8935121209689,0.737595454302229
5975,6.76508333333333,7.22214169934256,0.457058366009226
5976,6.44375,7.47908979771257,1.03533979771257
5977,6.58116666666667,7.62340784190335,1.04224117523668
5978,7.29058333333333,7.62649300726334,0.335909673930012
5979,7.32233333333333,7.47208821866507,0.149754885331743
5980,7.18725,7.15628215050512,-0.0309678494948846
5981,6.95,6.7365390406999,-0.213460959300101
5982,6.48033333333333,6.34165923363053,-0.138674099702803
5983,6.12966666666667,5.98003666143875,-0.14963000522792
5984,5.48991666666667,5.65243571513073,0.162519048464063
5985,5.07325,5.35743143765532,0.284181437655324
5986,4.74608333333333,5.08997752311687,0.343894189783541
5987,4.53141666666667,4.7923713609889,0.260954694322226
5988,4.20308333333333,4.49508762031346,0.292004286980128
5989,4.15866666666667,4.26375889299926,0.105092226332593
5990,3.88583333333333,4.14504714099757,0.259213807664242
5991,4.29383333333333,4.16664369630221,-0.127189637031124
5992,4.13925,4.33726926094954,0.198019260949539
5993,4.28533333333333,4.6466739070185,0.361340573685174
5994,5.00266666666667,5.06563707663059,0.0629704099639161
5995,5.42633333333333,5.54596758194982,0.119634248616487
5996,5.33608333333333,6.02050360518281,0.684420271849478
5997,5.7655,6.44941965562799,0.683919655627987
5998,5.91866666666667,6.88418845663612,0.965521789969445
5999,6.33733333333333,7.25469093570454,0.917357602371214
6000,6.9295,7.50231588266078,0.572815882660784
6001,7.25441666666667,7.59107842195082,0.336661755284148
6002,7.11325,7.5076200126391,0.394370012639103
6003,7.26408333333333,7.26120844840856,-0.00287488492476928
6004,7.02133333333333,6.88373785756059,-0.13759547577274
6005,6.40041666666667,6.42972870301506,0.0293120363483901
6006,6.09158333333333,5.9763277823103,-0.115255551023026
6007,5.79208333333333,5.61293098860656,-0.179152344726772
6008,5.45716666666667,5.30489266187452,-0.152274004792154
6009,4.92475,5.02662546565053,0.10187546565053
6010,4.64858333333333,4.77552956760166,0.126946234268335
6011,4.31991666666667,4.54896017603951,0.229043509372835
6012,4.11825,4.34392924522068,0.225679245220682
6013,3.97841666666667,4.12601977937407,0.147603112707395
6014,3.87708333333333,3.97733279224449,0.10024945891116
6015,4.10141666666667,3.99432023609269,-0.107096430573977
6016,3.64475,4.20395783161584,0.559207831615839
6017,4.17716666666667,4.56374506794752,0.386578401280854
6018,4.67641666666667,4.98288255285541,0.306465886188741
6019,5.1185,5.42358240915416,0.305082409154162
6020,5.94366666666667,5.86418216254499,-0.0794845041216821
6021,6.33533333333333,6.28436179881115,-0.0509715345221773
6022,6.56483333333333,6.66566812039562,0.100834787062285
6023,6.90866666666667,6.99151474640103,0.0828480797343643
6024,7.006,7.25505779725475,0.24905779725475
6025,7.135,7.42606147769386,0.291061477693857
6026,7.6,7.4571021787593,-0.142897821240702
6027,7.21275,7.32839993504144,0.115649935041441
6028,7.08041666666667,7.04832900289484,-0.0320876637718301
6029,6.5605,6.65341786043823,0.0929178604382317
6030,6.296,6.20834920755454,-0.0876507924454559
6031,5.74725,5.80548241280431,0.0582324128043137
6032,5.32408333333333,5.46824042945822,0.144157096124887
6033,5.03091666666667,5.16251322673551,0.13159656006884
6034,4.58883333333333,4.88556025834064,0.296726925007306
6035,4.24975,4.63461173716585,0.384861737165853
6036,3.90475,4.40158831889734,0.496838318897344
6037,3.69733333333333,4.18055943423407,0.48322610090074
6038,3.53141666666667,4.04695904115844,0.515542374491768
6039,3.798,4.06098756970959,0.262987569709587
6040,3.701,4.2529257534219,0.5519257534219
6041,3.98833333333333,4.59951963517091,0.611186301837579
6042,4.6275,5.01442004182195,0.386920041821946
6043,4.78725,5.4526560716355,0.665406071635495
6044,4.80066666666667,5.88621042132221,1.08554375465554
6045,5.19916666666667,6.32381697671516,1.12465031004849
6046,5.55625,6.77171225821744,1.21546225821744
6047,6.28616666666667,7.14598568862439,0.859819021957719
6048,6.31808333333333,7.38355857112771,1.06547523779438
6049,6.57541666666667,7.44729301726746,0.87187635060079
6050,7.20983333333333,7.32599194693208,0.116158613598746
6051,7.2265,7.03439908835833,-0.192100911641669
6052,6.88116666666667,6.61319897813137,-0.2679676885353
6053,6.31308333333333,6.12901696118469,-0.184066372148643
6054,6.00883333333333,5.67441919080013,-0.334414142533198
6055,5.5485,5.32350256175946,-0.224997438240536
6056,5.2415,5.01192660091194,-0.229573399088058
6057,4.65341666666667,4.73031797175985,0.076901305093183
6058,4.30433333333333,4.4761002811391,0.171766947805767
6059,3.86258333333333,4.24673894880838,0.384155615475053
6060,3.58308333333333,4.03974120744924,0.456657874115906
6061,3.40658333333333,3.85035049045187,0.443767157118535
6062,3.23275,3.69120782268131,0.458457822681309
6063,3.14741666666667,3.67883165170526,0.531414985038591
6064,3.03975,3.87338945944982,0.833639459449823
6065,3.83925,4.24681024409875,0.407560244098748
6066,4.42675,4.69007548698318,0.263325486983176
6067,4.92525,5.14600068872087,0.220750688720871
6068,5.46775,5.59974350090127,0.131993500901275
6069,5.5865,6.03064281704759,0.444142817047594
6070,6.88816666666667,6.41958099147124,-0.468585675195428
6071,6.27583333333333,6.7513512886887,0.475517955355369
6072,6.46316666666667,7.00172347115658,0.538556804489907
6073,6.98191666666667,7.11116756981076,0.129250903144091
6074,7.24325,7.04863016731536,-0.194619832684642
6075,6.60766666666667,6.81876168352248,0.211095016855814
6076,6.49483333333333,6.46628189043334,-0.0285514428999907
6077,6.19508333333333,6.08206934118217,-0.113013992151162
6078,5.77408333333333,5.70258416556496,-0.0714991677683736
6079,5.35325,5.34593921434932,-0.00731078565068355
6080,4.796,5.02289337155521,0.226893371555212
6081,4.44666666666667,4.73685155445496,0.290184887788286
6082,4.30158333333333,4.48386471357321,0.18228138023988
6083,4.23425,4.24977724853391,0.0155272485339051
6084,4.01725,4.01639667481244,-0.000853325187557097
6085,3.78925,3.82501241323041,0.0357624132304082
6086,3.4235,3.71530182889165,0.291801828891647
6087,4.01133333333333,3.71403283001735,-0.297300503315982
6088,3.81175,3.83506386794604,0.0233138679460434
6089,4.16416666666667,4.0793439371336,-0.0848227295330739
6090,4.68358333333333,4.43197478898699,-0.251608544346339
6091,4.78841666666667,4.85384119638205,0.0654245297153846
6092,5.50891666666667,5.30709100219153,-0.201825664475136
6093,6.3755,5.7583087766726,-0.617191223327395
6094,7.02841666666666,6.17804638439697,-0.850370282269691
6095,7.20308333333333,6.54082298425084,-0.662260349082485
6096,7.32975,6.82512502943498,-0.504624970565016
6097,7.15308333333333,6.99269020542092,-0.160393127912408
6098,7.08191666666667,7.00169272655121,-0.0802239401154585
6099,7.17608333333333,6.86557855124497,-0.310504782088364
6100,6.91658333333333,6.60818885373921,-0.308394479594121
6101,6.38891666666667,6.26269392024624,-0.126222746420426
6102,5.728,5.87159314895366,0.143593148953662
6103,5.27875,5.48671505002433,0.207965050024334
6104,4.84191666666667,5.15623581032366,0.314319143656992
6105,4.59975,4.86155872876232,0.261808728762324
6106,4.331,4.59484004788719,0.263840047887191
6107,4.10741666666667,4.35278103934122,0.245364372674548
6108,3.9295,4.1317088233062,0.202208823306199
6109,3.756,3.91070778987239,0.154707789872387
6110,3.59841666666667,3.76422988348379,0.165813216817124
6111,3.97541666666667,3.77177944299981,-0.203637223666864
6112,4.22941666666667,3.96397790014144,-0.26543876652523
6113,4.47133333333333,4.31522626312135,-0.15610707021198
6114,4.8785,4.74589755495557,-0.132602445044431
6115,5.62083333333333,5.20483252716121,-0.416000806172118
6116,6.18116666666667,5.65867676828231,-0.522489898384359
6117,6.65591666666667,6.0889259691405,-0.566990697526172
6118,6.8325,6.48155551002146,-0.350944489978536
6119,6.79558333333333,6.82246110776709,0.0268777744337632
6120,7.03191666666667,7.08953046644561,0.0576137997789425
6121,7.41958333333333,7.25083917675899,-0.168744156574339
6122,7.21325,7.26370082529011,0.0504508252901132
6123,7.03891666666667,7.04492150651586,0.0060048398491892
6124,6.48058333333333,6.66852733743141,0.187944004098084
6125,6.08033333333333,6.24600626620412,0.165672932870786
6126,5.5675,5.84369652427005,0.276196524270047
6127,5.141,5.48278662633403,0.341786626334026
6128,4.81616666666667,5.15298368944328,0.336817022776613
6129,4.56008333333333,4.85376937462779,0.293686041294463
6130,4.28908333333333,4.58175992547184,0.292676592138506
6131,4.03416666666667,4.33384628687861,0.299679620211938
6132,3.7835,4.10734756734799,0.323847567347994
6133,3.50175,3.90017024927253,0.398420249272533
6134,3.36016666666667,3.76479864543701,0.404631978770337
6135,3.91308333333333,3.76834215871289,-0.144741174620435
6136,3.80158333333333,3.92691590499224,0.125332571658915
6137,4.13783333333333,4.23199298665366,0.0941596533203253
6138,4.47225,4.65040449256228,0.178154492562284
6139,5.01166666666667,5.12433949806984,0.112672831403167
6140,5.76808333333333,5.58171835649817,-0.186364976835161
6141,6.66366666666667,6.01093116169358,-0.652735504973088
6142,7.17941666666667,6.40611747213647,-0.773299194530205
6143,7.01625,6.75032051548007,-0.265929484519932
6144,7.0115,7.01840759909333,0.00690759909333405
6145,7.1795,7.1770701100609,-0.00242988993909687
6146,7.326,7.18455824128929,-0.141441758710712
6147,7.03958333333333,6.95317254151097,-0.086410791822356
6148,6.44366666666667,6.54280833558052,0.0991416689138465
6149,5.88975,6.07368440142502,0.183934401425016
6150,5.36333333333333,5.62742171409895,0.264088380765623
6151,5.021,5.24704344578419,0.226043445784193
6152,4.65616666666667,4.93697496578998,0.280808299123311
6153,4.38275,4.66304929901377,0.280299299013775
6154,4.19675,4.40097722512085,0.204227225120854
6155,3.956,4.16046445729618,0.204464457296176
6156,3.78858333333333,3.93755072320562,0.148967389872285
6157,3.64525,3.73581640835327,0.0905664083532738
6158,3.73625,3.57176603820543,-0.164483961794574
6159,3.90308333333333,3.58445222668986,-0.318631106643472
6160,4.14075,3.7923112996499,-0.348438700350098
6161,4.633,4.14280105833854,-0.490198941661465
6162,5.27441666666667,4.57935564930144,-0.695061017365228
6163,5.74008333333333,5.04160557154205,-0.698477761791282
6164,6.28475,5.49037876568915,-0.794371234310854
6165,6.60441666666667,5.92032637449876,-0.684090292167912
6166,6.785,6.32171231440469,-0.463287685595307
6167,7.1255,6.67717473295718,-0.44832526704282
6168,6.95016666666667,6.96172600882286,0.0115593421561941
6169,6.84416666666667,7.14275275178481,0.298586085118139
6170,7.05216666666667,7.1800158027425,0.127849136075826
6171,6.77141666666667,7.02565023371183,0.254233567045158
6172,6.23391666666667,6.6624186588677,0.428501992201025
6173,5.69891666666667,6.25145912101147,0.5525424543448
6174,5.28775,5.84456079906964,0.556810799069638
6175,4.91791666666667,5.46344357310314,0.545526906436465
6176,4.61225,5.12007383105718,0.507823831057179
6177,4.32408333333333,4.81666446876126,0.492581135427931
6178,4.1745,4.54567488992915,0.371174889929148
6179,4.03383333333333,4.29820487647059,0.264371543137255
6180,3.86458333333333,4.07372064097499,0.209137307641662
6181,3.75283333333333,3.86771219444053,0.114878861107198
6182,3.95866666666667,3.71042212533762,-0.248244541329053
6183,3.89591666666667,3.66889642343829,-0.227020243228382
6184,4.33558333333333,3.84277820555842,-0.492805127774914
6185,5.02625,4.19316232917332,-0.833087670826679
6186,5.33791666666667,4.62430686244878,-0.713609804217889
6187,5.88533333333333,5.08784317448417,-0.797490158849163
6188,6.13075,5.54834820798656,-0.582401792013441
6189,6.60508333333333,5.98334447927074,-0.621738854062586
6190,6.82891666666667,6.37899490191094,-0.44992176475573
6191,6.55466666666667,6.71922810646084,0.16456143979417
6192,6.79325,6.98730623878772,0.194056238787717
6193,7.365,7.15468881052477,-0.210311189475227
6194,7.16591666666667,7.18054436257234,0.0146276959056753
6195,6.51433333333333,7.01175046509791,0.497417131764581
6196,6.29125,6.6355500660992,0.344300066099199
6197,5.71675,6.20650025655137,0.489750256551371
6198,5.17625,5.78543293964976,0.609182939649761
6199,4.81166666666667,5.40292955256403,0.59126288589736
6200,4.5635,5.0683238200224,0.504823820022401
6201,4.29016666666667,4.76977769628472,0.47961102961805
6202,4.09883333333333,4.49501949005642,0.396186156723091
6203,3.93258333333333,4.24495477131549,0.312371437982162
6204,3.73058333333333,4.0168243462244,0.286241012891073
6205,3.33741666666667,3.80345259092979,0.46603592426312
6206,3.12766666666667,3.5979641963595,0.470297529692826
6207,3.69658333333333,3.54939567443566,-0.147187658897672
6208,3.61191666666667,3.72838332051492,0.116466653848248
6209,3.83058333333333,4.08006003937259,0.249476706039264
6210,4.72858333333333,4.52011100052714,-0.208472332806187
6211,5.32341666666667,4.98850443470972,-0.334912231956951
6212,5.58883333333333,5.44863341548676,-0.14019991784657
6213,5.98108333333333,5.88672572376227,-0.094357609571059
6214,6.66158333333333,6.29055030636795,-0.371033026965376
6215,6.93925,6.64502828164405,-0.294221718355949
6216,7.06983333333333,6.92208596850626,-0.147747364827065
6217,6.93416666666667,7.07928970656777,0.145123039901097
6218,6.85508333333333,7.0598458561392,0.20476252280587
6219,6.51566666666667,6.8037035566828,0.288036890016126
6220,5.81266666666667,6.40897059179849,0.596303925131821
6221,5.30566666666667,5.97599167528803,0.670325008621359
6222,4.84925,5.5580605138495,0.708810513849499
6223,4.53291666666667,5.18531263277685,0.652395966110178
6224,4.22908333333333,4.86472537595989,0.635642042626555
6225,4.08058333333333,4.58012353385005,0.499540200516718
6226,3.95625,4.31609762372028,0.359847623720276
6227,3.843,4.07619639434277,0.23319639434277
6228,3.71341666666667,3.85747088370292,0.144054217036246
6229,3.53341666666667,3.65280209778114,0.119385431114472
6230,3.39116666666667,3.46384504010496,0.0726783734382881
6231,3.48391666666667,3.44084170187978,-0.0430749647868884
6232,3.62016666666667,3.64309190189855,0.0229252352318792
6233,4.28008333333333,4.00075007527652,-0.279333258056814
6234,4.71291666666667,4.43610923341186,-0.27680743325481
6235,5.33558333333333,4.90271327404121,-0.432870059292115
6236,5.81058333333333,5.36572662363633,-0.444856709697005
6237,6.66091666666667,5.80267113329859,-0.858245533368079
6238,7.0745,6.22203901459973,-0.85246098540027
6239,7.26866666666667,6.62470957052513,-0.643957096141545
6240,7.363,6.91135091724971,-0.45164908275029
6241,7.29408333333333,7.01526236862986,-0.278820964703466
6242,6.96941666666666,6.91028952291006,-0.0591271437565988
6243,6.45091666666667,6.61082426272286,0.159907596056195
6244,5.97816666666667,6.17180475508892,0.193638088422252
6245,5.49808333333333,5.68871545141699,0.190632118083663
6246,5.10991666666667,5.28948858730169,0.179571920635015
6247,4.77116666666667,4.95820721516596,0.187040548499287
6248,4.54675,4.6579647227589,0.111214722758902
6249,4.31958333333333,4.38506036909723,0.0654770357638981
6250,4.19225,4.136287503338,-0.0559624966620023
6251,4.04041666666667,3.90893356477863,-0.131483101888044
6252,4.02033333333333,3.70078008285688,-0.31955325047645
6253,3.87016666666667,3.5082248207554,-0.361941845911266
6254,3.83966666666667,3.32833416285726,-0.511332503809414
6255,4.07716666666667,3.26997440379836,-0.807192262868305
6256,4.15741666666667,3.40961688227284,-0.747799784393831
6257,4.65325,3.74992127651249,-0.903328723487507
6258,5.03258333333333,4.21973560428684,-0.812847729046493
6259,5.61025,4.70313400255923,-0.907115997440775
6260,6.1565,5.18194088548268,-0.974559114517316
6261,6.76383333333333,5.63996341920816,-1.12386991412517
6262,7.03391666666667,6.05725184336039,-0.976664823306277
6263,7.2575,6.41376121164407,-0.843738788355933
6264,7.34008333333334,6.68876423847932,-0.651319094854021
6265,7.30875,6.8072196890034,-0.501530310996604
6266,7.09666666666667,6.75631310336959,-0.340353563297079
6267,6.5365,6.57533316836725,0.0388331683672547
6268,6.00125,6.30083457694298,0.299584576942984
6269,5.59616666666667,5.96663802820063,0.370471361533956
6270,5.21225,5.60383022740128,0.391580227401276
6271,4.85675,5.24076388596328,0.384013885963283
6272,4.57158333333333,4.90305772146224,0.331474388128913
6273,4.35291666666667,4.60611492636443,0.253198259697763
6274,4.18133333333333,4.33682874972141,0.15549541638808
6275,4.04866666666667,4.09122345989898,0.0425567932323068
6276,3.78033333333333,3.86569150456072,0.0853581712273934
6277,3.66308333333333,3.6595254425367,-0.00355789079662605
6278,3.92341666666667,3.49679175505938,-0.426624911607292
6279,3.871,3.46606926128968,-0.404930738710325
6280,3.859,3.66427822577907,-0.194721774220935
6281,4.66883333333333,4.02856660252082,-0.640266730812506
6282,4.9945,4.46803264161351,-0.526467358386489
6283,5.5955,4.93384149663869,-0.661658503361306
6284,5.99241666666667,5.39383726690081,-0.598579399765857
6285,6.16408333333333,5.82979321746029,-0.33429011587304
6286,6.34575,6.22720220778223,-0.118547792217769
6287,6.65758333333333,6.56636601900044,-0.0912173143328943
6288,7.187,6.80406290611336,-0.382937093886638
6289,7.26475,6.8782822091724,-0.386467790827599
6290,6.97033333333333,6.76452726642792,-0.205806066905414
6291,6.55941666666667,6.48391215685639,-0.0755045098102762
6292,6.09541666666667,6.09355590831006,-0.0018607583566066
6293,5.65491666666667,5.68429321064708,0.0293765439804128
6294,5.21666666666667,5.31183280157534,0.0951661349086717
6295,4.87608333333333,4.97522313302082,0.0991397996874888
6296,4.61816666666667,4.67066643184707,0.0524997651803973
6297,4.41858333333333,4.39415556271937,-0.0244277706139613
6298,4.27583333333333,4.15199874534993,-0.123834587983398
6299,4.15275,3.92837825874093,-0.224371741259068
6300,3.93216666666667,3.70354398137653,-0.228622685290138
6301,3.9075,3.48192899207912,-0.425571007920884
6302,3.81216666666667,3.29215000895612,-0.520016657710547
6303,4.07508333333333,3.18700738940004,-0.888075943933286
6304,3.99258333333333,3.24005365797667,-0.752529675356661
6305,4.31,3.46862365071902,-0.84137634928098
6306,4.75266666666667,3.83227788918041,-0.920388777486264
6307,5.38391666666667,4.28015623944063,-1.10376042722604
6308,6.26291666666667,4.75177365235501,-1.51114301431166
6309,6.78033333333333,5.17702016355435,-1.60331316977898
6310,7.071,5.50673983563704,-1.56426016436296
6311,7.08633333333333,5.78000507997374,-1.30632825335959
6312,7.00875,5.90973632968208,-1.09901367031792
6313,6.65975,5.85284105131954,-0.806908948680461
6314,6.30833333333333,5.63304866416307,-0.675284669170265
6315,5.93391666666667,5.33557075284272,-0.598345913823953
6316,5.52458333333333,5.01999108447865,-0.504592248854676
6317,5.14125,4.71022110673655,-0.431028893263446
6318,4.858,4.42315423373592,-0.434845766264076
6319,4.62791666666667,4.16624970760736,-0.46166695905931
6320,4.42458333333333,3.93753259849255,-0.48705073484078
6321,4.25533333333333,3.72775788313355,-0.527575450199777
6322,4.13066666666667,3.53577811388099,-0.594888552785681
6323,4.02958333333333,3.36057883225705,-0.669004501076278
6324,3.90316666666667,3.20051959416477,-0.702647072501903
6325,3.69216666666667,3.05401988387756,-0.638146782789113
6326,3.64366666666667,2.91134604034585,-0.73232062632082
6327,3.50958333333333,2.76893144136432,-0.740651891969009
6328,3.67783333333333,2.7033206795367,-0.974512653796635
6329,3.74491666666667,2.74921453333397,-0.9957021333327
6330,4.14466666666667,2.885954384168,-1.25871228249867
6331,4.44441666666667,3.01489189961703,-1.42952476704964
6332,4.35608333333333,3.03188252106165,-1.32420081227168
6333,4.80491666666667,3.16704863345382,-1.63786803321285
6334,5.21891666666667,3.52227396045739,-1.69664270620928
6335,5.47675,4.00771959139652,-1.46903040860348
6336,5.52241666666667,4.3709523264906,-1.15146434017607
6337,5.36841666666667,4.57889835993944,-0.789518306727232
6338,5.26366666666667,4.62655721864257,-0.637109448024099
6339,4.95933333333333,4.5149602713643,-0.444373061969025
6340,4.55491666666667,4.2959803422353,-0.258936324431372
6341,4.02616666666667,4.06762761501231,0.0414609483456427
6342,3.6135,3.86827671444846,0.254776714448464
6343,3.44125,3.68929056063325,0.24804056063325
6344,3.33466666666667,3.5286170665856,0.193950399918928
6345,3.30925,3.38426589514466,0.0750158951446562
6346,3.38233333333333,3.25430845896979,-0.128024874363539
6347,3.51541666666667,3.13687792054059,-0.378538746126084
6348,4.04133333333333,3.03016919215684,-1.01116414117649
6349,4.11325,2.93257019400746,-1.18067980599254
6350,4.14883333333333,2.86164518296348,-1.28718815036985
6351,4.16966666666667,2.8398570974034,-1.32980956926327
6352,4.13066666666667,2.88155880779284,-1.24910785887383
6353,4.23883333333333,2.99298065630399,-1.24585267702934
6354,4.38883333333333,3.17223045681563,-1.2166028765177
6355,4.65341666666667,3.40929349491314,-1.24412317175353
6356,4.99383333333333,3.68603252788843,-1.3078008054449
6357,5.14208333333333,3.97618778474006,-1.16589554859327
6358,5.11991666666667,4.24537696617311,-0.874539700493562
6359,5.18616666666667,4.45211827550206,-0.734048391164614
6360,5.17916666666667,4.58397339906023,-0.595193267606437
6361,5.09841666666667,4.64568250796792,-0.452734158698747
6362,4.717,4.63998262392805,-0.0770173760719519
6363,4.43666666666667,4.57354760809762,0.136880941430954
6364,4.03341666666667,4.45698816108776,0.423571494421091
6365,3.58808333333333,4.30485182296366,0.716768489630327
6366,3.35533333333333,4.1356229732446,0.780289639911274
6367,3.4965,3.97172283090399,0.475222830903986
6368,3.66025,3.83638096540434,0.176130965404336
6369,3.7445,3.72193118339501,-0.02256881660499
6370,3.74225,3.62216298440558,-0.120087015594417
6371,3.76,3.53523204860084,-0.224767951399157
6372,3.73766666666667,3.4595582907368,-0.278108375929868
6373,3.672,3.3938258601607,-0.278174139839301
6374,3.641,3.33770392808862,-0.303296071911379
6375,3.64625,3.31461520725114,-0.331634792748857
6376,3.47525,3.3417601609503,-0.1334898390497
6377,3.45683333333333,3.42889412132854,-0.0279392120047928
6378,3.6275,3.58849148975564,-0.0390085102443569
6379,3.78391666666667,3.83574573682875,0.0518290701620763
6380,4.08183333333333,4.18856940237231,0.106736069038983
6381,4.40616666666667,4.63061313576097,0.2244464690943
6382,4.58158333333333,5.10006456742499,0.518481234091663
6383,4.64541666666667,5.53980346627444,0.894386799607775
6384,4.81483333333333,5.87892543119566,1.06409209786233
6385,4.744,6.03273966520505,1.28873966520505
6386,4.4305,5.99490672813706,1.56440672813706
6387,4.33766666666667,5.86065041315542,1.52298374648875
6388,3.9835,5.67270891454503,1.68920891454503
6389,3.66041666666667,5.46448832785579,1.80407166118912
6390,3.35733333333333,5.26008705339512,1.90275372006179
6391,3.12316666666667,5.07415573312969,1.95098906646302
6392,2.92675,4.90788311120564,1.98113311120564
6393,2.80125,4.75908626240933,1.95783626240933
6394,2.82675,4.62685617926921,1.80010617926921
6395,2.8755,4.51000647159418,1.63450647159418
6396,2.98183333333333,4.40707336647361,1.42524003314028
6397,3.15708333333333,4.31414471701144,1.15706138367811
6398,3.30075,4.23906285241262,0.938312852412619
6399,3.48558333333333,4.24110059836912,0.755517265035791
6400,3.78658333333333,4.36104236286826,0.574459029534927
6401,4.09891666666667,4.61151343296814,0.512596766301466
6402,4.20975,4.97697997479765,0.767229974797651
6403,4.57675,5.41374903355649,0.836999033556489
6404,5.16166666666667,5.84996853351512,0.688301866848453
6405,5.58091666666667,6.21915340036729,0.638236733700625
6406,5.90891666666667,6.56864092479384,0.659724258127174
6407,6.12558333333333,6.85710459371511,0.731521260381782
6408,6.26383333333333,7.05296959390824,0.789136260574915
6409,6.38983333333333,7.15021203911538,0.760378705782047
6410,6.23158333333333,7.15055946972966,0.91897613639633
6411,6.08375,6.96908467705773,0.885334677057734
6412,5.94075,6.69615744540636,0.755407445406364
6413,5.79308333333333,6.42068801353463,0.627604680201295
6414,5.66816666666667,6.1824885674102,0.514321900743528
6415,5.53525,5.97316755441838,0.437917554418383
6416,5.41475,5.78068863963673,0.365938639636735
6417,5.28166666666667,5.60720948440945,0.325542817742777
6418,5.18783333333333,5.45028666867222,0.262453335338885
6419,5.023,5.30777832718298,0.28477832718298
6420,4.88866666666667,5.17777109288648,0.289104426219807
6421,4.81566666666667,5.03810465792609,0.222437991259418
6422,4.63675,4.93705961592289,0.300309615922894
6423,4.86041666666667,4.94253579790368,0.0821191312370049
6424,4.62816666666667,5.08700155024585,0.458834883579177
6425,4.79483333333333,5.36749373467746,0.572660401344134
6426,5.07516666666667,5.74133631883111,0.666169652164444
6427,5.50475,6.13829335759618,0.63354335759618
6428,5.81008333333333,6.51173910583671,0.70165577250338
6429,6.29,6.84471123077737,0.554711230777374
6430,6.80075,7.14985246617919,0.349102466179192
6431,6.95091666666667,7.44937323203315,0.498456565366477
6432,7.11308333333333,7.67995488791185,0.566871554578518
6433,7.36141666666667,7.77568911412738,0.414272447460714
6434,7.27933333333333,7.7077760257069,0.428442692373574
6435,6.97975,7.4845244292063,0.504774429206297
6436,6.68741666666667,7.1513518227102,0.463935156043529
6437,6.39116666666667,6.79078439583198,0.399617729165313
6438,6.178,6.49975365919323,0.321753659193226
6439,5.97375,6.24766494868943,0.27391494868943
6440,5.84133333333333,6.02026596703265,0.178932633699317
6441,5.71516666666667,5.81467410536232,0.0995074386956496
6442,5.666,5.62840633387377,-0.0375936661262353
6443,5.63216666666667,5.45937920181817,-0.172787464848497
6444,5.606,5.3059088375026,-0.3000911624974
6445,5.60108333333333,5.1340377095731,-0.467045623760234
6446,5.57,4.98637850452858,-0.583621495471424
6447,5.66758333333333,4.9534304489435,-0.714152884389832
6448,5.60741666666667,5.0774990227483,-0.529917643918371
6449,5.84925,5.3526110789313,-0.4966389210687
6450,6.15441666666667,5.72451484353872,-0.429901823127954
6451,6.53825,6.11780599761769,-0.420444002382313
6452,6.72658333333333,6.50696224379115,-0.219621089542176
6453,7.22666666666667,6.87129160159039,-0.355375065076284
6454,7.47208333333333,7.19307212918976,-0.279011204143575
6455,7.61658333333333,7.45770173307324,-0.158881600260091
6456,7.73375,7.65369816803441,-0.0800518319655916
6457,7.71141666666667,7.7128315417201,0.00141487505342752
6458,7.51358333333333,7.57163041189549,0.0580470785621587
6459,7.254,7.30632033440291,0.0523203344029115
6460,6.90975,6.98083462110837,0.0710846211083735
6461,6.54508333333333,6.64390487104755,0.0988215377142181
6462,6.25066666666667,6.32906097042577,0.0783943037591035
6463,5.984,6.05463109261806,0.0706310926180569
6464,5.75541666666667,5.82374169816907,0.0683250315023969
6465,5.61016666666667,5.62431753479314,0.014150868126471
6466,5.502,5.43229148079638,-0.0697085192036209
6467,5.42658333333333,5.25879195775457,-0.167791375578763
6468,5.41941666666667,5.09613235319713,-0.323284313469536
6469,5.44266666666667,4.94308336855609,-0.499583298110584
6470,5.44658333333333,4.82119212294059,-0.625391210392737
6471,5.54866666666667,4.77478215313699,-0.773884513529679
6472,5.63833333333333,4.870287250758,-0.768046082575334
6473,5.75766666666667,5.12512853226628,-0.632538134400392
6474,5.9075,5.47549244244004,-0.432007557559961
6475,6.40783333333333,5.86795462379299,-0.53987870954034
6476,6.70691666666667,6.26056477357165,-0.446351893095024
6477,7.31525,6.62284664375532,-0.692403356244681
6478,7.55083333333333,6.93579901639765,-0.615034316935679
6479,7.69341666666667,7.19002960446692,-0.503387062199746
6480,7.75941666666667,7.34326943344752,-0.416147233219151
6481,7.80275,7.35894808679896,-0.443801913201039
6482,7.72566666666667,7.2305427287171,-0.495123937949569
6483,7.57725,6.98157810413411,-0.595671895865888
6484,7.29066666666667,6.66562653871849,-0.625040127948178
6485,6.94458333333333,6.35537386186228,-0.589209471471049
6486,6.55775,6.07207208539062,-0.48567791460938
6487,6.23508333333333,5.81337744615387,-0.421705887179463
6488,5.98116666666667,5.57707311357618,-0.404093553090493
6489,5.77325,5.36107743392244,-0.412172566077562
6490,5.61433333333333,5.1646399746978,-0.449693358635533
6491,5.51266666666667,4.99146670259245,-0.521199964074223
6492,5.41716666666667,4.83127298794948,-0.585893678717186
6493,5.36808333333333,4.68404533338137,-0.684037999951958
6494,5.29975,4.56483609991977,-0.734913900080226
6495,5.34083333333333,4.50376350701555,-0.837069826317778
6496,5.39225,4.54601163253876,-0.846238367461237
6497,5.4835,4.75183041277867,-0.73166958722133
6498,5.69333333333333,5.06153943474169,-0.631793898591637
6499,5.85716666666667,5.35646318282598,-0.500703483840693
6500,6.232,5.66470542036266,-0.567294579637337
6501,6.53475,5.99667371468687,-0.53807628531313
6502,6.58891666666667,6.3443454116785,-0.244571254988169
6503,7.04275,6.68126763576224,-0.36148236423776
6504,7.19566666666667,6.96255728990755,-0.233109376759121
6505,7.18208333333333,7.11601893152349,-0.0660644018098413
6506,7.23375,7.06714609026811,-0.166603909731888
6507,7.15975,6.87956618684701,-0.280183813152991
6508,6.99791666666667,6.61904322594983,-0.378873440716839
6509,6.77333333333333,6.33434550878613,-0.438987824547199
6510,6.47208333333333,6.05724563308535,-0.414837700247976
6511,6.21325,5.80252049309685,-0.41072950690315
6512,5.99875,5.56937392818602,-0.42937607181398
6513,5.78166666666667,5.35462296234189,-0.427043704324779
6514,5.55891666666667,5.15672798238418,-0.402188684282491
6515,5.40416666666667,4.97559490657698,-0.428571760089689
6516,5.34025,4.81277295240075,-0.527477047599251
6517,5.28808333333333,4.6714546365523,-0.616628696781032
6518,5.13,4.5564757749448,-0.573524225055203
6519,5.12125,4.50389526917187,-0.617354730828132
6520,5.33425,4.5879026922009,-0.746347307799104
6521,5.61975,4.80144388867829,-0.818306111321707
6522,6.00658333333333,5.12254922427707,-0.884034109056259
6523,6.17858333333333,5.51764806531989,-0.660935268013442
6524,6.69691666666667,5.94299871214632,-0.753917954520347
6525,7.08533333333333,6.39173422396196,-0.693599109371373
6526,7.431,6.81852954169351,-0.612470458306489
6527,7.54666666666667,7.16461447439859,-0.382052192268085
6528,7.80683333333333,7.38905247881646,-0.417780854516872
6529,7.86383333333333,7.46874065936808,-0.395092673965246
6530,7.53566666666667,7.3984097681561,-0.137256898510572
6531,7.42616666666667,7.19062420496481,-0.235542461701855
6532,7.12741666666667,6.87578201726022,-0.251634649406446
6533,6.8145,6.50211490018999,-0.312385099810011
6534,6.41541666666667,6.13568819658347,-0.279728470083197
6535,6.1835,5.8476367606943,-0.335863239305701
6536,5.90375,5.56296933344286,-0.340780666557141
6537,5.67958333333333,5.27736012339467,-0.40222320993866
6538,5.55658333333333,5.02169289307184,-0.534890440261494
6539,5.35458333333333,4.82080080600385,-0.53378252732948
6540,5.25091666666667,4.69346642672759,-0.557450239939079
6541,5.39925,4.65242172078734,-0.746828279212665
6542,5.3565,4.70434805473474,-0.652151945265261
6543,5.53108333333333,4.84987619612885,-0.681207137204479
6544,5.58825,5.08358631353611,-0.504663686463887
6545,5.72225,5.39400797653035,-0.328242023469654
6546,6.17666666666667,5.76362015569276,-0.413046510973907
6547,6.35575,6.16885122261199,-0.186898777388014
6548,6.70683333333333,6.58007894988399,-0.126754383449339
6549,7.00208333333333,6.96163051111216,-0.0404528222211669
6550,7.2125,7.29764871551743,0.0851487155174278
6551,7.67266666666667,7.61439210145866,-0.0582745652080119
6552,7.69941666666667,7.83240138454094,0.132984717874269
6553,7.6135,7.89556257382517,0.282062573825168
6554,7.57083333333333,7.7831893789886,0.212356045655272
6555,7.5215,7.51002321032486,-0.011476789675136
6556,7.20708333333333,7.12623317874393,-0.0808501545893971
6557,6.823,6.71741609577214,-0.105583904227855
6558,6.43691666666667,6.38315081423169,-0.0537658524349816
6559,6.219,6.09197911399216,-0.127020886007837
6560,5.917,5.82830424563249,-0.0886957543675111
6561,5.70675,5.5891974891494,-0.117552510850599
6562,5.59866666666667,5.3720013574445,-0.226665309222167
6563,5.42241666666667,5.17432959632426,-0.248087070342408
6564,5.31241666666667,4.99406718450001,-0.318349482166663
6565,5.34858333333333,4.82937033358793,-0.519212999745402
6566,5.45541666666667,4.69723791469819,-0.75817875196848
6567,5.55425,4.73427040761189,-0.819979592388115
6568,5.74558333333333,4.92544872966197,-0.820134603671363
6569,5.89258333333333,5.22314348238448,-0.669439850948845
6570,6.1095,5.58575292904217,-0.523747070957826
6571,6.4565,5.97770299462446,-0.478797005375541
6572,6.83041666666667,6.36944726584745,-0.460969400819217
6573,7.21141666666667,6.73746699115396,-0.473949675512714
6574,7.4995,7.06427108071345,-0.435228919286553
6575,7.67325,7.33839610642212,-0.334853893577884
6576,7.813,7.5342714749778,-0.278728525022204
6577,7.68391666666667,7.60002446281364,-0.0838922038530256
6578,7.81016666666667,7.54414591787801,-0.266020748788665
6579,7.3875,7.38309131376807,-0.00440868623193502
6580,7.09491666666667,7.13799943001934,0.0430827633526727
6581,6.7565,6.83469235210568,0.0781923521056767
6582,6.49725,6.50367547143923,0.00642547143923267
6583,6.25383333333333,6.1801374853705,-0.0736958479628305
6584,5.92033333333333,5.90358370387665,-0.016749629456684
6585,5.803,5.68159555325636,-0.121404446743639
6586,5.648,5.47282085738047,-0.175179142619532
6587,5.52158333333333,5.2521749106255,-0.269408422707835
6588,5.43433333333333,5.01716157957577,-0.417171753757562
6589,5.31958333333333,4.7878733030234,-0.531710030309927
6590,5.2595,4.60699109196831,-0.652508908031691
6591,5.57975,4.53978452961819,-1.03996547038181
6592,5.66308333333333,4.67213319319627,-0.990950140137062
6593,5.9465,4.96776469012167,-0.978735309878326
6594,6.24975,5.33925003558099,-0.910499964419007
6595,6.51541666666667,5.74765730758866,-0.767759359078008
6596,6.83908333333333,6.16002833235218,-0.679055000981148
6597,7.23033333333333,6.54937868427212,-0.68095464906121
6598,7.39366666666667,6.8946976859421,-0.498968980724566
6599,7.39925,7.18094840814883,-0.218301591851167
6600,7.70183333333333,7.39384476512247,-0.307988568210863
6601,7.89475,7.49150799133741,-0.403242008662586
6602,7.725,7.45665284999537,-0.268347150004626
6603,7.55358333333333,7.29331932471847,-0.260264008614864
6604,7.27958333333333,7.02310228422524,-0.256481049108086
6605,6.934,6.68515148233069,-0.248848517669313
6606,6.60375,6.33617155794621,-0.267578442053792
6607,6.27858333333333,6.03820009091825,-0.24038324241508
6608,6.03658333333333,5.77521311594181,-0.261370217391517
6609,5.80458333333333,5.53676598912132,-0.26781734421201
6610,5.65275,5.31986048048525,-0.332889519514752
6611,5.47191666666667,5.12229148807828,-0.349625178588393
6612,5.34958333333333,4.93801628418648,-0.411567049146853
6613,5.26158333333333,4.75357985089482,-0.508003482438511
6614,5.16433333333333,4.63770584817005,-0.52662748516328
6615,5.38741666666667,4.64578379520525,-0.74163287146142
6616,5.58816666666667,4.80076285312055,-0.787403813546115
6617,5.84433333333333,5.09209668265523,-0.752236650678097
6618,6.19166666666667,5.46004011628691,-0.731626550379763
6619,6.52675,5.85588462053606,-0.670865379463935
6620,6.69191666666667,6.2492184087112,-0.442698257955471
6621,7.07516666666667,6.61883817275034,-0.45632849391633
6622,7.4945,6.95804213643007,-0.53645786356993
6623,7.58841666666667,7.2832063983727,-0.305210268293965
6624,7.84666666666666,7.51088804049886,-0.335778626167795
6625,7.84866666666667,7.57513896580821,-0.27352770085846
6626,7.92991666666667,7.45457110223687,-0.475345564429799
6627,7.56833333333333,7.17235640265745,-0.39597693067588
6628,7.14233333333333,6.79622684487902,-0.346106488454311
6629,6.77708333333333,6.43659952349008,-0.340483809843249
6630,6.416,6.13057882976711,-0.285421170232893
6631,6.181,5.85397779017848,-0.327022209821521
6632,5.89625,5.60355776630913,-0.292692233690865
6633,5.64983333333333,5.37643850826646,-0.273394825066873
6634,5.52566666666667,5.17009815468028,-0.355568511986387
6635,5.35733333333333,4.9823732327029,-0.374960100630431
6636,5.25916666666667,4.81145865800904,-0.447708008657629
6637,5.2,4.61665295408262,-0.583347045917377
6638,5.42591666666667,4.45717775779719,-0.968738908869476
6639,5.42258333333333,4.43568325132796,-0.986900082005371
6640,5.25825,4.59310043326271,-0.665149566737295
6641,5.57933333333333,4.90864097863415,-0.670692354699182
6642,6.07808333333333,5.30088407693737,-0.77719925639596
6643,6.37575,5.70608330805378,-0.669666691946218
6644,6.76966666666667,6.10993162591882,-0.659735040747855
6645,7.227,6.49245389706757,-0.734546102932434
6646,7.41075,6.83538097834246,-0.575369021657542
6647,7.565,7.12214971689323,-0.44285028310677
6648,7.65875,7.33196112764055,-0.32678887235945
6649,7.79991666666667,7.39854903247263,-0.401367634194044
6650,7.74541666666667,7.32854725340512,-0.416869413261551
6651,7.58358333333333,7.15037583235933,-0.433207500973997
6652,7.28225,6.89367202928711,-0.388577970712892
6653,6.9505,6.58929032217083,-0.361209677829172
6654,6.58583333333333,6.26930240702341,-0.316530926309919
6655,6.30483333333333,5.96699719788832,-0.337836135445015
6656,6.047,5.70511702837983,-0.341882971620171
6657,5.83533333333333,5.46860335139583,-0.366729981937499
6658,5.6585,5.25377770050667,-0.404722299493327
6659,5.49775,5.05844242091389,-0.439307579086106
6660,5.35408333333333,4.88062996918542,-0.473453364147911
6661,5.31975,4.71860291325556,-0.601147086744442
6662,5.241,4.57509591668395,-0.665904083316054
6663,5.20908333333333,4.5150181994836,-0.694065133849726
6664,5.49166666666667,4.60180505570932,-0.889861610957354
6665,5.55991666666667,4.85041396700644,-0.709502699660228
6666,6.18625,5.22719992938107,-0.959050070618927
6667,6.48925,5.65019837745931,-0.839051622540688
6668,6.87558333333333,6.05475368424809,-0.820829649085239
6669,7.08041666666667,6.43758337439585,-0.64283329227082
6670,7.48808333333333,6.78471937169216,-0.703363961641173
6671,7.6485,7.07682243358139,-0.571677566418612
6672,7.75983333333333,7.28918215116274,-0.470651182170591
6673,7.88416666666667,7.39171694919022,-0.492449717476454
6674,7.86041666666667,7.29225494620954,-0.568161720457129
6675,7.71475,7.00771370546043,-0.707036294539571
6676,7.39083333333333,6.64587254593759,-0.744960787395736
6677,7.02033333333333,6.28299874663013,-0.737334586703204
6678,6.63641666666667,5.963846415973,-0.672570250693668
6679,6.31275,5.70165649184708,-0.611093508152923
6680,5.98875,5.47815674157909,-0.51059325842091
6681,5.81783333333333,5.26828436002189,-0.549548973311443
6682,5.61916666666667,5.08760186893447,-0.531564797732195
6683,5.45233333333333,4.91025751230936,-0.542075821023971
6684,5.31825,4.72591374300926,-0.59233625699074
6685,5.26933333333333,4.54391436561875,-0.725418967714583
6686,5.33158333333333,4.39328453644424,-0.938298796889089
6687,5.47466666666667,4.32273076351401,-1.15193590315266
6688,5.59916666666667,4.40064090657816,-1.19852576008851
6689,6.16008333333333,4.64218526401936,-1.51789806931397
6690,6.03808333333333,4.95337395224758,-1.08470938108575
6691,6.2165,5.3046574384131,-0.911842561586901
6692,6.65358333333333,5.67004898420185,-0.983534349131478
6693,6.98691666666667,6.02589186520053,-0.961024801466135
6694,7.40575,6.3508593708966,-1.0548906291034
6695,7.70483333333333,6.62595480467824,-1.07887852865509
6696,7.8645,6.83451148383442,-1.02998851616558
6697,8.13708333333333,6.93648840880721,-1.20059492452612
6698,8.02066666666667,6.83898881141645,-1.18167785525022
6699,7.76341666666667,6.61196321683563,-1.15145344983104
6700,7.44475,6.3257198238019,-1.1190301761981
6701,7.11283333333333,6.02978966154008,-1.08304367179325
6702,6.72933333333333,5.75292658976267,-0.976406743570661
6703,6.38225,5.50310729866985,-0.87914270133015
6704,6.08308333333333,5.2737391218007,-0.80934421153263
6705,5.81183333333333,5.06497348485154,-0.746859848481789
6706,5.58841666666667,4.87482538441113,-0.713591282255535
6707,5.41125,4.70134963459923,-0.709900365400766
6708,5.30366666666667,4.54285902088196,-0.760807645784709
6709,5.16441666666667,4.39741794918516,-0.766998717481512
6710,5.07466666666667,4.24598549684158,-0.828681169825086
6711,5.36766666666667,4.18268767135814,-1.18497899530853
6712,5.28891666666667,4.27079494622061,-1.01812172044606
6713,5.4785,4.46868954667928,-1.00981045332072
6714,5.7245,4.634889520758,-1.089610479242
6715,5.99258333333333,4.75577750035613,-1.2368058329772
6716,6.26116666666667,4.90048628320717,-1.3606803834595
6717,6.51191666666667,5.11668576475542,-1.39523090191125
6718,6.72175,5.42543841640468,-1.29631158359532
6719,6.95225,5.76698805084756,-1.18526194915244
6720,7.13116666666667,6.05381415902492,-1.07735250764175
6721,7.2785,6.22054086542598,-1.05795913457402
6722,7.23191666666667,6.22442726640823,-1.00748940025844
6723,7.14925,6.05729405493662,-1.09195594506338
6724,6.97433333333333,5.80068859057911,-1.17364474275422
6725,6.72466666666667,5.53050247390464,-1.19416419276203
6726,6.42958333333333,5.28790223853588,-1.14168109479745
6727,6.17275,5.08076786891827,-1.09198213108173
6728,5.96016666666667,4.89060166728522,-1.06956499938145
6729,5.77708333333333,4.71676140835472,-1.06032192497861
6730,5.55883333333333,4.558640678696,-1.00019265463733
6731,5.45275,4.41447666510073,-1.03827333489927
6732,5.31433333333333,4.28274547531555,-1.03158785801778
6733,5.20366666666667,4.16155158747596,-1.04211507919071
6734,5.14916666666667,4.04711255816619,-1.10205410850048
6735,5.1755,3.98788559582052,-1.18761440417948
6736,5.38583333333333,4.04843326855113,-1.3374000647822
6737,5.70683333333333,4.27559109906787,-1.43124223426546
6738,5.935,4.62402718218519,-1.31097281781481
6739,6.30258333333333,5.0235019285077,-1.27908140482563
6740,6.73225,5.41539221257237,-1.31685778742763
6741,6.94816666666667,5.81072827947617,-1.1374383871905
6742,7.24583333333333,6.13990648400722,-1.10592684932611
6743,7.48775,6.35591179304836,-1.13183820695164
6744,7.668,6.46112488290902,-1.20687511709098
6745,7.78525,6.50732213932526,-1.27792786067474
6746,7.618,6.47466535271887,-1.14333464728113
6747,7.37008333333333,6.26551104498344,-1.10457228834989
6748,7.10941666666667,5.99163126408016,-1.11778540258651
6749,6.79441666666667,5.72312215502753,-1.07129451163914
6750,6.51625,5.4818331746488,-1.0344168253512
6751,6.23616666666667,5.259930907613,-0.976235759053675
6752,5.95941666666667,5.05850439077564,-0.900912275891031
6753,5.78883333333333,4.87548835528951,-0.913344978043821
6754,5.63525,4.70899743344347,-0.926252566556532
6755,5.55791666666667,4.55733114125786,-1.00058552540881
6756,5.46908333333333,4.41903406759788,-1.05004926573545
6757,5.4175,4.29384203553973,-1.12365796446027
6758,5.30275,4.17694495129385,-1.12580504870615
6759,5.64066666666667,4.08903246114883,-1.55163420551784
6760,5.58266666666667,4.04176365241901,-1.54090301424766
6761,6.12391666666667,4.0038610648808,-2.12005560178587
6762,5.91891666666667,4.02913695924126,-1.88977970742541
6763,5.86825,4.12704244172982,-1.74120755827018
6764,5.125,4.31626938638026,-0.80873061361974
6765,4.57641666666667,4.61895533691879,0.04253867025212
6766,3.876,5.03194364823421,1.15594364823421
6767,3.322,5.44933488045399,2.12733488045399
6768,3.17875,5.77639064097849,2.59764064097849
6769,3.11225,5.97207710319892,2.85982710319892
6770,2.76358333333333,5.96468205526504,3.20109872193171
6771,3.01158333333333,5.78549056528887,2.77390723195554
6772,3.01625,5.53103306518476,2.51478306518476
6773,3.29591666666667,5.27010194064249,1.97418527397582
6774,3.87508333333333,5.04375153112719,1.16866819779386
6775,4.06725,4.86529812987942,0.798048129879422
6776,4.17183333333333,4.72031998391511,0.548486650581777
6777,4.1625,4.57687835575442,0.414378355754415
6778,4.24558333333333,4.44358630544563,0.198002972112305
6779,4.23658333333333,4.32244504253612,0.0858617092027885
6780,4.25808333333333,4.21226349344696,-0.0458198398863727
6781,4.36266666666667,4.11188848303246,-0.25077818363421
6782,4.291,4.02089994043282,-0.270100059567185
6783,4.45366666666667,3.99593704967883,-0.457729616987839
6784,4.6025,4.11126437663478,-0.49123562336522
6785,5.088,4.37905674726752,-0.708943252732481
6786,5.57366666666667,4.75919044765995,-0.814476219006718
6787,5.83158333333333,5.15924322401103,-0.672340109322302
6788,6.11258333333333,5.43702004285648,-0.675563290476854
6789,6.29925,5.58675883081685,-0.712491169183154
6790,6.5085,5.72507325253703,-0.783426747462972
6791,6.58225,5.91085677401627,-0.67139322598373
6792,6.68766666666667,6.14042299996493,-0.547243666701744
6793,6.72183333333333,6.31695412406661,-0.404879209266724
6794,6.90533333333333,6.330385362308,-0.574947971025335
6795,6.65708333333333,6.17987261858913,-0.477210714744196
6796,6.43858333333333,5.92102879696002,-0.517554536373315
6797,6.25833333333333,5.66128447581674,-0.597048857516588
6798,6.092,5.43714583773836,-0.654854162261636
6799,5.90891666666667,5.23342032713242,-0.67549633953425
6800,5.68791666666667,5.04812343311627,-0.639793233550401
6801,5.5115,4.87941412391393,-0.632085876086068
6802,5.3675,4.72560849313941,-0.641891506860588
6803,5.27775,4.5852003138021,-0.692549686197895
6804,5.195,4.4567901144605,-0.738209885539505
6805,5.16841666666667,4.33924243403321,-0.829174232633464
6806,5.19533333333333,4.23022011245225,-0.96511322088108
6807,5.27225,4.17549589023324,-1.09675410976676
6808,5.30725,4.26256398479396,-1.04468601520604
6809,5.46125,4.49926888389283,-0.961981116107171
6810,5.74441666666667,4.81441324237663,-0.930003424290039
6811,5.96,5.15877964089844,-0.801220359101558
6812,6.25275,5.50530290060189,-0.747447099398111
6813,6.7475,5.82323861704225,-0.92426138295775
6814,7.0595,6.08359816256453,-0.975901837435472
6815,7.37241666666667,6.29343262639131,-1.07898404027536
6816,7.49775,6.42882975196115,-1.06892024803885
6817,7.49808333333333,6.46169393405606,-1.03638939927727
6818,7.4735,6.37333225071493,-1.10016774928507
6819,7.1625,6.15545490952385,-1.00704509047615
6820,6.89316666666667,5.88802505925517,-1.0051416074115
6821,6.61808333333333,5.63436397001471,-0.983719363318617
6822,6.33658333333333,5.40419961818279,-0.932383715150544
6823,6.06266666666667,5.19880820580619,-0.863858460860482
6824,5.8255,5.01654064076253,-0.80895935923747
6825,5.618,4.85897459507879,-0.759025404921212
6826,5.44566666666667,4.70897950847615,-0.736687158190523
6827,5.31616666666667,4.55697288332428,-0.759193783342395
6828,5.18616666666667,4.4029585167399,-0.783208149926771
6829,5.13733333333333,4.25652650058682,-0.880806832746512
6830,5.1185,4.13685322147589,-0.98164677852411
6831,5.11333333333333,4.07270136076504,-1.04063197256829
6832,5.22483333333333,4.10790461100358,-1.11692872232975
6833,5.50883333333333,4.26618565302411,-1.24264768030922
6834,5.57075,4.47240417785916,-1.09834582214084
6835,5.68408333333333,4.67112263602458,-1.01296069730875
6836,5.88841666666667,4.83979430706697,-1.0486223595997
6837,6.09841666666667,4.9887632995636,-1.10965336710307
6838,6.31491666666667,5.16126455112248,-1.15365211554419
6839,6.46133333333333,5.38422753919182,-1.07710579414151
6840,6.64483333333333,5.56850922487175,-1.07632410846158
6841,6.64091666666667,5.64458576233663,-0.996330904330044
6842,6.62375,5.58594405302777,-1.03780594697223
6843,6.50741666666667,5.40904199245412,-1.09837467421255
6844,6.32141666666667,5.17330847019224,-1.14810819647443
6845,6.10766666666667,4.97062186682938,-1.13704479983729
6846,5.92525,4.79801595977878,-1.12723404022122
6847,5.71091666666667,4.64155996235597,-1.0693567043107
6848,5.51358333333333,4.50008433550841,-1.01349899782492
6849,5.38825,4.37233574316299,-1.01591425683701
6850,5.24541666666667,4.25697705222606,-0.988439614440613
6851,5.17133333333333,4.15170243157123,-1.0196309017621
6852,5.128,4.02230042652961,-1.10569957347039
6853,5.14858333333333,3.90967789691806,-1.23890543641527
6854,5.09541666666667,3.87467737105912,-1.22073929560755
6855,5.11033333333333,3.95356723260514,-1.15676610072819
6856,5.10683333333333,4.15804172053831,-0.948791612795017
6857,5.33866666666667,4.47522092917062,-0.863445737496048
6858,5.66616666666667,4.86765080814389,-0.798515858522779
6859,6.08475,5.27941320207393,-0.805336797926065
6860,6.44308333333333,5.68315835750219,-0.759924975831137
6861,6.50141666666667,6.06695156495079,-0.43446510171588
6862,6.90058333333333,6.41429855935277,-0.486284773980559
6863,6.91333333333333,6.70401363972766,-0.209319693605671
6864,7.03741666666667,6.91021966918144,-0.127196997485227
6865,7.33966666666667,7.00234807490659,-0.337318591760084
6866,7.0925,6.94046088441484,-0.152039115585161
6867,6.90733333333333,6.70476141920308,-0.202571914130254
6868,6.68733333333333,6.38814012448207,-0.29919320885126
6869,6.48708333333333,6.06785332687307,-0.419230006460256
6870,6.2025,5.78745080697638,-0.415049193023616
6871,5.916,5.55677579937133,-0.35922420062867
6872,5.67083333333333,5.35230870616212,-0.318524627171207
6873,5.50866666666667,5.15886259708586,-0.349804069580809
6874,5.37775,4.98268018168721,-0.395069818312789
6875,5.26558333333333,4.82198830920455,-0.443595024128784
6876,5.22441666666667,4.67511994282261,-0.549296723844058
6877,5.26566666666667,4.54051415967254,-0.725152506994131
6878,5.40208333333333,4.43768672610487,-0.964396607228458
6879,5.55958333333333,4.44334628353755,-1.11623704979578
6880,5.52166666666667,4.55483838442993,-0.966828282236738
6881,5.53566666666667,4.75628003715286,-0.779386629513811
6882,6.05125,5.02670036951115,-1.02454963048885
6883,6.34975,5.34004062874362,-1.00970937125638
6884,6.61666666666667,5.66515418152306,-0.951512485143613
6885,6.8935,5.96580651395623,-0.927693486043769
6886,7.28558333333333,6.24803953102218,-1.03754380231115
6887,7.5045,6.48889120906473,-1.01560879093527
6888,7.53183333333333,6.61938827126779,-0.91244506206554
6889,7.50416666666667,6.60467553849547,-0.899491128171196
6890,7.37708333333333,6.44407401391559,-0.933009319417736
6891,7.10058333333333,6.17108088299966,-0.929502450333668
6892,6.78908333333333,5.85336951352288,-0.935713819810452
6893,6.51275,5.58588495877611,-0.92686504122389
6894,6.21208333333333,5.36220020960794,-0.849883123725385
6895,5.95941666666667,5.15973411863889,-0.799682548027776
6896,5.75891666666667,4.97617675594921,-0.782739910717455
6897,5.61333333333333,4.8094821270401,-0.803851206293229
6898,5.48275,4.65786817283368,-0.824881827166322
6899,5.40225,4.51981676967302,-0.88243323032698
6900,5.34783333333333,4.39361149365409,-0.954221839679237
6901,5.30966666666667,4.26632420565009,-1.04334246101658
6902,5.26941666666667,4.15372526572099,-1.11569140094568
6903,5.32483333333333,4.0796909550949,-1.24514237823843
6904,5.36075,4.0616737941866,-1.2990762058134
6905,5.60808333333333,4.11070254259754,-1.49738079073579
6906,5.98716666666667,4.23138219911583,-1.75578446755084
6907,6.3375,4.42189400171624,-1.91560599828376
6908,6.48958333333333,4.67399542756022,-1.81558790577312
6909,6.70933333333333,4.97302019299587,-1.73631314033746
6910,6.96341666666667,5.29787825355797,-1.6655384131087
6911,7.02883333333333,5.62105580396796,-1.40777752936537
6912,7.22441666666667,5.86166276768322,-1.36275389898345
6913,7.19258333333333,5.95863249281022,-1.23395084052311
6914,6.83141666666667,5.92681367444198,-0.904602992224691
6915,6.61625,5.79060329272858,-0.825646707271424
6916,6.42383333333333,5.58389178210875,-0.839941551224585
6917,6.20825,5.3500630313099,-0.858186968690099
6918,6.0105,5.13972974186828,-0.870770258131717
6919,5.74016666666667,4.9562285441638,-0.783938122502871
6920,5.54808333333333,4.78900302630158,-0.759080307031751
6921,5.36866666666667,4.63667962216755,-0.731987044499117
6922,5.25375,4.49801136905287,-0.755738630947133
6923,5.22291666666667,4.37187790765388,-0.85103875901279
6924,5.11575,4.25728548207216,-0.858464517927838
6925,5.1725,4.16255788788425,-1.00994211211575
6926,5.07641666666667,4.12199054913057,-0.954426117536096
6927,5.37941666666667,4.13157078089696,-1.24784588576971
6928,5.19125,4.18305108340818,-1.00819891659182
6929,5.243,4.26840280563551,-0.974597194364488
6930,5.50041666666667,4.37981614529672,-1.12060052136995
6931,5.62933333333333,4.50970014885606,-1.11963318447727
6932,5.95708333333333,4.6506827115243,-1.30640062180903
6933,6.01325,4.79561057725871,-1.21763942274129
6934,5.99658333333333,4.93754933876305,-1.05903399457028
6935,6.20416666666667,5.06978343748756,-1.13438322917911
6936,6.39041666666667,5.16853223209178,-1.22188443457489
6937,6.3945,5.1758131449186,-1.2186868550814
6938,6.33366666666667,5.11111445472998,-1.22255221193669
6939,6.17883333333333,4.99833824300967,-1.18049509032366
6940,6.03225,4.85821736721368,-1.17403263278632
6941,5.88166666666667,4.70831546077031,-1.17335120589637
6942,5.77725,4.56302693308008,-1.21422306691992
6943,5.7165,4.43306108288705,-1.28343891711295
6944,5.63125,4.31699303323929,-1.31425696676071
6945,5.49158333333333,4.21209347115855,-1.27948986217478
6946,5.41791666666667,4.11741007957516,-1.30050658709151
6947,5.33241666666667,4.03203408941927,-1.3003825772474
6948,5.19833333333333,3.95510027962082,-1.24323305371251
6949,5.13075,3.88578697710957,-1.24496302289043
6950,5.06166666666667,3.82331520987482,-1.23835145679185
6951,5.0745,3.78098345244218,-1.29351654755782
6952,4.98775,3.82707504473901,-1.16067495526099
6953,5.14791666666667,4.01100794841389,-1.13690871825278
6954,5.48608333333333,4.33953898806064,-1.14654434527269
6955,5.82316666666667,4.77676385121831,-1.04640281544836
6956,6.10075,5.24411708837121,-0.856632911628789
6957,6.41366666666667,5.69974929385105,-0.713917372815625
6958,6.49766666666667,6.10371883959383,-0.393947827072839
6959,6.82691666666667,6.36779830757044,-0.459118359096228
6960,6.89516666666667,6.44975673616503,-0.445409930501638
6961,6.94775,6.35344014595208,-0.594309854047924
6962,6.73941666666667,6.12877153969637,-0.610645126970295
6963,6.36275,5.87482460910149,-0.487925390898505
6964,5.67925,5.64230415025584,-0.036945849744157
6965,4.11891666666667,5.43130134521003,1.31238467854336
6966,2.77191666666667,5.24115926999971,2.46924260333304
6967,2.226,5.07062610320072,2.84462610320072
6968,1.71975,4.91785512592898,3.19810512592898
6969,1.3785,4.76697458321239,3.38847458321239
6970,0.978583333333333,4.59351184760409,3.61492851427075
6971,0.757833333333333,4.43427479940762,3.67644146607428
6972,0.984,4.32187947176262,3.33787947176262
6973,0.96425,4.28023847480284,3.31598847480284
6974,0.788583333333333,4.32456099565607,3.53597766232273
6975,2.47158333333333,4.46135279844421,1.98976946511088
6976,2.65833333333333,4.68841622428326,2.03008289094993
6977,3.20375,4.99485019128328,1.79110019128328
6978,3.63091666666667,5.36105019454841,1.73013352788174
6979,4.13716666666667,5.75870830617692,1.62154163951025
6980,4.5835,6.15244392036289,1.56894392036289
6981,5.06891666666667,6.55739581773981,1.48847915107314
6982,5.47425,6.9347813378083,1.4605313378083
6983,5.8075,7.22397929930191,1.41647929930191
6984,5.84291666666667,7.38514392090076,1.54222725423409
6985,5.85908333333333,7.39920482123154,1.54012148789821
6986,5.83733333333333,7.2678670188675,1.43053368553417
6987,5.68883333333333,7.01361093232847,1.32477759899514
6988,5.40666666666667,6.67969238008085,1.27302571341418
6989,5.08033333333333,6.33014258053759,1.24980924720426
6990,4.70233333333333,6.04738093029269,1.34504759695935
6991,4.39758333333333,5.83471890797252,1.43713557463919
6992,4.12591666666667,5.6487324250177,1.52281575835103
6993,3.93441666666667,5.46914342389334,1.53472675722667
6994,3.85533333333333,5.2844586233725,1.42912529003917
6995,3.79191666666667,5.09196951853613,1.30005285186946
6996,3.756,4.89775238077312,1.14175238077312
6997,3.74158333333333,4.71666825778026,0.975084924446928
6998,3.83191666666667,4.57236297356225,0.740446306895585
6999,3.91616666666667,4.49726712843174,0.581100461765068
7000,4.00341666666667,4.53259609900926,0.529179432342588
7001,4.39591666666667,4.70416376230025,0.308247095633578
7002,4.73083333333333,4.90095916660786,0.170125833274532
7003,5.01675,5.14477377669481,0.128023776694815
7004,5.34158333333333,5.45932050768815,0.117737174354822
7005,5.62808333333333,5.83445720561961,0.206373872286284
7006,5.94175,6.22618664742563,0.284436647425626
7007,6.18916666666667,6.56038348668835,0.371216820021681
7008,6.30716666666667,6.81289256329104,0.505725896624373
7009,6.28466666666667,6.93625700967701,0.651590343010344
7010,6.185,6.89659893212539,0.711598932125392
7011,6.078,6.70486687156043,0.626866871560432
7012,5.90533333333333,6.41683580355152,0.511502470218192
7013,5.819,6.13291571931748,0.313915719317477
7014,5.652,5.90170872456807,0.249708724568066
7015,5.43825,5.69363226453314,0.255382264533138
7016,5.23975,5.5064572098511,0.266707209851099
7017,5.07116666666667,5.33804634358655,0.266879676919876
7018,4.93783333333333,5.18635436123027,0.248521027896937
7019,4.79066666666667,5.04905303087491,0.258386364208238
7020,4.70891666666667,4.88205744450695,0.17314077784028
7021,4.64625,4.7046084988552,0.0583584988552008
7022,4.5575,4.5736422297167,0.0161422297167011
7023,4.62716666666667,4.52983877428115,-0.097327892385521
7024,4.63966666666667,4.5976223711309,-0.0420442955357681
7025,4.89841666666667,4.78516136024097,-0.113255306425697
7026,5.11366666666667,5.08436818297904,-0.0292984836876347
7027,5.41866666666667,5.47089938210542,0.0522327154387483
7028,5.788,5.9041556017731,0.116155601773101
7029,5.94908333333333,6.32728158752773,0.378198254194401
7030,6.17591666666667,6.67745067112253,0.501534004455856
7031,6.40866666666667,6.96614619526474,0.55747952859807
7032,6.56033333333333,7.16039875612229,0.600065422788963
7033,6.65591666666667,7.22915268037147,0.573236013704802
7034,6.45925,7.16280265780658,0.703552657806582
7035,6.33658333333333,6.97319374133994,0.636610408006614
7036,6.15425,6.6936213470019,0.539371347001897
7037,5.90658333333333,6.37883125394081,0.472247920607478
7038,5.71466666666667,6.10377092749104,0.389104260824367
7039,5.467,5.87707533136144,0.410075331361442
7040,5.18441666666667,5.67306716944447,0.488650502777799
7041,4.99475,5.48958399561652,0.494833995616518
7042,4.82283333333333,5.32475122303962,0.501917889706287
7043,4.71316666666667,5.17698212416142,0.463815457494748
7044,4.62675,5.0449778307152,0.4182278307152
7045,4.57775,4.92772733371987,0.349977333719867
7046,4.64833333333333,4.82450748347995,0.17617415014662
7047,4.74208333333333,4.81068239657242,0.0685990632390912
7048,4.60941666666667,4.96217692300545,0.352760256338783
7049,4.83975,5.22852128032645,0.388771280326445
7050,5.25858333333333,5.56510224908211,0.306518915748776
7051,5.56133333333333,5.93417068448225,0.372837351148915
7052,5.97916666666667,6.30484151639978,0.325674849733115
7053,6.41308333333333,6.65309374937075,0.240010416037418
7054,6.88533333333333,6.96177046259426,0.0764371292609258
7055,7.05883333333333,7.22250247039888,0.163669137065555
7056,7.20533333333333,7.41640840016866,0.211075066835329
7057,7.38666666666667,7.48571911910447,0.0990524524377978
7058,7.28,7.40359964578384,0.123599645783841
7059,7.13825,7.18202724967867,0.0437772496786719
7060,6.89816666666667,6.87179145115521,-0.0263752155114609
7061,6.65633333333333,6.56249402147406,-0.0938393118592655
7062,6.39408333333333,6.31076251978294,-0.0833208135503885
7063,6.12758333333333,6.08367634575699,-0.0439069875763387
7064,5.86358333333333,5.87849714654643,0.0149138132130986
7065,5.64583333333333,5.69289091701712,0.0470575836837899
7066,5.4765,5.52483247731941,0.0483324773194092
7067,5.34083333333334,5.37260547288812,0.0317721395547776
7068,5.32025,5.22452090599296,-0.0957290940070408
7069,5.34616666666667,5.04612383047282,-0.30004283619385
7070,5.31675,4.91007646816395,-0.406673531836048
7071,5.35425,4.87827203747625,-0.475977962523747
7072,5.40875,4.98201909848044,-0.42673090151956
7073,5.6865,5.22204155290806,-0.464458447091941
7074,5.94066666666667,5.56847864415147,-0.372188022515203
7075,6.105,5.96088495726385,-0.144115042736147
7076,6.461,6.33132518108016,-0.129674818919844
7077,6.67758333333333,6.67936243439538,0.00177910106204848
7078,6.83858333333333,6.99311522659483,0.154531893261501
7079,6.87833333333333,7.25263385990837,0.374300526575044
7080,7.04966666666667,7.43154835557208,0.381881688905411
7081,7.03891666666667,7.47555824683566,0.436641580168987
7082,6.94091666666667,7.33523242312139,0.394315756454723
7083,6.81108333333333,7.09267209517817,0.281588761844841
7084,6.63816666666667,6.81528206003765,0.177115393370979
7085,6.44916666666667,6.54553951299123,0.0963728463245612
7086,6.21233333333333,6.30086782983105,0.0885344964977186
7087,5.97,6.07976724087248,0.109767240872485
7088,5.76625,5.87933333087744,0.113083330877444
7089,5.63583333333333,5.69723990217001,0.0614065688366772
7090,5.52666666666667,5.53151608884834,0.00484942218167106
7091,5.48825,5.3805463567847,-0.107703643215299
7092,5.48716666666667,5.23856690544366,-0.248599761223014
7093,5.59366666666667,5.08156470346367,-0.512101963202999
7094,5.57441666666667,4.97246233173647,-0.601954334930202
7095,5.66708333333333,4.9667655373024,-0.700317796030929
7096,5.84175,5.08871504702256,-0.753034952977444
7097,5.97991666666667,5.33128656757875,-0.64863009908792
7098,6.28158333333333,5.65619132374216,-0.625392009591171
7099,6.45983333333333,6.01055664042745,-0.44927669290588
7100,6.81708333333333,6.37062888072249,-0.446454452610839
7101,7.07583333333333,6.71740536967957,-0.358427963653758
7102,7.29408333333333,7.02950062714061,-0.264582706192721
7103,7.38591666666667,7.28314636773716,-0.102770298929511
7104,7.56016666666667,7.4521915008904,-0.107975165776266
7105,7.6515,7.46441484749543,-0.18708515250457
7106,7.58541666666667,7.30975734204373,-0.275659324622943
7107,7.3925,7.06732676194151,-0.325173238058487
7108,7.16108333333333,6.79540996085962,-0.365673372473712
7109,6.90166666666666,6.5310991627925,-0.370567503874164
7110,6.6645,6.29029196205822,-0.374208037941776
7111,6.45225,6.07046465582909,-0.381785344170914
7112,6.27858333333333,5.87030223466468,-0.408281098668653
7113,6.16966666666667,5.68823415545415,-0.481432511212518
7114,6.0755,5.52241143441151,-0.553088565588494
7115,6.00841666666667,5.37115228044853,-0.637264386218138
7116,6.01366666666667,5.23294209517481,-0.78072457149186
7117,6.04775,5.1008141572263,-0.946935842773699
7118,6.04,4.94560465528424,-1.09439534471576
7119,6.13583333333333,4.86504167357049,-1.27079165976284
7120,6.09658333333333,4.93350099717162,-1.1630823361617
7121,6.17808333333333,5.16351665443616,-1.01456667889717
7122,6.29266666666667,5.50578091697456,-0.786885749692112
7123,6.65758333333333,5.86883416219637,-0.788749171136964
7124,6.97258333333333,6.22798680700902,-0.74459652632431
7125,7.31575,6.56009639755187,-0.755653602448127
7126,7.57475,6.84485992016645,-0.729890079833552
7127,7.67825,7.06868751021285,-0.609562489787153
7128,7.91775,7.22470245206976,-0.69304754793024
7129,7.92066666666667,7.23493499386035,-0.685731672806318
7130,7.86191666666667,7.06859553921903,-0.793321127447641
7131,7.62141666666667,6.81932078857303,-0.802095878093636
7132,7.42325,6.55190874145903,-0.871341258540967
7133,7.14675,6.30170084543367,-0.845049154566332
7134,6.87066666666667,6.07491563335918,-0.79575103330749
7135,6.63058333333333,5.86779220088871,-0.762791132444619
7136,6.44858333333333,5.6799765594538,-0.768606773879533
7137,6.30008333333333,5.50931993113367,-0.79076340219966
7138,6.19158333333333,5.35396145769765,-0.837621875635682
7139,6.09525,5.21232820060514,-0.882921799394857
7140,6.06366666666667,5.07327494747364,-0.990391719193033
7141,6.02566666666667,4.90293541537188,-1.12273125129479
7142,6.02766666666667,4.75215767762628,-1.27550898904039
7143,6.186,4.66910642755722,-1.51689357244278
7144,6.11375,4.68554684185106,-1.42820315814894
7145,6.24483333333334,4.81684458056006,-1.42798875277328
7146,6.4785,5.06196578710246,-1.41653421289754
7147,6.78533333333333,5.4034770882624,-1.38185624507093
7148,7.1935,5.80754559419,-1.38595440581
7149,7.49775,6.22393889840129,-1.27381110159871
7150,7.71383333333333,6.58602507777827,-1.12780825555506
7151,7.8715,6.84579447875714,-1.02570552124286
7152,7.98158333333333,7.00548331365423,-0.976100019679099
7153,8.05358333333333,7.06109331609162,-0.992490017241714
7154,7.946,7.0162078737665,-0.929792126233502
7155,7.76891666666667,6.88203962279226,-0.886877043874414
7156,7.51816666666667,6.67743044769845,-0.840736218968219
7157,7.25708333333333,6.42885148143082,-0.828231851902515
7158,6.96941666666666,6.17040310535127,-0.799013561315394
7159,6.72908333333333,5.94348034809445,-0.785602985238882
7160,6.53233333333333,5.75177379561051,-0.780559537722822
7161,6.38483333333333,5.57755193708067,-0.807281396252656
7162,6.2435,5.41894946353923,-0.824550536460769
7163,6.17725,5.27432696618534,-0.90292303381466
7164,6.13091666666667,5.14227093638304,-0.988645730283632
7165,6.08025,5.02037925187724,-1.05987074812276
7166,6.14491666666667,4.88328049117956,-1.26163617548711
7167,6.14758333333333,4.7973032129046,-1.35028012042873
7168,6.33783333333333,4.83092480732761,-1.50690852600572
7169,6.47516666666667,5.00887872050214,-1.46628794616453
7170,6.65641666666667,5.31215445426012,-1.34426221240655
7171,6.94266666666667,5.67853335753959,-1.26413330912708
7172,7.26583333333333,6.04626004768508,-1.21957328564825
7173,7.58141666666667,6.39823586379238,-1.18318080287429
7174,7.79725,6.7160741373726,-1.0811758626274
7175,7.88616666666667,6.97565277107661,-0.910513895590059
7176,8.066,7.14711186086029,-0.918888139139709
7177,8.11291666666667,7.16822498965176,-0.944691677014909
7178,8.04741666666667,7.04155177537784,-1.00586489128883
7179,7.80108333333333,6.82345715595124,-0.977626177382092
7180,7.51158333333333,6.56399084374353,-0.947592489589803
7181,7.229,6.30688732558516,-0.922112674414842
7182,6.963,6.07950352580449,-0.88349647419551
7183,6.69233333333333,5.87418188378323,-0.818151449550102
7184,6.50675,5.68792128199717,-0.818828718002833
7185,6.37933333333333,5.51856117255138,-0.860772160781951
7186,6.29366666666667,5.3642757179086,-0.929390948758071
7187,6.24016666666667,5.22357379088923,-1.01659287577744
7188,6.1825,5.087889117985,-1.094610882015
7189,6.22683333333333,4.92039736793012,-1.30643596540321
7190,6.21516666666667,4.78032005167769,-1.43484661498898
7191,6.22408333333333,4.72490682066667,-1.49917651266666
7192,6.35525,4.78744609185792,-1.56780390814208
7193,6.51475,4.97726504773414,-1.53748495226586
7194,6.71966666666667,5.27972963629989,-1.43993703036678
7195,6.97491666666667,5.6562445710816,-1.31867209558507
7196,7.20366666666667,6.04433395155196,-1.15933271511471
7197,7.49708333333334,6.42685618705341,-1.07022714627993
7198,7.65158333333333,6.77450823325155,-0.877075100081777
7199,7.82316666666667,7.02199167323052,-0.801174993436149
7200,8.0245,7.13093206971255,-0.893567930287446
7201,8.10341666666667,7.08987896505798,-1.01353770160869
7202,7.99825,6.91430588126524,-1.08394411873476
7203,7.76175,6.64661031997083,-1.11513968002917
7204,7.51966666666667,6.35611376244939,-1.16355290421728
7205,7.28025,6.11416033471796,-1.16608966528204
7206,7.00091666666667,5.89921897117024,-1.10169769549643
7207,6.77808333333333,5.70489883516272,-1.07318449817061
7208,6.59733333333333,5.52895495117379,-1.06837838215954
7209,6.4595,5.36926274180798,-1.09023725819202
7210,6.33391666666667,5.22381802779599,-1.11009863887068
7211,6.26708333333333,5.09073702799467,-1.17634630533866
7212,6.20158333333333,4.96825635938702,-1.23332697394631
7213,6.17383333333333,4.855119698927,-1.31871363440633
7214,6.21683333333333,4.75003878153042,-1.46679455180291
7215,6.38933333333333,4.65663659592861,-1.73269673740472
7216,6.25916666666667,4.59045161351434,-1.66871505315233
7217,6.30791666666667,4.57919254548552,-1.72872412118115
7218,6.4325,4.65959251173637,-1.77290748826363
7219,6.64691666666667,4.80921803279765,-1.83769863386902
7220,6.78308333333333,4.95468558514833,-1.828397748185
7221,6.86516666666666,5.04608322796185,-1.81908343870481
7222,6.97316666666667,5.21129717980255,-1.76186948686412
7223,7.15933333333333,5.46640609432996,-1.69292723900337
7224,7.29966666666666,5.63816444396846,-1.6615022226982
7225,7.35083333333333,5.67625048316208,-1.67458285017125
7226,7.27833333333333,5.56898949765195,-1.70934383568138
7227,7.17641666666667,5.40012116266155,-1.77629550400512
7228,7.07925,5.23582852000736,-1.84342147999264
7229,6.94441666666667,5.09862087219427,-1.8457957944724
7230,6.7945,4.97320926685308,-1.82129073314692
7231,6.64508333333333,4.85809157007091,-1.78699176326242
7232,6.48583333333333,4.75420248529273,-1.7316308480406
7233,6.34325,4.66056394703799,-1.68268605296201
7234,6.26366666666667,4.57623148546797,-1.6874351811987
7235,6.20566666666667,4.50029422638577,-1.7053724402809
7236,6.1795,4.43291157862168,-1.74658842137832
7237,6.16766666666667,4.37416705611468,-1.79349961055199
7238,6.1655,4.32365303196914,-1.84184696803085
7239,6.22191666666667,4.3094222504111,-1.91249441625557
7240,6.3545,4.39099617435884,-1.96350382564116
7241,6.46125,4.63710620780481,-1.82414379219519
7242,6.70858333333333,4.99113395929729,-1.71744937403604
7243,7.02666666666667,5.3847590091172,-1.64190765754947
7244,7.31583333333333,5.77436566564797,-1.54146766768536
7245,7.56433333333333,6.13750626380745,-1.42682706952588
7246,7.74383333333333,6.46959165628249,-1.27424167705084
7247,7.97325,6.73761244660137,-1.23563755339863
7248,8.78475,6.89718259490494,-1.88756740509506
7249,8.96458333333333,6.92607084687259,-2.03851248646074
7250,8.92391666666667,6.82467901057644,-2.09923765609023
7251,8.76016666666667,6.61604195648131,-2.14412471018536
7252,8.57216666666667,6.34582761744478,-2.22633904922189
7253,8.36025,6.08233698871713,-2.27791301128287
7254,8.15183333333333,5.87526705455594,-2.27656627877739
7255,7.95066666666667,5.68943183968863,-2.26123482697804
7256,7.72283333333333,5.52127963797448,-2.20155369535885
7257,7.52708333333333,5.36894389306281,-2.15813944027052
7258,7.36125,5.23074385735327,-2.13050614264673
7259,7.21658333333333,5.1051845919959,-2.11139874133743
7260,7.11375,4.99095696689108,-2.12279303310892
7261,7.03866666666667,4.88709173695126,-2.15157492971541
7262,6.98466666666667,4.82365927152752,-2.16100739513915
7263,6.85525,4.85675421489169,-1.99849578510831
7264,6.67108333333333,5.01231947084395,-1.65876386248938
7265,6.833,5.28825283500513,-1.54474716499487
7266,7.05425,5.65440699481662,-1.39984300518338
7267,7.30666666666667,6.05258952954044,-1.25407713712623
7268,7.59033333333333,6.41286438783723,-1.1774689454961
7269,7.88208333333333,6.7318681122042,-1.15021522112913
7270,8.0305,6.99181673517319,-1.03868326482681
7271,8.17333333333333,7.16806952273667,-1.00526381059666
7272,8.31191666666667,7.22111276081063,-1.09080390585604
7273,8.46941666666667,7.06544427138988,-1.40397239527679
7274,8.37966666666667,6.80750275787767,-1.572163908789
7275,8.15458333333333,6.53972366025076,-1.61485967308257
7276,7.90608333333333,6.29402086919989,-1.61206246413344
7277,7.63925,6.06873910945031,-1.57051089054969
7278,7.41233333333333,5.86455997712637,-1.54777335620696
7279,7.15016666666667,5.6798847650864,-1.47028190158027
7280,6.934,5.51304650096489,-1.42095349903511
7281,6.73991666666667,5.36230994717245,-1.37760671949422
7282,6.60325,5.22587160089587,-1.37737839910413
7283,6.492,5.06850021078682,-1.42349978921318
7284,6.449,4.89244494845996,-1.55655505154004
7285,6.41191666666667,4.75100113183333,-1.66091553483334
7286,6.37075,4.68338520830919,-1.68736479169081
7287,6.44108333333333,4.71467911972347,-1.72640421360986
7288,6.45066666666667,4.85583030234577,-1.5948363643209
7289,6.60175,5.10365168687937,-1.49809831312063
7290,6.86858333333333,5.44082169846119,-1.42776163487214
7291,7.11,5.83588425666185,-1.27411574333815
7292,7.49133333333333,6.24324877548563,-1.2480845578477
7293,7.807,6.60319016337048,-1.20380983662952
7294,8.03733333333333,6.85896576074891,-1.17836757258442
7295,8.19408333333333,7.00699199942499,-1.18709133390834
7296,8.24933333333333,7.03877666645118,-1.21055666688215
7297,8.44166666666667,6.95736065195767,-1.484306014709
7298,8.34725,6.77931176636041,-1.56793823363959
7299,8.07675,6.53472474036109,-1.54202525963891
7300,7.81141666666667,6.26722122494713,-1.54419544171954
7301,7.55483333333333,6.03156425938244,-1.52326907395089
7302,7.31133333333333,5.82959001397061,-1.48174331936272
7303,7.0455,5.64747066048164,-1.39802933951835
7304,6.84491666666667,5.48314857773706,-1.36176808892961
7305,6.70883333333333,5.33473575131456,-1.37409758201877
7306,6.63066666666667,5.20051377354799,-1.43015289311868
7307,6.57266666666667,5.07893384352736,-1.49373282313931
7308,6.53683333333333,4.96861676709886,-1.56821656623447
7309,6.53875,4.85246114160375,-1.68628885839625
7310,6.64208333333333,4.75545512177435,-1.88662821155898
7311,6.70658333333333,4.75251132042052,-1.95407201291281
7312,6.81491666666667,4.88170739987481,-1.93320926679186
7313,7.0455,5.14286430447674,-1.90263569552326
7314,7.29191666666667,5.4975462605728,-1.79437040609387
7315,7.58441666666667,5.8822647965208,-1.70215187014587
7316,7.87075,6.2490821529735,-1.6216678470265
7317,8.12525,6.55618112082659,-1.56906887917341
7318,8.317,6.7723537292501,-1.5446462707499
7319,8.4125,6.87717386823701,-1.53532613176299
7320,8.556,6.86099728860332,-1.69500271139668
7321,8.59825,6.71521499551888,-1.88303500448112
7322,8.44941666666667,6.48013659883854,-1.96928006782813
7323,8.23975,6.22319789679522,-2.01655210320478
7324,7.97291666666667,5.98647824422446,-1.98643842244221
7325,7.69508333333333,5.78644231170127,-1.90864102163206
7326,7.42025,5.6139400855401,-1.8063099144599
7327,7.2145,5.45217037362495,-1.76232962637505
7328,7.04333333333333,5.30569598792473,-1.7376373454086
7329,6.94058333333333,5.1728836291259,-1.76769970420743
7330,6.87841666666667,5.05221966856335,-1.82619699810332
7331,6.81383333333333,4.94239259733841,-1.87144073599492
7332,6.7975,4.84229302631887,-1.95520697368113
7333,6.81675,4.72466789761326,-2.09208210238674
7334,6.85625,4.62905197596756,-2.22719802403244
7335,6.9135,4.6392771416501,-2.2742228583499
7336,7.1015,4.7923021550955,-2.3091978449045
7337,7.23958333333333,5.07798834261942,-2.16159499071391
7338,7.40933333333333,5.43909959641852,-1.97023373691481
7339,7.72041666666667,5.80192610265967,-1.918490564007
7340,7.91516666666667,6.15103541467617,-1.7641312519905
7341,8.21508333333333,6.46468640569563,-1.7503969276377
7342,8.38166666666667,6.71492257437378,-1.66674409229289
7343,8.51983333333333,6.86789573611313,-1.6519375972202
7344,8.63941666666667,6.88386602306295,-1.75555064360372
7345,8.68466666666667,6.73944417483706,-1.94522249182961
7346,8.60691666666667,6.50234164373918,-2.10457502292749
7347,8.37675,6.24010815313028,-2.13664184686972
7348,8.10291666666667,5.99575434270167,-2.107162323965
7349,7.81266666666667,5.78813582781445,-2.02453083885222
7350,7.52208333333333,5.61195319949955,-1.91013013383378
7351,7.28008333333333,5.44692987503255,-1.83315345830078
7352,7.097,5.29609953791947,-1.80090046208054
7353,6.93475,5.15903191680901,-1.77571808319099
7354,6.86383333333333,5.03433283477261,-1.82950049856072
7355,6.84541666666667,4.92062959410802,-1.92478707255865
7356,6.82508333333333,4.81657097633933,-2.008512356994
7357,6.819,4.70759347045879,-2.11140652954121
7358,6.8455,4.59750052241675,-2.24799947758325
7359,6.87758333333333,4.58651425087775,-2.29106908245558
7360,6.98991666666667,4.72239541943526,-2.26752124723141
7361,7.20675,4.98877022881023,-2.21797977118977
7362,7.47958333333333,5.3051303168511,-2.17445301648223
7363,7.76333333333333,5.60265260308649,-2.16068073024684
7364,8.1235,5.90690945597476,-2.21659054402524
7365,8.385,6.20523996267592,-2.17976003732408
7366,8.61275,6.46458249554219,-2.14816750445781
7367,8.7875,6.63154434001961,-2.15595565998039
7368,8.88091666666667,6.63342459155926,-2.24749207510741
7369,8.85383333333333,6.46260971015211,-2.39122362318122
7370,8.63783333333333,6.22432192204915,-2.41351141128418
7371,8.4225,5.99056584762274,-2.43193415237725
7372,8.14575,5.78499445808071,-2.36075554191929
7373,7.82808333333333,5.59612895251964,-2.23195438081369
7374,7.53258333333333,5.42568033061434,-2.10690300271899
7375,7.26333333333333,5.27211111211584,-1.99122222121749
7376,7.07583333333333,5.13364203220294,-1.94219130113039
7377,6.94208333333333,5.0086554208858,-1.93342791244753
7378,6.83308333333333,4.89569520300593,-1.9373881303274
7379,6.756,4.79091231658784,-1.96508768341216
7380,6.73975,4.68102047959852,-2.05872952040148
7381,6.69558333333333,4.59936890979028,-2.09621442354305
7382,6.74908333333333,4.58050065503194,-2.16858267830139
7383,6.70033333333333,4.64889448242146,-2.05143885091187
7384,6.82075,4.81896487828591,-2.00178512171409
7385,7.00733333333333,5.0950620481815,-1.91227128515183
7386,7.30075,5.4467931949644,-1.8539568050356
7387,7.60683333333333,5.81729805063806,-1.78953528269527
7388,7.95291666666667,6.17460178063027,-1.7783148860364
7389,8.25091666666667,6.4893805861171,-1.76153608054957
7390,8.401,6.73485703358807,-1.66614296641193
7391,8.5585,6.88502267900491,-1.67347732099509
7392,8.64775,6.84614739815693,-1.80160260184307
7393,8.6385,6.65501230336559,-1.98348769663441
7394,8.46141666666667,6.40086322240971,-2.06055344425696
7395,8.21366666666667,6.14513542067698,-2.06853124598969
7396,7.93358333333333,5.92145360116394,-2.01212973216939
7397,7.65566666666667,5.73563190447599,-1.92003476219068
7398,7.417,5.56698433394726,-1.85001566605274
7399,7.23491666666667,5.41908748615008,-1.81582918051659
7400,7.12466666666667,5.289901863857,-1.83476480280967
7401,7.07275,5.16603522382901,-1.90671477617099
7402,7.05016666666667,5.0397682934079,-2.01039837325877
7403,7.07766666666667,4.90905477051623,-2.16861189615044
7404,7.12516666666667,4.77752132365739,-2.34764534300928
7405,7.18533333333334,4.65446759191555,-2.53086574141779
7406,7.2435,4.55486618495569,-2.68863381504431
7407,7.25716666666667,4.49936268302357,-2.7578039836431
7408,7.32241666666667,4.51427563694576,-2.80814102972091
7409,7.41733333333333,4.62694198350391,-2.79039134982942
7410,7.56658333333333,4.82745479598758,-2.73912853734575
7411,7.76316666666667,5.09449568821743,-2.66867097844924
7412,7.98775,5.39992346204319,-2.58782653795681
7413,8.21233333333333,5.70639789254664,-2.50593544078669
7414,8.39758333333333,5.96737972804158,-2.43020360529175
7415,8.57108333333333,6.12165720681284,-2.44942612652049
7416,8.64908333333334,6.11132001998662,-2.53776331334672
7417,8.57716666666667,5.99199739787382,-2.58516926879285
7418,8.382,5.82053580545834,-2.56146419454166
7419,8.13891666666667,5.636733292151,-2.50218337451567
7420,7.86325,5.46333949178953,-2.39991050821047
7421,7.59475,5.30638874418747,-2.28836125581253
7422,7.36825,5.16437803318466,-2.20387196681534
7423,7.18266666666667,5.03582215439553,-2.14684451227114
7424,7.05891666666667,4.91900477031515,-2.13991189635152
7425,6.98108333333333,4.8124265387529,-2.16865679458043
7426,6.98991666666667,4.71480511283255,-2.27511155383412
7427,7.00316666666667,4.62507514099223,-2.37809152567444
7428,7.05125,4.53766595006549,-2.51358404993451
7429,7.07233333333333,4.44278463323797,-2.62954870009536
7430,7.08325,4.38141025211178,-2.70183974788822
7431,7.141,4.38780729334689,-2.75319270665311
7432,7.12175,4.48134118027117,-2.64040881972883
7433,7.28166666666667,4.66647827288042,-2.61518839378625
7434,7.4875,4.93262882972192,-2.55487117027808
7435,7.69333333333333,5.24044603994649,-2.45288729338684
7436,7.94258333333333,5.53772095150594,-2.40486238182739
7437,8.18491666666667,5.78635504370699,-2.39856162295968
7438,8.35816666666667,5.96036721439761,-2.39779945226906
7439,8.436,6.04589377996703,-2.39010622003297
7440,8.48933333333333,6.04118847534573,-2.4481448579876
7441,8.45083333333333,5.94185559757624,-2.50897773575709
7442,8.2575,5.76375603853582,-2.49374396146418
7443,8.0125,5.56376532643778,-2.44873467356222
7444,7.75816666666667,5.37864589201004,-2.37952077465663
7445,7.50408333333333,5.22362000174787,-2.28046333158546
7446,7.28791666666667,5.0923697579139,-2.19554690875277
7447,7.1245,4.96887108062722,-2.15562891937278
7448,6.9965,4.85706538886413,-2.13943461113587
7449,6.90883333333333,4.75611983665691,-2.15271349667642
7450,6.8495,4.6649195698177,-2.1845804301823
7451,6.81508333333333,4.58238420348989,-2.23269912984344
7452,6.82158333333333,4.50746782214816,-2.31411551118517
7453,6.83966666666667,4.42752567672832,-2.41214098993835
7454,6.85391666666667,4.36724339099883,-2.48667327566784
7455,6.91441666666667,4.38646985769312,-2.52794680897355
7456,6.94741666666667,4.51792460873893,-2.42949205792774
7457,7.10633333333333,4.76648652317305,-2.33984681016028
7458,7.339,5.10919382714136,-2.22980617285864
7459,7.51441666666667,5.49524409389878,-2.01917257276789
7460,7.76,5.86412383730046,-1.89587616269954
7461,7.90341666666667,6.17466568864279,-1.72875097802388
7462,7.95133333333333,6.37992652734631,-1.57140680598702
7463,8.06716666666667,6.45601470067704,-1.61115196598963
7464,8.22341666666667,6.4029769058026,-1.82043976086407
7465,8.27575,6.24541902573712,-2.03033097426288
7466,8.11425,6.0420191658565,-2.0722308341435
7467,7.91433333333333,5.83111223332449,-2.08322110000884
7468,7.61375,5.63151727188102,-1.98223272811898
7469,7.383,5.45281068813553,-1.93018931186447
7470,7.15708333333333,5.29532625156691,-1.86175708176642
7471,6.88625,5.15227776897113,-1.73397223102887
7472,6.6855,5.02289143707055,-1.66260856292945
7473,6.527,4.9063703169824,-1.6206296830176
7474,6.42125,4.80150279533707,-1.61974720466293
7475,6.3405,4.70708205502967,-1.63341794497033
7476,6.26866666666667,4.62190607522002,-1.64676059144665
7477,6.26275,4.54477763133265,-1.71797236866735
7478,6.24408333333333,4.46546936168773,-1.7786139716456
7479,6.20766666666667,4.4502557878905,-1.75741087877617
7480,6.267,4.56426130087538,-1.70273869912462
7481,6.54975,4.79760881427753,-1.75214118572247
7482,6.75083333333333,5.09923519639379,-1.65159813693954
7483,7.12483333333333,5.41763804962456,-1.70719528370877
7484,7.39583333333333,5.697342234097,-1.69849109923633
7485,7.65608333333333,5.90409400738304,-1.75198932595029
7486,7.86725,6.14287005115122,-1.72437994884878
7487,8.1285,6.30953211575589,-1.81896788424411
7488,8.194,6.32111162350437,-1.87288837649563
7489,8.26191666666667,6.18071243811641,-2.08120422855026
7490,8.20516666666667,5.9764971331045,-2.22866953356217
7491,8.01391666666667,5.7898506635458,-2.22406600312087
7492,7.821,5.62124810029383,-2.19975189970617
7493,7.62633333333333,5.47036645043281,-2.15596688290052
7494,7.4335,5.33652104187234,-2.09697895812766
7495,7.21533333333333,5.21865393895664,-1.99667939437669
7496,7.00933333333333,5.11510799177989,-1.89422534155343
7497,6.84133333333333,5.02422660762918,-1.81710672570416
7498,6.73066666666667,4.94442221253124,-1.78624445413543
7499,6.6315,4.87406352806547,-1.75743647193453
7500,6.70725,4.80898316567091,-1.89826683432909
7501,6.79483333333333,4.7465209889754,-2.04831234435793
7502,6.83166666666667,4.7265100288786,-2.10515663778807
7503,6.92966666666667,4.78441294316774,-2.14525372349893
7504,7.07633333333333,4.94390472755958,-2.13242860577375
7505,7.25208333333333,5.20297525423354,-2.04910807909979
7506,7.42766666666667,5.50051592766195,-1.92715073900472
7507,7.64941666666667,5.80765602942749,-1.84176063723918
7508,7.87558333333333,6.10469605246174,-1.77088728087159
7509,8.04558333333333,6.37540477574564,-1.67017855758769
7510,8.25641666666666,6.57900946825435,-1.67740719841231
7511,8.42958333333333,6.6699544996543,-1.75962883367903
7512,8.54433333333333,6.6353830938428,-1.90895023949053
7513,8.57166666666667,6.49645854169466,-2.07520812497201
7514,8.52,6.30835839196285,-2.21164160803715
7515,8.35358333333333,6.12861802019418,-2.22496531313915
7516,8.14358333333333,5.96426454651728,-2.17931878681605
7517,7.91066666666667,5.81493236282963,-2.09573430383704
7518,7.6515,5.6800229453564,-1.9714770546436
7519,7.4005,5.55864105098906,-1.84185894901094
7520,7.21075,5.44968504735157,-1.76106495264843
7521,7.08333333333333,5.35217367355079,-1.73115965978254
7522,7.01008333333333,5.26519919266245,-1.74488414067088
7523,6.982,5.18802689067975,-1.79397310932025
7524,7.02108333333333,5.12157942134333,-1.89950391198999
7525,7.06416666666667,5.06175811242549,-2.00240855424118
7526,7.10666666666667,5.028487616657,-2.07817905000967
7527,7.13675,5.07449163833154,-2.06225836166846
7528,7.23758333333333,5.27508126482871,-1.96250206850462
7529,7.36983333333333,5.58833826429514,-1.78149506903819
7530,7.54358333333333,5.94639851102299,-1.59718482231034
7531,7.72675,6.3050126735086,-1.4217373264914
7532,7.96525,6.63108021798972,-1.33416978201028
7533,8.0695,6.90264940844553,-1.16685059155447
7534,8.36325,7.10693943263385,-1.25631056736615
7535,8.38541666666667,7.17841426345866,-1.20700240320801
7536,8.37533333333334,7.12471071954269,-1.25062261379065
7537,8.56666666666667,6.99123838469569,-1.57542828197098
7538,8.56841666666667,6.81467258624415,-1.75374408042252
7539,8.55033333333333,6.62295439503123,-1.9273789383021
7540,8.38783333333333,6.43529062541679,-1.95254270791654
7541,8.14941666666667,6.26215383527741,-1.88726283138926
7542,7.84625,6.10575048990899,-1.74049951009101
7543,7.59233333333333,5.9650561991191,-1.62727713421423
7544,7.37708333333333,5.83875829360726,-1.53832503972607
7545,7.27691666666667,5.72557758401367,-1.551339082653
7546,7.22375,5.62434185754796,-1.59940814245204
7547,7.2405,5.53398587798925,-1.70651412201075
7548,7.3295,5.45355138568614,-1.87594861431386
7549,7.37166666666667,5.38218709755669,-1.98947956910998
7550,7.40033333333333,5.31914870708845,-2.08118462624488
7551,7.46433333333333,5.26685751808474,-2.19747581524859
7552,7.5155,5.25719568274941,-2.25830431725059
7553,7.66166666666667,5.29553625733296,-2.3661304093337
7554,7.79508333333333,5.3711736312795,-2.42390970205383
7555,7.98341666666667,5.46555552668212,-2.51786113998455
7556,8.07925,5.55228299828289,-2.52696700171711
7557,8.18416666666667,5.59740217543904,-2.58676449122763
7558,8.20825,5.58476625659698,-2.62348374340302
7559,8.19858333333333,5.53559833163309,-2.66298500170024
7560,8.12016666666667,5.46948979095755,-2.65067687570912
7561,8.00691666666667,5.40017591223809,-2.60674075442858
7562,7.86316666666667,5.33553586040004,-2.52763080626663
7563,7.75658333333333,5.27761010427493,-2.4789732290584
7564,7.60616666666667,5.22560566267283,-2.38056100399384
7565,7.48083333333333,5.17921932523026,-2.30161400810307
7566,7.34475,5.13773274494722,-2.20701725505278
7567,7.25425,5.10049734089082,-2.15375265910918
7568,7.18958333333333,5.06693429819534,-2.12264903513799
7569,7.1215,5.03653456806217,-2.08496543193783
7570,7.04925,5.00885886775988,-2.04039113224012
7571,7.07616666666667,4.98353768062416,-2.09262898604251
7572,7.08725,4.96027125605783,-2.12697874394217
7573,7.09625,4.93584361194034,-2.16040638805966
7574,7.16275,4.89382979404229,-2.26892020595771
7575,7.222,4.87217821638743,-2.34982178361257
7576,7.23866666666667,4.90410369965156,-2.33456296701511
7577,7.35441666666667,5.00298596612965,-2.35143070053702
7578,7.47541666666667,5.16236963973583,-2.31304702693084
7579,7.54875,5.35596424600338,-2.19278575399662
7580,7.68125,5.53610296865054,-2.14514703134946
7581,7.84241666666667,5.63631878418432,-2.20609788248235
7582,7.94883333333333,5.66295222671881,-2.28588110661452
7583,8.03208333333333,5.63857115700166,-2.39351217633167
7584,8.03166666666667,5.58248119526996,-2.44918547139671
7585,7.95325,5.51072572125027,-2.44252427874973
7586,7.7865,5.43608587415862,-2.35041412584138
7587,7.54083333333333,5.36824656673765,-2.17258676659568
7588,7.30666666666667,5.31603471472555,-1.99063195194112
7589,7.09275,5.2751559581625,-1.8175940418375
7590,6.95316666666667,5.23848607795923,-1.71468058870744
7591,6.86958333333333,5.20071808090672,-1.66886525242661
7592,6.86566666666667,5.15836219967615,-1.70730446699052
7593,6.83766666666667,5.10974589281896,-1.72792077384771
7594,6.82108333333333,5.05501384476679,-1.76606948856654
7595,6.80216666666667,4.99612796583151,-1.80603870083516
7596,6.79566666666667,4.93686739220523,-1.85879927446144
7597,6.80341666666667,4.88282848596027,-1.9205881807064
7598,6.79516666666667,4.84142483504919,-1.95374183161748
7599,6.69683333333333,4.82188725330477,-1.87494608002856
7600,6.71683333333333,4.83526378044001,-1.88156955289332
7601,6.85191666666667,4.89441968204814,-1.95749698461853
7602,6.97033333333333,5.02337570973308,-1.94695762360025
7603,7.09225,5.26461628657969,-1.82763371342031
7604,7.28033333333333,5.46973311947432,-1.81060021385901
7605,7.38591666666667,5.57038966346197,-1.8155270032047
7606,7.478,5.62426982744597,-1.85373017255403
7607,7.54066666666667,5.63160501631976,-1.90906165034691
7608,7.68925,5.59696302638515,-2.09228697361485
7609,7.61383333333333,5.5396218055774,-2.07421152775593
7610,7.50925,5.47008165640177,-2.03916834359823
7611,7.31283333333333,5.4022670037298,-1.91056632960353
7612,6.99816666666667,5.33863386381824,-1.65953280284843
7613,6.56016666666667,5.27856419880464,-1.28160246786203
7614,6.17258333333333,5.22209917978222,-0.950484153551109
7615,5.83016666666667,5.16967337208037,-0.660493294586301
7616,5.46575,5.1215767854054,-0.344173214594597
7617,5.321,5.07845149646445,-0.242548503535553
7618,5.19366666666667,5.04072779880228,-0.152938867864391
7619,5.22183333333333,5.00916543540028,-0.212667897933047
7620,5.35858333333333,4.98544230384326,-0.373141029490069
7621,5.478,4.96030790077609,-0.517692099223905
7622,5.617,4.93861973939078,-0.678380260609225
7623,5.77291666666667,4.94443191349351,-0.828484753173163
7624,5.63375,5.0472988087162,-0.586451191283802
7625,5.85325,5.28458895563179,-0.568661044368206
7626,6.07458333333333,5.61346588599643,-0.461117447336897
7627,6.10425,5.98411271162099,-0.120137288379015
7628,6.2295,6.34026922193134,0.110769221931337
7629,6.51233333333333,6.64318579665437,0.130852463321036
7630,6.83383333333333,6.87080553100253,0.0369721976692041
7631,7.17658333333333,6.96781376468667,-0.208769568646662
7632,7.45216666666667,6.92408300168276,-0.528083664983915
7633,7.63875,6.77735693692603,-0.861393063073969
7634,7.48925,6.60558167034559,-0.883668329654411
7635,7.42183333333333,6.4462432116332,-0.975590121700132
7636,7.31133333333333,6.30056440391018,-1.01076892942315
7637,7.21525,6.1688216218336,-1.0464283781664
7638,7.052,6.05066124998159,-1.00133875001841
7639,6.90266666666667,5.94510119417453,-0.957565472492142
7640,6.78408333333333,5.85076901111786,-0.933314322215467
7641,6.73791666666667,5.76645589446968,-0.971460772196988
7642,6.70475,5.69110750383748,-1.01364249616252
7643,6.73633333333333,5.62380613873386,-1.11252719459947
7644,6.795,5.56345457114082,-1.23154542885918
7645,6.8725,5.48532177341553,-1.38717822658447
7646,6.92133333333333,5.44252329374925,-1.47881003958408
7647,7.01691666666667,5.49864659913846,-1.51827006752821
7648,7.06391666666667,5.6736044401959,-1.39031222647077
7649,7.15433333333333,5.94363485115053,-1.2106984821828
7650,7.33175,6.25861264718584,-1.07313735281416
7651,7.51075,6.59437924184973,-0.916370758150272
7652,7.59208333333333,6.92066257130773,-0.671420762025596
7653,7.65816666666667,7.20661711691421,-0.451549549752458
7654,7.77783333333333,7.42137337095006,-0.356459962383271
7655,7.77758333333333,7.53349650803494,-0.244086825298394
7656,7.92925,7.48378577859768,-0.445464221402318
7657,7.87008333333333,7.31689695667859,-0.553186376654745
7658,7.8615,7.1085488104752,-0.752951189524804
7659,7.74775,6.90554520062862,-0.842204799371375
7660,7.58391666666667,6.72577508022355,-0.858141586443123
7661,7.42441666666667,6.56048655573115,-0.863930110935522
7662,7.18991666666667,6.40804148921224,-0.781875177454431
7663,7.03158333333333,6.26954577984607,-0.762037553487259
7664,6.98991666666667,6.14376854855438,-0.846148118112292
7665,6.94241666666667,6.02966514604809,-0.912751520618585
7666,6.90508333333333,5.92637715282731,-0.978706180506023
7667,6.91666666666667,5.83323237918135,-1.08343428748532
7668,6.97383333333333,5.72661148708081,-1.24722184625252
7669,7.026,5.62761193042734,-1.39838806957266
7670,7.08008333333333,5.58972364014776,-1.49035969318557
7671,7.11316666666667,5.6447733653019,-1.46839330136476
7672,7.1695,5.80291687838425,-1.36658312161575
7673,7.31983333333333,6.05263897532395,-1.26719435800938
7674,7.408,6.36075347548477,-1.04724652451523
7675,7.4885,6.68165553469304,-0.806844465306959
7676,7.65416666666667,6.97658188143004,-0.677584785236632
7677,7.85258333333333,7.2093989552742,-0.643184378059127
7678,7.94658333333333,7.35532558213365,-0.591257751199675
7679,8.06316666666667,7.40107042715883,-0.66209623950784
7680,8.15058333333334,7.34483199474247,-0.805751338590874
7681,8.15033333333333,7.19629862851962,-0.954034704813706
7682,8.09108333333333,6.99753582834318,-1.09354750499015
7683,7.96258333333333,6.81203542066226,-1.15054791267107
7684,7.77033333333333,6.64241132568457,-1.12792200764876
7685,7.54075,6.48835633959008,-1.05239366040992
7686,7.35141666666667,6.34905218751636,-1.00236447915031
7687,7.19333333333333,6.22316952355861,-0.970163809774715
7688,7.05675,6.1092427804422,-0.947507219557797
7689,7.00275,6.00619610749811,-0.996553892501886
7690,7.00116666666667,5.9120668833573,-1.08909978330937
7691,7.03675,5.82549919306055,-1.21125080693945
7692,7.02691666666667,5.74585186621097,-1.2810648004557
7693,7.01175,5.67319847697401,-1.33855152302599
7694,6.98191666666667,5.60832734407744,-1.37358932258923
7695,6.91208333333333,5.55274153081138,-1.35934180252195
7696,6.85625,5.50865884502824,-1.34759115497176
7697,7.069,5.47901183914281,-1.58998816085719
7698,6.99725,5.46512009312442,-1.53212990687558
7699,6.84633333333333,5.45037485246833,-1.395958480865
7700,6.42283333333333,5.45956591158907,-0.963267421744257
7701,6.20458333333333,5.50685356542694,-0.697729767906393
7702,6.23408333333333,5.57944255104096,-0.654640782292374
7703,6.05466666666667,5.63758204760888,-0.41708461905779
7704,5.89683333333333,5.61600890589824,-0.28082442743509
7705,5.73775,5.53730111549897,-0.200448884501032
7706,5.64,5.45277637588716,-0.187223624112841
7707,5.56983333333333,5.37147364761317,-0.198359685720159
7708,5.50441666666667,5.29871022524558,-0.205706441421088
7709,5.46041666666667,5.23608173737119,-0.22433492929548
7710,5.435,5.18146214659501,-0.253537853404992
7711,5.39933333333333,5.13206572222301,-0.267267611110321
7712,5.29883333333333,5.08800182716892,-0.210831506164411
7713,5.20241666666667,5.04852444741579,-0.153892219250881
7714,5.11775,5.01305100360484,-0.104698996395157
7715,5.07633333333333,4.98116367964593,-0.0951696536873952
7716,5.07816666666667,4.95260942271753,-0.12555724394914
7717,5.0905,4.92729994326672,-0.163200056733277
7718,5.061,4.90928596708098,-0.151714032919023
7719,5.06025,4.94514210365888,-0.115107896341116
7720,5.11316666666667,5.05268095372313,-0.0604857129435441
7721,5.25883333333333,5.22857190563761,-0.0302614276957192
7722,5.38425,5.45878139503646,0.074531395036459
7723,5.63283333333333,5.71857290482401,0.0857395714906817
7724,5.7765,5.97250696517482,0.196006965174822
7725,5.852,6.17444115353366,0.322441153533664
7726,5.80983333333333,6.31036215760501,0.500528824271676
7727,5.74758333333333,6.39619267880566,0.648609345472327
7728,5.73575,6.41931814484828,0.683568144848279
7729,5.63658333333333,6.37762321347727,0.741039880143943
7730,5.57566666666667,6.27958773041425,0.703921063747583
7731,5.53516666666667,6.14428672935805,0.609120062691385
7732,5.515,6.00139043198473,0.486390431984733
7733,5.465,5.88377357614875,0.418773576148746
7734,5.36216666666667,5.78092070220887,0.418754035542202
7735,5.28191666666667,5.6877938071057,0.405877140439034
7736,5.2205,5.60330779191907,0.382807791919068
7737,5.14275,5.52657015641184,0.383820156411839
7738,5.12708333333333,5.45688099902994,0.329797665696611
7739,5.07358333333333,5.39373301690235,0.320149683569015
7740,5.08208333333333,5.33681150584108,0.254728172507748
7741,5.00508333333333,5.26288022974273,0.257796896409397
7742,4.88158333333333,5.19947010606178,0.317886772728451
7743,4.85483333333333,5.20601585378892,0.351182520455587
7744,4.87016666666667,5.31104300389114,0.440876337224473
7745,4.79758333333333,5.51213644199175,0.714553108658421
7746,5.02475,5.77594040837033,0.751190408370332
7747,4.97083333333333,6.03815849796276,1.06732516462943
7748,4.99916666666667,6.21297862422394,1.21381195755727
7749,4.99108333333333,6.30951855662939,1.31843522329606
7750,5.18341666666667,6.35128343228577,1.1678667656191
7751,5.34183333333333,6.34521718804102,1.00338385470769
7752,5.46675,6.29265428628177,0.825904286281768
7753,5.42916666666667,6.18998515359789,0.760818486931225
7754,5.40958333333333,6.07215025086712,0.662566917533787
7755,5.43308333333333,5.96331883843939,0.530235505106062
7756,5.42175,5.86395090985772,0.44220090985772
7757,5.50316666666667,5.77401331082268,0.270846644156006
7758,5.48991666666667,5.6929797391924,0.203063072525732
7759,5.53983333333333,5.62045640294305,0.0806230696097225
7760,5.52033333333333,5.55551809646777,0.0351847631344357
7761,5.56291666666667,5.49606568042635,-0.0668509862403175
7762,5.42658333333333,5.4403863747232,0.013803041389866
7763,4.794,5.38717075850073,0.593170758500731
7764,4.16758333333333,5.33551277013944,1.16792943680611
7765,4.0875,5.28490970725787,1.19740970725787
7766,4.281,5.21188593147416,0.930885931474164
7767,4.59066666666667,5.14884687712286,0.558180210456189
7768,4.774,5.17856624616569,0.404566246165689
7769,4.95508333333333,5.34164996228289,0.38656662894956
7770,5.04683333333333,5.6359257895843,0.589092456250971
7771,5.21383333333333,6.01644333260936,0.802609999276032
7772,5.17408333333333,6.39547403632711,1.22139070299378
7773,5.21558333333333,6.71761030798356,1.50202697465023
7774,5.307,6.97971238093926,1.67271238093926
7775,5.35075,7.12704083109953,1.77629083109953
7776,5.37433333333333,7.13718117221208,1.76284783887875
7777,5.30458333333333,7.0206538878209,1.71607055448757
7778,5.19525,6.82091443126619,1.62566443126619
7779,5.13783333333333,6.61435322568442,1.47651989235109
7780,5.1215,6.45705312107623,1.33555312107623
7781,5.12441666666667,6.31543491358572,1.19101824691905
7782,5.076,6.18688861891445,1.11088861891445
7783,5.05125,6.06984036944178,1.01859036944179
7784,5.09208333333333,5.96299186391858,0.870908530585249
7785,5.1195,5.8653203674672,0.745820367467202
7786,5.13075,5.77607239311777,0.645322393117771
7787,5.17133333333333,5.66800303766345,0.496669704330124
7788,5.13966666666667,5.55293692693312,0.413270260266453
7789,5.157,5.4758118835938,0.318811883593802
7790,5.19858333333333,5.46786105063442,0.269277717301086
7791,5.24258333333333,5.5466128913658,0.304029558032467
7792,5.23483333333333,5.71589118942068,0.481057856087351
7793,5.38625,5.96581504875371,0.579565048753706
7794,5.3775,6.27279889364141,0.895298893641415
7795,5.47291666666667,6.59955246868226,1.12663580201559
7796,5.54175,6.90508900493212,1.36333900493212
7797,5.6155,7.1688173151772,1.5533173151772
7798,5.61466666666667,7.36044602349557,1.7457793568289
7799,5.59958333333333,7.46036643713825,1.86078310380492
7800,5.61075,7.46126082868513,1.85051082868513
7801,5.59083333333333,7.36810243604487,1.77726910271154
7802,5.46875,7.19815546245496,1.72940546245496
7803,5.3205,6.9809750764817,1.6604750764817
7804,5.28908333333333,6.75840741202021,1.46932407868688
7805,5.26541666666667,6.57875042806628,1.31333376139961
7806,5.28325,6.42581728639357,1.14256728639357
7807,5.31266666666667,6.28756771610113,0.974901049434465
7808,5.32133333333333,6.16293002007438,0.841596686741046
7809,5.3945,6.05085313902745,0.656353139027452
7810,5.56066666666667,5.95030665150327,0.389639984836605
7811,5.67041666666667,5.86028077387351,0.189864107206842
7812,5.7545,5.77957814323573,0.0250781432357341
7813,5.80566666666667,5.70791064864344,-0.0977560180232286
7814,5.86641666666667,5.6668299205988,-0.199586746067867
7815,5.92075,5.67324148252538,-0.247508517474618
7816,6.02283333333333,5.73089926823394,-0.291934065099394
7817,6.05833333333333,5.83040562192243,-0.227927711410904
7818,6.168,5.94921129817601,-0.21878870182399
7819,6.22941666666667,6.05161546196705,-0.177801204699624
7820,6.32941666666667,6.15981625018153,-0.169600416485142
7821,6.42033333333333,6.27138906677985,-0.148944266553483
7822,6.46408333333333,6.32690605059799,-0.137177282735341
7823,6.51066666666667,6.30126150382539,-0.209405162841284
7824,6.54308333333333,6.20367442490841,-0.339408908424921
7825,6.51208333333333,6.07768850855036,-0.434394824782966
7826,6.51983333333333,5.98058470675032,-0.539248626583007
7827,6.46691666666667,5.8961711618341,-0.570745504832568
7828,6.39575,5.82017598608809,-0.575574013911907
7829,6.357,5.75193287663913,-0.605067123360873
7830,6.33908333333333,5.69072674920987,-0.64835658412346
7831,6.31633333333333,5.63579373811882,-0.680539595214513
7832,6.27575,5.5863211962803,-0.689428803719704
7833,6.20225,5.54144769520447,-0.66080230479553
7834,6.16183333333333,5.50026302499733,-0.661570308336002
7835,6.19191666666667,5.4608148973971,-0.731101769269574
7836,6.20141666666667,5.42054343080985,-0.780873235856825
7837,6.21166666666667,5.38806640394453,-0.823600262722136
7838,6.20025,5.38525676690737,-0.814993233092628
7839,6.205,5.44247388019576,-0.762526119804245
7840,6.225,5.51983052734181,-0.70516947265819
7841,6.45116666666667,5.55558449920441,-0.895582167462257
7842,6.59475,5.56435135278645,-1.03039864721355
7843,6.61616666666667,5.62546278399748,-0.990703882669187
7844,6.62441666666667,5.6649427410699,-0.959473925596772
7845,6.25575,5.65560048507632,-0.600149514923682
7846,5.60116666666667,5.61349541531835,0.0123287486516812
7847,4.82983333333333,5.5534999684504,0.723666635117066
7848,4.29833333333333,5.48929961847963,1.1909662851463
7849,4.05833333333333,5.43071546008859,1.37238212675526
7850,4.18566666666667,5.37770539485353,1.19203872818686
7851,4.49591666666667,5.33044860248595,0.834531935819276
7852,4.74166666666667,5.28895745452267,0.547290787855998
7853,5.05658333333333,5.25295828590497,0.196374952571636
7854,5.47566666666667,5.22189139497858,-0.253775271688093
7855,5.81433333333333,5.1949110434937,-0.619422289839633
7856,5.93208333333333,5.17088545660498,-0.761197876728348
7857,5.5325,5.14754893972107,-0.384951060278929
7858,4.72658333333333,5.12127845528368,0.394695121950347
7859,4.02225,5.09159309283388,1.06934309283388
7860,3.57608333333333,5.05980290539836,1.48371957206503
7861,3.48866666666667,5.01276289403284,1.52409622736617
7862,3.62325,5.00493674162629,1.38168674162629
7863,3.86475,5.14502922258208,1.28027922258208
7864,4.07066666666667,5.42845961544394,1.35779294877727
7865,4.24691666666667,5.73999755050001,1.49308088383334
7866,4.54683333333333,6.01472891828669,1.46789558495336
7867,4.55216666666667,6.2490430698656,1.69687640319893
7868,4.54008333333333,6.40726912464108,1.86718579130775
7869,4.65266666666667,6.55622247472927,1.9035558080626
7870,4.75691666666667,6.7024759352621,1.94555926859543
7871,4.92958333333333,6.74389309109718,1.81430975776385
7872,4.98325,6.64616354164778,1.66291354164778
7873,4.6715,6.50099620533989,1.82949620533989
7874,4.7495,6.35092290859367,1.60142290859367
7875,4.74133333333333,6.21908100237468,1.47774766904135
7876,4.6415,6.10921336219385,1.46771336219385
7877,4.54891666666667,6.00875959912735,1.45984293246068
7878,4.45383333333333,5.91708994445209,1.46325661111876
7879,4.27616666666667,5.83466505091203,1.55849838424536
7880,4.17508333333333,5.76059303591349,1.58550970258016
7881,4.06725,5.6941543781274,1.6269043781274
7882,4.15958333333333,5.63480191748924,1.47521858415591
7883,3.92758333333333,5.5739835701488,1.64640023681547
7884,3.87641666666667,5.51725254702802,1.64083588036135
7885,3.63125,5.50045930320855,1.86920930320855
7886,3.58541666666667,5.54867106164326,1.96325439497659
7887,3.52991666666667,5.67514669926982,2.14523003260315
7888,3.50383333333333,5.88133674701072,2.37750341367739
7889,3.44433333333333,6.14295422863406,2.69862089530073
7890,3.35425,6.37194960134669,3.01769960134669
7891,3.3755,6.56475091079238,3.18925091079238
7892,3.06841666666667,6.721810096995,3.65339343032833
7893,3.0125,6.83190000990132,3.81940000990132
7894,2.73183333333333,6.8721144093811,4.14028107604777
7895,3.04183333333333,6.8103373990533,3.76850406571997
7896,2.94658333333333,6.6891554142334,3.74257208090007
7897,3.32033333333333,6.55596436935053,3.2356310360172
7898,3.13291666666667,6.42722992561736,3.29431325895069
7899,3.05408333333333,6.31176455263353,3.2576812193002
7900,3.01333333333333,6.21072752838569,3.19739419505236
7901,2.92108333333333,6.11837953209221,3.19729619875888
7902,2.93258333333333,6.03332522147306,3.10074188813973
7903,2.87908333333333,5.95576366521406,3.07668033188073
7904,2.77816666666667,5.88507010447327,3.1069034378066
7905,2.64033333333333,5.82066522366906,3.18033189033573
7906,2.51008333333333,5.76201515048013,3.2519318171468
7907,2.36783333333333,5.70863145584543,3.3407981225121
7908,2.39866666666667,5.65555095292064,3.25688428625397
7909,2.25725,5.58715341289887,3.32990341289887
7910,2.14575,5.53735946064122,3.39160946064122
7911,2.1275,5.5321008345002,3.4046008345002
7912,2.02383333333333,5.5793053712005,3.55547203786717
7913,1.94366666666667,5.66889700583893,3.72523033917226
7914,1.82866666666667,5.77279577188451,3.94412910521784
7915,1.85966666666667,5.84491780117837,3.9852511345117
7916,1.99366666666667,5.84978290593058,3.85611623926391
7917,1.83816666666667,5.82888112042601,3.99071445375934
7918,1.98716666666667,5.79301713145288,3.80585046478621
7919,1.88333333333333,5.74867119731159,3.86533786397826
7920,1.642,5.70080280272998,4.05880280272998
7921,1.49775,5.65285065886337,4.15510065886337
7922,0.752333333333333,5.60673270329452,4.85439936996118
7923,0.484333333333333,5.56284624684943,5.07851291351609
7924,0.385166666666667,5.52133645979214,5.13616979312547
7925,0.389083333333333,5.48277692868243,5.09369359534909
7926,0.531833333333333,5.44668386700861,4.91485053367528
7927,0.666916666666667,5.41197589098569,4.74505922431903
7928,0.489583333333333,5.37697401955536,4.88739068622203
7929,0.32425,5.33940167438598,5.01515167438598
7930,0.365333333333333,5.29638467987259,4.93105134653926
7931,0.404083333333333,5.2475034198747,4.84342008654137
7932,0.615083333333333,5.19996231073122,4.58487897739788
7933,0.280333333333333,5.1594166709183,4.87908333758497
7934,0.286166666666667,5.15199267754599,4.86582601087932
7935,0.348666666666667,5.28815197252703,4.93948530586036
7936,0.382416666666667,5.48189087131625,5.09947420464959
7937,0.386333333333333,5.59869535671385,5.21236202338051
7938,0.41075,5.72254886001661,5.31179886001661
7939,0.404666666666667,5.85324726565281,5.44858059898614
7940,0.537083333333333,6.05324454486761,5.51616121153427
7941,0.518333333333333,6.29079313176319,5.77245979842985
7942,0.418916666666667,6.46764885540304,6.04873218873637
7943,0.408916666666667,6.49979692422159,6.09088025755492
7944,0.526666666666667,6.41381726401274,5.88715059734607
7945,0.494833333333333,6.28224828182308,5.78741494848974
7946,0.411833333333333,6.14899968715646,5.73716635382313
7947,0.427583333333333,6.03666921120743,5.6090858778741
7948,0.388166666666667,5.94654260686116,5.55837594019449
7949,0.39025,5.86311567575742,5.47286567575742
7950,0.3635,5.78756867785874,5.42406867785874
7951,0.303166666666667,5.72075272781424,5.41758606114757
7952,0.27575,5.66198980957626,5.38623980957626
7953,0.26225,5.61072914083954,5.34847914083954
7954,0.264083333333333,5.56654717304126,5.30246383970792
7955,0.23575,5.52150201727045,5.28575201727045
7956,0.225083333333333,5.472553194769,5.24746986143567
7957,0.210916666666667,5.46687696627037,5.2559602996037
7958,0.18475,5.53773477563282,5.35298477563282
7959,0.172666666666667,5.69962680235135,5.52696013568468
7960,0.165333333333333,5.94829196155768,5.78295862822435
7961,0.160666666666667,6.26108925007907,6.10042258341241
7962,0.188416666666667,6.59660904011991,6.40819237345324
7963,0.178666666666667,6.91026864070788,6.73160197404121
7964,0.175333333333333,7.17190805517961,6.99657472184627
7965,0.139083333333333,7.36658644824778,7.22750311491445
7966,0.0984166666666667,7.44683255836995,7.34841589170328
7967,0.1815,7.37198808602207,7.19048808602207
7968,0.135166666666667,7.227039758642,7.09187309197533
7969,0.144666666666667,7.06880332370057,6.9241366570339
7970,0.147166666666667,6.92146502665496,6.77429835998829
7971,0.151,6.78489538251519,6.63389538251519
7972,0.129166666666667,6.65917834845385,6.53001168178718
7973,0.149916666666667,6.544129741594,6.39421307492733
7974,0.185583333333333,6.43949109589691,6.25390776256358
7975,0.189833333333333,6.34492991770634,6.15509658437301
7976,0.215083333333333,6.25446575359827,6.03938242026493
7977,0.14925,6.14490509657847,5.99565509657847
7978,0.191916666666667,6.0419052441189,5.84998857745224
7979,0.18775,5.97229440718628,5.78454440718628
7980,0.142166666666667,5.95546659576401,5.81329992909735
7981,0.158833333333333,6.00338161885222,5.84454828551889
7982,0.153,6.1205650844677,5.9675650844677
7983,0.170583333333333,6.30410839964394,6.13352506631061
7984,0.14425,6.54366877043113,6.39941877043113
7985,0.188333333333333,6.82146920189613,6.6331358685628
7986,0.269666666666667,7.11229849812252,6.84263183145586
7987,0.362583333333333,7.38521203339329,7.02262870005996
7988,0.528666666666667,7.6172476021183,7.08858093545163
7989,0.637333333333333,7.78660924178056,7.14927590844723
7990,0.510083333333333,7.87881632295948,7.36873298962614
7991,0.746166666666667,7.88844147326941,7.14227480660274
7992,0.824,7.8191105773597,6.9951105773597
7993,0.82525,7.68350277691466,6.85825277691466
7994,0.712666666666667,7.50335047065358,6.79068380398691
7995,0.78,7.30943931433069,6.52943931433069
7996,0.884,7.14133176540565,6.25733176540565
7997,0.681,7.00270737852666,6.32170737852666
7998,0.536916666666667,6.87619901749744,6.33928235083077
7999,0.61325,6.76095985031556,6.14770985031556
8000,0.52525,6.65620825211451,6.13095825211451
8001,0.494666666666667,6.56122780516361,6.06656113849694
8002,0.409333333333333,6.47536729886807,6.06603396553473
8003,0.364666666666667,6.39804072976896,6.03337406310229
8004,0.308666666666667,6.32872730154324,6.02006063487657
8005,0.253083333333333,6.26717125161062,6.01408791827728
8006,0.25375,6.27190717843561,6.01815717843561
8007,0.224666666666667,6.3779059121678,6.15323924550113
8008,0.199333333333333,6.56565633059548,6.36632299726214
8009,0.19025,6.81192323093352,6.62167323093352
8010,0.18275,7.0897473298234,6.9069973298234
8011,0.169333333333333,7.36844526333315,7.19911192999982
8012,0.155083333333333,7.61359419547286,7.45851086213952
8013,0.1235,7.77541658475369,7.65191658475369
8014,0.121833333333333,7.8358210939529,7.71398776061957
8015,0.111916666666667,7.80596161757899,7.69404495091232
8016,0.0949166666666666,7.70225748936686,7.6073408227002
8017,0.0720833333333333,7.5463934822779,7.47431014894457
8018,0.0578333333333333,7.36531980849989,7.30748647516656
8019,0.0539166666666667,7.19125211944708,7.13733545278042
8020,0.0525833333333333,7.03903566272977,6.98645232939643
8021,0.0533333333333333,6.89948904271445,6.84615570938111
8022,0.0550833333333333,6.77280036429897,6.71771703096564
8023,0.0594166666666667,6.65891755294688,6.59950088628021
8024,0.0785,6.55754825063855,6.47904825063855
8025,0.193666666666667,6.46815981587115,6.27449314920449
8026,0.368416666666667,6.38997932365869,6.02156265699202
8027,0.40175,6.32199356553196,5.92024356553196
8028,0.709666666666667,6.2629490495386,5.55328238287193
8029,1.12091666666667,6.22080537549842,5.09988870883175
8030,1.39075,6.25463160107612,4.86388160107612
8031,1.34191666666667,6.37091742472244,5.02900075805577
8032,1.90458333333333,6.55952151112059,4.65493817778726
8033,2.46625,6.80426446589856,4.33801446589856
8034,2.87425,7.08292883562906,4.20867883562906
8035,2.90383333333333,7.36725910782957,4.46342577449624
8036,2.88958333333333,7.62296171096232,4.73337837762899
8037,3.03641666666667,7.79731174432796,4.76089507766129
8038,3.54966666666667,7.83523645276496,4.28556978609829
8039,4.26075,7.77788839455354,3.51713839455354
8040,4.31825,7.66570096055779,3.34745096055779
8041,4.2525,7.52945389769474,3.27695389769474
8042,4.28958333333333,7.39027330893438,3.10068997560105
8043,4.23025,7.25963165329958,3.02938165329958
8044,4.16158333333333,7.13934774586617,2.97776441253284
8045,4.08816666666667,7.02486802744253,2.93670136077586
8046,3.94625,6.91852304272289,2.97227304272289
8047,3.75758333333333,6.82059408835467,3.06301075502134
8048,3.66933333333333,6.73099757119777,3.06166423786444
8049,3.50166666666667,6.64965356361626,3.14798689694959
8050,3.426,6.57648580347837,3.15048580347837
8051,3.38991666666667,6.51142169415651,3.12150502748984
8052,3.27941666666667,6.45165192210804,3.17223525544137
8053,3.35691666666667,6.38478737938526,3.02787071271859
8054,3.45591666666667,6.37896876670319,2.92305210003652
8055,3.56541666666667,6.48123905760606,2.91582239093939
8056,3.6935,6.6906308564437,2.9971308564437
8057,3.74041666666667,6.9593666735074,3.21895000684073
8058,3.91716666666667,7.24533449360687,3.3281678269402
8059,4.10575,7.52627570595138,3.42052570595138
8060,4.56733333333333,7.7738967813803,3.20656344804697
8061,4.6825,7.95899798139498,3.27649798139498
8062,4.6035,8.05066970993404,3.44716970993404
8063,4.76,8.00911931731676,3.24911931731676
8064,4.808,7.87419980417955,3.06619980417955
8065,4.88775,7.70051833832478,2.81276833832478
8066,4.85741666666667,7.52672021059535,2.66930354392868
8067,4.90325,7.3754888348747,2.4722388348747
8068,4.97475,7.25354574808677,2.27879574808677
8069,5.1225,7.15165061019606,2.02915061019606
8070,5.22208333333333,7.05008291425023,1.8279995809169
8071,5.274,6.95368954369349,1.67968954369349
8072,5.21708333333333,6.86495159225903,1.6478682589257
8073,5.12666666666667,6.78414564913249,1.65747898246582
8074,5.0315,6.71138563369409,1.67988563369409
8075,4.92158333333333,6.6466227955187,1.72503946218537
8076,4.85566666666667,6.5869658653791,1.73129919871243
8077,4.82091666666667,6.52384753814494,1.70293087147827
8078,4.769,6.51280600855818,1.74380600855818
8079,4.76325,6.59093750677073,1.82768750677073
8080,4.816,6.75803074390029,1.94203074390029
8081,4.87758333333333,6.97709837431771,2.09951504098438
8082,4.93625,7.20920776265075,2.27295776265075
8083,4.98575,7.43688829939471,2.45113829939471
8084,5.14833333333333,7.63476984854488,2.48643651521155
8085,5.33158333333333,7.76775847238157,2.43617513904824
8086,5.36525,7.78864030471345,2.42339030471345
8087,5.3625,7.70427438018336,2.34177438018336
8088,5.47841666666667,7.56884751271677,2.0904308460501
8089,5.46875,7.42224730276467,1.95349730276467
8090,5.35816666666667,7.28905980150622,1.93089313483955
8091,5.59041666666667,7.17856951084876,1.58815284418209
8092,5.74675,7.08475938342775,1.33800938342775
8093,5.90533333333333,6.99170762964026,1.08637429630693
8094,5.99491666666667,6.90345984189081,0.908543175224136
8095,6.03241666666667,6.8214785903262,0.789061923659527
8096,5.95158333333333,6.74569645052467,0.794113117191339
8097,5.83325,6.67591863992979,0.842668639929787
8098,5.6805,6.61182301785044,0.931323017850442
8099,5.54316666666667,6.55296008546085,1.00979341879419
8100,5.38491666666667,6.49824405258913,1.11332738592246
8101,5.22125,6.44900324754715,1.22775324754715
8102,4.77241666666667,6.41304433762602,1.64062767095935
8103,3.17375,6.40182110001591,3.22807110001591
8104,2.00358333333333,6.43753691800617,4.43395358467284
8105,1.40908333333333,6.5518792786677,5.14279594533437
8106,1.00166666666667,6.67716226016944,5.67549559350277
8107,1.024,6.79231058104155,5.76831058104155
8108,1.04141666666667,6.9462453256977,5.90482865903103
8109,1.13458333333333,7.09233919700245,5.95775586366912
8110,1.24808333333333,7.13578803178994,5.88770469845661
8111,1.73125,7.08072689908093,5.34947689908093
8112,2.18225,6.96708686830279,4.78483686830279
8113,2.33566666666667,6.85964200769508,4.52397534102841
8114,2.53675,6.76549247465761,4.22874247465761
8115,2.69833333333333,6.68017901661267,3.98184568327934
8116,2.831,6.6027161103881,3.7717161103881
8117,3.03116666666667,6.53258655432333,3.50141988765666
8118,3.25058333333333,6.46974146826931,3.21915813493598
8119,3.37866666666667,6.41962881862798,3.04096215196131
8120,3.51591666666667,6.38127962098206,2.86536295431539
8121,3.47133333333333,6.3441296168207,2.87279628348737
8122,3.40266666666667,6.30228125937037,2.8996145927037
8123,3.33033333333333,6.2545862556986,2.92425292236527
8124,3.26916666666667,6.20464556671393,2.93547890004726
8125,3.23783333333333,6.16080940716595,2.92297607383262
8126,3.31525,6.13617724564524,2.82092724564524
8127,3.23066666666667,6.14859780458344,2.91793113791677
8128,3.21216666666667,6.22066906025322,3.00850239358655
8129,3.35383333333333,6.36568872340298,3.01185539006965
8130,3.52166666666667,6.56617803804759,3.04451137138092
8131,3.6845,6.803873579278,3.119373579278
8132,3.77741666666667,7.05202185975622,3.27460519308955
8133,3.9635,7.29078974543803,3.32728974543803
8134,4.03016666666667,7.42146036779729,3.39129370113062
8135,4.00825,7.39641076051412,3.38816076051411
8136,4.32416666666667,7.29412469762468,2.96995803095801
8137,4.33483333333333,7.19650210661636,2.86166877328303
8138,4.41666666666667,7.10461247637261,2.68794580970594
8139,4.661,7.02111414874342,2.36011414874342
8140,4.82875,6.94547136209551,2.11672136209551
8141,4.94658333333333,6.87553894498409,1.92895561165076
8142,5.025,6.81127306809675,1.78627306809674
8143,4.997,6.75270641703216,1.75570641703216
8144,4.96158333333333,6.69984502530142,1.73826169196809
8145,4.884,6.65266960043736,1.76866960043736
8146,4.8035,6.61113552399452,1.80763552399452
8147,4.75858333333333,6.57517285154915,1.81658951821582
8148,4.71641666666667,6.54399758455155,1.82758091788488
8149,4.6545,6.51003684779873,1.85553684779873
8150,4.52975,6.49221258856404,1.96246258856404
8151,4.43291666666667,6.51316268273647,2.0802460160698
8152,4.42008333333333,6.58969001853288,2.16960668519955
8153,4.41191666666667,6.73276249649805,2.32084582983138
8154,4.49975,6.93221394435309,2.43246394435309
8155,4.58666666666667,7.10682382423982,2.52015715757315
8156,4.64425,7.26741991882277,2.62316991882277
8157,4.62575,7.41744134748495,2.79169134748495
8158,4.61075,7.53285025765939,2.92210025765939
8159,4.66308333333333,7.56213182482909,2.89904849149576
8160,4.643,7.47653931923956,2.83353931923956
8161,4.68375,7.37228022328084,2.68853022328084
8162,4.7785,7.26912961706053,2.49062961706053
8163,4.8255,7.1745927043536,2.3490927043536
8164,4.9555,7.08991822776912,2.13441822776912
8165,4.97016666666667,7.01131979713889,2.04115313047222
8166,4.98466666666667,6.93917575346563,1.95450908679896
8167,4.96941666666667,6.87376780292185,1.90435113625518
8168,4.93483333333333,6.81490789784438,1.88007456451105
8169,4.87866666666667,6.76237346845468,1.88370680178801
8170,4.81425,6.71590742285885,1.90165742285885
8171,4.73116666666667,6.6752181470476,1.94405148038093
8172,4.707,6.63997950489631,1.93297950489631
8173,4.64933333333333,6.60230229549269,1.95296896215936
8174,4.61366666666667,6.57177562670513,1.95810896003846
8175,4.61191666666667,6.6230232699921,2.01110660332543
8176,4.68175,6.78745363137491,2.10570363137491
8177,4.77225,7.04432537150922,2.27207537150922
8178,4.92525,7.32851021275857,2.40326021275857
8179,5.07625,7.60381716387753,2.52756716387753
8180,5.25116666666667,7.81507452186433,2.56390785519766
8181,5.39183333333333,7.92447215612149,2.53263882278816
8182,5.51641666666667,7.92447074564759,2.40805407898092
8183,5.57208333333333,7.838927837103,2.26684450376967
8184,5.55766666666667,7.72476407520777,2.1670974085411
8185,5.54391666666667,7.60445487667286,2.06053821000619
8186,5.56041666666667,7.48657226335046,1.92615559668378
8187,5.59508333333333,7.37679521837377,1.78171188504044
8188,5.65891666666667,7.27790968615699,1.61899301949032
8189,5.64433333333333,7.18980857239531,1.54547523906198
8190,5.65375,7.10949174406491,1.45574174406491
8191,5.61808333333333,7.03406735978786,1.41598402645453
8192,5.55591666666667,6.96432318837404,1.40840652170737
8193,5.47333333333333,6.90044429134206,1.42711095800873
8194,5.36508333333333,6.84251796513823,1.4774346318049
8195,5.2505,6.79053388376462,1.54003388376462
8196,5.13866666666667,6.7443840987791,1.60571743211243
8197,4.96125,6.70386303929532,1.74261303929532
8198,4.84625,6.66869686640585,1.82244686640585
8199,4.77608333333333,6.66786350812849,1.89178017479516
8200,4.72575,6.71376741905446,1.98801741905446
8201,4.796,6.78813039594826,1.99213039594826
8202,5.00841666666667,6.87449887346659,1.86608220679992
8203,5.16308333333333,6.95824392415832,1.79516059082499
8204,5.31358333333333,7.0265612584645,1.71297792513117
8205,5.38591666666667,7.06847122471837,1.6825545580517
8206,5.50908333333333,7.07481880914535,1.56573547581202
8207,5.58425,7.03827363586304,1.45402363586304
8208,5.5785,6.97064533366015,1.39214533366015
8209,5.516,6.90515367119624,1.38915367119624
8210,5.49375,6.8432068572948,1.3494568572948
8211,5.43933333333333,6.78510940804414,1.34577607471081
8212,5.464,6.7310335572702,1.2670335572702
8213,5.5175,6.68101925653663,1.16351925653663
8214,5.557,6.63497417514472,1.07797417514472
8215,5.53308333333333,6.59267370013341,1.05959036680008
8216,5.47558333333333,6.55376093627933,1.078177602946
8217,5.35566666666667,6.51782420252694,1.16215753586027
8218,5.17016666666667,6.48510863647123,1.31494196980456
8219,5.11083333333333,6.45605001750248,1.34521668416915
8220,5.00025,6.43081439511672,1.43056439511672
8221,4.848,6.4085597707714,1.5605597707714
8222,4.88758333333333,6.37646594772488,1.48888261439155
8223,4.95683333333333,6.41599996354818,1.45916663021485
8224,4.963,6.58222746907864,1.61922746907864
8225,5.01175,6.85108788397557,1.83933788397557
8226,5.02508333333333,7.1507936265283,2.12571029319497
8227,5.13525,7.45560953200664,2.32035953200664
8228,5.32141666666667,7.70553519887718,2.38411853221051
8229,5.45541666666667,7.86025192039836,2.40483525373169
8230,5.58175,7.90376793664773,2.32201793664773
8231,5.68075,7.84441843452198,2.16366843452198
8232,5.72766666666667,7.71486554773691,1.98719888107024
8233,5.71333333333333,7.57209835682747,1.85876502349414
8234,5.67108333333333,7.45923012161214,1.78814678827881
8235,5.68483333333333,7.35664626813964,1.67181293480631
8236,5.71108333333333,7.26291112749659,1.55182779416326
8237,5.72266666666667,7.17709341014679,1.45442674348013
8238,5.78033333333333,7.09841359596132,1.31808026262799
8239,5.78783333333333,7.02624393421848,1.23841060088515
8240,5.72675,6.96010844360389,1.23335844360389
8241,5.654,6.89968977066796,1.24568977066796
8242,5.54091666666667,6.84705084294419,1.30613417627752
8243,5.42691666666667,6.80169472109887,1.3747780544322
8244,5.28333333333333,6.76542948046142,1.48209614712809
8245,5.15241666666667,6.74674832357395,1.59433165690728
8246,5.06066666666667,6.76082958019129,1.70016291352462
8247,5.03425,6.82953670728094,1.79528670728094
8248,5.01041666666667,6.98141828902311,1.97100162235644
8249,5.04883333333333,7.2024774330526,2.15364409971927
8250,5.04041666666667,7.39597402614812,2.35555735948145
8251,5.20716666666667,7.57903046139857,2.3718637947319
8252,5.37875,7.74974771103565,2.37099771103565
8253,5.54975,7.8788668089131,2.3291168089131
8254,5.728,7.9097688505067,2.1817688505067
8255,5.90566666666667,7.82945531475616,1.92378864808949
8256,5.91633333333333,7.71425818540405,1.79792485207072
8257,5.873,7.59218672926776,1.71918672926776
8258,5.86241666666667,7.47977688074989,1.61736021408322
8259,5.84675,7.38232905590901,1.53557905590901
8260,5.89891666666667,7.29405474007308,1.39513807340641
8261,6.0065,7.21055283172375,1.20405283172375
8262,6.11025,7.13339020109349,1.02314020109349
8263,6.11925,7.06234538244396,0.943095382443963
8264,6.08266666666667,6.99727594082025,0.914609274153583
8265,6.0065,6.93811847205088,0.931618472050882
8266,5.8895,6.88488860274781,0.995388602747808
8267,5.74766666666667,6.83381826168691,1.08615159502024
8268,5.63183333333333,6.76664768432468,1.13481435099135
8269,5.48983333333333,6.72408537320248,1.23425203986915
8270,5.35408333333333,6.74291384513678,1.38883051180345
8271,5.29391666666667,6.84146258170854,1.54754591504187
8272,5.19683333333333,7.0196080292632,1.82277469592987
8273,5.22875,7.25877359891072,2.03002359891072
8274,5.28408333333333,7.52500819823862,2.24092486490529
8275,5.37175,7.80243904433061,2.43068904433061
8276,5.43991666666667,8.03489427359435,2.59497760692768
8277,5.61258333333333,8.17565372614077,2.56307039280744
8278,5.71933333333333,8.20572481037588,2.48639147704255
8279,5.80375,8.13384250300079,2.33009250300079
8280,5.83033333333333,7.99646934901168,2.16613601567835
8281,5.80125,7.85602830282722,2.05477830282722
8282,5.785,7.73438319856798,1.94938319856798
8283,5.81533333333333,7.6221371247603,1.80680379142697
8284,5.8585,7.51840304961847,1.65990304961847
8285,5.94966666666667,7.42248828897253,1.47282162230586
8286,6.02841666666667,7.33389450626823,1.30547783960156
8287,6.07158333333333,7.25231771256709,1.18073437923376
8288,6.0495,7.17718480903735,1.12768480903735
8289,6.00033333333333,7.08318104365778,1.08284771032445
8290,5.92441666666667,6.98097749728749,1.05656083062082
8291,5.8365,6.90002437142313,1.06352437142313
8292,5.7525,6.86233249053892,1.10983249053892
8293,5.65116666666667,6.88247330208669,1.23130663542002
8294,5.55633333333333,6.96757887649583,1.4112455431625
8295,5.46116666666667,7.11734190717332,1.65617524050665
8296,5.41708333333333,7.32401571050374,1.90693237717041
8297,5.41275,7.57241422584923,2.15966422584923
8298,5.46083333333333,7.83991201554955,2.37907868221622
8299,5.57016666666667,8.09644426492203,2.52627759825536
8300,5.72233333333333,8.29658797147051,2.57425463813718
8301,5.831,8.37557872448867,2.54457872448867
8302,5.94825,8.35552123149973,2.40727123149973
8303,6.05208333333333,8.26711135528395,2.21502802195062
8304,6.06641666666667,8.13664649301196,2.07022982634529
8305,6.02333333333333,7.98602557624473,1.9626922429114
8306,6.05225,7.83274907093361,1.78049907093361
8307,6.0615,7.68991897742031,1.62841897742031
8308,6.09158333333333,7.5662388304369,1.47465549710357
8309,6.14841666666667,7.46601369910583,1.31759703243916
8310,6.23108333333333,7.38915018693989,1.15806685360656
8311,6.31291666666667,7.33115643184225,1.01823976517558
8312,6.33475,7.28314210610645,0.948392106106449
8313,6.37008333333333,7.23181841641638,0.861735083083048
8314,6.34866666666667,7.15243918945619,0.803772522789515
8315,6.28016666666667,7.05024131366561,0.77007464699894
8316,6.17225,6.96160329753553,0.789353297535527
8317,6.01483333333333,6.91406486543136,0.899231532098032
8318,5.956,6.92597550730034,0.969975507300344
8319,5.82591666666667,7.0064944786715,1.18057781200483
8320,5.74816666666667,7.15559080065567,1.407424133989
8321,5.64841666666667,7.36404325994547,1.7156265932788
8322,5.64883333333333,7.61344040881534,1.96460707548201
8323,5.7085,7.87618056512151,2.16768056512151
8324,5.79458333333333,8.11547181230202,2.32088847896869
8325,5.932,8.28533199937669,2.35333199937669
8326,6.03883333333333,8.32712267887515,2.28828934554182
8327,6.112,8.2512334844109,2.1392334844109
8328,6.08266666666667,8.1237507879267,2.04108412126003
8329,6.08825,7.99039279747134,1.90214279747134
8330,6.11775,7.87543330217224,1.75768330217224
8331,6.17008333333333,7.78170167223541,1.61161833890208
8332,6.24425,7.69266925796275,1.44841925796275
8333,6.33075,7.60705555796005,1.27630555796005
8334,6.45441666666667,7.52764258372636,1.07322591705969
8335,6.51058333333333,7.45393247676321,0.943349143429881
8336,6.558,7.3857036873959,0.827703687395905
8337,6.51508333333333,7.32301097477355,0.807927641440218
8338,6.46775,7.26618540686904,0.798435406869038
8339,6.39075,7.19555658255746,0.804806582557457
8340,6.24875,7.10570055476686,0.856950554766864
8341,6.14066666666667,7.02681415990575,0.886147493239076
8342,6.04066666666667,6.98161442371385,0.940947757047183
8343,5.94591666666667,6.98513263890896,1.03921597224229
8344,5.86283333333333,7.04471436518685,1.18188103185352
8345,5.84733333333333,7.16001942922132,1.31268609588799
8346,5.86225,7.32302192466421,1.46077192466421
8347,5.91641666666667,7.51801021214535,1.60159354547868
8348,6,7.7215869192726,1.7215869192726
8349,6.12041666666667,7.90266894063182,1.78225227396515
8350,6.35641666666667,8.02248743778692,1.66607077112025
8351,6.34283333333333,8.0345878392798,1.69175450594647
8352,6.37741666666667,7.94642523627346,1.56900856960679
8353,6.45941666666667,7.85731577674321,1.39789911007654
8354,6.48,7.7709788396249,1.2909788396249
8355,6.446,7.68776609806361,1.24176609806361
8356,6.48058333333333,7.60799865833188,1.12741532499855
8357,6.54175,7.53196705982969,0.99021705982969
8358,6.56766666666667,7.45993127508446,0.892264608417793
8359,6.69033333333333,7.39212070975106,0.701787376417735
8360,6.76441666666667,7.32873420261181,0.564317535945138
8361,6.79308333333333,7.26994002557645,0.476856692243117
8362,6.83558333333333,7.21587588368218,0.380292550348853
8363,6.775,7.16664891509366,0.391648915093657
8364,6.62,7.12233569110296,0.502335691102958
8365,6.50616666666667,7.08298221612962,0.576815549462947
8366,6.33358333333333,7.05006404887309,0.716480715539761
8367,6.20616666666667,7.0809108415784,0.87474417491173
8368,6.076,7.17293636429849,1.09693636429849
8369,5.9515,7.28892824631996,1.33742824631996
8370,5.93866666666667,7.40075572431862,1.46208905765195
8371,5.92216666666667,7.48936964235954,1.56720297569287
8372,5.82675,7.54480245189696,1.71805245189696
8373,5.84958333333333,7.564478446657,1.71489511332367
8374,5.89708333333333,7.54407775462166,1.64699442128833
8375,5.96516666666667,7.49645751564135,1.53129084897468
8376,5.97683333333333,7.43491396167723,1.4580806283439
8377,5.99266666666667,7.36930841731589,1.37664175064922
8378,5.91583333333333,7.30606729976927,1.39023396643594
8379,5.87558333333333,7.24818211887473,1.3725987855414
8380,5.88416666666667,7.19571049480115,1.31154382813448
8381,5.90341666666667,7.14841120584516,1.24499453917849
8382,5.89841666666667,7.10555571155376,1.20713904488709
8383,5.93116666666667,7.06652312348542,1.13535645681876
8384,5.94175,7.03087123669466,1.08912123669466
8385,5.9965,6.99833652973198,1.00183652973198
8386,6.01733333333333,6.96883416464394,0.95150083131061
8387,6.08383333333333,6.9424579869731,0.858624653639771
8388,6.04833333333333,6.91607723451351,0.86774390118018
8389,6.02958333333333,6.86184244844671,0.832259115113384
8390,5.95425,6.82953986118785,0.875289861187848
8391,5.863,6.86864410105628,1.00564410105628
8392,5.80525,7.00240097109989,1.19715097109989
8393,5.72466666666667,7.2278274490951,1.50316078242843
8394,5.66775,7.51571168754683,1.84796168754683
8395,5.63516666666667,7.81061301368853,2.17544634702185
8396,5.65233333333333,8.04425785479029,2.39192452145696
8397,5.73158333333333,8.20585666605904,2.47427333272571
8398,5.72925,8.29294576656781,2.56369576656781
8399,5.90125,8.30789981548152,2.40664981548152
8400,6.002,8.26009081143459,2.25809081143459
8401,5.96208333333333,8.16588809253106,2.20380475919773
8402,5.91366666666667,8.04865833634449,2.13499166967782
8403,5.90675,7.93876555991802,2.03201555991802
8404,5.87958333333333,7.8498669389145,1.97028360558117
8405,5.91633333333333,7.76930278637338,1.85296945304005
8406,6.02133333333333,7.69545580031618,1.67412246698285
8407,6.15291666666667,7.62708856900528,1.47417190233861
8408,6.33191666666667,7.56333704493169,1.23142037826502
8409,6.46383333333333,7.50371054481514,1.03987721148181
8410,6.47908333333333,7.448091749604,0.969008416270673
8411,6.47291666666667,7.39673670447535,0.923820037808682
8412,6.41133333333333,7.35027481883493,0.938941485501605
8413,6.33325,7.30740363841383,0.974153638413831
8414,6.22816666666667,7.26509874163401,1.03693207496734
8415,6.13966666666667,7.30599328514748,1.16632661848081
8416,6.10508333333333,7.4683667929002,1.36328345956687
8417,6.09766666666667,7.71397370725725,1.61630704059059
8418,6.10275,7.96807424054956,1.86532424054956
8419,6.18025,8.21242416137037,2.03217416137037
8420,6.336,8.42387980473428,2.08787980473428
8421,6.55025,8.57843586255471,2.02818586255471
8422,6.67366666666667,8.63986483182222,1.96619816515555
8423,6.76916666666667,8.57090243597554,1.80173576930887
8424,6.786,8.44199579399632,1.65599579399632
8425,6.74975,8.30845018814413,1.55870018814413
8426,6.69525,8.19652172504167,1.50127172504167
8427,6.70725,8.10341733567478,1.39616733567478
8428,6.72125,8.01202392733953,1.29077392733953
8429,6.78958333333333,7.92728867544799,1.13770534211466
8430,6.99041666666667,7.84877025047009,0.858353583803421
8431,7.14275,7.77592204762352,0.633172047623517
8432,7.18,7.70839932589421,0.528399325894209
8433,7.163,7.64605920803635,0.48305920803635
8434,7.09575,7.58896068057237,0.493210680572375
8435,6.9975,7.53736459379296,0.539864593792964
8436,6.88358333333333,7.49173366175705,0.608150328423719
8437,6.75183333333333,7.4527324622918,0.700899128958474
8438,6.61166666666667,7.43580902418093,0.824142357514259
8439,6.52058333333333,7.48990079961802,0.969317466284694
8440,6.46616666666667,7.6140655745052,1.14789890783853
8441,6.43508333333333,7.79589395428329,1.36081062094996
8442,6.46941666666667,8.01534534226434,1.54592867559767
8443,6.55316666666667,8.24474793963166,1.69158127296499
8444,6.63408333333333,8.44879874543975,1.81471541210642
8445,6.74108333333333,8.57660082658197,1.83551749324864
8446,6.90133333333333,8.61673134528586,1.71539801195253
8447,6.99566666666667,8.589272308176,1.59360564150933
8448,7.02341666666667,8.51425198757659,1.49083532090992
8449,6.98158333333333,8.41163949605648,1.43005616272315
8450,6.968,8.30134478642918,1.33334478642918
8451,6.95391666666667,8.20230836488061,1.24839169821394
8452,7.07275,8.11471521407532,1.04196521407532
8453,7.13633333333333,8.0347798049625,0.898446471629172
8454,7.2635,7.96169639522302,0.698196395223024
8455,7.37141666666667,7.89465576871832,0.523239102051653
8456,7.43283333333333,7.8328452354904,0.400011902157065
8457,7.51,7.77547461407319,0.265474614073189
8458,7.48466666666667,7.73952220965103,0.254855542984362
8459,7.39525,7.70465095951779,0.309400959517794
8460,7.25316666666667,7.64361982311267,0.390453156445997
8461,7.087,7.56194988108636,0.474949881086363
8462,6.95741666666667,7.49792433530111,0.540507668634444
8463,6.80766666666667,7.52258850883068,0.714921842164006
8464,6.68383333333334,7.69249337277037,1.00866003943703
8465,6.56125,7.92985228089724,1.36860228089724
8466,6.53008333333333,8.19003714829838,1.65995381496505
8467,6.48483333333333,8.44014451018386,1.95531117685053
8468,6.51266666666667,8.65579873989397,2.1431320732273
8469,6.57633333333333,8.81380669235167,2.23747335901834
8470,6.71575,8.83938452579846,2.12363452579846
8471,6.81766666666667,8.76684373065078,1.94917706398411
8472,6.84733333333333,8.64892840783589,1.80159507450256
8473,6.81991666666667,8.52368700979809,1.70377034313142
8474,6.87216666666667,8.41447234049874,1.54230567383207
8475,6.93258333333333,8.3299415554162,1.39735822208287
8476,6.97191666666667,8.26405616154589,1.29213949487922
8477,7.074,8.19861445179581,1.12461445179581
8478,7.156,8.13617827262236,0.980178272622358
8479,7.2975,8.07988469307422,0.78238469307422
8480,7.36733333333333,8.02915196679509,0.661818633461757
8481,7.41291666666667,7.98351402815472,0.570597361488048
8482,7.4315,7.94262049224893,0.511120492248933
8483,7.39141666666667,7.90623665489962,0.514819988232949
8484,7.27241666666667,7.87424349265473,0.601826825988057
8485,7.15866666666667,7.84663766278828,0.687970996121608
8486,7.05191666666667,7.85648531929698,0.804568652630311
8487,6.9335,7.94554811050457,1.01204811050457
8488,6.80241666666667,8.10042480295656,1.29800813628989
8489,6.71591666666667,8.30364520341011,1.58772853674344
8490,6.6425,8.53411955844342,1.89161955844342
8491,6.583,8.76713855445576,2.18413855445576
8492,6.59083333333333,8.97437331766749,2.38353998433416
8493,6.65858333333333,9.11575033865587,2.45716700532254
8494,6.78233333333333,9.13493377545223,2.3526004421189
8495,6.84516666666667,9.07168296781447,2.2265163011478
8496,6.81475,8.96895748396287,2.15420748396287
8497,6.75016666666667,8.85729588237051,2.10712921570384
8498,6.79683333333333,8.75481571176328,1.95798237842995
8499,6.84408333333333,8.66721351111988,1.82313017778655
8500,6.90541666666667,8.58777504526198,1.68235837859531
8501,6.99058333333333,8.51164160862819,1.52105827529486
8502,7.06166666666667,8.44260806766215,1.38094140099548
8503,7.16466666666667,8.37956825626039,1.21490158959372
8504,7.29708333333333,8.32164704536065,1.02456371202732
8505,7.39933333333333,8.26820034294184,0.868867009608505
8506,7.50083333333333,8.21881509402404,0.717981760690708
8507,7.548,8.17330928066853,0.62530928066853
8508,7.50966666666667,8.13173192197777,0.622065255311098
8509,7.43775,8.09505193401036,0.657301934010355
8510,7.32391666666667,8.09296853832268,0.769051871656006
8511,7.16433333333333,8.12887010873652,0.964536775403191
8512,7.03758333333333,8.18750582884868,1.14992249551535
8513,6.9495,8.25574278084273,1.30624278084273
8514,6.9195,8.32256594548899,1.40306594548899
8515,6.89916666666667,8.37907820214457,1.4799115354779
8516,6.95391666666667,8.41850032875335,1.46458366208668
8517,6.99141666666667,8.43617100184597,1.4447543351793
8518,7.00116666666667,8.42954679653986,1.42838012987319
8519,6.97116666666667,8.39820218653921,1.42703551987254
8520,7.01466666666667,8.34383563502952,1.32916896836285
8521,7.06766666666667,8.28230667332486,1.21464000665819
8522,7.07008333333333,8.22581973660321,1.15573640326988
8523,7.07816666666667,8.17383933375819,1.09567266709152
8524,7.12825,8.1258784196199,0.997628419619903
8525,7.23858333333333,8.08149839495495,0.842915061621617
8526,7.41,8.04030910646642,0.630309106466422
8527,7.60258333333333,8.00196884679393,0.399385513460595
8528,7.76641666666667,7.96618435451355,0.199767687846883
8529,7.90583333333333,7.9327108141379,0.0268774808045658
8530,7.9405,7.90135185611604,-0.0391481438839563
8531,7.91216666666667,7.87195955683359,-0.0402071098330836
8532,7.78916666666667,7.84236209332932,0.0531954266626498
8533,7.67383333333333,7.81559314459682,0.141759811263495
8534,7.5015,7.80047998787886,0.298979987878856
8535,7.34783333333333,7.8033892113378,0.45555587800447
8536,7.19241666666667,7.82816203131225,0.635745364645585
8537,7.09225,7.87611429231704,0.783864292317038
8538,7.04733333333333,7.94603646704318,0.89870313370985
8539,7.026,8.03419365635792,1.00819365635792
8540,6.99091666666667,8.13432558930474,1.14340892263807
8541,7.01233333333333,8.23764662310331,1.22531328976998
8542,7.05608333333333,8.33284574314951,1.27676240981618
8543,7.10025,8.40608656301547,1.30583656301547
8544,7.12058333333333,8.4410073244495,1.32042399111617
8545,7.097,8.41872089737616,1.32172089737616
8546,7.04633333333333,8.35354394552752,1.30721061219419
8547,7.07033333333333,8.29381563421315,1.22348230087982
8548,7.15291666666667,8.2396723959938,1.08675572932713
8549,7.2495,8.19063178966804,0.941131789668042
8550,7.3375,8.14635454538761,0.808854545387614
8551,7.44991666666667,8.10664456465743,0.656727897990759
8552,7.415,8.07144892033557,0.656448920335573
8553,7.48091666666667,8.0408578566333,0.559941189966632
8554,7.45275,8.01605646762124,0.563306467621242
8555,7.44708333333333,7.99867085990632,0.551587526572993
8556,7.43225,7.98466543103276,0.552415431032764
8557,7.42441666666667,7.9779982805416,0.55358161387493
8558,7.42566666666667,7.99205463027829,0.566387963611619
8559,7.3545,8.04964682439271,0.695146824392708
8560,7.39408333333333,8.18291738827509,0.788834054941758
8561,7.4225,8.36625685355067,0.94375685355067
8562,7.49666666666667,8.55942955145767,1.062762884791
8563,7.53833333333333,8.75811038888983,1.2197770555565
8564,7.49633333333333,8.94710380761956,1.45077047428623
8565,7.8525,9.10034378429792,1.24784378429792
8566,7.82408333333333,9.18089383045463,1.3568104971213
8567,7.95,9.15617149369147,1.20617149369147
8568,7.8655,9.07701776118188,1.21151776118188
8569,8.10425,8.9766042342825,0.872354234282497
8570,8.20491666666667,8.87439977088274,0.669483104216066
8571,8.25591666666667,8.7821231798235,0.526206513156827
8572,8.27283333333333,8.70374322089719,0.430909887563862
8573,8.22533333333333,8.63547860484774,0.410145271514409
8574,8.15733333333333,8.57083411434637,0.413500781013038
8575,8.06241666666667,8.51205048242525,0.449633815758581
8576,7.95491666666667,8.45870184403416,0.503785177367489
8577,7.894,8.41024162052145,0.516241620521448
8578,7.79075,8.36615651454718,0.57540651454718
8579,7.59841666666667,8.32596651008314,0.727549843416466
8580,7.41591666666667,8.28922487241281,0.873308205746145
8581,7.30141666666667,8.25689788369209,0.955481217025422
8582,7.25016666666667,8.23080295801825,0.98063629135158
8583,7.17183333333333,8.20983925107885,1.03800591774552
8584,7.14975,8.19284607948363,1.04309607948363
8585,7.08608333333333,8.178672301189,1.09258896785567
8586,7.07908333333333,8.166176315498,1.08709298216467
8587,6.88633333333333,8.15422606306035,1.26789272972702
8588,6.61491666666667,8.14169902587239,1.52678235920572
8589,6.44983333333333,8.12748222727715,1.67764889394382
8590,6.16425,8.11047223196429,1.94622223196429
8591,5.74725,8.0895853585855,2.3423353585855
8592,5.5125,8.06737256563109,2.55487256563109
8593,5.24025,8.04641377208253,2.80616377208253
8594,5.12866666666667,8.02666411885799,2.89799745219132
8595,5.08191666666667,8.00804554809976,2.92612888143309
8596,4.96133333333333,7.9904468031743,3.02911346984097
8597,4.87566666666667,7.97372342867222,3.09805676200555
8598,4.84858333333333,7.95769777040828,3.10911443707495
8599,4.77983333333333,7.94215897542136,3.16232564208803
8600,4.90966666666667,7.92686299197453,3.01719632530786
8601,4.80891666666667,7.91153256955497,3.1026159028883
8602,4.65891666666667,7.89571099348934,3.23679432682267
8603,4.18775,7.87697443317599,3.68922443317599
8604,3.32908333333333,7.85514314865313,4.5260598153198
8605,2.56141666666667,7.83090285594042,5.26948618927375
8606,1.715,7.80485670094886,6.08985670094886
8607,1.15175,7.77752525948083,6.62577525948084
8608,0.356583333333333,7.74934653723008,7.39276320389675
8609,0.240666666666667,7.72067596978171,7.48000930311505
8610,0.16825,7.69178642261219,7.52353642261219
8611,0.17275,7.66286819108936,7.49011819108936
8612,0.172833333333333,7.63402900047241,7.46119566713908
8613,0.181666666666667,7.60529400591191,7.42362733924524
8614,0.180666666666667,7.57660579244979,7.39593912578312
8615,0.20375,7.54782437501933,7.34407437501933
8616,0.204833333333333,7.5187271984452,7.31389386511187
8617,0.241,7.48900913744342,7.24800913744342
8618,0.258583333333333,7.45828249662136,7.19969916328802
8619,0.296583333333333,7.42607701047778,7.12949367714445
8620,0.502,7.39336425325054,6.89136425325054
8621,1.26091666666667,7.36526239786542,6.10434573119875
8622,2.19916666666667,7.3416531179442,5.14248645127753
8623,2.90683333333333,7.32189144750516,4.41505811417183
8624,3.28075,7.30536375079495,4.02461375079495
8625,3.62783333333333,7.29148772228867,3.66365438895534
8626,4.026,7.27971238668976,3.25371238668976
8627,4.204,7.2695180989301,3.0655180989301
8628,4.29966666666667,7.26041654416993,2.96074987750326
8629,4.43925,7.21961254936986,2.78036254936986
8630,4.51025,7.16827269809039,2.65802269809039
8631,4.52508333333333,7.17264941292732,2.64756607959399
8632,4.55516666666667,7.26880429081541,2.71363762414874
8633,4.66225,7.46256803371865,2.80031803371865
8634,4.7375,7.72954044863021,2.99204044863021
8635,4.84991666666667,8.0150904475725,3.16517378090583
8636,4.91425,8.23435604759716,3.32010604759716
8637,5.384,8.28363703097511,2.89963703097511
8638,5.51466666666667,8.23301890284614,2.71835223617947
8639,5.62316666666667,8.1479365488776,2.52476988221093
8640,5.65025,8.05025875799111,2.40000875799111
8641,5.92683333333333,7.95533535882179,2.02850202548846
8642,6.08625,7.87199721971833,1.78574721971833
8643,6.26216666666667,7.80255624874296,1.54038958207629
8644,6.45775,7.74280539367143,1.28505539367143
8645,6.515,7.68430502886313,1.16930502886313
8646,6.46725,7.63076043988775,1.16351043988775
8647,6.363,7.58376957278208,1.22076957278208
8648,6.24516666666667,7.54330323251793,1.29813656585126
8649,6.14383333333333,7.50905353435426,1.36522020102093
8650,6.02508333333333,7.4804339038372,1.45535057050387
8651,5.89775,7.45657907680007,1.55882907680007
8652,5.795,7.43634509936333,1.64134509936333
8653,5.66883333333333,7.40972781058282,1.74089447724949
8654,5.48791666666667,7.39754639498912,1.90962972832245
8655,5.39866666666667,7.4622607935191,2.06359412685243
8656,5.28016666666667,7.62156560922115,2.34139894255448
8657,5.26033333333333,7.84683435263683,2.5865010193035
8658,5.2695,8.0970995531092,2.8275995531092
8659,5.23291666666667,8.3418408486042,3.10892418193753
8660,5.22983333333333,8.5533844734598,3.32355114012647
8661,5.182,8.70530136632165,3.52330136632165
8662,5.0865,8.72752210499668,3.64102210499668
8663,5.0655,8.64784653998838,3.58234653998838
8664,4.98241666666667,8.52575951261043,3.54334284594376
8665,5.08808333333333,8.40169392260007,3.31361058926674
8666,5.15316666666667,8.297030728118,3.14386406145133
8667,5.25158333333333,8.21409894574846,2.96251561241513
8668,5.52508333333333,8.1365031998018,2.61141986646847
8669,5.76491666666667,8.05785862340061,2.29294195673394
8670,5.8405,7.98468879248437,2.14418879248437
8671,5.85258333333333,7.91742866156522,2.06484532823189
8672,5.8575,7.85632302564195,1.99882302564195
8673,5.8225,7.80142652019998,1.97892652019998
8674,5.80316666666667,7.75260362121137,1.9494369545447
8675,5.84233333333333,7.70952864513485,1.86719531180152
8676,5.80591666666667,7.67168574891574,1.86576908224907
8677,5.816,7.63824017696271,1.82224017696271
8678,5.82983333333333,7.6124020080584,1.78256867472507
8679,5.8295,7.61879565735639,1.78929565735639
8680,5.94,7.67190718512728,1.73190718512728
8681,6.04583333333333,7.76785956457459,1.72202623124126
8682,6.17591666666667,7.88442150018793,1.70850483352126
8683,6.3625,7.98693972059183,1.62443972059183
8684,6.548,8.05040269663362,1.50240269663362
8685,6.73208333333333,8.06393805153352,1.33185471820019
8686,6.87558333333333,8.03019504889821,1.15461171556488
8687,6.91675,7.96535409437234,1.04860409437234
8688,7.11625,7.89670166553207,0.78045166553207
8689,7.37025,7.83336702363036,0.463117023630362
8690,7.55408333333333,7.77551642638998,0.221433093056652
8691,7.66616666666667,7.72324751050968,0.057080843843015
8692,7.73891666666667,7.67658929166421,-0.0623273750024556
8693,7.75283333333333,7.63550216450431,-0.117331168829021
8694,7.68841666666667,7.5998779026567,-0.0885387640099742
8695,7.552,7.56953970299211,0.0175397029921083
8696,7.45616666666667,7.54519073787609,0.0890240712094199
8697,7.38058333333333,7.5269925918744,0.146409258541073
8698,7.233,7.51399569470447,0.28099569470447
8699,7.08825,7.50531747642064,0.417067476420641
8700,6.95833333333333,7.5001423674142,0.541809034080873
8701,6.836,7.49772179841338,0.661721798413376
8702,6.72083333333333,7.49737420048331,0.776540867149983
8703,6.584,7.49848500502609,0.914485005026094
8704,6.549,7.50050664378074,0.951506643780741
8705,6.55191666666667,7.5029585488232,0.951041882156534
8706,6.47658333333333,7.50542715256636,1.02884381923303
8707,6.30841666666667,7.50756588776004,1.19914922109337
8708,6.09633333333333,7.50909518749098,1.41276185415765
8709,5.80233333333333,7.50980248518287,1.70746915184954
8710,5.67058333333333,7.50954221459632,1.83895888126299
8711,5.65875,7.50823580982888,1.84948580982888
8712,5.70183333333333,7.50587170531503,1.8040383719817
8713,5.85833333333333,7.50250533582618,1.64417200249285
8714,5.933,7.49825913647069,1.56525913647069
8715,6.10441666666667,7.49332254269383,1.38890587602716
8716,6.25041666666667,7.48795199027781,1.23753532361114
8717,6.29175,7.48247091534178,1.19072091534178
8718,6.45925,7.47726975434182,1.01801975434182
8719,6.56925,7.47280594407094,0.903555944070941
8720,6.66508333333333,7.46960392165909,0.804520588325755
8721,6.70458333333333,7.46825512457313,0.763671791239799
8722,6.69033333333333,7.46873858681598,0.778405253482654
8723,6.78841666666667,7.47013289806862,0.681716231401946
8724,6.63608333333333,7.47263908958032,0.836555756246989
8725,6.61725,7.47660310288712,0.859353102887122
8726,6.52491666666667,7.47807999457343,0.953163327906762
8727,6.532,7.48613431519686,0.954134315196863
8728,6.54933333333333,7.57021705575505,1.02088372242172
8729,6.57066666666667,7.752107400429,1.18144073376233
8730,6.60058333333333,7.99306709051649,1.39248375718316
8731,6.74808333333333,8.21581108388994,1.46772775055661
8732,6.913,8.39636478429691,1.48336478429691
8733,6.942,8.52789558073918,1.58589558073918
8734,6.99775,8.60277019117856,1.60502019117856
8735,7.27641666666667,8.61255466253689,1.33613799587022
8736,7.29275,8.55194932748006,1.25919932748006
8737,7.30208333333333,8.47396036579204,1.17187703245871
8738,7.35125,8.40105459095073,1.04980459095073
8739,7.31533333333333,8.33540050658463,1.0200671732513
8740,7.50708333333333,8.27716250060597,0.770079167272641
8741,7.76233333333333,8.22455326698029,0.462219933646955
8742,7.99933333333333,8.17609363582032,0.176760302486985
8743,8.14783333333333,8.13203136497566,-0.0158019683576729
8744,8.0925,8.09257916970373,7.91697037332284e-05
8745,7.95841666666667,8.05784392956732,0.0994272629006456
8746,7.84941666666667,8.02782668843453,0.178410021767862
8747,7.68383333333333,8.00242265447886,0.318589321145528
8748,7.54516666666667,7.98142120017912,0.436254533512451
8749,7.43483333333333,7.96464757248917,0.529814239155839
8750,7.30266666666667,7.98686522612917,0.684198559462501
8751,7.22475,8.07073188771357,0.845981887713567
8752,7.148,8.20723651340312,1.05923651340312
8753,7.14033333333333,8.38392019708009,1.24358686374676
8754,7.22,8.58487617034818,1.36487617034819
8755,7.29991666666667,8.79074980253261,1.49083313586594
8756,7.31008333333333,8.97873860068005,1.66865526734672
8757,7.36683333333333,9.12259220955865,1.75575887622532
8758,7.35233333333333,9.17005153847674,1.81771820514341
8759,7.39866666666667,9.10862974187681,1.70996307521014
8760,7.51908333333333,8.99906936632741,1.47998603299408
8761,7.5715,8.8841632064351,1.3126632064351
8762,7.70475,8.78739527831729,1.08264527831729
8763,7.83341666666667,8.71294081960225,0.879524152935584
8764,7.94683333333333,8.64584547664079,0.699012143307461
8765,8.098,8.57797059767471,0.479970597674708
8766,8.21083333333333,8.51503236066008,0.304199027326746
8767,8.26308333333333,8.45704166268166,0.193958329348327
8768,8.25933333333333,8.40399721433432,0.144663881000985
8769,8.17158333333333,8.35588553972301,0.184302206389678
8770,8.03841666666667,8.31268097646279,0.274264309796116
8771,7.90541666666667,8.27434567567879,0.368929009012125
8772,7.71358333333333,8.24082960200628,0.527246268672946
8773,7.52058333333333,8.20884951566098,0.688266182327651
8774,7.339,8.17902058057874,0.840020580578738
8775,7.15233333333333,8.16776844714272,1.01543511380939
8776,7.01333333333333,8.1858111207722,1.17247778743887
8777,6.93766666666667,8.23712666393754,1.29945999727087
8778,6.9225,8.32158877941256,1.39908877941256
8779,6.97891666666667,8.44638553819054,1.46746887152387
8780,7.14925,8.55294449479451,1.40369449479451
8781,7.25958333333333,8.59761552543418,1.33803219210085
8782,7.37191666666667,8.57338834253208,1.20147167586541
8783,7.43791666666667,8.50989249472362,1.07197582805695
8784,7.41483333333333,8.44957745572509,1.03474412239176
8785,7.37875,8.39306917438077,1.01431917438077
8786,7.35975,8.33981057592147,0.98006057592147
8787,7.36525,8.28940983668566,0.924159836685655
8788,7.40833333333333,8.24156635159902,0.833233018265689
8789,7.53425,8.19607073417451,0.66182073417451
8790,7.70716666666667,8.15280481651231,0.445638149845643
8791,7.85358333333333,8.11174164929986,0.258158315966534
8792,7.95716666666667,8.07716232022553,0.119995653558857
8793,7.92741666666667,8.04764984591867,0.120233179252003
8794,7.84141666666667,8.01333757143514,0.171920904768467
8795,7.69825,7.97057692091944,0.272326920919442
8796,7.51883333333333,7.9220872783908,0.403253945057468
8797,7.352,7.8769559877431,0.524955987743102
8798,7.17291666666667,7.85063835274494,0.677721686078271
8799,7.03483333333333,7.86495763703959,0.830124303706257
8800,6.90916666666667,7.94294888442872,1.03378221776205
8801,6.81675,8.06849948991004,1.25174948991004
8802,6.88333333333333,8.23637189294785,1.35303855961452
8803,6.98475,8.43321467243177,1.44846467243177
8804,6.96558333333333,8.62950829927335,1.66392496594001
8805,7.0265,8.77956513640603,1.75306513640603
8806,7.15966666666667,8.82306949354451,1.66340282687784
8807,7.25516666666667,8.77172440290838,1.51655773624171
8808,7.19983333333333,8.68264505134273,1.4828117180094
8809,7.27291666666667,8.58592566970247,1.3130090030358
8810,7.34933333333333,8.49947564496872,1.15014231163539
8811,7.52058333333333,8.42901952024886,0.908436186915529
8812,7.74891666666667,8.36809699477645,0.619180328109779
8813,7.81141666666667,8.3079456798873,0.496529013220632
8814,8.02716666666667,8.25157089842434,0.224404231757671
8815,8.15508333333333,8.19885337336739,0.0437700400340617
8816,8.32075,8.14964770723659,-0.171102292763408
8817,8.29691666666667,8.1038057980162,-0.193110868650471
8818,8.24608333333333,8.06117683915457,-0.184906494178755
8819,8.08883333333333,8.02074558134158,-0.0680877519917527
8820,7.95841666666667,7.98004552506404,0.0216288583973689
8821,7.78583333333333,7.94539775169894,0.159564418365606
8822,7.58,7.92381629174547,0.343816291745468
8823,7.446,7.92175152057784,0.47575152057784
8824,7.30475,7.94509015844526,0.640340158445257
8825,7.20216666666667,7.99915527047193,0.796988603805255
8826,7.14308333333333,8.08870626665705,0.945622933323724
8827,7.16941666666667,8.21793890187485,1.04852223520818
8828,7.20933333333333,8.35555527475938,1.14622194142605
8829,7.207,8.44126950238456,1.23426950238456
8830,7.21125,8.4809158295584,1.2696658295584
8831,7.20483333333333,8.48222119217395,1.27738785884062
8832,7.23183333333333,8.45325282570464,1.22141949237131
8833,7.19058333333333,8.40241826520427,1.21183493187094
8834,7.34966666666667,8.33846534530705,0.988798678640381
8835,7.43758333333333,8.27048220022756,0.832898866894227
8836,7.54908333333333,8.20777521670595,0.658691883372624
8837,7.70033333333333,8.15168559159935,0.451352258266021
8838,7.87866666666667,8.09963914957463,0.220972482907961
8839,7.98125,8.05135187343858,0.0701018734385768
8840,8.032,8.00664944887283,-0.0253505511271701
8841,8.03633333333333,7.96546726443389,-0.0708660688994387
8842,7.94891666666667,7.92785041155311,-0.0210662551135581
8843,7.81891666666667,7.89397703802359,0.0750603713569218
8844,7.69066666666667,7.86460581065286,0.173939143986191
8845,7.5,7.83845661846172,0.338456618461719
8846,7.32083333333333,7.81816610617348,0.497332772840147
8847,7.18875,7.8124286727138,0.623678672713804
8848,7.06725,7.83109469734447,0.763844697344472
8849,7.04841666666667,7.87940528469259,0.830988618025918
8850,7.05158333333333,7.98800045768052,0.936417124347186
8851,7.08608333333333,8.142766382348,1.05668304901467
8852,7.12183333333333,8.2763050704122,1.15447173707887
8853,7.15516666666667,8.32728395663573,1.17211728996906
8854,7.20266666666667,8.33438173956707,1.1317150729004
8855,7.21341666666667,8.30283940343694,1.08942273677027
8856,7.27458333333333,8.24421784723835,0.969634513905024
8857,7.4255,8.17774452469537,0.75224452469537
8858,7.4445,8.12096045504281,0.676460455042809
8859,7.45841666666667,8.07011722760425,0.611700560937582
8860,7.57016666666667,8.02335233885486,0.45318567218819
8861,7.71683333333333,7.97970499895541,0.262871665622082
8862,7.87716666666667,7.9389873354813,0.0618206688146259
8863,7.84983333333333,7.9017843934225,0.0519510600891708
8864,7.81408333333333,7.87010632737127,0.0560229940379386
8865,7.67983333333333,7.84472562533804,0.164892292004706
8866,7.52825,7.82087683354741,0.292626833547406
8867,7.35391666666667,7.79628526840936,0.442368601742686
8868,7.20716666666667,7.77174575075746,0.564579084090794
8869,7.07216666666667,7.75112260584891,0.678955939182238
8870,6.94366666666667,7.74134966336446,0.79768299669779
8871,6.83008333333333,7.75243025740849,0.922346924075164
8872,6.74075,7.796542075401,1.055792075401
8873,6.78483333333333,7.88519461561578,1.10036128228245
8874,6.86358333333333,8.02193233475955,1.15834900142622
8875,7.03466666666667,8.19570845319588,1.16104178652921
8876,7.2655,8.38070253468904,1.11520253468904
8877,7.42933333333333,8.53632048640405,1.10698715307072
8878,7.62458333333333,8.58705426216577,0.962470928832436
8879,7.78916666666667,8.53656728600621,0.74740061933954
8880,8.03025,8.44710446512387,0.416854465123874
8881,8.32108333333333,8.35726531993275,0.0361819865994182
8882,8.46091666666667,8.28190167129258,-0.179014995374086
8883,8.5375,8.21249565305859,-0.325004346941412
8884,8.50225,8.14257957426669,-0.359670425733313
8885,8.37675,8.07622387441573,-0.300526125584268
8886,8.16191666666666,8.01385353940382,-0.148063127262837
8887,7.89866666666667,7.95571498314383,0.0570483164771627
8888,7.56833333333333,7.9018760475634,0.333542714230067
8889,7.3435,7.85222600260492,0.508726002604918
8890,7.18058333333333,7.80648006041078,0.625896727077448
8891,7.06616666666667,7.76450388799204,0.698337221325366
8892,6.93983333333333,7.72607787309847,0.786244539765142
8893,6.8995,7.69083540668419,0.791335406684191
8894,6.86925,7.65842157143108,0.789171571431083
8895,6.8545,7.62849314174882,0.773993141748823
8896,6.8935,7.60071858377487,0.707218583774866
8897,6.94291666666667,7.57477805537445,0.63186138870778
8898,7.04425,7.5503634061406,0.506113406140596
8899,7.19208333333333,7.52717817739411,0.335094844060777
8900,7.30516666666667,7.50493760218357,0.199770935516904
8901,7.44725,7.48336860528536,0.0361186052853624
8902,7.49808333333333,7.46220980320363,-0.0358735301297024
8903,7.2235,7.4412115041703,0.217711504170304
8904,7.10075,7.42013570814511,0.319385708145109
8905,6.61766666666667,7.39875610681554,0.781089440148874
8906,4.95916666666667,7.37685808359689,2.41769141693022
8907,4.14816666666667,7.35401722503916,3.20585055837249
8908,3.57566666666667,7.32982117023493,3.75415450356826
8909,3.434,7.30531263479684,3.87131263479684
8910,2.68,7.28153336239636,4.60153336239636
8911,2.51791666666667,7.25940758606727,4.7414909194006
8912,2.39225,7.23974202820569,4.84749202820569
8913,2.0135,7.22322590057002,5.20972590057002
8914,2.27491666666667,7.21043090428103,4.93551423761436
8915,2.11558333333333,7.20181122982176,5.08622789648843
8916,2.13966666666667,7.19770355703762,5.05803689037095
8917,2.43041666666667,7.19832705513629,4.76791038846962
8918,2.70533333333333,7.20378338268781,4.49845004935448
8919,3.23858333333333,7.22555516521691,3.98697183188358
8920,3.73183333333333,7.29295518381545,3.56112185048212
8921,3.98383333333333,7.40513030869267,3.42129697535934
8922,4.30083333333333,7.55071215203521,3.24987881870188
8923,4.58266666666667,7.71271773015909,3.13005106349242
8924,4.54983333333333,7.89179188965158,3.34195855631825
8925,4.78316666666667,8.01286973880497,3.2297030721383
8926,4.99291666666667,8.03386704064766,3.04095037398099
8927,5.26408333333333,7.97560084039752,2.71151750706419
8928,5.49216666666667,7.9028791721075,2.41071250544083
8929,5.69491666666667,7.83428050337699,2.13936383671032
8930,5.75275,7.76967915838374,2.01692915838374
8931,5.78458333333333,7.70906326458651,1.92447993125318
8932,5.74533333333333,7.65246693528904,1.9071336019557
8933,5.59541666666667,7.59997026963998,2.00455360297331
8934,5.35666666666667,7.55163322061603,2.19496655394936
8935,5.15308333333333,7.50600129365592,2.35291796032259
8936,5.02708333333333,7.46322732444645,2.43614399111312
8937,4.933,7.42459698285346,2.49159698285346
8938,4.88083333333333,7.39164900025501,2.51081566692169
8939,4.88366666666667,7.36617516954138,2.48250850287471
8940,4.938,7.35022034511504,2.41222034511504
8941,4.96191666666667,7.34608244289068,2.38416577622401
8942,4.94075,7.3563124402952,2.4155624402952
8943,4.94791666666667,7.39388033965117,2.4459636729845
8944,4.99075,7.50535831180847,2.51460831180847
8945,5.02025,7.67924315107005,2.65899315107005
8946,5.08941666666667,7.89273164838193,2.80331498171526
8947,5.13425,8.11964111513733,2.98539111513733
8948,5.14091666666667,8.33040938317662,3.18949271650995
8949,5.12233333333333,8.49209480478734,3.36976147145401
8950,5.11891666666667,8.54807061981028,3.42915395314361
8951,5.02891666666667,8.48678411748738,3.45786745082071
8952,5.02616666666667,8.37309317472526,3.34692650805859
8953,5.01775,8.25283904622198,3.23508904622198
8954,4.951,8.15121521930625,3.20021521930625
8955,4.88925,8.07276741393734,3.18351741393734
8956,4.77116666666667,8.00155828178762,3.23039161512095
8957,4.58866666666667,7.92980060316383,3.34113393649716
8958,4.33375,7.86472260901308,3.53097260901307
8959,4.15766666666667,7.80634301492194,3.64867634825527
8960,4.01183333333333,7.75459873653278,3.74276540319945
8961,3.86525,7.70934488954373,3.84409488954373
8962,3.78541666666667,7.67035478970869,3.88493812304202
8963,3.69908333333333,7.63731995283736,3.93823661950403
8964,3.60966666666667,7.60985009479519,4.00018342812852
8965,3.53466666666667,7.58000689285301,4.04534022618634
8966,3.52575,7.5479293645097,4.0221793645097
8967,3.58741666666667,7.58435354747195,3.99693688080528
8968,3.61466666666667,7.71942649220481,4.10475982553814
8969,3.74508333333333,7.93110823847983,4.1860249051465
8970,3.85708333333333,8.16608697012012,4.30900363678679
8971,3.96383333333333,8.40002630027455,4.43619296694122
8972,4.07466666666667,8.60729466620412,4.53262799953745
8973,4.33825,8.75952552698074,4.42127552698074
8974,4.50441666666667,8.825916591117,4.32149992445033
8975,4.733,8.79784127982678,4.06484127982678
8976,4.83091666666667,8.71155780480916,3.88064113814249
8977,4.98891666666667,8.60036118601477,3.6114445193481
8978,5.09133333333333,8.48819469505535,3.39686136172202
8979,5.1765,8.38964985520369,3.21314985520369
8980,5.40208333333333,8.3099664413937,2.90788310806037
8981,5.52825,8.24503248022036,2.71678248022037
8982,5.65541666666667,8.18282012884844,2.52740346218177
8983,5.62316666666667,8.12365039069772,2.50048372403105
8984,5.5945,8.06952824202717,2.47502824202717
8985,5.43916666666667,8.02035926842486,2.58119260175819
8986,5.29341666666667,7.97614981125751,2.68273314459084
8987,5.18108333333333,7.93700696767046,2.75592363433713
8988,5.14083333333333,7.90313421618419,2.76230088285086
8989,5.10333333333333,7.86196428687514,2.75863095354181
8990,5.09291666666667,7.83471324478209,2.74179657811542
8991,5.10466666666667,7.85754333116788,2.75287666450121
8992,5.20358333333333,7.94934245474005,2.74575912140672
8993,5.30583333333333,8.11172419165091,2.80589085831758
8994,5.48425,8.32902778549746,2.84477778549746
8995,5.7025,8.56831814732145,2.86581814732145
8996,5.90275,8.77935310097814,2.87660310097814
8997,6.03766666666667,8.89722347459998,2.85955680793331
8998,6.23775,8.92456602687373,2.68681602687373
8999,6.30816666666667,8.8911859922526,2.58301932558593
9000,6.354,8.82142030840663,2.46742030840663
9001,6.46683333333333,8.73413761622269,2.26730428288936
9002,6.48933333333333,8.6427382598045,2.15340492647117
9003,6.65025,8.55515428647263,1.90490428647263
9004,6.82608333333333,8.47385254303521,1.64776920970188
9005,6.93108333333333,8.39786242706666,1.46677909373333
9006,6.9745,8.32729598115873,1.35279598115873
9007,6.87325,8.26235163410814,1.38910163410814
9008,6.73625,8.20316985580144,1.46691985580144
9009,6.57,8.14983315721498,1.57983315721498
9010,6.36466666666667,8.10236609041494,1.73769942374827
9011,6.17466666666667,8.06073524855734,1.88606858189067
9012,6.00175,8.02484926588799,2.02309926588799
9013,5.86841666666667,7.99442801428814,2.12601134762147
9014,5.772,7.97707843122765,2.20507843122765
9015,5.7095,7.99545015773908,2.28595015773908
9016,5.73441666666667,8.06387684617027,2.3294601795036
9017,5.88108333333333,8.18539338848659,2.30431005515326
9018,6.0045,8.35173591627093,2.34723591627093
9019,6.20783333333333,8.54334180072367,2.33550846739034
9020,6.506,8.72934965266274,2.22334965266274
9022,7.76416666666667,8.87218830427879,1.10802163761212
9023,7.96475,8.81397884119177,0.849228841191765
9024,8.33066666666667,8.72194490519365,0.391278238526978
9025,8.65941666666667,8.6238809211891,-0.0355357454775742
9026,8.9805,8.53624202935996,-0.444257970640034
9027,9.25475,8.46414408516529,-0.790605914834709
9028,9.26075,8.40136365934131,-0.859386340658693
9029,9.166,8.3386558037274,-0.827344196272596
9030,9.03025,8.28307876449167,-0.747171235508329
9031,8.91225,8.23421266348664,-0.678037336513359
9032,8.81575,8.19119679655657,-0.62455320344343
9033,8.75608333333333,8.15327236041127,-0.602810972922056
9034,8.74658333333333,8.11978245262613,-0.626800880707199
9035,8.71841666666667,8.09017207164209,-0.628244595024581
9036,8.76083333333333,8.06398811676566,-0.696845216567676
9037,8.75675,8.0408793881689,-0.715870611831098
9038,8.86425,8.02092277096682,-0.843327229033177
9039,8.86383333333333,8.06511415244316,-0.798719180890171
9040,8.87358333333333,8.19655499939705,-0.677028333936276
9041,8.91966666666667,8.38427277573459,-0.535393890932079
9042,9.07816666666667,8.5989018542381,-0.479264812428566
9043,9.20841666666666,8.81268351656619,-0.395733150100474
9044,9.45658333333333,8.99946595325367,-0.45711738007966
9045,9.64025,9.13470426371165,-0.505545736288346
9046,9.82758333333333,9.17868059661845,-0.648902736714883
9047,9.94125,9.1166443845371,-0.824605615462904
9048,10.0325,9.00137712366786,-1.03112287633214
9049,9.9605,8.8731170370042,-1.0873829629958
9050,9.92058333333333,8.75729280099212,-1.16329053234121
9051,9.83841666666667,8.66452354553016,-1.17389312113652
9052,9.6955,8.5906188539694,-1.1048811460306
9053,9.53758333333333,8.51980781580226,-1.01777551753107
9054,9.32825,8.45487611265054,-0.873373887349457
9055,9.1115,8.39779465562383,-0.713705344376169
9056,8.90833333333333,8.34798891681927,-0.560344416514059
9057,8.74141666666667,8.30486559001331,-0.436551076653361
9058,8.63883333333333,8.26781259066169,-0.371020742671645
9059,8.487,8.23619905589943,-0.250800944100574
9060,8.36316666666667,8.20851707009249,-0.154649596574185
9061,8.262,8.17532943985586,-0.0866705601441407
9062,8.09891666666667,8.15135756640323,0.0524408997365651
9063,8.02008333333333,8.15233651146211,0.132253178128783
9064,7.956,8.18614520747,0.23014520747
9065,7.84483333333333,8.2528064575744,0.407973124241067
9066,7.91683333333333,8.34448693563281,0.427653602299482
9067,8.06625,8.44549718621275,0.379247186212751
9068,8.3335,8.53229162459172,0.198791624591722
9069,8.48058333333333,8.57348248093765,0.0928991476043226
9070,8.52508333333333,8.56048129912777,0.035397965794445
9071,8.66441666666667,8.51774249367375,-0.14667417299292
9072,8.77125,8.4585042242987,-0.3127457757013
9073,8.83383333333333,8.3932513473391,-0.440581985994234
9074,8.83958333333333,8.32971541574476,-0.509867917588572
9075,8.92475,8.27287467907886,-0.651875320921141
9076,8.9905,8.22495408351792,-0.765545916482079
9077,9.00725,8.18542527185182,-0.821824728148183
9078,9.03408333333333,8.15100658348378,-0.883076749849552
9079,9.10291666666667,8.11813476095335,-0.984781905713325
9080,9.03233333333333,8.08882695390042,-0.943506379432906
9081,8.84141666666667,8.06348699342795,-0.777929673238715
9082,8.66166666666667,8.04221746558103,-0.619449201085644
9083,8.48216666666667,8.02494152576376,-0.45722514090291
9084,8.28725,8.0114028987393,-0.2758471012607
9085,8.1345,8.00110038724055,-0.133399612759449
9086,7.97683333333333,7.98804613409054,0.0112128007572077
9087,7.85016666666667,8.01110763078574,0.160940964119071
9088,7.7845,8.10633748784883,0.321837487848831
9089,7.76791666666667,8.27701075527082,0.509094088604149
9090,7.91716666666667,8.49362492251105,0.576458255844383
9091,7.89191666666667,8.69389991849722,0.801983251830552
9092,8.19208333333333,8.79291803934209,0.600834706008762
9093,8.37941666666667,8.8309044644364,0.451487797769733
9094,8.45975,8.82911492126147,0.369364921261475
9095,8.76283333333333,8.78774192181181,0.0249085884784819
9096,8.85358333333333,8.71645298646118,-0.137130346872153
9097,8.83375,8.6343906439626,-0.199359356037403
9098,8.9865,8.5639181705423,-0.422581829457698
9099,9.07508333333333,8.50060543348732,-0.574477899846009
9100,9.25075,8.44263509154321,-0.808114908456789
9101,9.24083333333333,8.38967075703,-0.851162576303329
9102,9.229,8.34144377868344,-0.887556221316562
9103,9.42741666666667,8.297753241655,-1.12966342501167
9104,9.40808333333333,8.2584659675119,-1.14961736582143
9105,9.249,8.21911554014328,-1.02988445985672
9106,9.02283333333333,8.17344268928494,-0.849390644048391
9107,8.74591666666667,8.13714847025886,-0.608768196407809
9108,8.50166666666666,8.12385650125768,-0.377810165408984
9109,8.26591666666667,8.14340244905548,-0.122514217611188
9110,8.039,8.20183402900785,0.162834029007854
9111,7.86958333333333,8.30141100505185,0.431827671718515
9112,7.72866666666667,8.44060518970598,0.711938523039312
9113,7.67483333333333,8.61410044407026,0.93926711073693
9114,7.65741666666667,8.81279267782616,1.15537601115949
9115,7.74383333333333,9.02357627737892,1.27974294404559
9116,7.84258333333333,9.2101172699404,1.36753393660707
9117,8.05008333333333,9.33159190598674,1.28150857265341
9118,8.0755,9.3682419952623,1.2927419952623
9119,8.25925,9.32180077010523,1.06255077010523
9120,8.34416666666666,9.21549288544746,0.871326218780805
9121,8.408,9.09403441881467,0.686034418814669
9122,8.46516666666667,8.99841525407698,0.533248587410311
9123,8.64991666666667,8.91052355638411,0.260606889717437
9124,8.76308333333333,8.82854832815223,0.0654649948189032
9125,8.83791666666667,8.75201414056623,-0.0859025261004405
9126,9.11158333333333,8.68053556871829,-0.431047764615045
9127,9.15133333333333,8.61381719160791,-0.537516141725419
9128,8.98791666666667,8.55165359214193,-0.436263074524739
9129,8.7395,8.4821987225941,-0.257301277405896
9130,8.52166666666667,8.39663896950942,-0.125027697157247
9131,8.32866666666667,8.31871821443527,-0.0099484522314004
9132,8.14491666666667,8.26749150346161,0.122574836794943
9133,8.01933333333333,8.25639681403402,0.237063480700694
9134,7.94083333333333,8.29325505495368,0.352421721620352
9135,7.8675,8.38027006637737,0.512770066377373
9136,7.81708333333333,8.51402861981748,0.696945286484152
9137,7.87758333333333,8.685500418142,0.807917084808674
9138,7.98158333333333,8.88003809557454,0.898454762241207
9139,8.08191666666667,9.07737721769429,0.995460551027618
9140,8.30341666666667,9.25163628143607,0.948219614769398
9141,8.55433333333333,9.37131671509028,0.816983381756954
9142,8.71333333333333,9.38355715049495,0.670223817161622
9143,8.85358333333333,9.30177516259859,0.448191829265264
9144,8.93933333333333,9.18030746671797,0.240974133384642
9145,9.0575,9.05661754868317,-0.000882451316831734
9146,9.148,8.95128706666118,-0.196712933338825
9147,9.19716666666667,8.86801585115591,-0.329150815510763
9148,9.36183333333333,8.79362190500819,-0.568211428325142
9149,9.53816666666667,8.71757726904158,-0.820589397625087
9150,9.55383333333333,8.6468328334953,-0.907000499838025
9151,9.59391666666667,8.58137621803587,-1.0125404486308
9152,9.50666666666667,8.52129865244064,-0.985368014226029
9153,9.32616666666667,8.46679545817158,-0.859371208495091
9154,9.02866666666667,8.41816604837527,-0.610500618291402
9155,8.79966666666667,8.37581375354165,-0.423852913125021
9156,8.61983333333333,8.32807572519835,-0.291757608134976
9157,8.39641666666667,8.28134996995375,-0.115066696712921
9158,8.25758333333333,8.25770721442366,0.000123881090329903
9159,8.1885,8.27231773352532,0.0838177335253238
9160,8.09333333333333,8.33345135047739,0.240118017144059
9161,8.1035,8.44247743679992,0.338977436799915
9162,8.24258333333333,8.59386491231437,0.351281578981039
9163,8.4885,8.77518224514363,0.286682245143632
9164,8.7285,8.96414973970017,0.235649739700168
9165,8.84275,9.09859221218904,0.255842212189043
9166,8.993,9.16799647181986,0.174996471819862
9167,9.27216666666667,9.18162362870434,-0.0905430379623287
9168,9.46533333333333,9.14944387166019,-0.315889461673141
9169,9.59491666666667,9.08213646821109,-0.51278019845558
9170,9.70933333333334,8.99108976458671,-0.718243568746626
9171,9.95508333333333,8.88840118572272,-1.06668214761061
9172,10.0873333333333,8.78687723526074,-1.30045609807256
9173,10.26575,8.69693956618845,-1.56881043381155
9174,10.3711666666667,8.61375027910395,-1.75741638756275
9175,10.3601666666667,8.5364030848619,-1.8237635818048
9176,10.1978333333333,8.46502018048017,-1.73281315285313
9177,9.95641666666667,8.39969892497849,-1.55671774168817
9178,9.65233333333333,8.34051183937846,-1.31182149395487
9179,9.35266666666667,8.28750660670351,-1.06516005996316
9180,9.09,8.24070607197894,-0.849293928021059
9181,8.82241666666667,8.19775461172141,-0.624662054945265
9182,8.60366666666667,8.1598749586378,-0.443791708028874
9183,8.40108333333333,8.15660705224258,-0.244476281090751
9184,8.27975,8.20826491531227,-0.0714850846877262
9185,8.28391666666667,8.32165732755561,0.0377406608889377
9186,8.337,8.49008782561351,0.153087825613506
9187,8.49183333333333,8.6933547030591,0.201521369725771
9188,8.73825,8.89775101039773,0.159501010397728
9189,8.92058333333333,9.05606455506693,0.135481221733597
9190,9.24008333333333,9.10757790143644,-0.132505431896888
9191,9.4695,9.05023981733737,-0.419260182662626
9192,9.58925,8.96490258895308,-0.624347411046918
9193,9.717,8.86432034927535,-0.852679650724646
9194,9.87991666666667,8.75819741029431,-1.12171925637236
9195,10.0686666666667,8.65391307039609,-1.41475359627061
9196,10.2951666666667,8.55652161436283,-1.73864505230387
9197,10.4694166666667,8.46875231337271,-2.00066435329399
9198,10.5375833333333,8.39100942499991,-2.14657390833339
9199,10.3784166666667,8.32137219321464,-2.05704447345206
9200,10.1230833333333,8.25584040410713,-1.86724292922617
9201,9.79725,8.19410755802148,-1.60314244197852
9202,9.4595,8.13726627200705,-1.32223372799295
9203,9.12008333333333,8.08550068936743,-1.0345826439659
9204,8.8285,8.03885055731552,-0.78964944268448
9205,8.5595,7.99721122697356,-0.562288773026443
9206,8.38875,7.96033365337308,-0.428416346626916
9207,8.28425,7.92782439545496,-0.356425604545035
9208,8.13583333333333,7.90461081053154,-0.231222522801795
9209,8.05,7.90766643861496,-0.142333561385043
9210,7.99158333333333,7.92415867746112,-0.0674246558722054
9211,8.07125,7.94117424000304,-0.130075759996964
9212,8.54383333333333,7.94939079883058,-0.594442534502746
9213,9.19008333333333,7.94307698619056,-1.24700634714277
9214,9.22058333333333,7.92009239398665,-1.30049093934668
9215,9.20858333333333,7.88188757377944,-1.32669575955389
9216,9.12441666666667,7.8335040367864,-1.29091262988027
9217,9.13933333333333,7.78357425388192,-1.35575907945141
9218,9.11583333333333,7.74280849561731,-1.37302483771602
9219,9.14858333333333,7.70683299165601,-1.44175034167732
9220,9.11041666666667,7.67301945673411,-1.43739720993256
9221,9.13533333333333,7.64134688074687,-1.49398645258646
9222,9.12291666666667,7.61179772709863,-1.51111893956804
9223,9.23441666666667,7.58435793270283,-1.65005873396384
9224,9.18008333333333,7.55901690798197,-1.62106642535136
9225,9.01133333333333,7.53576753686763,-1.47556579646569
9226,8.8295,7.51460617680049,-1.31489382319951
9227,8.699,7.49553265873029,-1.20346734126971
9228,8.46625,7.47855028711585,-0.987699712884146
9229,8.35391666666666,7.4636658399251,-0.890250826741562
9230,8.20608333333333,7.45279268875482,-0.753290644578509
9231,8.137,7.45567360870961,-0.681326391290394
9232,8.06525,7.48036585079475,-0.584884149205251
9233,7.92625,7.53022356423663,-0.396026435763371
9234,7.99491666666667,7.60390929233559,-0.391007374331077
9235,8.15108333333333,7.69539397246598,-0.455689360867355
9236,8.29991666666667,7.79395693607609,-0.505959730590584
9237,8.53325,7.88418590868821,-0.649064091311788
9238,8.67558333333333,7.94597700989862,-0.729606323434707
9239,8.83975,7.95453475337756,-0.885215246622437
9240,8.89983333333333,7.89927826324391,-1.00055507008942
9241,9.00358333333333,7.83830008727885,-1.16528324605448
9242,9.16066666666667,7.77923685447655,-1.38142981219012
9243,9.40441666666667,7.72246942796841,-1.68194723869826
9244,9.4635,7.66832543111214,-1.79517456888786
9245,9.43616666666667,7.61707924749179,-1.81908741917488
9246,9.52725,7.56895202091769,-1.95829797908231
9247,9.48291666666667,7.52411165542653,-1.95880501124014
9248,9.41191666666667,7.48267281528128,-1.92924385138539
9249,9.22291666666667,7.44469692497125,-1.77821974169542
9250,9.003,7.4104554795439,-1.5925445204561
9251,8.76616666666667,7.38140137635559,-1.38476529031108
9252,8.54125,7.35572969427586,-1.18552030572414
9253,8.34275,7.3336492643309,-1.0091007356691
9254,8.10375,7.31854106107583,-0.78520893892417
9255,7.95141666666667,7.3169582025947,-0.634458464071972
9256,7.86058333333333,7.33862595050047,-0.521957382832861
9257,7.73883333333333,7.39644170993504,-0.342391623398294
9258,7.65608333333333,7.50647502956922,-0.149608303764114
9259,7.69766666666667,7.67121095237214,-0.0264557142945341
9260,7.8575,7.81738365086446,-0.0401163491355376
9261,8.0555,7.92357534276868,-0.131924657231322
9262,8.392,7.98288728404507,-0.409112715954933
9263,8.612,7.99388812943551,-0.618111870564494
9264,8.67366666666667,7.96061393246347,-0.7130527342032
9265,8.93008333333333,7.89256814543402,-1.03751518789931
9266,9.10408333333333,7.80472161943383,-1.2993617138995
9267,9.23908333333333,7.71751260433115,-1.52157072900218
9268,9.23791666666667,7.64631606477572,-1.59160060189095
9269,9.6655,7.57998905151635,-2.08551094848365
9270,9.5945,7.51808036665591,-2.07641963334409
9271,9.49083333333333,7.46085856483632,-2.02997476849701
9272,9.32625,7.40846159198534,-1.91778840801466
9273,9.09116666666667,7.36089678531656,-1.73026988135011
9274,8.851,7.31804087332939,-1.53295912667061
9275,8.6015,7.27893615857685,-1.32256384142315
9276,8.32616666666667,7.2387966071746,-1.08737005949206
9277,8.035,7.20358762617215,-0.831412373827848
9278,7.75266666666667,7.18008594856755,-0.572580718099117
9279,7.592,7.17311217551006,-0.418887824489938
9280,7.54216666666667,7.18553077630013,-0.356635890366539
9281,7.38158333333333,7.21825008838941,-0.163333244943924
9282,7.32816666666667,7.27022231738073,-0.0579443492859442
9283,7.53041666666667,7.33844353702813,-0.191973129638544
9284,7.52133333333333,7.41268084471973,-0.108652488613603
9285,7.881,7.44623685594736,-0.434763144052642
9286,8.00866666666667,7.44263682396504,-0.566029842701634
9287,8.24908333333333,7.41576501988218,-0.833318313451154
9288,8.38208333333333,7.37661165221058,-1.00547168112275
9289,8.49625,7.33327286686443,-1.16297713313557
9290,8.62591666666667,7.29095074716032,-1.33496591950635
9291,8.71775,7.25195331381719,-1.46579668618281
9292,8.956,7.21569452495641,-1.74030547504359
9293,8.89891666666667,7.17942545928439,-1.71949120738228
9294,8.71641666666667,7.14523210232311,-1.57118456434356
9295,8.49333333333333,7.11389487593889,-1.37943845739444
9296,8.35225,7.08528195211114,-1.26696804788886
9297,8.17225,7.0592530911623,-1.1129969088377
9298,8.04658333333333,7.03565964175782,-1.01092369157551
9299,7.88683333333333,7.01434454090614,-0.872488792427186
9300,7.82125,6.99514231395877,-0.826107686041231
9301,7.77725,6.97787907461019,-0.799370925389815
9302,7.78458333333333,6.95944988300525,-0.825133450328078
9303,7.7875,6.96140894095799,-0.826091059042014
9304,7.82,7.02324272717874,-0.796757272821263
9305,7.84566666666667,7.1468557907455,-0.698810875921173
9306,8.153,7.29537939695764,-0.857620603042357
9307,8.42991666666667,7.44414585190879,-0.985770814757876
9308,8.53741666666667,7.6060141992706,-0.931402467396072
9309,8.70325,7.76114419900954,-0.942105800990456
9310,9.02375,7.85122897580516,-1.17252102419484
9311,9.24841666666667,7.83264224021678,-1.41577442644989
9312,9.424,7.75432806824006,-1.66967193175994
9313,9.65466666666667,7.66150612200498,-1.99316054466168
9314,9.76325,7.5794100864454,-2.1838399135546
9315,9.72066666666666,7.51328766929899,-2.20737899736767
9316,9.6075,7.45120460667824,-2.15629539332176
9317,9.45825,7.39292619104023,-2.06532380895977
9318,9.25833333333333,7.33993882905825,-1.91839450427508
9319,9.00241666666667,7.29204720664017,-1.7103694600265
9320,8.747,7.24907696283608,-1.49792303716392
9321,8.49241666666667,7.2108746898382,-1.28154197682847
9322,8.2715,7.17491710783126,-1.09658289216874
9323,8.061,7.12186882662996,-0.939131173370038
9324,7.84408333333333,7.0644421485004,-0.779641184832933
9325,7.72375,7.01962367280715,-0.704126327192851
9326,7.68125,6.99941692396314,-0.681833076036859
9327,7.57441666666667,7.01084235142964,-0.563574315237026
9328,7.55466666666667,7.05593732971627,-0.498729336950404
9329,7.60275,7.13175615838096,-0.470993841619039
9330,7.9075,7.23037006203003,-0.677129937969973
9331,8.19691666666667,7.3388671903181,-0.858049476348568
9332,8.4,7.43935261794817,-0.960647382051831
9333,8.64041666666667,7.50894834467156,-1.13146832199511
9334,8.81691666666667,7.51979329528793,-1.29712337137874
9335,9.01866666666667,7.46325875853556,-1.55540790813111
9336,9.24958333333333,7.40236732737133,-1.847216005962
9337,9.33016666666667,7.34395503088879,-1.98621163577788
9338,9.41975,7.2887085541209,-2.1310414458791
9339,9.404,7.23717414158774,-2.16682585841226
9340,9.25216666666667,7.18975759729659,-2.06240906937008
9341,9.08841666666667,7.14672428474184,-1.94169238192483
9342,8.892,7.10819912690505,-1.78380087309495
9343,8.6525,7.07416660625493,-1.57833339374507
9344,8.47016666666667,7.04447076474731,-1.42569590191936
9345,8.24975,7.01881520382521,-1.23093479617479
9346,8.07125,6.99676308441878,-1.07448691558122
9347,7.89041666666667,6.97017597182087,-0.920240694845803
9348,7.70816666666667,6.92922475290391,-0.778941913762763
9349,7.58283333333333,6.89310350021271,-0.68972983312062
9350,7.52491666666667,6.8774488244282,-0.647467842238466
9351,7.41591666666667,6.89269569594701,-0.523220970719659
9352,7.35433333333333,6.94407744488145,-0.410255888451878
9353,7.27041666666667,7.03162576105954,-0.23879090560713
9354,7.31375,7.15017069402499,-0.163579305975015
9355,7.55241666666667,7.28934065303719,-0.263076013629481
9356,7.85891666666667,7.43356240707125,-0.425354259595416
9357,8.23666666666667,7.56206108481797,-0.674605581848699
9358,8.6785,7.64886017468384,-1.02963982531616
9359,8.88458333333333,7.66595516714408,-1.21862816618925
9360,9.29608333333333,7.6337054473852,-1.66237788594813
9361,9.51616666666667,7.57711275984497,-1.9390539068217
9362,9.59566666666666,7.51005357087478,-2.08561309579187
9363,9.574,7.44280932724596,-2.13119067275404
9364,9.37933333333333,7.38206645614968,-1.99726687718365
9365,9.093,7.33091636519702,-1.76208363480298
9366,8.81591666666667,7.28885544241894,-1.52706122424773
9367,8.51858333333333,7.25187937622944,-1.26670395710389
9368,8.30258333333333,7.21861279909057,-1.08397053424276
9369,8.14083333333333,7.19000216771751,-0.950831165615818
9370,7.99958333333333,7.16568650843596,-0.833896824897373
9371,7.88925,7.1452541332727,-0.743995866727296
9372,7.79291666666667,7.12824263995565,-0.66467402671102
9373,7.69758333333333,7.1141389119138,-0.583444421419525
9374,7.63475,7.10237911827727,-0.532370881722726
9375,7.62441666666667,7.09234880349684,-0.532067863169827
9376,7.64758333333333,7.10036546579642,-0.547217867536914
9377,7.72566666666667,7.13875064097415,-0.586916025692519
9378,7.87983333333333,7.20001341054289,-0.679819922790443
9379,8.04758333333333,7.27521859370104,-0.772364739632295
9380,8.33658333333333,7.35398674733258,-0.982596586000748
9381,8.62508333333333,7.42449416600709,-1.20058916732624
9382,8.93583333333333,7.47347288197968,-1.46236045135365
9383,9.15108333333333,7.48621066519107,-1.66487266814226
9384,9.315,7.46021043466444,-1.85478956533555
9385,9.37925,7.42357327971386,-1.95567672028614
9386,9.40266666666667,7.38270907262534,-2.01995759404133
9387,9.40758333333333,7.34163539372027,-2.06594793961306
9388,9.49083333333333,7.30325876479732,-2.18757456853601
9389,9.27141666666667,7.26937464913244,-2.00204201753423
9390,9.01883333333333,7.24066745147891,-1.77816588185442
9391,8.78758333333333,7.21671051806729,-1.57087281526604
9392,8.53091666666667,7.19627398307682,-1.33464268358985
9393,8.31833333333333,7.17898445368789,-1.13934887964544
9394,8.14491666666667,7.16347439195111,-0.981442274715565
9395,7.98725,7.14897090437757,-0.838279095622432
9396,7.86516666666667,7.13561065409725,-0.72955601256942
9397,7.78891666666667,7.12443986085898,-0.664476805807685
9398,7.6665,7.11741430103047,-0.549085698969527
9399,7.594,7.11739930759828,-0.476600692401723
9400,7.54891666666667,7.12816977016783,-0.420746896498844
9401,7.60966666666667,7.1581681560086,-0.451498510658073
9402,7.78891666666667,7.2247809197119,-0.564135746954774
9403,8.12266666666667,7.32378391301612,-0.798882753650553
9404,8.42441666666667,7.44464023914301,-0.979776427523663
9405,8.61175,7.57250322548941,-1.03924677451059
9406,8.80358333333333,7.68821642362728,-1.11536690970605
9407,8.98891666666667,7.76831360930366,-1.22060305736301
9408,9.13333333333333,7.7850187824407,-1.34831455089263
9409,9.23508333333333,7.72716654612582,-1.50791678720751
9410,9.37491666666667,7.66307674689626,-1.71183991977041
9411,9.51766666666667,7.60245661506619,-1.91521005160048
9412,9.59925,7.54598540083987,-2.05326459916013
9413,9.45375,7.49409583711135,-1.95965416288865
9414,9.25075,7.44697413946452,-1.80377586053548
9415,8.98025,7.40456026624648,-1.57568973375352
9416,8.65466666666667,7.3678871747097,-1.28677949195697
9417,8.32008333333333,7.33691009137631,-0.98317324195702
9418,7.93225,7.31041382756737,-0.621836172432628
9419,7.64933333333333,7.28788519652078,-0.361448136812547
9420,7.4505,7.26951301339125,-0.180986986608747
9421,7.30383333333333,7.25618809525031,-0.0476452380830201
9422,7.17891666666667,7.2495032610863,0.0705865944196269
9423,7.06758333333333,7.25175333180438,0.184169998471047
9424,7.0365,7.26593513022653,0.229435130226527
9425,7.11741666666667,7.29574748109154,0.178330814424873
9426,7.26475,7.34559121105504,0.0808412110550405
9427,7.39516666666667,7.42056914868945,0.025402482022777
9428,7.5995,7.52648612448401,-0.0730138755159855
9429,7.82866666666667,7.6698489708448,-0.158817695821868
9430,8.0555,7.83513975588488,-0.220360244115116
9431,8.19383333333333,7.91801756196451,-0.275815771368819
9432,8.30325,7.93151106834234,-0.371738931657661
9433,8.377,7.90232321318739,-0.474676786812613
9434,8.45558333333334,7.85131080574244,-0.604272527590904
9435,8.58258333333333,7.79348452632403,-0.789098807009305
9436,8.71916666666667,7.73800892632246,-0.981157740344212
9437,8.71191666666667,7.68813668574179,-1.02377998092488
9438,8.66383333333333,7.64367927002677,-1.02015406330656
9439,8.4035,7.60471076175199,-0.798789238248007
9440,8.19666666666667,7.57117822026575,-0.625488446400917
9441,7.98433333333333,7.54287079320413,-0.4414625401292
9442,7.85533333333333,7.51941971649096,-0.335913616842367
9443,7.73558333333333,7.50029831433786,-0.235285018995473
9444,7.62416666666667,7.47182855683758,-0.152338109829087
9445,7.53741666666667,7.43515662692139,-0.102260039745278
9446,7.55166666666667,7.41109100858657,-0.140575658080103
9447,7.53866666666667,7.41350696625319,-0.125159700413484
9448,7.58125,7.44931605769834,-0.131933942301659
9449,7.6525,7.51846613405614,-0.13403386594386
9450,7.79116666666667,7.61394133981771,-0.177225326848963
9451,8.03658333333333,7.72176211283118,-0.314821220502145
9452,8.28316666666667,7.82098518430173,-0.462181482364941
9453,8.48908333333333,7.88370357879152,-0.605379754541814
9454,8.63316666666667,7.88937868700357,-0.743787979663102
9455,8.74258333333333,7.86149878065962,-0.881084552673715
9456,8.84441666666667,7.81336427788293,-1.03105238878374
9457,9.06575,7.75496848868406,-1.31078151131594
9458,9.20608333333333,7.69410978083169,-1.51197355250164
9459,9.22758333333333,7.63639157985256,-1.59119175348077
9460,9.14841666666667,7.58522236903155,-1.56319429763511
9461,9.05616666666667,7.54181568941162,-1.51435097725505
9462,8.87483333333333,7.50519013979383,-1.36964319353949
9463,8.458,7.47216937673736,-0.985830623262643
9464,8.29366666666666,7.43747858079015,-0.856188085876507
9465,7.935,7.39876642100633,-0.53623357899367
9466,7.234,7.35888734496595,0.124887344965955
9467,6.67108333333333,7.32051417022053,0.649430836887198
9468,6.43858333333333,7.2857924651647,0.847209131831369
9469,6.32708333333333,7.25634054903626,0.929257215702933
9470,6.54591666666667,7.23324949191616,0.687332825249488
9471,6.68058333333333,7.21708311472847,0.536499781395144
9472,7.03291666666667,7.20787798924044,0.174961322573775
9473,7.23025,7.20514343806245,-0.0251065619375481
9474,7.52225,7.20786153464802,-0.314388465351978
9475,7.93466666666667,7.21448710329383,-0.720179563372841
9476,7.9,7.22294771913969,-0.677052280860305
9477,7.821,7.23064370816859,-0.590356291831414
9478,7.59716666666667,7.23442008711783,-0.362746579548844
9479,7.30141666666667,7.2218016391161,-0.0796150275505685
9480,7.15025,7.19386394962731,0.0436139496273071
9481,7.19316666666667,7.16103960632904,-0.0321270603376265
9482,7.1715,7.12958479954344,-0.0419152004565566
9483,7.06883333333333,7.10157932223717,0.0327459889038373
9484,6.98016666666667,7.07540389546631,0.0952372287996432
9485,6.785,7.05096648699884,0.265966486998842
9486,6.712,7.02880877252287,0.316808772522875
9487,6.80875,7.0089765403145,0.200226540314505
9488,6.67858333333333,6.99120421013906,0.312620876805731
9489,6.5775,6.97491483325111,0.397414833251106
9490,6.39766666666667,6.96082688260354,0.563160215936867
9491,6.24116666666667,6.94917119932682,0.70800453266015
9492,6.00916666666667,6.93853264277865,0.929365976111983
9493,5.69166666666667,6.92838029916083,1.23671363249416
9494,5.1525,6.9190718706456,1.7665718706456
9495,4.79483333333333,6.91185367537568,2.11702034204235
9496,4.60683333333333,6.90886064746425,2.30202731413092
9497,4.38983333333333,6.91311633699496,2.52328300366162
9498,4.24225,6.92853291002189,2.68628291002189
9499,4.01433333333333,6.95991114856962,2.94557781523629
9500,3.93541666666667,7.01110742962599,3.07569076295932
9501,3.90275,7.04489902418694,3.14214902418694
9502,3.93016666666667,7.05165819015929,3.12149152349262
9503,3.93616666666667,7.0399249401552,3.10375827348853
9504,3.9655,7.01685042756452,3.05135042756452
9505,3.8435,6.98819694655485,3.14469694655485
9506,3.88175,6.95833793207146,3.07658793207146
9507,3.80691666666667,6.93025795983737,3.1233412931707
9508,3.70075,6.90555274635329,3.20480274635328
9509,3.62325,6.88442914889764,3.26117914889764
9510,3.56983333333333,6.86570516552658,3.29587183219325
9511,3.54508333333333,6.84748991010398,3.30240657677065
9512,3.48633333333333,6.83129533469525,3.34496200136192
9513,3.491,6.81733855839666,3.32633855839666
9514,3.42216666666667,6.80541966420814,3.38325299754147
9515,3.33983333333333,6.79536027253425,3.45552693920092
9516,3.20033333333333,6.78700354118417,3.58667020785084
9517,3.06533333333333,6.7802141653717,3.71488083203837
9518,2.9185,6.77487837771529,3.85637837771529
9519,2.789,6.7692240898126,3.9802240898126
9520,2.62925,6.77882535134073,4.14957535134073
9521,2.48225,6.83524538899827,4.35299538899828
9522,2.26191666666667,6.95451565915628,4.69259899248961
9523,2.11616666666667,7.13605510183557,5.0198884351689
9524,2.06466666666667,7.36267014070676,5.29800347404009
9525,1.84616666666667,7.60055468309024,5.75438801642357
9526,1.636,7.79929011995621,6.16329011995621
9527,1.48241666666667,7.88196442761643,6.39954776094976
9528,1.35525,7.84671321632547,6.49146321632547
9529,1.35458333333333,7.75634127937854,6.40175794604521
9530,1.5995,7.6550149886702,6.0555149886702
9531,2.318,7.56766281948471,5.24966281948471
9532,3.83983333333333,7.499975350496,3.66014201716267
9533,4.96866666666667,7.44065998122837,2.4719933145617
9534,5.58941666666667,7.38876974261494,1.79935307594827
9535,5.96433333333333,7.34526570911869,1.38093237578536
9536,6.09191666666667,7.30918737172337,1.2172707050567
9537,6.13183333333333,7.27958863297251,1.14775529963918
9538,6.123,7.2555378069694,1.1325378069694
9539,6.2125,7.23611728439747,1.02361728439747
9540,6.29783333333333,7.20256048121167,0.904727147878337
9541,6.27325,7.16417405652712,0.890924056527121
9542,6.26116666666667,7.15364238665692,0.892475719990255
9543,6.32516666666667,7.19302878702439,0.867862120357721
9544,6.48608333333333,7.29377551216305,0.807692178829723
9545,6.71116666666667,7.45670375571667,0.745537089049997
9546,6.90758333333333,7.67201365043921,0.764430317105884
9547,7.11216666666667,7.91928426819489,0.807117601528224
9548,7.3125,8.16747008001613,0.854970080016127
9549,7.47333333333333,8.37586521883224,0.902531885498914
9550,7.58916666666666,8.52576090599645,0.936594239329789
9551,7.69875,8.61375578548498,0.915005785484977
9552,7.8415,8.64104129700795,0.799541297007947
9553,7.86958333333333,8.61340167600936,0.743818342676032
9554,7.82225,8.54121395366711,0.718963953667108
9555,7.74408333333333,8.43944795689296,0.695364623559633
9556,7.66916666666667,8.32766630833258,0.658499641665908
9557,7.57208333333333,8.22999184466701,0.657908511333684
9558,7.46891666666667,8.15218188230048,0.683265215633813
9559,7.39566666666667,8.083645566383,0.687978899716334
9560,7.35475,8.02331263507384,0.668562635073841
9561,7.35283333333333,7.97013171459494,0.61729838126161
9562,7.42191666666667,7.92307031923093,0.501153652564257
9563,7.4985,7.8811148513291,0.382614851329103
9564,7.57433333333333,7.84327060129945,0.268937267966118
9565,7.65416666666667,7.80856174761462,0.154395080947945
9566,7.70425,7.77007128013261,0.065821280132611
9567,7.76525,7.72038147977079,-0.0448685202292127
9568,7.879,7.70533187348627,-0.173668126513728
9569,7.99458333333333,7.75684504862462,-0.237738284708708
9570,8.17,7.88537673905292,-0.284623260947083
9571,8.3275,8.07991582515976,-0.247584174840238
9572,8.46,8.30798433385528,-0.152015666144717
9573,8.59733333333334,8.51563743857114,-0.0816958947622037
9574,8.69058333333333,8.63833590284679,-0.0522474304865366
9575,8.8005,8.67411675716288,-0.126383242837123
9576,8.82941666666667,8.64970970056508,-0.179706966101586
9577,8.87566666666667,8.58763017672231,-0.288036489944364
9578,8.75925,8.50603067923475,-0.25321932076525
9579,8.64708333333333,8.41870075163397,-0.228382581699364
9580,8.45333333333333,8.33506698738283,-0.118266345950497
9581,8.22566666666667,8.26019278553119,0.0345261188645196
9582,8.05066666666667,8.1947270791628,0.144060412496131
9583,7.90433333333333,8.13742972376536,0.233096390432033
9584,7.83666666666667,8.08730953079761,0.250642864130942
9585,7.78883333333333,8.04350719379561,0.254673860462282
9586,7.74133333333333,8.00529528837277,0.263961955039441
9587,7.73766666666667,7.97207827221983,0.234411605553162
9588,7.72475,7.94339248510487,0.218642485104873
9589,7.71008333333333,7.91890614887331,0.208822815539982
9590,7.72341666666667,7.88975923940156,0.166342572734893
9591,7.74333333333333,7.87493545227143,0.131602118938097
9592,7.80108333333333,7.9079812194222,0.106897886088874
9593,7.84025,8.00672980940776,0.166479809407758
9594,7.92725,8.17327796645824,0.246027966458244
9595,8.02425,8.39398591048012,0.369735910480115
9596,8.14375,8.63947733705612,0.495727337056124
9597,8.24533333333333,8.86463742154711,0.619304088213777
9598,8.3815,9.0132807867935,0.631780786793499
9599,8.48241666666667,9.07980967462118,0.597393007954514
9600,8.57466666666667,9.08163990062374,0.506973233957067
9601,8.63216666666667,9.03526376620387,0.403097099537202
9602,8.71583333333333,8.95625005857343,0.240416725240097
9603,8.72025,8.85924405075337,0.138994050753372
9604,8.66708333333333,8.7579675015738,0.0908841682404677
9605,8.546,8.66519668864622,0.11919668864622
9606,8.40916666666667,8.58452139668819,0.175354730021521
9607,8.23008333333333,8.51265828311171,0.282574949778384
9608,8.06058333333333,8.44931523705351,0.388731903720181
9609,7.92758333333333,8.39409396219948,0.466510628866151
9610,7.80983333333333,8.34648997678469,0.53665664345136
9611,7.70391666666667,8.30589261359338,0.601975946926714
9612,7.66108333333333,8.27158501995898,0.610501686625648
9613,7.62175,8.24274415776406,0.620994157764065
9614,7.63275,8.22029969525871,0.587549695258708
9615,7.63683333333333,8.22795097646455,0.591117643131218
9616,7.6915,8.2817863531821,0.590286353182105
9617,7.78416666666667,8.38642118973775,0.602254523071083
9618,7.90358333333333,8.53886934602254,0.635286012689214
9619,8.05991666666667,8.72854317749219,0.668626510825524
9620,8.17266666666667,8.93725353516709,0.76458686850042
9621,8.33033333333333,9.13920976563229,0.808876432298955
9622,8.47983333333333,9.29970451729294,0.819871183959606
9623,8.59266666666667,9.34777944554255,0.755112778875885
9624,8.67583333333333,9.29903498481161,0.623201651478276
9625,8.76158333333333,9.19874000914801,0.437156675814681
9626,8.88933333333333,9.08101163561347,0.191678302280136
9627,8.93733333333333,8.96881522428343,0.0314818909501007
9628,8.95066666666667,8.87396437824713,-0.0767022884195363
9629,8.85633333333333,8.79712094360757,-0.0592123897257562
9630,8.70208333333333,8.72779500948152,0.0257116761481893
9631,8.52066666666667,8.65967019891949,0.139003532252822
9632,8.35033333333333,8.59963660152137,0.24930326818804
9633,8.18983333333333,8.54724806578337,0.357414732450037
9634,8.06391666666667,8.50199875840051,0.438082091733838
9635,7.96925,8.46332805523991,0.494078055239915
9636,7.89858333333333,8.43062054134082,0.532037208007485
9637,7.85166666666667,8.40320601091454,0.551539344247868
9638,7.8785,8.38035946734452,0.501859467344517
9639,7.91766666666667,8.37976923074796,0.462102564081289
9640,7.98108333333333,8.4534400465529,0.472356713219571
9641,8.12016666666667,8.59010734625307,0.469940679586403
9642,8.29816666666667,8.77191534278137,0.473748676114701
9643,8.49283333333333,8.97914205317839,0.486308719845056
9644,8.689,9.19019929859239,0.501199298592386
9645,8.81166666666667,9.38163270427934,0.569966037612671
9646,8.98216666666667,9.5281216996029,0.545955032936231
9647,9.12133333333333,9.59961442284065,0.47828108950732
9648,9.18033333333333,9.56378562756188,0.383452294228546
9649,9.261,9.46206117552474,0.201061175524742
9650,9.35391666666666,9.33706388847711,-0.0168527781895484
9651,9.40333333333333,9.21680566009832,-0.186527673235011
9652,9.33441666666667,9.11468745599918,-0.21972921066749
9653,9.25083333333333,9.02949931372197,-0.221334019611357
9654,9.04666666666667,8.94879022395752,-0.0978764427091541
9655,8.85316666666667,8.87561866974333,0.0224520030766566
9656,8.64866666666667,8.8112405442994,0.162573877632733
9657,8.47058333333333,8.75496769801088,0.284384364677546
9658,8.32975,8.70608711020869,0.376337110208686
9659,8.21966666666667,8.66386088916959,0.444194222502917
9660,8.12666666666667,8.62752627211613,0.500859605449463
9661,8.10675,8.58231082721491,0.475560827214913
9662,8.04133333333333,8.53529239354263,0.493959060209296
9663,8.108,8.52152061971326,0.41352061971326
9664,8.14658333333333,8.56216812821657,0.415584794883239
9665,8.2705,8.66430022239333,0.393800222393326
9666,8.422,8.82087488643533,0.398874886435328
9667,8.61641666666667,9.01074278538539,0.39432611871872
9668,8.83633333333333,9.19798460327811,0.361651269944778
9669,8.98175,9.31710295609743,0.335352956097426
9670,9.13083333333333,9.36094510106296,0.23011176772963
9671,9.27825,9.348313481103,0.0700634811029985
9672,9.41216666666667,9.29604878335579,-0.116117883310876
9673,9.5225,9.21902993916956,-0.303470060830444
9674,9.54841666666667,9.13017412410247,-0.418242542564204
9675,9.52425,9.04043675792265,-0.483813242077348
9676,9.4175,8.95812708806119,-0.459372911938805
9677,9.27358333333333,8.88229625361543,-0.391287079717904
9678,9.10958333333333,8.81207699478094,-0.297506338552394
9679,8.886,8.74751115064914,-0.138488849350859
9680,8.66666666666667,8.68849681966536,0.0218301529986906
9681,8.49966666666667,8.63478835962883,0.135121692962164
9682,8.32166666666667,8.58599638769271,0.264329721026037
9683,8.16991666666667,8.54158778036404,0.371671113697369
9684,8.09325,8.50088567350379,0.407635673503792
9685,8.00641666666667,8.46074012081803,0.454323454151355
9686,7.99083333333333,8.41446304031776,0.423629706984429
9687,8.01566666666667,8.37830677703224,0.362640110365566
9688,8.04116666666667,8.3666482461417,0.325481579475033
9689,8.17408333333333,8.38834791563462,0.214264582301292
9690,8.31175,8.44674980630766,0.134999806307665
9691,8.55941666666667,8.53968149176571,-0.0197351749009567
9692,8.7745,8.65945409842186,-0.115045901578135
9693,9.02608333333333,8.79286230549743,-0.233221027835905
9694,9.22,8.92100170124619,-0.29899829875381
9695,9.37791666666667,8.97920529094078,-0.398711375725894
9696,9.4495,8.95527351828251,-0.49422648171749
9697,9.4745,8.88303380053989,-0.591466199460111
9698,9.4895,8.78941454024587,-0.700085459754131
9699,9.46233333333333,8.69444512519786,-0.767888208135469
9700,9.43133333333333,8.61125592845775,-0.820077404875583
9701,9.30575,8.54607830835186,-0.759671691648144
9702,9.06608333333333,8.49824460847099,-0.567838724862341
9703,8.86191666666667,8.4601881576704,-0.401728508996269
9704,8.63275,8.42144277059032,-0.211307229409677
9705,8.41408333333333,8.38626361488162,-0.0278197184517062
9706,8.24175,8.35598375721668,0.114233757216677
9707,8.13883333333333,8.33129666618255,0.19246333284922
9708,8.0725,8.31313444411654,0.240634444116543
9709,8.057,8.30266782710617,0.245667827106169
9710,8.02875,8.30130618498918,0.272556184989181
9711,8.04,8.31069752135355,0.270697521353553
9712,8.11366666666667,8.34031882315276,0.226652156486089
9713,8.2545,8.41805528447322,0.163555284473217
9714,8.44833333333333,8.54700903948545,0.0986757061521182
9715,8.587,8.71838139091461,0.131381390914614
9716,8.90383333333333,8.91287795841815,0.0090446250848224
9717,9.06275,9.1007086785858,0.0379586785858006
9718,9.28725,9.24158780493958,-0.0456621950604248
9719,9.43083333333333,9.28750221299111,-0.14333112034222
9720,9.52983333333333,9.24226619029152,-0.287567143041812
9721,9.61775,9.15274466182052,-0.465005338179475
9722,9.64316666666667,9.05254408572749,-0.590622580939181
9723,9.64691666666667,8.96067767527086,-0.686238991395806
9724,9.59708333333333,8.8815653988182,-0.715517934515129
9725,9.47533333333334,8.80611087798167,-0.669222455351674
9726,9.2985,8.73348075998914,-0.565019240010859
9727,9.04275,8.66586464186492,-0.376885358135075
9728,8.7785,8.60299384248792,-0.175506157512077
9729,8.54008333333333,8.54463224621986,0.00454891288653059
9730,8.34575,8.49057630290528,0.144826302905281
9731,8.19983333333333,8.44065502787155,0.240821694538216
9732,8.0725,8.39473000192884,0.322230001928837
9733,8.00483333333333,8.3527676882593,0.347934354925968
9734,7.95841666666667,8.31509439191121,0.356677725244541
9735,7.93966666666667,8.28157540132742,0.341908734660755
9736,7.9135,8.25209268058869,0.338592680588692
9737,8.02983333333333,8.22664857232048,0.196815238987151
9738,8.2185,8.20536579769298,-0.0131342023070253
9739,8.4165,8.18848745642107,-0.228012543578927
9740,8.58766666666667,8.17637702676439,-0.411289639902284
9741,8.69283333333333,8.16951836552725,-0.523314967806082
9742,8.74675,8.1685157080587,-0.578234291941298
9743,8.71983333333333,8.16643044258156,-0.553402890751769
9744,8.7475,8.1520076769883,-0.595492323011699
9745,8.66125,8.12973622889001,-0.531513771109994
9746,8.51575,8.10357610604413,-0.412173893955869
9747,8.43866666666667,8.076574177439,-0.362092489227665
9748,8.2875,8.05086417329382,-0.236635826706177
9749,8.02833333333333,8.02766668505866,-0.000666648274671999
9750,7.6455,8.00728916541446,0.361789165414461
9751,7.38166666666667,7.98912592827305,0.60745926160638
9752,7.18141666666667,7.97171648357027,0.790299816903598
9753,7.15866666666667,7.9555630055566,0.796896338889931
9754,7.15233333333333,7.94077715741254,0.788443824079209
9755,7.29283333333333,7.92660893931888,0.633775605985555
9756,7.39808333333333,7.91264602518009,0.514562691846758
9757,7.47858333333333,7.89881376262425,0.42023042929092
9758,7.431,7.88537517300313,0.454375173003128
9759,7.48716666666667,7.87426878136193,0.387102114695261
9760,7.495,7.93037399698698,0.43537399698698
9761,7.31266666666667,8.05664825196605,0.743981585299382
9762,7.08966666666667,8.21331471963251,1.12364805296584
9763,7.02533333333333,8.36752682560618,1.34219349227285
9764,7.06491666666667,8.49336824779337,1.4284515811267
9765,7.16308333333333,8.57185291638683,1.4087695830535
9766,7.25641666666667,8.59098743374738,1.33457076708071
9767,7.42775,8.55557959948659,1.12782959948659
9768,7.48775,8.48737454950369,0.999624549503693
9769,7.57775,8.40433110438549,0.826581104385488
9770,7.54341666666667,8.31975680957498,0.776340142908306
9771,7.63091666666667,8.24230793537138,0.611391268704714
9772,7.64408333333333,8.17598947693017,0.531906143596836
9773,7.6785,8.120155154263,0.441655154263
9774,7.53025,8.06954348777306,0.539293487773061
9775,7.45591666666667,8.02172355643564,0.565806889768965
9776,7.38408333333333,7.97832613794037,0.594242804607036
9777,7.31916666666667,7.93888605561249,0.619719388945821
9778,7.20275,7.90292179308792,0.700171793087918
9779,7.18016666666667,7.86993549431322,0.689768827646549
9780,7.13633333333333,7.83941296354563,0.703079630212304
9781,7.0915,7.81082366535308,0.719323665353077
9782,7.182,7.78362072461412,0.601620724614121
9783,7.18975,7.75634186725515,0.566591867255154
9784,7.17825,7.71834014490623,0.540090144906225
9785,7.20483333333333,7.68687179838,0.482038465046669
9786,7.32825,7.68011006089757,0.35186006089757
9787,7.59483333333333,7.70630967396,0.111476340626666
9788,7.83958333333333,7.7638068873483,-0.0757764459850261
9789,8.04175,7.84101945912348,-0.200730540876523
9790,8.13608333333333,7.91644665562647,-0.219636677706863
9791,8.148,7.95866925147819,-0.189330748521811
9792,8.1305,7.9446530523055,-0.185846947694499
9793,8.1365,7.91390195338996,-0.22259804661004
9794,8.01991666666667,7.87687537505675,-0.14304129160992
9795,7.85425,7.83874526084515,-0.0155047391548537
9796,7.72425,7.80335376220311,0.0791037622031077
9797,7.59525,7.77321323848728,0.177963238487283
9798,7.486,7.74950625696301,0.263506256963014
9799,7.36358333333333,7.73208559280433,0.368502259470998
9800,7.29583333333333,7.7195249813915,0.423691648058171
9801,7.217,7.72516950801028,0.50816950801028
9802,7.18766666666667,7.73889661728192,0.551229950615253
9803,7.20941666666667,7.73872839223741,0.529311725570742
9804,7.26616666666667,7.71580124255313,0.449634575886462
9805,7.26808333333333,7.67436590455088,0.406282571217554
9806,7.30625,7.63178744119788,0.325537441197879
9807,7.3455,7.61854524210674,0.273045242106739
9808,7.42525,7.6782330235355,0.252983023535499
9809,7.56958333333333,7.85606595792878,0.286482624595449
9810,7.72025,8.0976553153205,0.3774053153205
9811,7.90358333333333,8.36683513650164,0.463251803168314
9812,8.09391666666667,8.64054872021438,0.546632053547713
9813,8.25083333333333,8.8942217960337,0.64338846270037
9814,8.35341666666667,9.10176252436739,0.748345857700725
9815,8.39616666666667,9.23556149645607,0.839394829789398
9816,8.415,9.26649173437314,0.851491734373139
9817,8.45133333333333,9.19400926248814,0.742675929154807
9818,8.47583333333333,9.09723536877923,0.621402035445898
9819,8.51258333333334,8.99357268427237,0.480989350939033
9820,8.433,8.89230920485317,0.459309204853167
9821,8.31775,8.79969035204626,0.481940352046264
9822,8.18458333333333,8.71891897301539,0.534335639682061
9823,7.98141666666667,8.65015534056334,0.668738673896669
9824,7.80683333333333,8.59051715313196,0.783683819798634
9825,7.73925,8.54346906087174,0.804219060871736
9826,7.6905,8.50468112047649,0.814181120476494
9827,7.55516666666667,8.46094673019507,0.905780063528397
9828,7.486,8.40845669566884,0.922456695668838
9829,7.40858333333333,8.35282597821087,0.944242644877536
9830,7.39975,8.30909369480589,0.909343694805893
9831,7.38616666666667,8.30172311811033,0.915556451443663
9832,7.40733333333333,8.36460167645228,0.957268343118947
9833,7.52908333333334,8.52237876576472,0.993295432431383
9834,7.66483333333333,8.73774601143066,1.07291267809733
9835,7.87716666666667,8.97260370540126,1.09543703873459
9836,8.14033333333333,9.19486557474425,1.05453224141092
9837,8.31008333333333,9.37803683293598,1.06795349960265
9838,8.49916666666667,9.50121417986144,1.00204751319477
9839,8.65366666666667,9.54901782422546,0.895351157558794
9840,8.74191666666667,9.50600317406551,0.764086507398842
9841,8.77883333333333,9.39965980799427,0.620826474660943
9842,8.93141666666667,9.26866094095968,0.33724427429301
9843,9.12091666666667,9.13972258215959,0.0188059154929157
9844,9.17883333333333,9.02760353504174,-0.15122979829159
9845,9.16675,8.93510539730381,-0.231644602696189
9846,9.16066666666667,8.85307256089338,-0.307594105773292
9847,9.16075,8.77300025978821,-0.387749740211792
9848,8.95366666666667,8.70083601128914,-0.252830655377528
9849,8.988,8.637218575283,-0.350781424717002
9850,8.69241666666667,8.58239361518544,-0.110023051481233
9851,8.66408333333333,8.53623870373307,-0.12784462960026
9852,8.35816666666667,8.49826332298345,0.140096656316777
9853,8.18558333333333,8.46760886431505,0.282025530981723
9854,8.06766666666667,8.44150250649766,0.373835839830992
9855,8.027,8.43476604352988,0.407766043529879
9856,7.81791666666667,8.47186881134995,0.65395214468328
9857,7.75158333333333,8.5650408822591,0.813457548925775
9858,7.67841666666667,8.71400029189613,1.03558362522946
9859,7.74375,8.90595303923737,1.16220303923737
9860,7.8455,9.11559308659673,1.27009308659673
9861,7.84408333333333,9.30510235962565,1.46101902629232
9862,7.81291666666667,9.42617637632534,1.61325970965867
9863,7.82666666666667,9.47135845577309,1.64469178910642
9864,7.74933333333333,9.46041197844984,1.71107864511651
9865,7.83591666666667,9.4107637957044,1.57484712903773
9866,7.66725,9.33735263522717,1.67010263522717
9867,7.42175,9.25262910105019,1.83087910105019
9868,7.14075,9.16655567354709,2.02580567354709
9869,6.98683333333333,9.08660670943309,2.09977337609976
9870,6.829,9.01464911325764,2.18564911325764
9871,6.75866666666667,8.94770916138485,2.18904249471818
9872,6.70225,8.88517615409652,2.18292615409652
9873,6.78066666666667,8.82657647888977,2.0459098122231
9874,6.87758333333333,8.77156382344598,1.89398049011265
9875,7.04825,8.71991917563082,1.67166917563082
9876,7.11416666666667,8.67155082349421,1.55738415682754
9877,7.16033333333333,8.62641593518422,1.46608260185089
9878,7.26841666666667,8.57268225484103,1.30426558817436
9879,7.31416666666667,8.53639076881319,1.22222410214652
9880,7.35058333333333,8.55403197473651,1.20344864140318
9881,7.44866666666667,8.64438428660315,1.19571761993648
9882,7.629,8.80851403476163,1.17951403476163
9883,7.8355,9.0297754659168,1.1942754659168
9884,8.00575,9.27381074312989,1.26806074312988
9885,8.30816666666667,9.48869996913855,1.18053330247188
9886,8.67166666666667,9.63072116145405,0.959054494787381
9887,8.64683333333334,9.70043603747294,1.0536027041396
9888,8.75416666666667,9.70650537482548,0.952338708158809
9889,8.7475,9.6602049248605,0.912704924860504
9890,8.81358333333333,9.57542541264546,0.76184207931213
9891,8.82991666666667,9.46867253696637,0.638755870299704
9892,8.90458333333333,9.35906697032788,0.454483636994548
9893,9.1355,9.26491647931985,0.129416479319852
9894,9.17941666666667,9.18054370435769,0.00112703769102396
9895,9.10233333333333,9.10243698404577,0.000103650712443226
9896,9.21116666666667,9.02966592507277,-0.181500741593904
9897,9.13466666666667,8.96181109958905,-0.172855567077624
9898,8.99475,8.89896404520669,-0.0957859547933104
9899,8.80983333333333,8.84172726499948,0.0318939316661488
9900,8.63475,8.7912142275029,0.1564642275029
9901,8.44925,8.74741813408739,0.298168134087392
9902,8.2795,8.6942050004744,0.414705000474404
9903,8.13791666666667,8.65411034250496,0.516193675838291
9904,8.04458333333333,8.65305030040392,0.608466967070587
9905,8.09433333333333,8.7058461251352,0.611512791801875
9906,8.303,8.81622417840182,0.513224178401817
9907,8.39983333333333,8.97681593264582,0.576982599312492
9908,8.697,9.16915797104835,0.472157971048352
9909,8.82983333333333,9.36365268191767,0.533819348584343
9910,9.11583333333333,9.49484697671157,0.379013643378242
9911,9.3145,9.54288199809678,0.228381998096776
9912,9.40133333333334,9.52939251530672,0.128059181973379
9913,9.70633333333333,9.47335722129057,-0.232976112042756
9914,9.86358333333333,9.39109873271325,-0.472484600620083
9915,9.9385,9.29628358995539,-0.642216410044606
9916,9.9175,9.19992225711341,-0.717577742886595
9917,9.79158333333333,9.11036912199942,-0.681214211333913
9918,9.595,9.03131971740159,-0.563680282598408
9919,9.35608333333333,8.9603185789116,-0.395764754421732
9920,9.08258333333333,8.89705352513444,-0.185529808198892
9921,8.88891666666667,8.84115651235552,-0.0477601543111543
9922,8.72741666666666,8.7920795222995,0.064662855632843
9923,8.50933333333333,8.74909456213032,0.239761228796993
9924,8.32416666666667,8.71129366445118,0.38712699778451
9925,8.22775,8.67758888730453,0.449838887304526
9926,8.14583333333333,8.64671231417208,0.500878980838754
9927,8.1565,8.6213301244424,0.464830124442399
9928,8.2855,8.66358797126883,0.378087971268826
9929,8.38075,8.77897919359995,0.398229193599946
9930,8.47175,8.94627783963336,0.47452783963336
9931,8.74625,9.14369909509676,0.397449095096757
9932,8.90583333333333,9.34889928324792,0.443065949914587
9933,9.14033333333334,9.5389758648747,0.398642531541359
9934,9.23325,9.69046743829506,0.457217438295055
9935,9.38941666666667,9.7742992180087,0.384882551342034
9936,9.50875,9.74117704031633,0.232427040316328
9937,9.57091666666667,9.62960878418153,0.0586921175148571
9938,9.70908333333333,9.48520087518486,-0.22388245814847
9939,9.87025,9.34031210029572,-0.529937899704285
9940,9.95441666666667,9.21405360787231,-0.740363058794362
9941,9.95391666666667,9.11228890766169,-0.841627759004975
9942,9.90333333333333,9.02763387079975,-0.875699462533577
9943,9.8095,8.94282644639805,-0.866673553601952
9944,9.66425,8.86243025327712,-0.801819746722881
9945,9.4745,8.78947028821875,-0.685029711781254
9946,9.25033333333333,8.72382142395491,-0.526511909378417
9947,9.00625,8.66522070733899,-0.341029292661011
9948,8.79358333333333,8.61326735934573,-0.180315973987597
9949,8.58541666666667,8.5674227750713,-0.017993891595367
9950,8.41541666666667,8.52701052373324,0.111593857066564
9951,8.29875,8.50137695375926,0.202626953759262
9952,8.2605,8.52515352345096,0.264653523450956
9953,8.37066666666667,8.61486928496065,0.244202618293979
9954,8.56083333333333,8.77051422455528,0.209680891221947
9955,8.7915,8.97590122496925,0.184401224969255
9956,9.02541666666667,9.19866606540448,0.173249398737809
9957,9.24833333333333,9.39026742153033,0.141934088197001
9958,9.39041666666667,9.48842844994824,0.0980117832815726
9959,9.50583333333333,9.4783898395787,-0.0274434937546264
9960,9.51733333333333,9.40071817369675,-0.116615159636581
9961,9.55908333333333,9.28956878965422,-0.269514543679113
9962,9.52625,9.16950549041971,-0.356744509580293
9963,9.63491666666667,9.05550054457858,-0.579416122088093
9964,9.683,8.95293468633296,-0.730065313667044
9965,9.69875,8.85769386802273,-0.841056131977274
9966,9.58366666666667,8.7677283983338,-0.815938268332866
9967,9.4355,8.68608445044285,-0.749415549557151
9968,9.22408333333333,8.61303195237775,-0.611051380955583
9969,8.99875,8.54851668666162,-0.450233313338382
9970,8.792,8.49216029031282,-0.299839709687179
9971,8.59866666666667,8.44326025484495,-0.155406411821723
9972,8.43708333333333,8.40078992626682,-0.0362934070665073
9973,8.26483333333333,8.36313757203279,0.0983042386994608
9974,8.13683333333333,8.32203556834112,0.185202235007791
9975,8.09525,8.29182417293951,0.19657417293951
9976,8.10816666666667,8.28955329178507,0.181386625118401
9977,8.21325,8.32316964888829,0.109919648888292
9978,8.38583333333333,8.39151678631305,0.0056834529797154
9979,8.67558333333333,8.48423745036648,-0.191345882966855
9980,8.92633333333333,8.57960458378529,-0.346728749548044
9981,9.17516666666667,8.65905406734215,-0.516112599324524
9982,9.31783333333333,8.71056672228256,-0.607266611050768
9983,9.41008333333333,8.72635993450764,-0.683723398825693
9984,9.41866666666667,8.70288765457406,-0.715779012092611
9985,9.37175,8.64151432006878,-0.730235679931218
9986,9.3375,8.56964331657787,-0.767856683422133
9987,9.31725,8.50120970490767,-0.816040295092334
9988,9.343,8.43741444232757,-0.905585557672431
9989,9.33058333333333,8.37897679885865,-0.951606534474676
9990,9.28833333333333,8.32613435727369,-0.962198976059639
9991,9.17591666666667,8.27870584848517,-0.897210818181504
9992,8.98491666666667,8.23810911944052,-0.746807547226151
9993,8.77208333333333,8.20374911296333,-0.56833422037
9994,8.58133333333333,8.17458302986241,-0.406750303470922
9995,8.40616666666667,8.15065370345622,-0.255512963210446
9996,8.24825,8.1330895995729,-0.115160400427103
9997,8.10933333333333,8.12410481655021,0.0147714832168777
9998,8.01891666666667,8.12699908523558,0.108082418568912
9999,7.95741666666667,8.1461577689861,0.188741102319432
10000,8.00358333333333,8.18705186366851,0.183468530335176
10001,8.117,8.25623799765919,0.139237997659185
10002,8.306,8.36135843184418,0.0553584318441818
10003,8.50991666666667,8.5111410596192,0.00122439295252441
10004,8.67141666666667,8.71331713674879,0.0419004700821208
10005,8.80516666666667,8.93166201928028,0.126495352613608
10006,8.93075,9.11678121634191,0.186031216341913
10007,9.04766666666667,9.23827043043166,0.190603763764994
10008,9.06733333333333,9.28100939184905,0.213676058515722
10009,9.22083333333333,9.24516185869515,0.0243285253618239
10010,9.29675,9.14617561687259,-0.150574383127413
10011,9.33016666666667,9.01478248008553,-0.315384186581142
10012,9.3665,8.89666811602364,-0.469831883976365
10013,9.40425,8.80121785943336,-0.60303214056664
10014,9.32958333333333,8.71223834683753,-0.617344986495802
10015,9.20925,8.63036053016843,-0.578889469831566
10016,8.96558333333333,8.55595340269143,-0.409629930641897
10017,8.84958333333333,8.48912399900494,-0.360459334328388
10018,8.65225,8.42971739504045,-0.222532604959552
10019,8.42783333333333,8.3773167080625,-0.0505166252708307
10020,8.23091666666667,8.33124309666871,0.100326430002038
10021,8.05833333333333,8.28115294313849,0.222819609805162
10022,7.9195,8.22884656673869,0.309346566738694
10023,7.8315,8.19796472190116,0.366464721901162
10024,7.84891666666667,8.20537937255516,0.356462705888494
10025,7.99075,8.26094018406018,0.270190184060178
10026,8.15583333333333,8.36747452320589,0.211641189872562
10027,8.3965,8.5207874582122,0.1242874582122
10028,8.57225,8.7096617587292,0.137411758729201
10029,8.6805,8.91292220490833,0.232422204908332
10030,8.76608333333333,9.0908851339491,0.324801800615772
10031,8.81641666666667,9.21831487531776,0.401898208651092
10032,8.85941666666667,9.2816330809606,0.422216414293933
10033,8.95683333333333,9.27731287720734,0.320479543874013
10034,9.04725,9.21187886477114,0.164628864771135
10035,9.12883333333333,9.10190711874856,-0.0269262145847726
10036,9.23116666666667,8.97402518861962,-0.25714147804705
10037,9.34316666666667,8.86363189526369,-0.479534771402985
10038,9.34708333333334,8.77104666492986,-0.576036668403484
10039,9.24541666666667,8.6870749214426,-0.558341745224073
10040,9.097,8.61219855207182,-0.484801447928177
10041,8.90891666666666,8.54656844969982,-0.362348216966842
10042,8.69791666666667,8.49000451282125,-0.207912153845419
10043,8.49475,8.44199564554317,-0.0527543544568267
10044,8.29175,8.40169975758502,0.109949757585019
10045,8.13275,8.3679437642786,0.235193764278602
10046,7.97291666666667,8.33266780265473,0.359751135988057
10047,7.88283333333333,8.29382397563347,0.410990642300136
10048,7.86775,8.30994434539755,0.442194345397545
10049,7.97591666666667,8.41080169771715,0.434885031050483
10050,8.18733333333333,8.58826449238101,0.400931159047683
10051,8.41858333333333,8.8037145266039,0.385131193270572
10052,8.6065,9.0397070562892,0.433207056289204
10053,8.76083333333333,9.26645243678819,0.505619103454858
10054,8.87466666666667,9.4519348821867,0.577268215520032
10055,8.92325,9.56624181475448,0.642991814754481
10056,8.99983333333333,9.582185792199,0.582352458865675
10057,9.07741666666667,9.50666381759352,0.429247150926852
10058,9.1545,9.38238401804139,0.227884018041394
10059,9.26566666666667,9.24337745753978,-0.0222892091268942
10060,9.41858333333333,9.11234704164019,-0.306236291693139
10061,9.53516666666667,9.00066751744855,-0.534499149218123
10062,9.56766666666667,8.90838547362513,-0.659281193041537
10063,9.51741666666667,8.82441259261685,-0.693004074049815
10064,9.36741666666667,8.74497941915452,-0.622437247512154
10065,9.17241666666667,8.67409297609029,-0.498323690576379
10066,8.96891666666667,8.61133870930972,-0.357577957356954
10067,8.78275,8.55626955109652,-0.226480448903477
10068,8.53883333333333,8.50840592013263,-0.0304274132007016
10069,8.38083333333333,8.46723572149814,0.0864023881648137
10070,8.19291666666667,8.42207444246685,0.229157775800179
10071,8.09575,8.39483361446286,0.299083614462862
10072,8.06875,8.44181168098934,0.373061680989336
10073,8.01775,8.57814642013347,0.560396420133467
10074,8.15616666666667,8.77586854929646,0.619701882629794
10075,8.39083333333333,8.9934344993368,0.602601166003474
10076,8.65425,9.21662259599566,0.562372595995656
10077,8.88483333333333,9.42038613378035,0.535552800447025
10078,8.99408333333333,9.56415718420505,0.57007385087172
10079,9.16783333333333,9.61467981158913,0.446846478255798
10080,9.27925,9.58948932183935,0.310239321839351
10081,9.31191666666667,9.512136285638,0.200219618971328
10082,9.34183333333333,9.40315422620988,0.0613208928765463
10083,9.40766666666667,9.28005961932232,-0.127607047344354
10084,9.44458333333333,9.15735189328517,-0.287231440048163
10085,9.60225,9.04457475114184,-0.55767524885816
10086,9.74608333333333,8.94034293368863,-0.805740399644696
10087,9.64941666666667,8.84509722799905,-0.804319438667617
10088,9.34758333333333,8.75939020528097,-0.588193128052362
10089,9.127,8.68337367228216,-0.443626327717837
10090,8.8365,8.61679867129035,-0.219701328709649
10091,8.66258333333333,8.55901548013316,-0.103567853200166
10092,8.56533333333333,8.50897361217815,-0.0563597211551752
10093,8.36791666666667,8.45211977145635,0.0842031047896761
10094,8.19025,8.38703066000859,0.196780660008592
10095,8.00616666666667,8.35390285630245,0.34773618963578
10096,8.11908333333333,8.37668083773824,0.257597504404908
10097,8.285,8.461532282045,0.176532282045004
10098,8.44025,8.59684806728053,0.156598067280527
10099,8.72008333333333,8.75324227183131,0.0331589384979836
10100,8.93041666666667,8.8835521744126,-0.0468644922540733
10101,9.04433333333333,8.94274971569762,-0.101583617635711
10102,9.14616666666667,8.9508770354,-0.195289631266666
10103,9.18691666666667,8.92293964233598,-0.263977024330686
10104,9.13041666666667,8.87085205300436,-0.259564613662313
10105,9.11816666666667,8.80478533980882,-0.313381326857847
10106,9.234,8.73316713105798,-0.500832868942023
10107,9.28116666666667,8.66268161096533,-0.618485055701342
10108,9.33075,8.59826951964927,-0.732480480350727
10109,9.34366666666667,8.54200512297096,-0.801661543695708
10110,9.28625,8.49173325224557,-0.794516747754432
10111,9.19483333333333,8.44722027415213,-0.747613059181198
10112,9.10166666666667,8.40833264189818,-0.69333402476849
10113,8.95883333333333,8.37485671880395,-0.583976614529384
10114,8.79658333333333,8.34649877830236,-0.450084555030974
10115,8.63883333333333,8.32288500393904,-0.31594832939429
10116,8.43191666666666,8.29704995611655,-0.134866710550115
10117,8.24916666666667,8.26613211545493,0.0169654487882607
10118,8.14333333333333,8.25254074902822,0.109207415694888
10119,8.04916666666667,8.27416528240315,0.224998615736482
10120,8.098,8.34326256665849,0.245262566658493
10121,8.10741666666667,8.46645687838505,0.359040211718376
10122,8.25391666666667,8.64473991968563,0.390823253018963
10123,8.49675,8.87348168365044,0.376731683650442
10124,8.67033333333333,9.1374784392263,0.467145105892966
10125,8.82175,9.3795719710784,0.557821971078397
10126,9.06158333333333,9.54784687741412,0.486263544080794
10127,9.27075,9.6148509971965,0.344100997196501
10128,9.37491666666667,9.57759541014419,0.202678743477522
10129,9.36783333333334,9.45755443673149,0.0897211033981531
10130,9.42258333333333,9.30066563818835,-0.121917695144978
10131,9.50475,9.17187748892094,-0.332872511079064
10132,9.60508333333333,9.06402733050639,-0.541056002826942
10133,9.64825,8.96345665571089,-0.68479334428911
10134,9.66866666666667,8.87053118249169,-0.798135484174979
10135,9.57791666666667,8.78546966026078,-0.792447006405888
10136,9.43616666666667,8.70834386988491,-0.727822796781762
10137,9.25333333333333,8.63907862368556,-0.614254709647767
10138,8.98858333333333,8.57745176543898,-0.411131567894348
10139,8.81783333333333,8.52309417037615,-0.294739162957175
10140,8.58391666666667,8.46813507846212,-0.115781588204548
10141,8.06458333333333,8.38587186599837,0.321288532665037
10142,7.838,8.30656276799735,0.468562767997354
10143,7.80233333333333,8.25984909038157,0.457515757048236
10144,7.82475,8.26576424720464,0.441014247204642
10145,8.29083333333333,8.33473376065137,0.0439004273180377
10146,8.15416666666667,8.46757526103769,0.313408594371015
10147,8.43933333333333,8.6554984868107,0.216165153477366
10148,8.64558333333333,8.88010528454865,0.234521951215322
10149,8.86233333333333,9.11338960896096,0.251056275627628
10150,9.008,9.31773752288817,0.309737522888174
10151,9.12358333333333,9.44592719730201,0.32234386396868
10152,9.09841666666667,9.44211832931239,0.343701662645715
10153,9.22466666666667,9.33626911955892,0.111602452892248
10154,9.35825,9.19108145182454,-0.167168548175464
10155,9.46341666666667,9.04858358411415,-0.414833082552525
10156,9.611,8.93011197381217,-0.68088802618783
10157,9.698,8.83631127768255,-0.861688722317455
10158,9.7595,8.74812879223457,-1.01137120776543
10159,9.71933333333333,8.66225642054865,-1.05707691278467
10160,9.55808333333333,8.58443611483078,-0.973647218502547
10161,9.33366666666666,8.51449947111941,-0.819167195547248
10162,9.05158333333333,8.45224044623792,-0.599342887095405
10163,8.81083333333333,8.39741535779461,-0.413417975538716
10164,8.563,8.34974288418269,-0.213257115817306
10165,8.36575,8.30196713456291,-0.0637828654370853
10166,8.19233333333333,8.23592924524563,0.0435959119123019
10167,7.97225,8.19340257515446,0.221152575154462
10168,8.02833333333333,8.20790050678847,0.179567173455141
10169,8.08216666666667,8.2952347646342,0.213068097967533
10170,8.26683333333333,8.45351541516566,0.18668208183233
10171,8.39016666666667,8.66315086684432,0.272984200177655
10172,8.68691666666667,8.88684787011914,0.199931203452465
10173,8.92575,9.06961151742651,0.143861517426512
10174,9.17008333333333,9.16338281809908,-0.00670051523424853
10175,9.35408333333333,9.18938384687279,-0.164699486460544
10176,9.47791666666667,9.16466118172205,-0.313255484944618
10177,9.54783333333333,9.10360712210942,-0.444226211223906
10178,9.51583333333333,9.01870076498424,-0.497132568349089
10179,9.53491666666667,8.92050800478264,-0.614408661884026
10180,9.623,8.81768153342757,-0.805318466572425
10181,9.66091666666667,8.71696084032877,-0.943955826337904
10182,9.67816666666666,8.62317044006028,-1.05499622660638
10183,9.52825,8.53860094535462,-0.989649054645376
10184,9.39925,8.46295201999828,-0.936297980001719
10185,9.22866666666666,8.39561363485585,-0.83305303181081
10186,8.84,8.3359622861565,-0.504037713843502
10187,8.73816666666667,8.28336099549397,-0.454805671172702
10188,8.56883333333333,8.23715930982658,-0.331674023506752
10189,8.34016666666667,8.19668397400828,-0.143482692658388
10190,8.142,8.15240661692405,0.0104066169240546
10191,7.95691666666667,8.12955493566625,0.172638268999577
10192,7.8965,8.16268259980229,0.266182599802287
10193,7.9455,8.26704005747503,0.321540057475034
10194,8.0715,8.43830017703956,0.366800177039561
10195,8.39508333333333,8.65125751352295,0.256174180189618
10196,8.66108333333333,8.87565083995471,0.214567506621378
10197,8.87683333333333,9.08512356012263,0.208290226789304
10198,9.01775,9.25719866412366,0.239448664123657
10199,9.08658333333334,9.34730406782043,0.260720734487094
10200,9.18883333333333,9.32119256701421,0.132359233680878
10201,9.33633333333333,9.22502006912943,-0.111313264203902
10202,9.30875,9.09662769977971,-0.212122300220287
10203,9.43141666666667,8.96303387888236,-0.468382787784309
10204,9.58183333333333,8.84043432065834,-0.741399012674986
10205,9.62733333333333,8.73420203363232,-0.893131299701015
10206,9.56016666666667,8.6388873206326,-0.921279346034066
10207,9.45133333333333,8.54638778924615,-0.904945544087186
10208,9.25425,8.46180508991163,-0.792444910088367
10209,9.02966666666667,8.38440409200951,-0.645262574657155
10210,8.77241666666667,8.31354584081652,-0.45887082585015
10211,8.57266666666666,8.24896900525668,-0.32369766140998
10212,8.356,8.19078987790133,-0.165210122098669
10213,8.09466666666667,8.13950237496912,0.0448357083024451
10214,7.74716666666667,8.09597803632598,0.348811369659307
10215,7.55858333333333,8.06146602548517,0.502882692151837
10216,7.46433333333333,8.03759312960723,0.573259796273901
10217,7.42058333333333,8.02966709550659,0.609083762173261
10218,7.54775,8.05629854447958,0.508548544479578
10219,7.71641666666667,8.10402153379031,0.387604867123641
10220,7.91891666666667,8.15652451088428,0.237607844217612
10221,8.08566666666667,8.20097199971481,0.115305333048143
10222,8.2705,8.22800460074306,-0.0424953992569428
10223,8.35191666666667,8.231738990938,-0.120177675728671
10224,8.31608333333333,8.20976792377645,-0.106315409556881
10225,8.25733333333334,8.16316022924305,-0.0941731040902862
10226,8.23175,8.09649063017429,-0.135259369825709
10227,8.1825,8.02568946321814,-0.156810536781856
10228,8.18216666666667,7.95994301435688,-0.222223652309795
10229,8.18275,7.89917228185492,-0.283577718145084
10230,8.18241666666667,7.84322450854124,-0.339192158125428
10231,8.17091666666667,7.79187318180937,-0.379043484857297
10232,8.07225,7.74481803361738,-0.327431966382619
10233,7.962,7.70168504048788,-0.260314959512117
10234,7.8025,7.66118467840454,-0.141315321595459
10235,7.68166666666667,7.6101327668265,-0.0715338998401744
10236,7.50166666666667,7.55512621250706,0.0534595458403917
10237,7.33683333333333,7.50820911990286,0.171375786569534
10238,7.18691666666667,7.47851208835275,0.291595421686077
10239,7.15291666666667,7.47225221207777,0.319335545411098
10240,7.10291666666667,7.49273308018119,0.389816413514525
10241,7.12883333333333,7.54034477664851,0.411511443315181
10242,7.276,7.61256388034742,0.336563880347415
10243,7.38866666666667,7.70395346502782,0.315286798361149
10244,7.65658333333333,7.80616309932184,0.149579765988515
10245,7.75691666666667,7.90792884674384,0.151012180077167
10246,7.929,7.99507326569034,0.0660732656903429
10247,8.00675,8.05050540944013,0.0437554094401325
10248,8.08458333333333,8.05379883815848,-0.0307844951748475
10249,8.04116666666667,8.00438749318535,-0.0367791734813192
10250,8.02075,7.92720905094644,-0.0935409490535601
10251,8.04841666666667,7.84209871512466,-0.206317951542005
10252,7.96208333333333,7.76233472674381,-0.199748606589522
10253,7.90133333333333,7.69463836416852,-0.206694969164811
10254,7.84441666666667,7.63917394310431,-0.205242723562361
10255,7.78775,7.58955753353028,-0.198192466469719
10256,7.68008333333333,7.54175307521559,-0.138330258117739
10257,7.5385,7.49847068461895,-0.0400293153810525
10258,7.41308333333333,7.45965535043912,0.0465720171057917
10259,7.33816666666667,7.42508602951907,0.0869193628524041
10260,7.153,7.39437564684595,0.241375646845954
10261,7.093,7.36697109555111,0.273971095551107
10262,6.89083333333333,7.34215323691007,0.451319903576736
10263,6.83008333333333,7.33139782716253,0.501314493829196
10264,6.80125,7.40687456161579,0.605624561615787
10265,6.9115,7.54512048818562,0.633620488185623
10266,7.12741666666667,7.70934349597882,0.581926829312147
10267,7.46166666666667,7.86962257119668,0.407955904530011
10268,7.65383333333333,8.00290779713507,0.349074463801741
10269,7.96808333333333,8.09302035418438,0.124937020851051
10270,8.17733333333333,8.13065251982954,-0.0466808135037944
10271,8.22141666666666,8.11336766865,-0.108048998016656
10272,8.17041666666667,8.04560027231979,-0.124816394346883
10273,8.188,7.93865589960743,-0.249344100392575
10274,8.1615,7.810711216376,-0.350788783624001
10275,8.18083333333333,7.68681398558312,-0.494019347750206
10276,8.19808333333333,7.59727061927796,-0.600812714055373
10277,8.20266666666667,7.52777620442719,-0.674890462239481
10278,8.21091666666666,7.4635712145286,-0.74734545213806
10279,8.15441666666667,7.40458674472975,-0.749829921936922
10280,8.00633333333333,7.35070860464227,-0.655624728691056
10281,7.78816666666667,7.30177731834192,-0.486389348324746
10282,7.51558333333333,7.25758812436854,-0.257995208964793
10283,7.27783333333333,7.21789097572605,-0.0599423576072819
10284,7.0785,7.18239053988249,0.103890539882491
10285,6.83383333333333,7.15074619876999,0.316912865436662
10286,6.72816666666667,7.12257204878478,0.394405382118107
10287,6.57058333333333,7.10143640152163,0.530853068188303
10288,6.52983333333333,7.09607325535646,0.566239922023132
10289,6.68766666666667,7.10852592007244,0.420859253405773
10290,6.78191666666667,7.1384336528117,0.356516986145028
10291,6.97083333333333,7.18313640117212,0.212303067838792
10292,7.1305,7.23767480320738,0.107174803207382
10293,7.26766666666667,7.29479018742693,0.0271235207602567
10294,7.3465,7.34492457279597,-0.00157542720402493
10295,7.36441666666667,7.37622066873553,0.0118040020688568
10296,7.44766666666667,7.37452187512235,-0.07314479154432
10297,7.19591666666667,7.33017708839953,0.134260421732856
10298,7.25533333333333,7.27763854600938,0.0223052126760486
10299,7.28625,7.22575758595786,-0.0604924140421446
10300,7.22333333333333,7.17567464017805,-0.0476586931552774
10301,7.17783333333333,7.1282737959507,-0.0495595373826339
10302,7.08616666666667,7.08418279590413,-0.00198387076253681
10303,6.97041666666667,7.04377303801434,0.0733563713476695
10304,6.8575,7.00715957560491,0.149659575604914
10305,6.7775,6.97420111734708,0.196701117347085
10306,6.61291666666667,6.9445000272597,0.331583360593032
10307,6.47175,6.91685486635421,0.44510486635421
10308,6.30041666666667,6.88625117708874,0.585834510422068
10309,6.18,6.8563438846278,0.6763438846278
10310,6.00225,6.83189578967383,0.829645789673834
10311,5.9305,6.8163318653749,0.885831865374898
10312,5.92225,6.81173925732466,0.889489257324662
10313,6.07358333333333,6.81886728356241,0.745283950229083
10314,6.32616666666667,6.83712743457305,0.510960767906381
10315,6.52883333333333,6.86459337328709,0.335760039953763
10316,6.76858333333333,6.89800093508067,0.12941760174734
10317,6.93433333333333,6.93274812777553,-0.00158520555779784
10318,7.07491666666667,6.96289513163904,-0.112021535027629
10319,7.18216666666666,6.97980556678353,-0.202361099883134
10320,7.24475,6.9649884572303,-0.279761542769699
10321,7.16891666666667,6.92737124643259,-0.241545420234078
10322,7.0265,6.88000346281214,-0.146496537187862
10323,6.76225,6.83229670143945,0.0700467014394546
10324,6.50825,6.79002462403383,0.281774624033829
10325,6.131,6.75532295896333,0.624322958963326
10326,5.75616666666667,6.72668950124479,0.970522834578116
10327,5.45858333333333,6.69912224525899,1.24053891192566
10328,5.3245,6.6720441664322,1.3475441664322
10329,5.22608333333333,6.64705702140383,1.4209736880705
10330,5.30825,6.62389433165035,1.31564433165035
10331,5.53,6.60243117817135,1.07243117817135
10332,5.59375,6.58268420148953,0.988934201489535
10333,5.47658333333333,6.56481160165075,1.08822826831743
10334,5.186,6.54911313822397,1.36311313822397
10335,4.95291666666667,6.53605338864329,1.58313672197662
10336,4.98183333333333,6.56876992972424,1.58693659639091
10337,5.05075,6.67325883244799,1.62250883244799
10338,5.31808333333333,6.82792835229,1.50984501895667
10339,5.61058333333333,7.0080244297495,1.39744109641617
10340,5.75783333333333,7.18563069034945,1.42779735701612
10341,5.83791666666667,7.32966844463655,1.49175177796988
10342,5.8335,7.40589668818125,1.57239668818125
10343,5.77541666666667,7.39881375553291,1.62339708886624
10344,5.67033333333333,7.33959358709545,1.66926025376212
10345,5.49341666666667,7.25470182391206,1.76128515724539
10346,5.29266666666667,7.16344771074143,1.87078104407476
10347,5.09958333333333,7.07799114747788,1.97840781414455
10348,4.95358333333333,7.00334268915142,2.04975935581809
10349,4.78433333333333,6.93736354592766,2.15303021259433
10350,4.41025,6.87619935566789,2.46594935566789
10351,4.1335,6.82189205984929,2.68839205984929
10352,3.93533333333333,6.7741316631571,2.83879832982377
10353,3.83225,6.73250521019937,2.90025521019937
10354,4.10475,6.69651856591629,2.59176856591629
10355,4.23408333333333,6.66559641558016,2.43151308224683
10356,4.252,6.63908226479543,2.38708226479543
10357,4.35841666666667,6.61623843949867,2.257821772832
10358,4.40525,6.59573149031129,2.19048149031129
10359,4.51441666666667,6.58287004848984,2.06845338182317
10360,4.60041666666667,6.59770736913433,1.99729070246766
10361,4.7415,6.66873693623444,1.92723693623444
10362,5.03,6.8162938659684,1.7862938659684
10363,5.27783333333333,7.0185417044521,1.74070837111877
10364,5.53616666666667,7.2328911614254,1.69672449475873
10365,5.71525,7.49723398116833,1.78198398116833
10366,5.8425,7.75922692404748,1.91672692404748
10367,5.91791666666667,7.96304879548519,2.04513212881852
10368,6.00241666666667,8.05505611030138,2.05263944363471
10369,6.05658333333333,8.02495839957193,1.9683750662386
10370,6.07625,7.90369016520143,1.82744016520143
10371,5.98291666666667,7.76315633171797,1.7802396650513
10372,5.89583333333333,7.6467955422977,1.75096220896437
10373,5.76933333333333,7.5405103704016,1.77117703706827
10374,5.72841666666667,7.44374257858372,1.71532591191705
10375,5.7005,7.35597940466062,1.65547940466062
10376,5.62441666666667,7.27675356171133,1.65233689504466
10377,5.62158333333333,7.20101861588858,1.57943528255525
10378,5.64791666666667,7.10416953635545,1.45625286968878
10379,5.66141666666667,7.00837964987911,1.34696298321244
10380,5.65116666666667,6.93911253418029,1.28794586751362
10381,5.67691666666667,6.91528733004592,1.23837066337925
10382,5.74391666666667,6.94927874132915,1.20536207466248
10383,5.8345,7.04691703494933,1.21241703494933
10384,5.86875,7.20748804089202,1.33873804089202
10385,5.92875,7.42373315220899,1.49498315220899
10386,6.15116666666667,7.68184932501819,1.53068265835152
10387,6.33541666666667,7.96148907850382,1.62607241183715
10388,6.55858333333333,8.23576049491627,1.67717716158294
10389,6.52766666666667,8.47875917347334,1.95109250680667
10390,6.5845,8.68621720561478,2.10171720561478
10391,6.54783333333333,8.82329976698928,2.27546643365595
10392,6.49133333333333,8.86689741799601,2.37556408466268
10393,6.51891666666667,8.81172657572976,2.29280990906309
10394,6.66208333333333,8.67032951398088,2.00824618064755
10395,6.64891666666667,8.47307436323531,1.82415769656864
10396,6.49841666666667,8.26815511067458,1.76973844400791
10397,6.38366666666667,8.1057297321508,1.72206306548413
10398,6.28775,7.96435999465423,1.67660999465423
10399,6.29666666666667,7.83794867866258,1.54128201199591
10400,6.23283333333333,7.72529859784233,1.492465264509
10401,6.24341666666667,7.62521571656277,1.3817990498961
10402,6.2435,7.53650914989601,1.29300914989601
10403,6.282,7.45799116361696,1.17599116361696
10404,6.30241666666667,7.38847717420336,1.08606050753669
10405,6.36116666666667,7.31527617478197,0.9541095081153
10406,6.37975,7.23470222983217,0.854952229832173
10407,6.43325,7.20504228090759,0.771792280907586
10408,6.50108333333333,7.26319406605794,0.762110732724611
10409,6.58825,7.41963682856874,0.831386828568741
10410,6.74766666666667,7.65843131696126,0.910764650294591
10411,7.01225,7.93721978499254,0.924969784992543
10412,7.12466666666667,8.20582923739885,1.08116257073218
10413,7.20191666666667,8.44863414566281,1.24671747899614
10414,7.3205,8.64747237585012,1.32697237585012
10415,7.37633333333333,8.77801296121706,1.40167962788373
10416,7.43566666666667,8.80977894983388,1.37411228316721
10417,7.64258333333333,8.70958644512872,1.06700311179539
10418,7.578,8.53336719966417,0.955367199664171
10419,7.56341666666667,8.34897732209055,0.785560655423883
10420,7.39341666666667,8.1885080803269,0.795091413660232
10421,7.22766666666667,8.04851560517826,0.820848938511588
10422,7.06333333333333,7.91903903013693,0.855705696803603
10423,6.92358333333333,7.80311185212991,0.87952851879658
10424,6.72575,7.69958134645441,0.973831346454411
10425,6.60541666666667,7.60732063742313,1.00190397075646
10426,6.52283333333333,7.52522869836421,1.00239536503088
10427,6.39566666666667,7.45162991277673,1.05596324611006
10428,6.33208333333333,7.36374551267684,1.03166217934351
10429,6.262,7.27723955392308,1.01523955392308
10430,6.33975,7.22203116209202,0.882281162092018
10431,6.41708333333333,7.21898010639658,0.801896773063246
10432,6.48175,7.27988679968606,0.798136799686064
10433,6.58425,7.40749229844617,0.823242298446167
10434,6.91991666666667,7.59547830279895,0.675561636132277
10435,7.08491666666667,7.82846715650284,0.743550489836171
10436,7.172,8.08202184695267,0.910021846952666
10437,7.21058333333333,8.31841082927096,1.10782749593763
10438,7.26625,8.48625239234049,1.22000239234049
10439,7.19291666666667,8.58163760436088,1.38872093769421
10440,7.28275,8.60958232501401,1.32683232501401
10441,7.13741666666667,8.57745268428425,1.44003601761758
10442,7.17883333333333,8.49496508245849,1.31613174912516
10443,7.40108333333334,8.37418619012611,0.973102856792774
10444,7.43875,8.22953294817904,0.79078294817904
10445,7.35858333333333,8.07777256781168,0.719189234478346
10446,7.18666666666667,7.93802253052095,0.751355863854277
10447,6.87566666666667,7.82093204744475,0.945265380778081
10448,6.71475,7.71567839123291,1.00092839123291
10449,6.62466666666667,7.62151955295911,0.996852886292444
10450,6.50633333333333,7.53797790782228,1.03164457448895
10451,6.39166666666667,7.46443925195369,1.07277258528702
10452,6.19458333333333,7.40015280241704,1.20556946908371
10453,6.24083333333333,7.34423119720836,1.10339786387503
10454,6.14366666666667,7.29565049525609,1.15198382858942
10455,6.0535,7.26049967718288,1.20699967718288
10456,6.073,7.27186350608561,1.19886350608561
10457,6.29091666666667,7.3393554099436,1.04843874327693
10458,6.58491666666667,7.46208733612595,0.877170669459283
10459,6.87041666666667,7.63123179366796,0.760815127001293
10460,7.08658333333333,7.8300218532711,0.743438519937765
10461,7.2415,8.033751147303,0.792251147302997
10462,7.281,8.2094433911447,0.928443391144705
10463,7.28958333333333,8.28135731458953,0.991773981256205
10464,7.2955,8.24830637116096,0.952806371160956
10465,7.27175,8.15387988806069,0.882129888060693
10466,7.35225,8.03153744169662,0.679287441696621
10467,7.31908333333333,7.90460885768276,0.585525524349429
10468,7.16591666666667,7.78629421083928,0.62037754417261
10469,7.17483333333333,7.6796638251925,0.504830491859167
10470,7.00625,7.58300677507259,0.576756775072595
10471,6.96375,7.50752536612232,0.543775366122324
10472,6.78958333333333,7.44315111159728,0.653567778263946
10473,6.694,7.38012492083101,0.68612492083101
10474,6.50566666666667,7.31239277111528,0.806726104448606
10475,6.37366666666667,7.23760570770001,0.863939041033341
10476,6.16041666666667,7.15711984379334,0.996703177126668
10477,6.08241666666667,7.07599636056157,0.993579693894899
10478,6.01691666666667,7.0030015071292,0.986084840462534
10479,6.02175,6.95060660057893,0.92885660057893
10480,5.96491666666667,6.93498802595162,0.970071359284952
10481,6.01516666666667,6.97602723624634,0.960860569579673
10482,6.26716666666667,7.09698159100877,0.829814924342103
10483,6.53533333333333,7.29004000972789,0.754706676394557
10484,6.79516666666667,7.50482576322787,0.7096590965612
10485,7.0945,7.69938005198158,0.604880051981585
10486,6.94566666666667,7.84384125432672,0.898174587660053
10487,7.095,7.92044492646581,0.825444926465813
10488,7.32483333333333,7.9235238024662,0.598690469132872
10489,7.28808333333333,7.85950779426008,0.571424460926749
10490,7.23116666666667,7.74692399164446,0.515757324977788
10491,7.41291666666667,7.61639666228119,0.203479995614516
10492,7.39858333333333,7.5077994840301,0.109216150696769
10493,7.28941666666667,7.41644944140087,0.127032774734204
10494,6.90158333333333,7.33306097427862,0.431477640945287
10495,6.75416666666667,7.25767538164459,0.503508714977925
10496,6.58358333333333,7.1902354684398,0.606652135106466
10497,6.3725,7.13058554556493,0.758085545564932
10498,6.15075,7.07847142988044,0.927721429880439
10499,5.93883333333333,7.03354044420648,1.09470711087315
10500,5.92925,6.99534141732294,1.06609141732294
10501,5.87233333333333,6.96332468396942,1.09099135063609
10502,5.68341666666667,6.93684208484525,1.25342541817858
10503,5.50125,6.93514539403428,1.43389539403428
10504,5.3725,7.01520315193139,1.64270315193139
10505,5.34733333333333,7.16949738172182,1.82216404838849
10506,5.81691666666667,7.38264474711726,1.56572808045059
10507,6.43708333333333,7.63597632535603,1.1988929920227
10508,6.7085,7.90753760720302,1.19903760720302
10509,6.80458333333333,8.17208849694972,1.36750516361639
10510,6.75383333333333,8.40110331241421,1.64726997908088
10511,6.86391666666667,8.56277078494117,1.6988541182745
10512,6.935,8.62199405940186,1.68699405940186
10513,6.89508333333333,8.5405857962706,1.64550246293727
10514,7.17275,8.38267079236214,1.20992079236214
10515,7.293,8.22611829851401,0.933118298514011
10516,7.238,8.07436607366787,0.836366073667869
10517,7.05941666666667,7.93017057932638,0.870753912659707
10518,6.81475,7.7956069795532,0.980856979553198
10519,6.70866666666667,7.67206914097299,0.963402474306318
10520,6.40125,7.56026963277141,1.15901963277141
10521,6.4275,7.46023972669512,1.03273972669512
10522,6.11566666666667,7.37132939705178,1.25566273038511
10523,5.83808333333333,7.29220732071003,1.4541239873767
10524,5.68425,7.22032937232146,1.53607937232146
10525,5.64208333333333,7.12420049109472,1.48211715776139
10526,5.41375,7.04087798270197,1.62712798270197
10527,5.34391666666667,7.02627228578584,1.68235561911917
10528,5.41791666666667,7.10992853124815,1.69201186458148
10529,5.91583333333333,7.29502654224991,1.37919320891658
10530,6.33625,7.55838083421132,1.22213083421132
10531,6.683,7.85044061481178,1.16744061481178
10532,6.86475,8.11123421887068,1.24648421887068
10533,6.67866666666667,8.31545365108455,1.63678698441788
10534,6.7355,8.44871667205595,1.71321667205595
10535,6.87441666666667,8.50410364343159,1.62968697676492
10536,6.896,8.48219821926234,1.58619821926234
10537,6.89058333333333,8.39108734600325,1.50050401266992
10538,6.82633333333333,8.24636126251353,1.4200279291802
10539,7.23525,8.07890702152287,0.843657021522874
10540,7.15491666666667,7.92296838254741,0.768051715880741
10541,7.1985,7.77954208450348,0.581042084503479
10542,7.07816666666667,7.64823443348137,0.570067766814702
10543,6.70858333333333,7.52872998373985,0.820146650406518
10544,6.5625,7.42079153770613,0.858291537706126
10545,6.50008333333333,7.31145212768608,0.811368794352754
10546,5.9985,7.18463339072526,1.18613339072526
10547,5.87125,7.06633096044448,1.19508096044448
10548,5.68683333333333,6.97873558564495,1.29190225231162
10549,5.55575,6.93834064972225,1.38259064972225
10550,5.5135,6.95594217066638,1.44244217066638
10551,5.61625,7.03663880106169,1.42038880106169
10552,5.50508333333333,7.17983182808693,1.6747484947536
10553,5.70983333333333,7.37922517351524,1.66939184018191
10554,6.19516666666667,7.62282539371415,1.42765872704748
10555,5.75066666666667,7.89294167964557,2.1422750129789
10556,6.41591666666667,8.16618585686581,1.75026919019914
10557,6.38941666666667,8.41347238552555,2.02405571885888
10558,6.40766666666667,8.6003134601718,2.19264679350513
10559,6.3675,8.7042181074662,2.3367181074662
10560,6.35866666666667,8.72483059342553,2.36616392675886
10561,6.78333333333333,8.66844081177097,1.88510747843764
10562,6.09383333333333,8.54705960874279,2.45322627540946
10563,6.196,8.37841878310039,2.18241878310039
10564,6.05158333333333,8.18597108612226,2.13438775278893
10565,6.14941666666667,7.99889022160601,1.84947355493934
10566,5.72516666666667,7.8424871821574,2.11732051549073
10567,5.39933333333333,7.7043940519233,2.30506071858997
10568,5.12633333333333,7.58137071344413,2.4550373801108
10569,4.97408333333333,7.47203488945966,2.49795155612633
10570,4.85566666666667,7.37496213354802,2.51929546688135
10571,4.48491666666667,7.28868583012563,2.80376916345896
10572,4.4645,7.21169719444723,2.74719719444723
10573,4.69483333333333,7.14244527260589,2.44761193927256
10574,4.48591666666667,7.07135877151588,2.58544210484921
10575,4.658,7.02435061673007,2.36635061673007
10576,5.01725,7.06632477749302,2.04907477749302
10577,5.2515,7.22205645335726,1.97055645335726
10578,5.49641666666667,7.47384513288359,1.97742846621692
10579,5.53390909090909,7.76151459364103,2.22760550273194
